0.586843050312255,0.705613596003596,0.802842578024538,0.85830012681214,0.897376204510336,0.91295443373517,0.932358720790063,0.937880898245407,0.947357511665185,0.9542370076486,0.952744266154124,0.961768511965701,0.961758030390433,0.968384525036935,0.968392515434204,0.97136468063211,0.973536400500774,0.970465931943507,0.970891831849972,0.976558696930878,0.97489238349176,0.977085231895633,0.978255124243466,0.98070412734353,0.982614587278756,0.985214562567689,0.987622598161048,0.990906160095266,0.991307662911677,0.989877878080394,0.989843211898062,0.991316355241224,0.990200299345004,0.990714457283094,0.992637086669431,0.987674861344793,0.990440717638262,0.987674783388033,0.990759557334718,0.993949015371017,0.99377994478662,0.995536371053164,0.99761380915461,0.992686879099393,0.996005302222187,1.00022573850524,0.998152294559843,0.997272412477565,0.997267009928638,0.99561946853587,0.998608436130791,1.00061608616222,0.999378370261663,0.997074681496779,0.996972514450078,0.995048740494512,0.993717379475427,0.993700144034598,0.995470350264339,0.990710199850595,0.987940293519049,0.989087797213376,0.992280752163633,0.992112576726568,0.988426918061648,0.987349429122342,0.986418304018198,0.991092724825924,0.990328278066135,0.990379740101658,0.993163733548194,0.993224764580148,0.993259712970697,0.99554417064474,0.993827789943168,0.99371405766984,0.99265852659891,0.989726508938801,0.989594153760355,0.989810695339709,0.986783757890784,0.983510888635987,0.984490391197458,0.98746135075078,0.985347674948335,0.986846761522779,0.983730238322966,0.984690515873387,0.981794861581622,0.981311710266884,0.984940196667097,0.987677421284353,0.987738705839067,0.987440706882301,0.986458590579603,0.985837151636292,0.984134936343627,0.982328171688674,0.982949132118712,0.981345472241249
0.311403735579155,0.495847813968431,0.614079730101484,0.717852274055827,0.770484283939155,0.802843600695602,0.870999629921087,0.906091181485005,0.944820878684318,0.977422094756442,0.979046109355698,0.972489636975558,0.983602315410409,0.994004718927924,0.990293683554469,0.993797415890647,0.999349080804685,0.99166578933755,0.98577703731602,0.984507654411407,0.984160144076228,0.990984568168619,0.998629267046157,0.99811875147406,1.00748207564182,1.00475112796523,1.00948015450614,1.00972859702701,1.01297051967364,1.00998147128799,1.01082971336915,1.01004313926182,1.00532586643672,1.00862690342065,1.0139080966124,1.00709561406984,0.999047747105647,1.00528442157382,1.000474985905,1.00253490376513,1.00795671100587,0.994442810243712,0.993248315415672,0.983081434632658,0.983890833914652,0.986036182390469,0.995313487749514,0.995066225875747,1.0105195514395,1.00556451070964,1.00299802583792,1.0066463444624,1.01054315998118,1.01086133773238,0.998685637916623,1.00104356581807,1.00847684307593,1.01055863019021,1.00870276312304,1.01077358570187,1.00347431086058,1.0024115558757,1.00329221864615,1.00601511499615,1.00951284128326,1.00113061813242,0.992584314869287,0.982970504333999,1.00182259814789,0.998903375585716,1.01445081705852,1.00933570350302,1.00696987623849,1.0094996588346,1.01205003552362,1.00873964257998,0.996934670418484,1.01259626636588,1.01264447176551,1.01010138707768,1.01016226601523,1.01274049750548,1.00915446553682,1.01197745293394,0.991668491141531,1.00639668278101,1.00409854914644,1.0074264000387,1.00567972041414,0.99358899519676,0.990194530886437,0.967878041243432,0.971854778980292,0.986600431553992,0.977296088693705,0.980430154144993,0.972338414957391,0.978994029870332,0.982116789043895,0.978751061612924
0.380936555106954,0.545629265890068,0.665533912989191,0.758365273488637,0.831773523193678,0.869496559655692,0.904341251694739,0.913742143773547,0.912698890658968,0.922936968098074,0.935518805374175,0.940371361478942,0.952054853342464,0.970650255008636,0.959032610896581,0.966534900522991,0.975115824671176,0.967826502279439,0.97516667237642,0.98581141373544,0.98621212522983,0.991445738239542,0.997081436945915,0.99482740931327,1.00026476735446,1.00169807254045,0.985100849831604,0.99332571140369,1.00228953596097,0.997959709135285,1.0038960637631,1.00635217659941,1.00636269048735,1.00374858913125,0.999459637518255,1.00255602324355,0.996276181078742,1.00152313440162,0.996685456908415,1.00396368220633,1.00465563726019,0.998972652415733,0.99350008852526,0.988648437229273,0.983675065398771,0.989423410437497,0.993066246303741,0.995188719776893,1.00536140655576,1.00350080983041,0.996789885844568,0.992506750109177,0.987966908239749,0.99891541014691,0.995721007101275,0.995768805237581,1.00023274794482,1.00171977994994,0.996484525285385,0.989809024871505,0.989481960276423,0.986824465227321,0.9844302055055,0.986512082133759,0.984248648663479,0.992783268219474,0.992155165191213,0.99090524398903,1.00203161600408,0.99695972646068,0.998298603482765,0.99723928727428,0.998962837906857,0.995451443321285,0.992268724701696,0.994305322356628,0.996624632067866,0.996858532497269,0.988134868511073,0.980485511789331,0.988281981761276,0.994809565647009,0.997048633760975,0.995850193464324,1.00102586637774,1.00283609954834,0.996579180132869,0.999770249613659,1.00582447830331,1.00046191573251,0.999692607861775,0.99150308284219,0.997254210655432,1.0064479627462,1.00427939707721,1.00688248180017,1.00139583057231,0.99940886431693,0.998735409334444,1.00433796133983
0.397818107830053,0.574265776597435,0.694708050112306,0.780678125504574,0.857271116944473,0.900953795296098,0.937548706280383,0.950961284993325,0.961417769160621,0.9664645351473,0.97189065140751,0.985656385074762,0.986095776699093,0.990893379380521,0.992715993353514,0.991463419210422,0.996228935404947,0.998647767241781,0.998664737724231,0.994718845607212,0.996288933648283,1.00158527538879,0.998471322644928,0.992722431744663,0.995020156602203,0.996804081017672,0.981231431812213,0.989784033444288,0.997778593777101,1.00221636719563,1.00318707718541,1.00628651199622,1.00830204744022,1.00636967324366,1.003633552266,1.00946803109396,1.00633364870684,1.00994903109796,1.00842601642336,1.0086063044445,1.00541911867551,1.00756896681661,1.00521612346418,1.00476741286437,1.00346671731138,1.00031206551838,0.999076006186524,0.993785097749504,1.00276846132626,1.00317618635743,1.00329617643147,1.00412454055821,0.997468078657973,1.00466804981947,1.00399036109682,1.00146591996594,1.00286663624043,1.00088938485397,1.00087244650437,0.997687340903746,1.00025137288111,1.00083205308523,1.00447839076388,1.00373382348581,1.00120027284079,1.00201774700089,0.998991978182582,0.991971600305728,0.989293098330366,0.990169184922686,0.991546039019446,0.991833450987441,0.995160855496182,0.992777035908097,0.988638321132124,0.996881435737179,1.00129889171875,1.00153066975356,0.994913850733872,0.991501994625267,0.997845110894784,0.996501147177076,0.999965906144129,0.998635812438182,0.988908570641161,0.99006576564107,0.991233046941128,0.990201349855697,0.998625742331662,1.00102866851472,1.00262431741238,1.00194349246017,1.00876220345255,1.00854101926892,1.00493224656612,0.997273147118203,0.997863439349142,1.00510189297395,1.00711493477807,1.00924536435151
0.399925354231553,0.559350497432545,0.694025922970328,0.781205095434013,0.841851988134097,0.88053761639925,0.90461742695189,0.922367097413925,0.93892843215947,0.945073398195875,0.962676774786259,0.969908835619601,0.976154834977571,0.978154284627175,0.976583981789252,0.987543161408998,0.979085110498327,0.984002692667437,0.976568923149197,0.970765263668198,0.967635915491764,0.97786349699969,0.971078397256139,0.972944170792052,0.983334704566581,0.984361883320385,0.984134004216332,0.989150140475172,0.980458563292338,0.975783698207003,0.987376607470897,0.987639317226062,0.997387910087384,0.992617763437257,0.991313691793137,0.98234797809831,0.988195237090546,0.987155335639567,0.996304979305734,0.994424030882923,0.989243364567325,0.986557776806207,0.984328142119743,0.986824536679829,0.985220747798777,0.987048799423142,0.993275008967493,0.993356092959289,0.989929361549268,0.990436242069435,0.989342041305505,0.99176563178969,0.987788504227818,0.992254877472436,0.99301282129056,0.995273564556516,0.997233999578857,0.990270071761645,0.992118438895162,0.991916619704219,0.9831975540095,0.99058076900315,0.993060703344158,0.998391773518841,0.994349344132082,0.993434235878618,0.987267225873866,0.98789201225664,0.987853498807847,0.976399387742483,0.981066013153569,0.975797016709853,0.984041849414443,0.982501007334379,0.978638075636499,0.990964214720143,0.987843059684714,0.994693420190667,1.0001623250137,1.00299555504494,1.00213717751185,0.994490611013347,0.993552364208327,0.992659394903424,0.995536672295622,1.00102476896185,1.00146580706623,0.996307657819455,0.992968206492016,0.990475961251347,0.997278264118356,0.997940545210612,1.00269848463831,0.998667489168279,0.994390162167996,0.990984162091241,0.987548307725927,1.0011049385944,1.00274318725422,1.00282067853332
0.403547291469841,0.540027693490679,0.680387058867779,0.744582132624186,0.795375852693498,0.838620915534867,0.863584268171208,0.903668645226734,0.926506955681396,0.956345589178972,0.952510881941051,0.964965181865885,0.964857257564965,0.971470372459275,0.977191230075452,0.986146113535921,0.988853298925988,0.975832760177523,0.972604978501241,0.981238363128045,0.984748005510079,0.987341302791348,0.982171777967406,0.987504584582155,0.986150429454692,0.98593918401237,0.979928333899387,0.981462984720951,0.988421362683446,0.986653946491996,0.978781722632056,0.984862393288969,0.984702826082712,0.988882368423138,0.987755991057632,0.993183010737684,0.996332440203534,0.990160317218475,0.998707057586488,1.00056066457771,0.997085219889838,1.00268421088123,1.00332411831559,1.00340264858015,1.00066963321913,1.00040119693705,1.00314599680036,1.00281262855163,0.997112383994991,0.997375220578799,1.00253595029227,1.00442667307245,0.997576051712495,0.996869446745273,0.997000167852402,0.992202191851381,0.99460972046827,0.994225959097453,0.996966322494845,0.997524003433936,0.995323943510779,0.995584239669467,0.997904752534943,1.00134887819601,0.998450624861817,0.99958438863287,0.998337046776433,0.994598319735197,0.98627598204872,0.990179941561898,0.994098535000927,0.993100475753139,0.994538358421093,0.99327784032983,0.998673726109496,0.998985712806621,1.00207120328969,1.00083288594917,1.00436478044504,1.0066466510094,0.996565636678756,0.997384934145541,0.991430037575269,0.990523279789193,0.990490288126517,0.99932691702732,1.00237716648487,1.00148446480387,0.98816649260174,0.986453022559939,0.99278481123216,1.00022733606563,1.00049955320573,1.00196766901246,0.995849737380736,0.992743364326824,0.988438640640541,0.995504142144341,0.996740281348867,1.00034292958868
0.342556753346007,0.486327339932701,0.601410073098558,0.715600364395374,0.762020271772484,0.833613963251776,0.863928669079348,0.909409894011179,0.928563477014366,0.960346973318834,0.969593934694701,0.976191920096981,0.974505631891818,0.979483559043773,0.988008579730815,0.991626312926747,0.995575701061988,0.980339015951482,0.984598260795131,0.991529401343314,0.987789824167483,0.988019825602023,0.986288761420772,0.993659852766161,0.983901560677721,0.977175687774206,0.973052957125105,0.980056828402456,0.983333711250125,0.978800841027153,0.966390373533249,0.979709822951806,0.973913988918475,0.981524147655667,0.980597899086932,0.989700693775538,0.994272554985194,0.988587073071258,0.993261474049716,0.993354668517424,0.981221704117076,0.986932957546324,0.986915117423708,0.983919096372367,0.993657295758934,0.990846469503213,0.989929915173931,1.00124725808152,1.00108514056524,1.00357775682898,0.998386733457944,0.997736162781661,0.988191235499491,0.985974776843183,0.998111428327809,1.00056396778975,1.00708418862813,1.00419504744143,1.00379947311419,1.00236694394563,1.00000836612309,0.995700038466576,0.997668344423269,0.999215364471243,0.995855086001204,0.997691690395686,1.00468766066658,1.00678601456458,1.00025622985923,1.00253560481616,1.00445041076544,0.99859811220704,0.995925171431304,0.996643704035859,0.993801987385193,0.986890516807499,0.990075738023986,0.991227104808562,0.987384348625172,0.997363632417663,0.981837195980091,0.9704988010929,0.977901083536783,0.983525283299789,0.979072625724311,0.980846550822006,0.989199416270158,1.00001337393602,0.998697275900486,0.994844601950852,0.998430664376848,1.00241752423269,0.99264488220799,0.993633115011414,0.985494519098429,0.973225521292732,0.975323180829951,0.980036231832754,0.981873147934136,0.98051319453574
0.327357936487855,0.4965726526178,0.618475539035372,0.716272520854831,0.78711056908243,0.82321816587811,0.857680759555571,0.877576960300348,0.895813791123816,0.912933950500865,0.934549210405565,0.9440968108766,0.960364560149979,0.960109620571791,0.964177442461051,0.965360557947309,0.970551119964277,0.951411812710827,0.945799554644202,0.959134641494997,0.954983307116619,0.972605452246124,0.97783605959174,0.976110649079703,0.982975999433065,0.987030821079491,0.988333197684879,0.993447573143443,0.992315986414464,0.989153411279555,1.00747972494088,1.00593943177358,0.998248039739332,0.996966176848489,0.988406697981475,0.995204264676674,0.98001286971568,0.963841961279598,0.978207819978991,0.988077392352404,0.973130274911523,0.981586951805776,0.993537275111344,1.00145284362109,1.00263102491409,0.990810795036987,0.991009449488995,0.999271783759454,0.990184285111056,0.99827300096934,0.994636750706491,0.988924401523683,0.989743667202421,0.991912513752473,0.984539511187548,0.984603771625501,0.988124405870691,0.981929952809643,0.980186891097484,0.975122709111857,0.982199782198784,0.988323196422455,0.985151389733562,0.987676281586706,0.999055535119852,1.00356328165289,1.00614352058824,1.00436002166494,1.00068986768185,1.00487267894708,1.00804118171106,1.00874440178117,1.00568964066632,1.00779862472131,1.00405240547253,1,1.00488940843757,1.00857277225306,0.99771658715212,0.999677701565094,0.995548011649611,0.995692413636378,0.987913662291744,0.985189738910487,0.973257003537114,0.964613335648745,0.958131020298109,0.981917215089273,0.998481027807673,1.00721932216562,1.01042839970389,1.01130256685087,1.01450555084345,1.0117821842372,1.01292250620034,1.00942335788685,0.999338658020865,0.991989379039698,1.00466202615597,0.997243741179947
0.232617382381242,0.409638555520044,0.560415812341915,0.73597446637849,0.77793435029008,0.847900494369763,0.892567438208577,0.91156654681704,0.941754232959135,0.964169587966087,0.960927560314298,0.945408514675107,0.947118901421197,0.957259004420434,0.938132368056009,0.91672966483412,0.921477022008073,0.938754884574108,0.950906198941773,0.94939402419633,0.949072274532039,0.954176746218466,0.942198488725783,0.951395417497236,0.947453472079715,0.965565803156148,0.977941826185504,0.970116718528314,0.987897838624387,0.969976617472992,0.995322445966264,0.997116546316563,0.986826551737387,0.994590938574494,0.983766756320282,0.976819544836632,0.95674978861397,0.970223814239149,0.976172751918329,0.974630269423277,0.962067836126121,0.992045916025607,0.992515222440118,1.00036299715388,1.00473715065085,0.99034925101366,0.984923796807104,0.977883145868899,0.978084676888639,0.96895349334012,0.965559149850952,0.970972986296812,0.977790453470353,0.969887913909389,0.972138990434034,0.987360592074321,0.971787461957587,0.972540627749142,0.976455558076004,0.967042206892976,0.955718556031086,0.968321657069646,0.968039959379677,0.967495765138637,0.986775900286747,0.980482997241225,0.994448013359837,1.00505466210264,1.0104492760142,1.00556753128472,1.00446711609623,0.992207630382743,0.99284380947219,1.00283538637844,1.0119761193794,1.00779601712398,1.00192218083121,0.990057913319439,1.01957391817099,1.01029298521798,1.0101340056641,0.987353352212557,0.997896364759144,0.989899517973637,0.986522265014139,0.986143714009056,0.967185154752333,0.988699161147755,0.986849467116374,0.998258848374398,0.997038559314713,1.00611575846445,1.00146664468444,1.01012408570728,0.999886340683568,1.0028021387085,1.00447636154362,1.00057081867779,1.0097622214616,0.99681542535125
0.289580509757553,0.447943158285132,0.534375520125439,0.640423733076236,0.7188473918771,0.746227436700533,0.808110073958894,0.85317935351424,0.860875815556264,0.892855838883068,0.912729534750817,0.920257270290444,0.940933510626992,0.949954960926805,0.94161939212406,0.953069335566292,0.959423635931945,0.953242925951388,0.960057841701288,0.961617990174496,0.971287721590035,0.969356339576707,0.947083913833774,0.95564371488306,0.970174211417982,0.972768223376476,0.984660738674703,0.97235593627173,0.96305075569902,0.980894157154909,0.987992061803046,0.980957310286102,1.00485724150186,1.01199441784946,0.98875893819555,1.00087420561273,1.0017622933884,0.988025926499025,0.988195884370615,1.00185078226578,0.986578298226667,1.00036309661091,0.984142544182048,0.984784813149158,1.00176774313958,1.00779204911487,1.00060740023286,1.00130880708512,0.996343613897135,0.986545520234242,0.987228901439845,0.985769971166013,0.973146551146939,0.957875182885269,0.970576468578895,0.958394812014456,0.958254034963029,0.972140629627027,0.975276414203656,0.967157998508391,0.986232763599192,0.982150279325502,0.984564561770143,1.00324278841204,0.993904352644421,0.992582043257656,0.99327867082955,1.00258205554252,0.990622273441686,0.995906419810506,1.00272604330622,0.993448511400224,0.990424678042757,1.00370789228098,0.985757832657332,0.978284591419371,0.977124997372315,0.982902623540864,1.00480127365686,0.996148469484001,1.00863969117684,0.996045716518823,1.00555663857133,1.00585936111225,1.01004878468295,0.997338120589057,0.987685233162082,1.00640185435745,1.00602717054002,1.00965750663256,1.00893935889784,1.0010998462266,0.999362269589742,0.995412965399844,0.997364287222948,1.00629878407122,1.01420375154021,1.01048618438889,1.01017370914385,1.00463430156727
0.221877594080463,0.367657889694381,0.464705934202415,0.566891558961256,0.630300040349629,0.652752019174397,0.703054951174674,0.702125896606257,0.775064008337772,0.785524689805412,0.815353951162292,0.837409917927047,0.848812723580455,0.841732849943483,0.839744324761324,0.881734114607676,0.904135883849781,0.871020619629958,0.885707588133079,0.900030035058047,0.90198500475041,0.91320849912679,0.885817472021133,0.888761894001886,0.94026803352701,0.954416308826112,0.943248207637353,0.891056158555111,0.870020832244178,0.893684130938466,0.906804957691433,0.941038114715292,0.935016581643311,0.938387828819606,0.940431293713898,0.940996671295596,0.949211174922561,0.95177900286702,0.93614074771146,0.966692858765324,0.95003547254533,0.901902067611128,0.913591184835609,0.904957863168249,0.924989868728988,0.938912369769603,0.948630948413428,0.96088659760579,0.952366829881281,0.962000982482667,0.934463807538608,0.935847706911926,0.952910973143334,0.926180398143599,0.924100717004779,0.912643697529289,0.931292890404237,0.930003713237863,0.945212526686164,0.945267786856472,0.9505381469817,0.917159771919758,0.933662179371533,0.965485710743716,0.943973595166344,0.951904558819071,0.952612811899428,0.944408875621928,0.949348331221062,0.954202119897344,0.943908338130649,0.955466628462635,0.967397395903556,0.983031208598911,0.965404440388178,0.950819785555355,0.967732574087992,0.984319446851488,1.00204916941499,0.992793510473542,0.996408565557616,0.997106171410878,1.00101849710746,0.986993684600661,0.992553958668452,1.00765575710009,1.01208668781757,1.00674093314848,1.02247077063344,1.02642616022777,1.01589197079771,1.0060337421798,1.01035340362179,1.01969993979866,1.00527523146861,0.99710324109188,1.00440362854832,1.00562302397869,1.00146192968403,0.990204988659775
0.183598475086581,0.346786620658195,0.436471594461342,0.580170776147943,0.668201443528409,0.688140198403017,0.763490441325661,0.789193400797367,0.821597967668999,0.84956954325218,0.867436938674117,0.891749510460358,0.886316594714891,0.891544515379086,0.90660074334693,0.934187441584396,0.934344066936289,0.93064110833918,0.931312985227287,0.949007169639693,0.950731007396486,0.938444611010819,0.923145366028476,0.922199326482221,0.937498294634726,0.945067153158772,0.90334076691839,0.88592906073243,0.892266504701683,0.94098771418009,0.92265604531627,0.937384666202072,0.90263318025332,0.89045807503871,0.903722029611306,0.885899857143927,0.924539566059644,0.959580883468999,0.93939904611375,0.94563951729593,0.907626839006485,0.913346145322385,0.902183917723042,0.878562562768674,0.874949568658568,0.923696913248586,0.930214922300068,0.931946755784961,0.953080770673499,0.950477133693111,0.951926953435379,0.95549952837525,0.970542535138806,0.951733682425087,0.945942786335073,0.94780889411148,0.933327511657271,0.946031092376233,0.960521872412983,0.947223455053985,0.969058053924309,0.970126137465213,0.974702095811044,0.977426201093165,0.977981828052355,0.960370209896799,0.95182840641767,0.946809970783244,0.967408168287899,0.979566408314242,0.972841336558655,0.972026359275293,0.994723860492977,0.992349921458308,0.997405316544334,0.980018775114159,0.997875095256643,1.00483595994904,0.997397398113159,1.0026824182661,1.0129445717752,1.00808937761123,1.00827226058086,1.00880282547532,1.01326437457448,1.00196731502453,1.01098280262618,1.00189543127569,1.01730111747348,1.01551399924682,1.01711836238292,1.01744509882254,1.00832535422388,1.01106282768756,0.997653207744203,0.995179598899912,1.00686370807564,1.00902714509347,1.00631221753195,1.01249076452653
0.303882770071369,0.481168119511739,0.568932134869249,0.72515356243106,0.78753332023135,0.829698135110733,0.883958818764767,0.929528976724688,0.95974176590506,0.977198460438049,0.986261849086099,0.982474269992248,0.978786457825651,0.999410210956208,0.992129595369586,0.983759623546112,0.974028390624129,0.988187071257359,0.990119209764067,0.993098979917691,0.997339234944167,0.991512317944872,0.981424195547504,0.980172783404385,0.979842588747242,0.958407737601346,0.94607673926875,0.961180593944997,0.979076356036103,1.00165470103258,0.997752822460192,0.999052237179342,0.974644089772272,0.984836322491279,0.987533094860919,0.996143747289719,1.01222021053037,1.01779509565742,1.01225174693071,1.00380259095958,0.977913028974463,0.990731145456207,0.989794465502771,0.964577607717078,0.951659606942109,0.988967718640872,1.00000713564472,1.00239610943615,1.01155710060409,1.0115372558489,1.0068876314814,0.996788012238098,1.00106338999319,1.0041852552768,1.01328661172969,0.99772061285819,0.999972918176584,1.00264094755218,1.00574925616413,1.00442499685535,1.0017748704945,1.00556582514196,1.00103906589592,1.00677604359771,1.02112538190812,0.991508266656829,0.980387317142385,0.987396670482354,0.985183836345784,1.00137252162441,1.01550708116742,0.995950761086576,1.01498436182272,1.00481552163668,0.998695170997621,0.997674044715028,1.00564554776002,0.99918548734475,1.00468103913398,0.994428302031677,0.998105928393242,0.995029564648948,0.996645831718296,1.00214584901583,1.00113338404101,0.98878914201302,0.995867508642815,0.994837656435624,0.994588240012602,1.00806823098293,1.00759652242124,1.01149570890216,1.00966355365715,1.00302624168514,0.996368448086782,0.99426035189414,1.01288087014101,1.01247728253535,1.0202485030839,1.0136194602936
0.361385152334132,0.520600212696158,0.639794872045742,0.737418895745286,0.788619501285767,0.861534449996829,0.885453310290047,0.916458820974043,0.9431707019001,0.948447001149264,0.950647072704252,0.962356092316647,0.975871092329459,0.991997844925999,0.988740907911861,0.994926704426012,0.983426236238193,0.991457580471111,0.99341860651608,0.994765736925755,0.990128842923384,0.982375088727453,0.997968120125996,1.00218715109002,0.996540973702817,0.985295936898395,0.966031489197838,0.966961734756822,0.97787676522185,0.989899702257064,0.983091190013095,0.991868895888656,0.966922813754348,0.982751074192182,0.983739005544547,0.992940032530832,1.00785575300955,1.01427990616537,1.00765355969061,0.998573745126403,0.983457735175046,0.998918285117085,1.00387944015645,0.985964074792607,0.973980689587176,1.00376568994322,1.00309086759388,0.979372596787321,1.01302229663339,1.00792197479434,0.993475013397347,0.979644027992167,0.996667320968205,0.994329295382863,1.01260115272304,0.98998108343352,0.995880964901289,0.996417160622252,0.999406883406268,0.999952683374397,1.00132598767593,1.00165295779939,0.999563288354807,1.00247475407207,1.01863745586314,1.0002198234509,0.989617881907756,0.998436441830299,1.00557908013378,1.01580522372503,1.01656574644536,1.00931746883048,1.01634163708519,1.00436903398581,1.01308393639663,0.993429987891935,0.994224829655845,1.01178046723956,1.00418677906539,1.00076046571651,1.00931607197949,1.00772035607955,1.00642138835998,1.0137712074766,1.00544639525162,0.998446273166256,0.998145838779131,0.986856905752546,0.968443154869047,1.00339709845877,1.01388846122587,1.01560928906428,1.01354597796514,1.00719032257801,1.00045632974359,0.998041066356686,1.01779375705036,1.01760163047118,1.01722074725343,1.01792814952893
0.488267210560064,0.64861610686064,0.74247534566317,0.83754309093226,0.849257999914119,0.899059788747865,0.920092068827,0.945688882424488,0.948243293966147,0.958041457778113,0.949797240173841,0.944451450322316,0.976142087618661,0.972609472357914,0.973751508568996,0.990459821977201,0.974637319149063,0.990598554667589,0.997889418619256,0.992956169782215,0.987673198935079,0.979890288732783,0.987367829586674,0.994823183530608,0.994045017895669,0.976581923745085,0.972633284894719,0.9651268744751,0.976658559222711,0.989754242359821,0.982102577151871,0.990826713081697,0.963388443283312,0.982341725056097,0.984294457644369,0.992728070944889,1.00544656712441,1.011268280721,1.00398906676982,0.994112349677857,0.971243276033163,0.995735622854827,0.99964461480284,0.966547369664565,0.947635981952271,0.976537091454518,0.984806106187332,0.985102078586277,1.00396744416364,1.0049924601479,0.982130958931134,0.976754178704491,0.98528566017721,0.993099835542322,1.00773225673142,0.987814645256971,0.995534989293356,0.995247386646998,1.00523289221968,1.01336212964204,1.01593083557777,1.00389163693261,1.00339288896586,0.996174096604396,1.01334317627735,1.0054119154235,1.00389640977051,1.00782157351538,1.00164870002633,1.01182422394002,1.01440783021491,1.01518092401804,1.01433259173155,1.00419526015396,1.01343452177659,0.994607140919491,0.99779895153128,1.01347240158327,1.00653887412021,1.00550545481814,1.01192605211837,1.01363265432763,1.01099014005738,1.00572768119828,1.00526457611757,0.997030484274759,0.994628440375856,0.987845778516226,0.972395623551944,1.00284137104017,1.0115188273204,1.01152675423429,1.01084449315075,1.00628340996738,0.997886711282386,0.996889295786569,1.01341961312927,1.01397285481146,1.01437230735091,1.01504600626013
0.502057137689491,0.657902961059481,0.762460185099588,0.861553941341082,0.875708108473472,0.899991925660978,0.939296501445741,0.949484149649761,0.931511136748815,0.954249432816139,0.955913271704102,0.947745854433223,0.969457703499534,0.96551641489561,0.967374925748386,0.988226225659957,0.983403296399566,0.990780006137393,0.997748954651826,0.993014776000271,0.987832493542335,0.982037242152843,0.989616776808213,0.987248687477057,0.992396170172883,0.977022256294843,0.986235317415913,0.975872089470047,0.972128663777547,0.977966080736541,0.990814138566071,1.00399043572397,0.987040350870649,0.99632967269516,0.995723890654389,1.00305903477361,1.00413502032204,1.01090031595897,1.01126696518693,0.9911985782737,0.979277561539643,0.995079438481193,1.00643867229701,0.99384488053837,0.970106507681959,0.974380239647427,0.982968880923349,0.977618759381582,1.00362416121979,0.994345553832937,0.975948136007641,0.975232340226033,0.982212702520387,0.99050895600966,1.00642303961654,0.986762065625282,0.994250429410971,1.00244561836731,1.00304750862922,1.00977434548071,1.01167769781443,1.00306647823107,1.00079863195109,1.0023927083926,1.0103574106941,1.00086663486734,1.00977499490342,1.00742388074905,1.00082087046515,1.01017797282036,1.01028871512937,1.0120796230946,1.01154583446133,1.01131496730442,1.01182878994426,1.0113443629219,1.00307462561846,1.01195006839137,1.00495267776092,1.01053257450575,1.01181272883428,1.01209510443037,1.00949111767669,1.0032195883012,1.00380596682394,0.994407667944994,0.992864756752737,0.985931178691259,0.969837914860314,0.994905132939758,1.00175224361592,1.0028634951684,0.996341656392452,0.997596201975484,0.997090634235975,1.00388276515928,1.01212679049065,1.0035586313275,0.993680042098991,0.995845359933459
0.574019300670896,0.709902088041668,0.770549747787625,0.837417810081549,0.858767643790723,0.873671027015247,0.904635484970436,0.923841456845474,0.890701636512966,0.928602742691916,0.943279893369728,0.945337529544069,0.947936122326118,0.948375910304134,0.94822113953623,0.965974714431817,0.961853599195778,0.954748507888396,0.913932917034184,0.91382891940095,0.914239452183881,0.939207610740932,0.94293928875373,0.940955361757433,0.958081558417136,0.961032201729283,0.97842107939858,0.95906367454959,0.972021566807603,0.997140661660601,0.979400095746906,0.986453318366507,0.990307083436206,0.981781537094929,1.01191050879842,1.01297159426087,0.986645145281953,0.996804183718754,1.00583020910884,0.985573370631182,0.980640082070897,0.994303473992923,0.997460892608831,0.979109827749067,0.995263239537508,0.983085758375398,0.991502771541414,1.00508535048736,1.00586672865057,1.00461231106245,1.00413805402822,0.980223513117318,0.992526094553862,0.997809738294962,1.00465856409006,1.00542860265673,1.01261019403698,1.01430296258336,1.00704539500455,1.00692032206451,1.00624038792504,1.00548895265634,1.00699057794679,1.00737182647592,1.00583231841197,1.00509833280916,1.01296706038155,0.995611877424125,0.986055136886742,0.980848545157036,0.997945901007114,1.00611993180775,1.00541340194606,0.990234442409927,0.994282194065748,1.01289162631895,1.00703668682305,1.0001360527448,0.998825997355326,0.997341355137835,1.01317804668233,1.00604727640075,1.00450008274886,0.98652973536272,0.99146240067505,0.990310506452993,0.985401771367781,0.989859392456638,0.959258003041892,0.984595283391987,0.96861121787475,0.964370848251976,0.953179306426487,0.97898412079768,0.993596510297735,1.0001053955751,0.984219780219309,0.981224247384981,0.978008789989984,1.01262427914766
0.601686649495769,0.733017992953994,0.790601182608106,0.837694558975661,0.88510670191946,0.890167659794028,0.922014027255135,0.934049844890889,0.911592781233586,0.945361538283079,0.976371485925876,0.975488270163412,0.965991007803651,0.953354528790916,0.934720872939205,0.952318152282991,0.962608191241859,0.954647852413337,0.928857789179963,0.935619720698598,0.933891514435323,0.938081660602656,0.946445121164513,0.937710376466424,0.968348016977272,0.980061419863524,0.988301988476697,0.960815583744631,0.984067928358192,0.994209517431447,0.980637208670814,0.992318685917214,0.996012551985512,0.994242603215234,1.00803152621089,1.00862992449239,0.9863445184332,0.990999375959498,1.00121814924355,0.97740811371502,0.981372443689378,0.991576374807378,0.994262801319401,0.979935860258683,0.992936732540537,0.999664861595389,1.00201402798233,0.999248847311967,1.00078649119853,1.00045995558077,0.999937726736437,0.977944161813625,0.995387112500132,0.994165583214754,1.00075021589308,1.00105549956805,1.00876425224114,1.01032360046539,1.00402508603097,1.00335596645092,1.00322788663818,1.00863715873832,1.00269453558617,1.00129536945258,1.00085391680415,1.00163410700523,1.00982569629996,0.995426043597441,0.994612095746141,0.984183683993873,0.997182474992104,1.00355100178892,1.00224458425102,0.998876675746732,1.00338803764809,1.00940562848226,1.00377231053625,1.00403108085308,1.00397384200257,1.0024196148134,1.00951368569933,1.01022886777416,1.00863492407706,1.00260436244174,1.01029694234108,1.01001031535143,0.996705050426735,0.988789913829623,0.96031130781615,0.973977948874299,0.974196662976915,0.974160863680961,0.954194053147295,0.978347292337111,0.984894201806617,0.995115109018227,0.973417323867604,0.984531394329929,0.993419559439292,1.00898834955423
0.784733685223928,0.837976052773757,0.871622613270204,0.908977307894436,0.920820076596027,0.94503928932404,0.919566887124154,0.925801615832866,0.927729550805057,0.945297999763252,0.993224118119281,0.973189888005107,0.99475322342142,0.968087872096081,0.976727697481568,0.968065306420028,0.994131804740023,0.989541341999611,0.974085949566584,0.985993532254034,0.977126545823879,0.970233930198919,0.961707361072541,0.967528250882183,0.993698837400922,0.974083954744431,0.995239479148372,0.992121651883324,1.00103580616754,0.9881765882957,0.97300147962712,0.994917499493945,0.99600512374769,0.995294810319459,0.98768060607204,1.00180394267511,0.983418633366129,0.988037909325351,1.00221295069063,0.991728709008172,1.00266572099826,0.993980342822918,0.995367005180956,0.988865788742348,0.994583331361836,1.00207200810099,1.00217264012964,1.0024837200436,0.99335969655997,0.992362146176409,0.985615830933733,0.980664506032706,0.981626286870116,0.999413294350958,0.983904517797291,0.997888818448298,0.996006005067182,1.00244125523173,1.00275153721699,1.00238456877937,1.00214407270325,1.00216551694896,1.00264020653814,1.00192036643003,1.00238089169856,1.00212157873412,1.00195744372096,1.00241010299082,1.00244398569854,1.00259424375047,1.00257861274869,1.00257438981684,1.00230451858129,1.00273483893953,1.00266100751522,1.0021677481624,1.00252758830522,1.00229808758178,1.00223953670839,1.00214587745347,1.00205890367635,1.00209745321193,1.00175568840426,1.0018405986547,1.00203457815367,1.00231452741797,1.00224526032566,1.00099959820603,0.984167126146028,1.00085897456773,1.00237785286321,1.00119450588543,1.00192856859924,1.0019398038522,1.00219056714489,1.00237999351491,1.00239312158595,1.00251229510495,1.00246875318803,1.00243370902003
0.447990977037475,0.613932595925861,0.7127958019137,0.810299032705985,0.843315893695937,0.8910710567014,0.917820143843981,0.940478604091682,0.951959373134824,0.963682268022599,0.958322857065757,0.967176422767363,0.977310374196402,0.983975287535846,0.993338307022336,0.990625292697955,0.987805651574,0.985004680188799,0.986222501471773,0.989762324340735,0.99233169913536,0.994937568012088,0.98881986270472,0.992015202809342,0.994166522439857,0.990388025777429,0.99690622688703,0.993812980289357,0.995724738653466,0.993981832179639,0.987892489373601,0.993333252054151,0.992240996416248,0.988379436015669,0.995722975019538,0.999494143425822,0.994601712672227,0.994673196611189,0.998868796547958,1.00075418145514,0.997006101698081,1.00073772296546,0.999412433118379,0.999861606336341,0.998269103721663,1.00170791170207,0.995054331508403,0.988553746211641,0.991608411313472,0.992533132742936,0.999869059250795,1.0012519288779,0.998096985839985,0.997987180408431,0.996941848933599,0.9925913896361,0.991543649664362,0.997175754454745,0.994089747455212,0.99240634364061,0.992877362290349,0.993868925316431,0.988225328975145,0.99259322688859,0.993196461771471,0.994312068220876,0.994791604686792,0.991020553623548,0.993874805273741,0.997591379528641,0.99840919098445,1.00066065051629,1.00019084859921,0.997367588694703,0.9986611202556,0.998801171913056,1.00151386491817,1.00091647839349,1.00120204598442,0.998334224044769,0.996721786415057,0.994929422413136,0.995773088007179,0.99560383899762,1.00094426840239,1.00148166139724,0.999600985084956,0.995631969421572,0.998045346990851,0.993971931582142,0.996059551981938,0.996609143117188,0.999737084881377,1.0000853196802,1.00399902631558,1.00565948129128,1.00289651107708,1.00066093208227,1.00105632481144,0.997996117753726
0.37096381177567,0.547039969750547,0.663308267527833,0.753040996430238,0.832308542896912,0.883619902124948,0.924669083138622,0.949723497722314,0.952686520333801,0.978556743623068,0.980696768955662,0.977216172858436,0.988866991920379,0.989602996375467,0.985396708571963,0.991891605483327,0.995823453125541,0.993776606025912,1.00235603909207,1.0042517184714,1.00063294084534,0.992670842579722,0.993554570841355,0.99777965403244,0.993928987757231,0.997582398879648,0.997276494879337,0.998454584477273,1.00214060329985,1.00247296814162,0.999423393722384,0.996432287983907,1.00678434343434,0.992012602932344,0.994238453058431,0.995288834071412,1.00155236163009,0.999688900917588,0.998754472767276,1.00378675257109,0.991900648739163,0.989704931048904,0.998253346510061,0.996577818842496,0.999394777592374,0.999501483063497,1.00147429806306,0.998697561359763,0.998186243280368,1.00478688793952,1.00249828061526,1.00420503663043,1.00572206792835,1.00688306786691,0.999468943420104,1.00210702544777,1.00607132122591,1.0092770328567,0.996287071375483,0.990120512625747,0.999156739236641,0.997794322038964,1.00540113059212,1.01005249385683,1.00624165600014,1.00614540802168,1.00783094544506,1.00747603640592,1.00054181630891,0.990337354526707,1.0033911261515,1.00013899641286,1.00232941860825,0.999494394785708,1.00444496220488,0.99961666679235,0.990619657530239,0.999000011397313,0.981100455492903,0.995322053665917,0.988978545734908,0.995513211405825,0.994404875758473,1.00662680502916,1.00495457488298,1.00883349607799,1.01316257561511,1.0111564613089,1.0105193127994,1.0046593867276,1.00696287620692,0.987549407228348,0.987956111518729,0.981689484002317,0.995928125450654,1.00104076803454,1.00111912324154,0.998772104787249,0.993223681345945,0.992844335476692
0.470747977301111,0.634006404989076,0.744178325891575,0.824333835894955,0.877601262493918,0.923031090084559,0.940824641289931,0.952257212820134,0.959986044623565,0.967707234261607,0.971244503475763,0.980358619955546,0.987090971600443,0.995573007529652,0.993590982717168,0.998393331685587,0.995505217596294,1.00116285147441,1.00072736996712,0.997477926119515,1.00458168731406,0.998210476489019,1.0009814440158,0.999630922541459,1.00282036642438,1.00178675998649,1.00657174799412,1.00316180433527,1.00264789872914,1.00398869879334,1.0027893102193,0.999943071886292,1.00393016297238,0.997687491644798,0.995506796790927,0.994555357121277,0.995579519291132,0.99494391723968,0.994702424108834,0.990999928680734,0.993828278442829,0.996322015554699,1.00087619568417,1.00100425645346,1.00388621855218,1.00225385725841,1.00345219584507,1.00218031493974,1.00031039334884,1.00187444682706,0.999279952431369,0.998993841333453,0.999708330042781,1.00012782971514,0.999802403438369,1.00052245474915,1.00666110608774,1.00492513119013,1.00314014002773,0.999677632009046,1.00324865462694,1.00102400555189,0.998869325607141,1.0006949834275,0.999025299148347,0.998208107148881,1.00441275938931,1.00278474937911,1.00383439516077,1.00300969078878,1.00563568444385,1.00342281272198,1.00131291270491,1.00441349358682,1.00410681984392,1.00283523264871,0.992092993944548,1.00265023821209,0.99254218479114,0.994380098279921,0.994390146380538,1.00131659189069,1.00392480417631,1.00466284401957,1.00362859245591,1.00568937475236,1.00754735656737,1.00192978241395,1.00085962879938,0.9993608999872,1.00202797440837,0.993246151380413,0.998132691684384,0.999811269817428,1.00196378773741,1.00603926268846,1.00728706680869,1.0088343099803,0.99995530736283,0.998137245619926
0.326968970939133,0.485303311973943,0.566012859162278,0.655335679250911,0.716046442941698,0.761715757221896,0.77911399954491,0.804905841914751,0.833100225319878,0.857307681563777,0.851297824365244,0.850352212820941,0.862144697520966,0.891637913793188,0.907317302001603,0.907911565292595,0.906778759072941,0.918932981049436,0.916106307939649,0.922813870875669,0.926836196706152,0.921543077558725,0.927470354013767,0.908524821504471,0.924888664946378,0.921059540232708,0.923856443747397,0.934026859534876,0.932985577391166,0.932104039860268,0.933538319182859,0.927061676484064,0.928621781654492,0.935198454397974,0.939388243101572,0.936585094102275,0.92468970697848,0.925888934825183,0.933915813663385,0.922121425746278,0.919532450924682,0.92904430197353,0.944999826372996,0.945012387890717,0.936994531315183,0.942575788220258,0.94900130643776,0.952388365022201,0.953403041681986,0.960498259875123,0.947110019816679,0.9558523715241,0.957501109312725,0.955541424052572,0.960246057019463,0.952474673280692,0.9575559589919,0.956205806825744,0.962119081284307,0.949656001341816,0.959676591349718,0.954498960336929,0.958299772385066,0.959818917563435,0.964974742493803,0.972029872171224,0.966915545938411,0.96828688650396,0.976329128401806,0.970530744315774,0.974054259309774,0.976206064950665,0.975349711941303,0.977333885290959,0.976693566672728,0.973489309810363,0.967429726862405,0.976949720272691,0.984563858604711,0.978137982303242,0.978666663438673,0.984126744081969,0.984448629723146,0.983010502891842,0.985881327406109,0.987238122538656,0.988573425426043,0.991559118729945,0.982129716593683,0.991317305503525,0.994404406050024,1.00021321744568,0.999117318960226,0.999481635174,0.992965004332259,0.992326244481693,0.987845851574658,1.00216015386124,1.00215134311945,1.0028272296329
0.251414348037209,0.410402367974497,0.558972361808521,0.651712659042057,0.742754320029917,0.780363380158416,0.839739819223235,0.870395742391481,0.899413885015837,0.92465265627194,0.921255425056993,0.938288835114147,0.956199935552274,0.942693971568402,0.963719284795113,0.958995671390559,0.967236441390039,0.984510439861265,0.973489084534529,0.971646310848212,0.973788328973618,0.96889492366078,0.970261372835514,0.952523571786191,0.951183522661018,0.970735832057181,0.97330833870094,0.963647185213142,0.977561758300289,0.982913251660657,0.96237582409661,0.973853079192922,0.976323931099108,0.96848681972529,0.967216952258496,0.982966634706083,0.977417401441376,0.960964790085528,0.970649047318896,0.985051112434502,0.994810581950949,0.985811946123193,0.984875468083287,1.00782274081375,1.00201789593154,1.01029511219787,1.00069454719523,1.00455974676325,0.992593767578282,0.981799712639295,0.978507217704051,0.996093372767694,0.995548209999887,0.994803770021369,0.998225101456575,0.990401505210881,0.997345536378394,1.00265785076856,1.00811206742482,1.00629409800003,0.985326223972304,0.988387707823739,0.993324605650151,1.00649143258012,0.995838779494434,1.00072420562802,0.9897888465807,1.0008579674559,0.998390147481423,1.01326418051364,1.0114809151364,0.998725549178781,0.988868293026279,1.00720071873771,1.00658323344374,0.995759980348639,0.993941510283302,0.990957972987485,0.999733395348332,1.00596016449988,0.998953152730732,1.01407305748622,1.01329327546542,1.00869660958517,1.00980212859714,1.0111757511239,1.00603743463555,1.00907893359751,1.01248228437666,1.01315801302514,1.01390379194429,1.00884629201103,1.00499939631825,1.01488184044931,1.01079717654913,1.00804284307063,0.994423907534033,0.977092713646156,0.987669392739889,0.998206260388475
0.328081003185785,0.503737088859619,0.653663863095343,0.773331024866546,0.847170843309046,0.894075444888477,0.915525494342246,0.917943946443912,0.922374997009489,0.944769740464289,0.950304517889227,0.956161651833932,0.952056415341628,0.931501026309257,0.93311168604234,0.944072110561925,0.952559052267842,0.953628269341819,0.954630935674152,0.95590821253345,0.963188797070811,0.959704775178527,0.955339606254544,0.958140230132676,0.958216510601942,0.971036126585656,0.975708306285884,0.972864930267517,0.982330666671398,0.983766865874446,0.978544112537302,0.982581316925885,0.976817333819411,0.986200734850282,0.985130822617592,0.991182456207953,0.983607466014282,0.9797284177249,0.979686360811045,0.989036156324293,0.990349084786957,0.999804102418145,0.996188807817139,0.998995505474343,1.00412047013747,1.01341841907599,1.00559585588521,1.00737250555017,1.00043764159552,1.00163953285825,1.00194625895363,1.00718900163042,1.00299383092642,0.999357334433592,0.997436896471016,1.00876650279975,1.00878078309487,1.0035001300097,0.996676728736724,1.00458887533284,1.00315047901162,1.00044763962614,1.00802836746036,1.00998344069873,1.00281295454461,1.00026746130017,0.996482886117292,0.992447820402704,0.993028976824878,1.00429521878043,1.00555341563091,0.987067150456262,0.997473834742312,0.990633259447787,0.979515621703518,0.981780281577171,0.990502431560832,0.987926505283439,0.989565099059916,1.00081920014367,0.989970451519285,0.987480492388751,0.989591487858097,0.988735847779178,0.992869349516999,0.9947518373637,0.99707504956085,0.999730597183625,0.997171206358483,0.998711948826745,0.98990233388278,1.00020847256105,0.994019934386352,1.00006286512083,0.991321563734945,0.994917445348809,1.00147416075632,0.995537582221342,0.997796167504049,0.996231670711335
0.333244595739499,0.533682682019348,0.671598675055471,0.774466817190037,0.826596550960159,0.89439212230821,0.924468939326246,0.940834008417976,0.949823336443136,0.964648378991657,0.966503183546447,0.958954009569717,0.975975340487684,0.979752399840562,0.995040043045765,0.988614910201248,0.982306675915488,0.99140812830847,0.983900740546452,0.988383792932154,0.977638935531953,0.976541960647969,0.990683492194704,0.976675683781515,0.976871616533681,0.971130626670173,0.971003815918227,0.980635953843786,0.993142130680311,0.992566283636189,0.990829440954292,0.998933087048853,0.995994141579534,1.00246428870114,1.00765607024728,1.00902721047288,1.01226567412363,1.00485782798981,1.00539247327861,0.997343086867072,0.988097475546909,0.994878197807254,0.986495988186938,0.984047218045547,0.988935717154217,0.994494500066145,0.987609405120457,1.00237896997383,1.00379073890637,0.998120370149742,0.999193187923528,1.00283111110192,0.992605245278415,1.00079543712386,1.00823280542393,1.00885228487066,1.00833865822923,1.01040302788526,0.999753592377243,0.987556651848269,0.994250369928326,0.997853405669657,1.00389962312138,1.01160455786938,1.00531748363913,1.00463037985342,1.0033682499445,1.00688137012902,0.994981266540413,1.01470328312295,1.0086820472646,1.00332987326671,1.00650697450554,1.00261763980407,1.00125006330212,0.997310022448158,0.993780922812863,1.00160863430448,0.994203480828027,0.999419334503743,0.987371794500113,0.986684486932988,0.976763876936439,0.983295239600839,0.985369036864271,0.986348689362712,0.989706743119538,0.991397026977475,0.994915880987193,0.992317936496873,0.983430044244551,0.994591593349015,0.99513106759466,0.998789455131215,1.00660497034301,1.0014954365338,1.00874451243416,1.0069724105609,1.00978665860549,1.00375908498116
0.340069659996977,0.484788702924401,0.630758017745597,0.719724933396608,0.801930155025015,0.829583530057133,0.855945117781856,0.905924881123535,0.931204120720035,0.953051995736198,0.949315725790805,0.95810947164006,0.96951291708398,0.979372912206472,0.986820815735049,0.986780820102473,0.998838920872734,1.00127717905533,0.994937656896981,0.993289408093552,0.996020771083178,0.9986877575202,1.0013718622446,1.00476748719283,1.00816013109719,1.01185535893367,1.009083060191,1.00021565510167,0.99377601974331,0.993549661742727,1.00446616006675,1.01029720992045,1.00491095702305,1.01163118371172,1.00363785326998,1.01110111347064,0.996960834262894,1.00102743126943,1.00475316598564,0.993144111492812,0.998870703349399,1.00379267298811,0.993229100163872,0.992828525905676,0.993598389291013,0.996858767543921,0.997137780566435,1.005616095686,0.999469871358646,1.00206304781849,0.999584544098679,0.987364881563809,0.998808310603277,0.986057429570784,1.00315829386047,1.00368073405435,0.988187676930175,0.981031003309487,0.983194045218117,0.973654428042207,0.97733699102933,0.981008542178815,0.994667424314047,0.999212605151801,0.996135669039997,0.986899598852078,0.997943817350151,1.00156486143003,0.997395382080757,0.999705490464065,0.992856440907141,0.984925967759683,0.991262572559034,0.984297385241648,0.987569931016986,0.979796142700626,0.988762810079189,0.99674341897773,0.997496986597909,0.996345310359769,0.996376107631104,1.00287068602713,0.984913882875535,0.988891982972262,1.00956944516403,0.996847895384895,1.01111369624648,1.00535383113424,0.992395424151319,0.984552321859358,0.994248457024737,0.989274397977246,0.981110730605254,0.976527337136774,0.982594387339137,0.981659400216424,0.983036218489599,0.981848213824547,0.988000205624763,0.988471361186514
0.299253384544735,0.456650323943461,0.603066161666273,0.659153372884234,0.74886229330153,0.802404776768068,0.839331335762506,0.882321406625045,0.917503204190473,0.91943983791786,0.936396984488674,0.937114699165839,0.951900802798034,0.966106070758918,0.97561734743572,0.981250651632361,0.98502464236913,0.97632210177813,0.982592253192651,0.99654647327995,0.995544497682583,0.983856148767443,0.984143282719221,0.995920798843538,1.00093340694428,1.01277734331184,1.0166890216172,0.997270001411044,1.00693461933661,1.00558639235728,1.00273861061755,1.00933225174137,1.00023210575094,0.999886565726549,1.00681485188254,1.00441633074041,0.999903720210118,1.00067918904608,1.00211865991629,0.99649635462205,0.990310253347969,0.994593813404696,0.981227370208537,0.980821946840815,0.993175357383741,0.993326611272341,0.987096254679952,0.996511516397087,0.994239380666653,0.988239581158625,0.984087822275587,0.968681091895086,0.982415432464248,0.994423147654967,0.998313474923006,0.99067790151139,0.993977654433818,0.993258561707858,0.997585952939261,0.993312385809599,0.983795224108401,0.970119650306083,0.989334840195369,0.970499579732381,0.972638760695213,0.961035401528882,0.979230134413934,0.983483371810966,0.995537387847137,0.987100770706143,0.992434456941931,0.991593213614007,1.00163732516078,1.00161905338455,1.00163645808693,0.998274395778162,0.997681164655166,0.989694571518146,0.986321094523469,0.996243006171025,0.990475791392701,0.989946470511831,0.987390375095214,0.985102964540172,0.988652721852489,0.977178492753091,0.985873415213004,0.995799264051485,0.992691358074347,1.00017359913276,0.998327090286415,1.00496750102352,1.00441505781117,1.00537972876582,0.997255398217044,1.00301528206316,0.992898843320479,0.997462046839797,1.01140528293841,1.00410617820211
0.281738687425283,0.470131459635936,0.630245462547124,0.695909066943174,0.765131974552679,0.82114748128657,0.859083525450388,0.905619273545351,0.926726629861433,0.954030415679097,0.968948373934875,0.9821446777592,0.985312194333932,0.991255813725412,0.98716921550021,0.979514796027611,0.987438344854015,0.99164900870885,0.989006984337213,0.991869570971276,0.98877934548604,0.981204878066942,0.969731896731237,0.98580630207833,0.979591917887184,0.995995743780405,1.00501618734239,0.994843208637297,0.992914073718729,0.988660540759311,0.983377968395815,0.994861646258367,1.00062908009137,1.00245221733711,1.00795512674042,0.991533476919933,0.989363711317846,0.996056436365936,0.993720033285873,0.987834888866568,0.984136050774445,0.982630023529295,0.991135395377053,0.984753092847363,0.979706774435792,0.983121763785302,0.976761856797925,0.989912981614074,0.997658666263999,0.991878999069716,0.999279462403928,0.997842686071628,0.985769276926541,0.992149314109104,0.987390990609266,0.979802174794869,0.97769943792358,0.988885426246583,0.977690612385781,0.984319141344418,0.984651129760767,0.976473925452121,0.983504197114722,0.989340320052681,0.996413918132112,0.990459935172859,0.997240202189794,0.996332299216654,1.00904280595373,1.00614614609719,1.00024894692479,1.00730333179869,1.00262881483336,1.00444611979203,0.995687254221358,1.01018549657314,1.01074593394072,1.01085702819177,1.00675276144925,1.00664927428021,1.00472283185981,1.01129280821607,1.00982104586632,1.00093946315404,1.00295646703212,1.00623143383633,0.992110445932784,0.997875804474364,0.994158121380079,1.00329777400091,0.999223646416306,1.00748771035074,1.00733124371244,1.00165407151176,1.00814961225483,1.00718170255037,1.00655298083907,0.995354112823314,1.00384188966115,1.00449943246302
0.28708748279066,0.471233410303877,0.580191050156325,0.693875000703023,0.761597981462767,0.849741708031565,0.885360536165103,0.942979205022487,0.95425414404754,0.977340774555238,0.971541983242825,0.967903877183209,0.974935963343379,0.99065509447895,0.999389286522938,0.999346682803727,0.998929051518169,1.00417201586467,1.00150232986489,0.989263734812266,0.992276946248228,0.982726490044,0.991169713127043,0.993446631160209,0.993456943944465,1.0030942779407,1.00962172402918,0.999351157461521,0.995488765131426,0.993985665977096,0.990305478006349,0.996064508713581,1.00250485577649,0.992441873232935,0.999582048558524,1.00636500379585,1.00257986806736,1.0093437942651,1.00830478295841,1.00536034654889,0.995686528585655,0.994286310803731,0.988891248959476,0.991178595228303,0.983418014522287,0.977209956322487,0.973798251354664,0.991622025607435,0.987315939475853,0.996977857473554,0.991677789690321,0.990830477239009,0.982527609779746,0.990056604137717,0.98051193293086,0.973026249003256,0.961514894882969,0.963289073539177,0.96578213295568,0.968172126798338,0.975810707671779,0.990188207598661,0.995446217074105,0.998724267440537,1.00070988546227,0.989412869166357,0.99737793136835,1.00359090634625,1.00126700808383,1.00087088733363,0.998757676336486,1.01081606234993,1.00857347066467,1.01041204030772,1.00128925680029,1.00624657026014,1.01219917969292,1.01431087826203,1.01229678470049,1.00784611248713,1.01028956240161,1.00813013083947,1.00761277775585,0.997598072317497,1.00669530669177,1.00830073922351,1.00062258077323,1.00344779798744,0.995096227081666,0.999144080181998,1.00193712135779,0.99651809109637,0.995258243831512,0.990233329718532,0.99513234507178,0.997966204326095,1.00461337866318,1.0110410581574,1.0109654316459,1.00948554838317
0.134403732569547,0.299272117831582,0.441322447212178,0.587337314347871,0.706218732568322,0.810052142815302,0.84153250026204,0.903351309535374,0.955534868340092,0.982233477502727,0.976684888507619,0.982515055042797,0.968078722106551,0.964732684019558,0.934899893465512,0.945905312993844,0.935302919006284,0.945125125345077,0.945987356727831,0.920543889964161,0.924375447461099,0.919003336306722,0.952021429431959,0.963880521124868,0.969236012067603,0.992144707028733,0.975610715966554,0.962484598566182,0.97126442415852,0.996238131590978,1.00675263577845,0.971628929489814,0.979615321981948,0.944903602896522,0.95126817843763,0.981603635577578,0.969547216887832,0.967355512081592,0.977156531510496,0.997734323253813,1.00493060531023,1.0136808937531,1.02088332047424,0.991144291398393,0.990617294436639,1.00690143843652,1.01032932606162,0.999387573346322,0.974597070614118,0.999113065290299,0.973279037645312,0.983869354737059,0.998631614217352,0.990151344697175,0.981662860983338,0.983869001330412,0.997801588104174,1.0162996060139,1.00264710580594,0.980173132816579,1.00126694626822,1.01729113143791,1.00178044032918,0.994757839242309,0.996489775818138,0.99714982806523,1.0203601467653,1.0132935073406,1.00881168947894,1.01356518199041,1.0286758782276,1.01818657422843,1.02377789400235,1.01151911136244,0.993490349205307,1.00451138722083,0.997405369985034,0.977847639674663,0.987911838887059,0.994821541295211,0.977552571184572,0.972332307700345,0.968618633295988,0.965402852602371,0.990168742028087,0.987456021506116,0.999074335854032,1.01456702512714,1.01313528635732,1.00652489487884,0.998341676763067,0.986240415558191,0.967678228718085,0.978686996943257,0.990454674457504,0.984096442631315,0.997055276033651,1.01393587630184,1.02567393352167,1.01785670537197
0.252844572461602,0.517868630306134,0.64986187974088,0.752968909397753,0.795861579221738,0.847736730381227,0.850452356123224,0.899643241999593,0.915428939801444,0.938112464223701,0.931578978144744,0.929915876173816,0.926811027459614,0.925857440787223,0.92170688355762,0.924319788693104,0.931994582884421,0.94249013751609,0.93732772984072,0.921494764520078,0.918664869404316,0.896936589768205,0.902653530045656,0.923000830102443,0.935256421215769,0.935933194469079,0.937934990014256,0.936619974088189,0.942117294277694,0.957510762918701,0.934891501237885,0.951560863842797,0.961783120877445,0.981526067882151,0.964974364576008,0.962014203117698,0.972057404286172,0.977707596900733,0.945531645088509,0.955569489139171,0.940424674710786,0.959547568204691,0.994918734975839,0.928644923131706,0.918253966557941,0.968085629227958,0.991350864580965,0.987185695989505,0.970613774327116,0.977325742489588,0.947757987826371,0.948251398275878,0.956517822524558,0.945821243895192,0.974527606440127,0.962104520614977,0.960775408943179,0.976099298032603,0.957283513579906,0.960098474625648,0.973383822395089,0.98360825823195,0.99391801906354,0.986182406877853,0.989547030016101,1.01306824958354,1.00956306135632,1.01383085655911,1.00720901373743,1.01920154645783,1.01912922794004,1.01888629722442,1.00261656555433,0.991091142494438,0.984869146086346,0.976039436956427,0.976767462208104,0.962018471229523,0.975868166694985,0.96392245266284,0.976967540840496,0.964314616128853,0.956553457113582,0.948212109283801,0.962691447678965,0.96913169837756,0.987016847655462,0.995472885941902,0.999008257106867,0.998277476954625,0.989782245568691,0.967285809876523,0.961562457983861,1.00055975930439,1.00038010976474,0.972707362306985,0.998018480763273,0.989899048786243,0.992512815329531,1.00162178553691
0.205925198416683,0.45314181381368,0.599776133776587,0.719524007574227,0.749468840573924,0.803295502923617,0.829822193538376,0.929262917249384,0.906128017361689,0.930507260065915,0.946071597285318,0.932377591422973,0.911212931295173,0.9398582253298,0.92997610545824,0.924180410884555,0.924088523023803,0.917530926543231,0.906827392620289,0.905377403064813,0.896558974538,0.914321220170247,0.897981930945396,0.910807043930339,0.943278899423865,0.942681394894299,0.958007388719927,0.926939442810443,0.934097463888659,0.972194877955201,0.954739215593691,0.976527624409884,0.967049515427508,0.967246745256629,0.989156526339281,0.952881436004131,0.980591326236297,0.991030311257989,0.974753896997309,0.958874300621886,0.954229945203298,0.961479695752237,0.997766226200287,0.947987900228749,0.920799729417726,0.950677567327536,0.978935690719624,0.999305977808802,0.990477125754448,0.987747501931346,0.960161537152568,0.946330336324537,0.966201802868541,0.963798814726628,0.983352492610099,0.9618987165455,0.975719919481753,0.994257828537383,0.974061287641046,0.987269682251411,0.981532947184133,0.978816742989196,0.994239989829666,1.0023558783828,0.998354994872743,1.01337899876431,1.0217653958556,1.00631290012733,0.986773275361288,0.996347255931029,1.00690185791244,1.01713491012422,1.00899702854582,0.993482749781292,1.00054964553879,1.02125126496047,1.00674711412556,0.990838457848229,1.01534037147297,0.990242782736498,1.01571313509678,1.00015484034893,1.00430547854466,0.977160934643376,0.968856173758343,0.958158336265867,0.953806484284976,0.969863516153444,0.961450987646378,0.982398743544649,0.982870992326052,0.973187153678969,0.950911030239304,0.984998393142056,0.99859141273138,1.00497399498317,0.988433758885453,0.982418171571943,0.974585680976736,1.00547711675316
0.317407869894839,0.535614760205622,0.62128653724305,0.733098419703748,0.81024694449882,0.8275431244704,0.876315768628286,0.94358864700677,0.913906446319888,0.92103990093194,0.932972207879976,0.9426055837894,0.937192526211588,0.972595048433843,0.971884630776328,0.96513163051331,0.963842396187998,0.959212748111124,0.919989583358745,0.915622843205416,0.943522535482686,0.94472746957925,0.962730846609285,0.965354061728979,0.980407734504611,0.985934883179213,0.987529729890677,0.953873813104618,0.976567367803638,1.00421190736211,0.996142731855002,1.00654408188127,0.992068324924095,0.99221780996535,1.01979849356112,0.993675102411785,0.998706298866951,1.00386952936318,0.995238685606418,0.988646087819295,0.978080557751478,0.98525397686508,0.993225354900496,0.973743663878697,0.978142330562843,0.956477969368227,0.950172419200744,0.995037539926798,0.997814590774301,0.997592110680712,0.981979713855145,0.991702428843213,0.980969700478979,0.989984918856013,0.991540659163993,1.00251427795333,1.01732667631192,1.01619485266507,1.00582130011796,1.01460066453711,1.01325165528205,1.00346243655474,1.00475027505704,0.999402127629988,1.00667513705588,1.00521050959562,0.997185270000977,0.99463542923778,0.995848013773144,0.980473226017535,0.992852676262825,1.01294110476024,1.01032963998842,0.989109100853641,0.998595406784873,1.01950755111148,1.00467563030578,1.0048862066606,1.00262591957434,1.00402901043279,1.01866161304686,1.01143025706879,1.00957261545874,0.994654095373535,0.99580634769168,0.99621128646933,0.989355922777897,0.987777833590274,0.960357004732988,0.991289332075831,0.972402962692959,0.963430496621998,0.933620398231263,0.976260831180659,0.993218611949372,0.993266140039522,0.979222141953783,0.982150315631297,0.977385223222001,1.02108971226046
0.325987609070693,0.521908620521643,0.583324137824736,0.682343983445164,0.797431657095065,0.834315959902181,0.890496419532234,0.926911122206276,0.898163225316771,0.898089806058906,0.956920528078461,0.947504642227488,0.9361223974416,0.960901689324867,0.951920564765039,0.953526548950477,0.969914003952885,0.958399775744003,0.924786393278034,0.93508671623426,0.929032990268543,0.947364481837118,0.961533015476755,0.969503087277482,0.991707640491845,0.992135947907731,0.985767467021566,0.964410268398508,0.9772184442946,0.998176877840996,0.990238447903451,0.991297272398706,0.991209688001145,0.978160240781049,1.004714987005,0.993027015321261,0.987143373923419,0.982647101682472,0.982485885622107,0.976607650719362,0.9838324374963,0.995503114173879,1.00120354242051,0.978624781333815,0.98413455638911,0.974576685964497,0.961791485536574,0.987343426932417,0.992517429637739,0.992181032360007,0.992586828024501,0.990793611409358,0.995680828144316,0.991672713409694,1.00633452075552,1.00872666270125,1.01730716129463,1.01614641361624,1.01000841576834,1.00838325182377,1.01055669488617,1.007126079166,0.993622774181099,0.997085478308613,1.00387818153668,1.00978178626157,1.01795603056555,1.00115944096055,0.994739406109444,0.984664689984357,1.00361917151866,1.01132400641127,1.0017721724842,0.986287912330177,0.991724216499234,1.01970855666499,1.00491521941583,1.00534299465011,1.00406747938976,1.00512244146861,1.00922483875692,1.00944092582565,0.999637271663792,0.993369181133035,1.01002625112929,1.01256021077599,0.998198792265035,0.986858275629003,0.962942595471653,0.988521392766785,0.98538378139588,0.980076775938301,0.958929594766081,0.974356067176264,0.988445740242617,0.997793419970322,0.977378251293485,0.987058059506205,0.986038560275688,1.0097546821204
0.457463988567669,0.617071194575932,0.732254820200156,0.811211951763735,0.836580938564282,0.869039479183634,0.885317250952257,0.877684828634176,0.89226507998504,0.914390521063185,0.936395827599116,0.951309543170254,0.981661452835332,0.978111522163313,0.980546191783618,0.975474620046596,0.989213860021581,1.00175159300532,1.00292049493864,1.01004356132721,0.994828725199722,0.991715190464789,0.996211256057526,0.983606038379058,1.00404489515456,1.00066005761091,1.00259513299993,0.984855045025335,0.985538510519168,0.993061939465826,0.993459414951025,0.99366814031807,0.99450880208748,0.984725940122288,0.984546612609161,0.969064490993159,0.9603561047477,0.983247519348644,0.989471975166481,0.998963415302749,1.00746233228917,1.00123036295404,0.986227881663161,0.990709990531158,0.978575115359683,0.984819997673842,0.98103082801102,1.00187407909309,1.00950192409235,1.00162956001469,0.995568247228167,0.987145523605196,0.989888294616999,0.98760659336786,0.999353121342099,1.00687758355266,1.00706440499532,1.00865225453909,1.00866757792465,1.0088614350164,1.00849105166141,0.999410207579879,0.994001886700608,0.993878054528088,1.01011101248368,1.00175465605691,1.0102739780281,1.01098989069235,1.00185137484561,0.99344111133113,1.0041544177109,0.996417225588584,1.0024868128969,0.996059501041435,1.00464181423652,1.01130880142768,0.988856403527483,1.00406115720376,0.987632562502132,0.987190138664396,0.991763624173467,0.995524026522386,1.0015239661093,1.00359436042191,1.00296097996784,1.00308636389343,1.00293177658413,1.00179705228767,0.995498296252825,1.0101047322666,1.00893741511218,1.00925222119179,1.00903628309223,1.01013128251141,1.01019863942482,1.01054437694125,1.01067892038609,1.0102965737723,1.01043214168895,0.991739033173932
0.529674138421924,0.649916583230964,0.711385779293243,0.797267738857695,0.841621199214209,0.851945338675839,0.846334905356778,0.838755896457149,0.860250180723091,0.893774974464549,0.936397740750403,0.959278952761669,0.983702009544181,0.974644894530945,0.975453779847196,0.975558927428344,0.988610422894347,1.00200517029292,1.000954267009,1.00825633147474,0.992526100475171,0.990011854329621,0.985441213298812,0.981014835805886,1.00151746607671,0.999883181997803,1.00194397608156,0.984112082253147,0.98513864840365,0.993238374914695,0.98762374820997,0.992840091010884,0.996052709117197,0.986599973687448,0.984029838565804,0.978945123067119,0.969849989497919,0.994422440187596,0.993795150005798,1.00841826045493,1.00838475389701,1.0018685544042,0.983303574564047,0.991778965302034,0.985795123232222,0.987707538670966,0.99532875705388,1.00987602856062,1.00964094451146,1.00941545619606,1.00998822990406,1.00280017875894,0.996201694424701,1.00218854176268,1.00151971755321,1.00805897202387,1.00915033495942,1.00966139039457,1.00996907745669,1.00996509574616,1.00988050806225,1.00823362203558,1.00226101436056,1.0012889373282,1.00121419659435,1.00847708858303,1.00993090540552,1.0100061563313,1.00128582506268,0.993515007878207,1.00330340613038,0.99735646604142,1.00256450181212,0.997374465818319,1.00383857998604,1.01027576733829,1.00380485839196,1.00166583153634,0.988485645166295,0.99027976128373,0.994239708188737,0.995431689681323,1.00096281457479,1.00188979262702,1.0014013391755,1.00153757269605,1.00108541193235,1.00239889441697,1.00953968715512,1.00915049074434,1.00735138012544,1.0072819093857,1.00711613816488,1.00827495065321,1.00843557817343,1.00909396792316,1.00928329758044,1.00948647372641,1.00996067699772,0.993462056422044
0.788929339311484,0.84950085458393,0.870027193196631,0.894184968500949,0.919219959833412,0.943846578128787,0.918832726225338,0.928979225323546,0.936474919399115,0.954408981360439,0.993210701480627,0.974512941036447,0.994896914684246,0.970945690082385,0.97779954057113,0.967509744227369,0.99457209058313,0.987592196593494,0.973412789973056,0.988127451217313,0.981315405314211,0.969575294772917,0.966832063683154,0.978250772975524,0.994631638050896,0.98019014034365,0.994800297446128,0.991647296541254,1.0009790208154,0.986899624961628,0.975620064735709,0.99504782072743,0.995374480318474,0.994427227651975,0.986462525183458,1.00205360476319,0.971577053463625,0.995367943121572,1.0024465847547,0.993069670871668,1.00236308564518,0.991211574263038,0.988628282388258,0.987988266126862,0.995190429939205,1.00241508051894,1.00200187822086,1.00223086014686,0.993674323936744,0.993205084177279,0.986772059088064,0.980321037095013,0.982648516582018,1.00001078504508,0.982188599844397,0.998719125508833,0.995687170400852,1.00203598859695,1.00245507136637,1.00255177735057,1.00243897842856,1.00193645406495,1.00247412767998,1.0025558210186,1.00249688514033,1.00224299920797,1.0022136409908,1.00232929977824,1.0023223605947,0.99429649610569,0.99514578801082,1.00220293924099,1.00228570306931,1.00263909174179,1.00272959400296,1.00268477927243,1.00264564194364,1.002396875467,1.00213838385123,1.00220332507981,1.00227678436381,1.00262556158282,1.00252150168704,1.00204219497478,1.00069641524682,1.00228092608773,1.00218895392047,1.0010690278524,0.984567400138996,1.00075073217758,1.00233478800365,1.00136964183507,1.00196830585255,1.00211695284395,1.00216768995255,1.00247155438035,1.00264715172389,1.00220591441448,1.00261053017681,1.00288125883967
0.349126308428496,0.538106360940446,0.628116116280931,0.722888012939759,0.790731066850247,0.819133355554486,0.874656748528404,0.915959928254034,0.944820689203688,0.958287039559436,0.9659989076529,0.981207711101096,0.993475770073344,1.00066979113256,1.00146531083018,1.00157116925431,1.01373732506682,1.00913805298954,1.00364441820591,1.009933246536,1.00786119424301,1.00091075150116,1.00201974073813,1.00563197533164,0.997455688423293,1.00800104425749,1.00497348859608,1.00603015399407,1.00655280140333,1.00712079637971,1.00996254888945,1.00181443499036,1.00183143565401,1.00402915166486,0.999881905608042,1.00260641003417,1.00204906772712,0.99571307513304,1.0017822840589,1.0080805004459,1.00540133470582,1.00736545984942,1.00246785802587,0.999827563649489,1.00055535006223,1.00350580891468,1.00496872209152,1.00798774402039,1.0066469011309,0.994784342856826,0.996880002240848,1.00143769272591,0.989909347582172,0.99273413829313,0.990631224343119,1.00019820708693,1.00254757187789,1.0017042223193,1.00403377754009,1.00131720990761,1.00493240211425,1.00149046542876,1.00321469416258,1.00280427786528,1.00353194461213,1.00406796998253,1.01052656350998,1.00837521159072,1.01061575658236,1.00800697652626,1.00366079657911,1.00488096433152,0.998001872046876,1.00307481701437,1.01018829967407,1.00624256311074,1.00748736090595,0.9987684690724,0.995376160312355,0.998223463674169,1.00053602758655,0.991043523243824,0.992585801046256,1.00073298336206,0.996076341139582,0.99487894058945,0.986290703004887,0.983778183205542,0.98899122914306,0.995459294492509,0.992350759320136,0.991851997440756,0.997493973545977,0.989901736294669,0.989803536953446,0.988375047598911,0.993188017630079,0.996543678795225,0.998229582269054,0.999597572984105
0.313713622920126,0.502845395340437,0.61404742711587,0.719162390640186,0.838498746341717,0.881866107385252,0.914284377157687,0.966668943587022,0.975089962645757,0.982737832672989,0.993271654002573,0.991999194804661,1.00138253362666,0.979516557115147,0.990102804513518,1.0023693378486,1.00226637736853,1.00825908728723,1.00107315198509,1.0103825950486,1.0029781737651,1.00991519311588,1.00098891593841,0.999058421843562,0.996283704775498,0.993171889151185,1.01069824776775,1.00672753748877,1.01405304387616,1.00875626728351,0.999721207074643,0.980992830051385,0.986533840887566,0.999820093521511,0.993397095441866,0.99615776010662,1.00501374009655,1.00788481975952,1.01251352745705,1.01259305375427,1.01606879301419,1.01407512886535,1.00059729469635,0.998521511467004,1.00246818452704,1.00646321695429,0.997062915117829,1.0012178551305,0.994238444682426,0.993588413160457,0.996392465064572,0.986933328048154,0.987804151526426,0.984688653050684,0.986523321031491,0.998110415058341,1.00027106455576,0.997945338289188,0.99455108587616,1.00745684672317,1.00454208266443,1.01187608541366,1.01709426911529,1.00599475074459,1.00296125153241,1.0023430798082,1.00756894758355,0.999014373854839,0.99823875318378,1.00214513264032,1.00395962791813,0.990132987705921,0.98812623199474,0.983153208546464,0.994227013136508,1.00015843263371,0.994498048702182,0.989071850168275,0.983102733864015,0.974301996294292,0.998554033148497,1.00270678861724,0.992642123150912,0.988637686076239,0.995822996344706,0.985770348697015,1.0023904417147,1.00993227362082,1.00079376616054,1.00594887121284,1.01183823531487,1.01001226309064,1.0029764053596,1.00473933665091,1.00723979389191,1.01144333194002,1.01027351418199,1.00820266115026,0.998315765678621,1.01366206048591
0.284585332952821,0.483841753110099,0.63074887588129,0.71581243397667,0.8171066836221,0.903355163597445,0.92143913214768,0.935969618109849,0.938196896284779,0.976780035852593,0.97369493421794,0.981875083076634,0.984977787024299,0.985684171806386,0.983948329423561,0.98524465133254,0.984475168464892,0.979103089033413,0.979957668832586,0.978913530322537,0.984573436838196,0.994767780204731,0.99744007824265,0.989646686990115,0.989146679152766,0.999508852213013,1.00553797279344,1.0035184876542,0.997778111705152,0.986746610258878,0.992756619027053,0.989724768849528,1.00001511412147,1.00097816185156,0.996024882826839,0.99994987283582,0.993488117271624,0.995452097708186,0.983712956203185,0.982625411849082,0.986882469505554,0.992252024719794,0.998229586656535,0.995555929488336,0.998110017199316,0.996867102026163,1.00327185217348,0.997563378311099,0.995657072772943,0.998821198419524,1.00178366064185,0.992467534471253,1.00366668176289,0.993849187555193,1.0037020605684,0.993070838594411,1.00688432105656,0.99719339268535,0.994646911816997,0.98797631206129,0.989058233700329,0.992167267423047,0.994581472998442,0.999200683009018,1.00378414191733,1.00555585613314,0.998611214002638,0.996050686339396,0.990447655155857,0.995108018095935,0.986682199491993,0.99388979954296,1.00308900550144,0.99601625345353,0.999166034430372,0.999517227899611,0.980484076511181,0.971488154195429,0.973087104329296,0.968980355693833,0.992244365896604,0.988922310183976,0.987168441015165,0.986302332490564,0.989682220930834,0.980448207864945,0.991120739948091,0.995404393247262,0.991594663767825,1.00113589198179,0.995466022114788,1.00778987182415,1.0024406282979,0.997382489846599,1.00403065036479,0.994391894337462,1.01194879322816,1.00102629833121,0.987033976010807,1.00049978388928
0.237875692685866,0.415719275797261,0.542714497509977,0.631526199439389,0.79523634493221,0.873071973743945,0.914983071211301,0.940025559480626,0.926633489873292,0.948056802488393,0.956588411204616,0.968227941997761,0.968579850466391,0.976485316939808,0.966550255038297,0.989202889113924,0.991513222552762,1.01006852363606,0.999802232289262,1.00180033891302,1.00204214238545,0.995521921591162,1.00608261969127,1.01933608666794,1.00200436638179,0.983629465133585,0.993323401332302,1.00697752186549,0.99177412890535,0.976291065540027,0.989612547824119,1.00473972854793,1.00758938257917,1.01201729340678,1.00866783226872,1.00843810537954,0.996788864146246,1.00606136558952,0.984250343953435,0.985165175572962,0.981904586539543,0.981991097546908,0.997580303133952,0.99920299256148,0.991479459498337,0.987844587882533,0.998340553090524,0.985870137204057,1.00633437906314,1.00912156639206,0.996487753911945,1.00092158313576,0.992060684431649,1.01246462565048,1.01172408720654,1.01013550193222,0.996872745184777,1.01045112325628,0.991610063837847,0.989270291863938,0.986438935157892,0.976470426806724,0.994261071610006,1.00806908233135,0.999666584280912,1.01254843292097,0.999788899199218,0.992031868105786,0.999256274702809,1.000377911787,0.99858501804709,0.990596019758512,0.985514595818283,1.00882823938996,0.996898397281658,0.98067821106414,0.972490594307,0.973983755714894,0.989629827383731,0.990054533097538,0.998242398170721,0.998875559880155,0.998120343011419,1.00796264368673,1.00412831672234,0.998065851704248,0.993743186286585,1.00793839672694,0.992545317994088,0.998025653161498,0.991338513206656,1.00951075135389,1.01156500263765,1.00342781962211,1.00642555590822,0.992560648978359,1.00913561390451,1.01273082937214,0.997214859283906,0.997024539750716
0.548249634301163,0.66684324261637,0.707147897323011,0.727666064608139,0.748055174129803,0.735107352957442,0.763986236131549,0.755144773247857,0.760945859442447,0.754562761774377,0.783192765696868,0.836232167796075,0.787739710889551,0.79650701663251,0.774801064347311,0.792410239648669,0.805418155141134,0.83167650742992,0.809534164959557,0.835844006127212,0.829565495870581,0.835817959496995,0.82096448004391,0.836178939620327,0.829728579236788,0.858034662486118,0.827293645158081,0.836549869813139,0.844898781338965,0.849971554034013,0.846064511596092,0.853324290909298,0.868071725640451,0.878275381058138,0.880642716357138,0.881926033732408,0.878875219001969,0.895858280532263,0.856322526135242,0.880560745062988,0.851245398417851,0.86883024778758,0.841528149231548,0.881341851973638,0.869627705876968,0.860106277674188,0.878632054355119,0.849188771833464,0.867117798926682,0.866034180385981,0.844233440561524,0.845768401236957,0.860521975985256,0.845129546318098,0.862102163437955,0.855608020072502,0.867962416539812,0.82803559377011,0.846702319741495,0.859439542079198,0.851589071261714,0.863512335463976,0.878079654343222,0.897849705450366,0.872729706631375,0.861840495379589,0.873206961596922,0.906464414919358,0.879666539987031,0.902499236462744,0.892545683397496,0.903115034803122,0.905890821043095,0.88156484054947,0.932524040067858,0.900901659844455,0.90981076606622,0.86413144106265,0.899421312430635,0.901953707470881,0.908233394785343,0.8880636510456,0.868957863281044,0.878426787083164,0.887660867646599,0.908760473656096,0.915317805764966,0.908739506358615,0.926587177192582,0.924979228017082,0.914690988481431,0.899562584098063,0.953113255249216,0.936512916274359,0.918877121118058,0.939534385174865,0.920734434038576,0.904385351675893,0.907822180222233,0.937362267387318
0.339914200536214,0.558713449029481,0.661114229053114,0.776868037374291,0.807347841620794,0.867181286541798,0.894407776721129,0.94164866616307,0.978244407550217,0.974837919494848,0.976132574109672,0.989956448708075,0.968678707306622,0.962975417407491,0.979487844106068,1.00331898754949,0.978392226422979,1.00651917223447,0.996081235652548,0.969570936460112,0.9825661532806,0.979958107259436,0.969587987955359,0.998867430048141,0.994561706684186,0.982924975146309,0.958208348269018,0.961823056224727,0.968344874931032,0.968544798328956,0.976113592226563,0.986488401052837,0.991127310054537,0.975564007877932,0.989100593538094,0.972759529478882,0.978577476967546,0.968538310115065,0.975074607041192,0.991384036134351,0.990582977808661,0.974095159208826,0.980612544647258,0.990507627572352,1.0012051393779,0.995758105120906,0.972917214392054,0.987576575574391,0.978277822480178,0.993158912357137,0.993317829800664,0.992774577436806,1.00262399366405,0.987792525742781,0.977740727857733,0.986246309093474,0.97459109013186,0.974634003647622,0.986242241274745,0.991827235044315,1.00624534712529,0.996904538213973,0.997858707133451,0.996863468393823,0.993165306143559,1.00993489298333,0.996898325749104,0.990292710284677,0.999313779572859,0.993155211061869,1.00184840626323,0.993627006741995,0.994750087923392,1.00088735415816,1.0077376250383,1.0052184290342,1.00337325870683,1.00153208894731,0.991031674774712,1.00594818634135,0.999646229710736,0.995509044793652,1.001627776004,0.997223866011917,0.993831367668267,0.999269483644153,1.01131720081501,1.00345395597511,0.987993915420729,1.00162087001635,1.00561902852893,1.00650157527137,0.993865056948751,0.999930989672901,1.00921809962732,1.01368089158614,1.01319754913794,1.01059626862107,0.998529573729301,0.990807634330439
0.32776929474772,0.495792069776719,0.590094756095392,0.730084595084435,0.794266923933572,0.838133533210398,0.8825191762888,0.944655296225654,0.950760209294887,0.962475030733724,0.963413836613398,0.982125086540658,0.981001607243826,0.97614529939132,0.98852782339026,0.987910262118394,0.988506535346105,0.98239607937121,0.991850807839227,0.997825918824533,0.993762860047908,0.996805328256171,0.995559082270952,0.993577568276639,0.991630586250982,1.00027233074599,0.985148777516092,0.986365772907214,0.984979921002391,0.978179016747033,0.995024046634178,0.97863608167896,0.993759556801439,0.991833443947623,0.99828381906266,0.994612505462861,0.985637371161037,0.992150918295233,0.987927089261215,0.994598155462282,0.999949795431139,0.99017358322932,1.00525440820982,1.00134515754148,1.01078580404243,1.00410289224859,0.992684370938892,1.00726129871197,1.0025688805341,1.00888196705728,1.00050392016732,0.996744868725131,1.00404645699464,1.00218120601483,1.00156824597351,1.00248745605326,0.992900975905068,0.981735920167878,0.985267132991981,0.983174644748279,0.997442527229846,0.999529538603495,0.9937017224999,1.0102660149892,1.00779424683593,1.00723326068372,1.00949295108154,1.00792206584842,0.999366141079175,0.986138555855597,0.985998870171599,0.984876095984946,1.00001538555311,1.00893827765096,1.00268151285047,1.00004863805934,1.00219881112334,1.00095041113114,1.00966295672991,1.01267539686913,1.01281455500038,1.00993824052506,1.01070696765834,1.00389705095176,1.00284231897791,1.00276805471611,1.00561027643919,1.00839299814327,0.987751842837028,0.99940311765665,1.00762221136245,1.0036509611101,0.988476047668954,0.978128414485261,0.985411773629793,0.987953231830784,1.00138360698305,1.00072004903322,0.989003538831122,0.985229520631803
0.303029159904908,0.47534057461401,0.587208085011468,0.712532866130642,0.796405667234472,0.868961643023289,0.889363969643109,0.932292459852721,0.937616587974438,0.932490905393952,0.938815062513774,0.937737805900414,0.942812953101804,0.936459592593369,0.94833265502398,0.956002949882776,0.978470402711599,0.982368147414459,1.00335673501896,1.00031293255294,0.996431804173494,0.993271907407029,1.00308416897009,0.98868072924011,0.992924201338744,1.00018460332995,0.987908189779862,0.98064355563886,0.977714498757481,0.978024078502193,0.986351540068594,0.984740958281349,0.997154347804775,1.00618869439147,0.991922716626639,0.982772235789504,0.993570312773202,0.994594698696835,1.00634109275001,1.00318181115331,0.985165295703061,0.991802110220168,0.992403056621236,0.994718076149412,0.980261045015828,0.972516089476598,0.98516097395986,1.00362562066206,1.00021117859793,1.00192190047297,1.01198227829777,1.00719590419785,0.995949936713155,1.01259576251208,1.00930705995889,0.999971605971692,0.997632139831938,0.99686874522129,1.00336463667887,0.996639987041783,1.00430932665189,1.01031677177043,1.01158534557462,1.00785790317717,1.00969111258516,0.993615796943585,1.0069235848086,1.00886686322783,1.00824567429174,1.00484991857504,0.995185971044586,0.985962757354672,0.995266188903614,1.00445430394471,0.998962125059598,0.995046826017194,0.992105367200207,0.991689577757922,0.987872818868235,0.985471251501926,1.00027806197391,0.987958223653197,0.997959488837455,0.995643482331346,0.998574135222221,1.00335293345731,1.00597327156457,1.00204929313516,0.988877789865764,0.989087715427152,0.99190907951582,1.00147571212489,1.0050246160872,0.999915137190216,0.996723026020855,0.994873232264415,0.993161214493001,1.0007613105667,0.994714210024901,0.993804960133698
0.224730651495567,0.403715467942895,0.553557250632098,0.624140652715925,0.700231765150013,0.779168568675562,0.82176386520218,0.896377778456106,0.911436461093176,0.901951062372494,0.960389756828223,0.971028637202358,0.975673672854172,0.955895690247012,0.958963594815246,0.967667314764623,0.977122272357867,0.980097333218497,1.00999089425158,1.01079213888464,0.983468739824902,0.9725849048651,0.98546206869946,1.0078631527357,0.985767751006787,0.988176854621477,0.982789194909269,0.998337148906106,0.993258346660111,1.00390481892059,0.987682572246637,0.99389072280815,1.00211127163521,1.00470799094959,1.00730252456642,0.988563176923548,1.00270160165353,1.01004349803027,1.01391739019386,1.00244695355474,0.97562716370078,0.98438368263105,0.977844659061172,0.97817739540674,0.969389497590357,0.982016709030608,1.00364422405409,0.983658260797077,0.993196196162856,0.994273641045102,1.00100635926816,1.00359792627637,0.980723977828695,0.987684192454189,0.969647509921148,0.9802835754026,0.996882335790476,1.00098489400885,0.99780328119598,1.00043754412882,0.999716603735192,1.01677399839036,1.02147690030703,1.01287479322309,1.01574068580434,1.01678632198557,1.00090946015149,1.01404078277585,1.00894935488451,1.00597078381867,0.990630034876515,0.996008304648712,0.993364973453971,1.00229057384682,1.0081653006352,1.00190574816416,0.983753964276739,0.986879659785345,0.979996238716443,0.967936637502713,0.985446056493847,0.973238460545613,0.993599072452774,0.98325127117887,0.995800729413193,1.00646031861192,1.01004588135556,1.00268899450183,0.981915185652107,0.984541644415834,0.988203481384457,1.00227803774867,1.01015490124383,0.996283266139727,0.981011645220985,1.00026913932589,1.00616139113079,1.01100915550384,1.01330338716899,1.00813900510153
0.274888026925631,0.488345122840927,0.645381521709367,0.730591847912782,0.774007732900514,0.83321472201731,0.900409076547588,0.941252078627672,0.946314973863643,0.960392501542036,0.964879383610454,0.968652143229784,0.984816121747419,0.974866602024479,0.983382171349043,0.970274201523573,0.963721604965669,0.968623961762611,0.989144841345819,0.986718742922477,0.992839852818119,1.00098218167922,0.984145696059738,0.990611543156781,0.986250734554931,1.00603859446063,1.00157274925276,1.00665602744966,0.999010506729721,0.996140314484645,0.993073162555085,0.99528251043561,1.00637998832745,1.00644615307521,1.00004894983166,0.992038346942356,0.985113745673211,0.986276519576154,0.993429319939337,0.990974754892071,0.999836397639117,1.00262236403233,1.01003735681493,0.99785203033619,0.994335003547397,1.00148255606596,0.997393043383496,0.986466709014888,0.987589257702009,0.991293309047936,0.995503398444672,1.00351876035534,0.994531161524264,1.00666465109745,0.992149660891492,0.986075782499687,0.990596496118415,0.997096211940596,0.981452020913819,0.983599600338513,0.983857595303588,0.99400593379779,0.997617048626877,0.991137781296935,0.995416303236786,0.999763918188165,1.00030207579431,0.996273963462641,1.00092752698479,0.99810738803793,0.996109762543795,1.00278000494834,1.00108529422784,1.01027284774933,1.00174812300357,0.997520037866933,0.992909106574464,0.999778861259889,0.99861793414586,1.00418833018293,1.00143530305089,0.998277060889352,1.00290641902361,1.00419445669039,1.00936419404768,1.01030937134793,1.01349212247671,1.00807929824697,1.01552708433265,1.01803889030397,1.01213486891924,1.01603301816914,1.01649894773284,1.01435118381571,1.01613602163468,1.0146290878975,1.00614691982834,1.0082216526197,1.01524395189142,1.01182256947904
0.398068703971409,0.572210541550581,0.718243550840197,0.790732797577529,0.851826036204071,0.912732286994767,0.921828088640779,0.957177325159985,0.957559853258265,0.976379687985785,0.964778188799084,0.968279479263595,0.977935083123423,0.982240288086019,0.993640058175182,0.996201490637496,0.994423544282202,0.989505078620706,0.995278617919036,1.00007611073305,1.00661976096229,1.00193542973455,0.99695257128694,0.999889357060051,1.00048556284429,1.00453393080234,0.998875729975073,1.00273931410221,1.00749052021772,1.00632636727438,0.990725578274028,0.999974405259801,1.00718316792263,1.01320331706055,1.00066084206345,1.00294550121773,0.994007162650332,0.983047718112426,0.990179320324204,0.995340750253517,0.992940566088924,0.987786394246105,0.998063879854008,1.00600067828954,0.996906670968426,0.999118187675121,1.00524060326523,1.00682300903251,1.00650927204296,1.00621474566534,1.00855426281656,1.00366969116642,1.00500035835631,1.00730355329257,0.996811743582096,0.993568352752134,0.985670940684778,0.991411492400953,0.985296851752122,0.990291267817353,0.982342123829973,0.985960508620574,0.988331294815528,1.00334299144427,1.00267369179409,1.00395388822177,0.99221304058159,0.996921942029486,0.993859708931708,0.993581908050446,0.989185933097804,0.991434354019001,0.985228234749104,0.996895126650277,1.00179694305923,0.996502908817129,0.999059217447708,1.00811874489598,1.00557099745618,1.00497647026559,1.00388976083677,0.997553241037992,1.00462408435668,0.994849254839725,1.00683011165251,1.00459254759363,1.00443813060331,1.00191511460561,1.00672068631361,0.995237521063644,0.99230756184129,1.00053437180406,0.997050990001811,0.991117019757623,0.994885307309957,1.00870782667645,0.994779618361699,1.01024228971339,1.00279536064574,1.00337994559866
0.245408442137528,0.392293940681369,0.538754775487052,0.647503910057171,0.749916653081796,0.821542669869204,0.88286664288298,0.932554733584781,0.962993261899776,0.987861318115302,0.991220568837358,0.997791956882119,0.992744497426107,1.00503703435248,1.00385159563101,0.987569440510751,0.996955958357013,0.989122561841379,1.00590105331132,0.99855748916835,1.00122077804052,1.00288549365941,1.00303559666962,1.00209481925798,1.0043601350835,1.00861812674654,1.00721607208394,1.00976671607495,0.995458762315673,0.999722803628621,0.998852702499039,0.997138005147143,1.014080901581,1.01401738546522,1.0052441881491,1.00568813821065,0.986849086020093,0.996148366605184,0.987093736709105,1.00358613090881,0.992836610688492,0.97295071490087,0.987545951072042,0.998604680344163,1.00566340843588,1.00742366411574,1.00320239482145,1.00835587876967,0.995076127304979,0.999672183272922,0.993854489925707,1.00173485233145,0.994315735349911,0.986698924310912,0.993291374686497,1.00000259319872,0.995840872799911,1.0175039018067,0.999686375720056,0.978339866031889,0.996420042262549,1.00582562756924,1.01158478077288,1.00918108472495,1.01757039016721,1.0114820694196,1.0146340996269,1.0117177163677,1.00101090412293,1.00438327164479,0.998820012435044,0.99872754580842,0.992114605029343,0.989547401048197,0.982424902590954,0.981339049437208,0.976659197092749,0.956924113272,0.962051118959626,0.96200491471914,0.971215515950765,0.973104821109638,0.974606510091217,0.956194873583917,0.960717273427596,0.985219668837734,0.98499612336445,0.986319131309657,1.00705638111698,0.990016698598519,0.994767009512277,0.985284887195372,0.990203412023713,0.993733012637809,0.986529509337732,0.998740833890023,0.980955190711432,0.990650308748374,0.976930696414569,1.00135464072164
0.484800175996685,0.6618209688268,0.779346312877353,0.821701623755362,0.871446241627709,0.899379476190647,0.938053932654477,0.924167063023509,0.922690959344969,0.94723665659604,0.961244561618089,0.941139750153621,0.907769303924078,0.886104634101361,0.947329687058199,0.904755099138938,0.904423113265999,0.909225030197282,0.934298812110654,0.925923002993925,0.904523353495949,0.932734577478602,0.962617092619301,0.967676953273643,0.97117045759641,0.930912411104276,0.954360494606666,0.954924916635894,0.968132571232924,0.999448856667854,0.946973014098685,0.965468830364436,0.944599789033097,0.949490514713795,0.968669950487277,0.959846973690149,0.91651220210912,0.929460452445915,0.926102158029134,0.938404918708881,0.935113913872452,0.945794071180011,0.910897288482414,0.916583581166662,0.910260849207301,0.916402867848757,0.901837471635863,0.908851940805854,0.934808946206392,0.949283576438728,0.951968571593941,0.945627805343534,0.965650470636835,0.946893622064457,0.943287866464887,0.974476355218589,0.943389304535813,0.973171494959644,0.95784520074593,0.905972372667296,0.950470270298622,0.911567636688363,0.917461105636201,0.946073505466352,0.928819482061155,0.927393917740685,0.953124882813636,0.94341486349838,0.9812788914172,0.958161083352779,0.930006757016013,0.961788046502821,0.934464660511995,0.983672779833177,0.930417392138732,0.957028643465317,0.940287261390808,0.950764847405804,0.950905910912423,0.941040715969032,0.945257832361353,0.950585393080381,0.956300701085839,0.963913255624813,0.962519205350063,0.95372619359502,0.943624684106251,0.92957958197588,0.943322944937397,0.958204438776516,0.952212441783585,0.96200711300158,0.951430685762947,0.937565624002343,0.952757534416224,0.952367392033954,0.947763489486576,0.967226762681264,0.976376137334546,0.951242989172432
0.383290771116527,0.559187868186184,0.664497449633292,0.768866571065211,0.859021612930666,0.910620886539678,0.960604389893352,0.946172344043841,0.960179648678789,0.994214032411393,0.979202994035051,1.02160627737928,0.993074539078902,0.989066437469296,1.00012183912446,0.960997821391404,1.01997129451452,1.01647055896703,0.991403390320205,1.04509770646046,0.98637200087798,1.02244274549035,1.01671236436702,0.998902946929474,1.07184187135649,0.988655800439898,0.962726274300887,1.00055340176212,0.974059415479589,1.05915035730392,1.03840887432247,1.04526525346725,1.03605895718702,1.01520206286107,0.994021252558331,1.00856885599167,0.969892323114657,0.957328482494134,1.00358595317988,1.02241292450274,0.99247894888072,1.01816389458854,0.978726274246642,0.988521382859112,0.997431838638823,0.99205720532022,1.00339569594999,0.971418850159792,1.03633170828527,1.00783955776964,0.989362573643807,1.00591907330527,0.994004459463613,0.946754048387025,0.950603241742304,0.936743862353246,0.909423647767868,0.981607650598602,0.901670578597927,0.912533022725485,0.94798124727676,0.963426792130814,0.951719224955028,1.06001855625244,0.987649226732811,0.987880724067229,1.04863835938858,1.04498887542569,1.02791616098067,1.02021574916977,1.03117607658085,1.05843510249924,0.961312460878212,1.02393925358289,0.951416764589937,0.996454245514296,0.998714958619678,0.991080947965565,1.00609070349923,1.01830690454544,0.986606578021596,0.991060305358157,1.01228276850144,1.01056133317223,1.01201774834075,0.977056681097887,0.992491297968478,0.966405563858738,0.942717239478042,0.995911982968532,1.0039621323767,0.976211708009959,1.00168919445534,0.927935846069677,0.965834560996739,1.00505375865563,0.966212200388658,1.06183423904598,0.98387177561775,1.01685374686953
0.205119862705824,0.352523682457174,0.480474224612757,0.612103685557532,0.741982956961741,0.823186802277444,0.817479229654564,0.84594575385447,0.884184408566184,0.865492049943254,0.909531606126079,0.949315470618301,0.970944540494022,0.978911602080051,0.982050504092616,0.971372016083666,0.978052760282217,0.995661544212172,0.998433614119066,0.995550809487822,1.00609013097618,0.990183449274759,1.00116225646611,0.992873664037392,1.00992191165522,1.01013366789657,1.01746082250312,1.00966173215788,1.01062584734871,1.00789822471367,1.00871400329764,1.0014675663539,1.01065244725126,0.997975964666345,0.989593838808748,0.972737063683061,0.973891079470361,0.974685084925401,0.977928965154599,1.0039605995256,1.01222159111803,0.995926672346102,0.995180439857783,0.994540634937188,0.972215725525433,0.960925773311061,0.953637975374732,0.998231908599963,0.999883732594062,0.998905093018117,0.999615792428837,0.998049617287748,0.998795875845641,0.981874230264541,0.995910164524896,1.0106322097,1.01764959157237,1.01578507528137,1.00843760043527,1.00651155937039,1.00940538421752,1.00772841650319,0.999629557247439,0.995390451874834,1.00027524698503,1.01258597752747,1.01767860307642,1.01601880869846,1.00937858314646,1.0008771839974,1.01039345769934,0.9904123539464,1.00721882663511,1.00238132720762,1.01125305301479,1.01761591938128,1.00158130569296,1.01050975779993,1.00321456385119,0.987304847662799,0.98146446665497,0.989196530020547,0.994572777822969,0.996879098467759,1.00671216884879,1.00842679463414,1.00640355862286,1.0070090622424,1.01668515110449,1.01926841319804,1.01692715281285,1.01634256470981,1.01625432825663,1.01638115303433,1.01496658041921,1.01651895832985,1.01647219745789,1.0167124177947,1.01788580233948,1.00428020525681
0.292801236507267,0.431579332013102,0.572663753503126,0.698552036005398,0.733712360663493,0.799312241535416,0.799661700556794,0.821424308131307,0.864501347050656,0.885103815464908,0.928565701085398,0.940536562422542,0.989197250918071,0.989149739674878,0.988194199570947,0.991361960810063,0.988522658182849,1.00671668480033,0.998788603038209,0.994011532120395,1.00409031346477,0.994375896468998,0.988130218947894,0.991295189358091,0.996167760779636,1.00445027765777,0.988245264783163,0.973009722307071,0.990762378484213,0.989794397720671,1.00833866701108,0.999051334420819,0.999648143764318,0.991470271555912,0.989915740895045,0.976378637013011,0.986616742089845,0.996048221093003,0.999102900671528,1.00995204832048,1.01044358021193,0.991353750387823,0.988841311846784,0.991914292591996,0.974034706807892,0.971475024650837,0.981356895640354,1.00762258218547,1.00540495757447,0.992101394173166,1.00838152404953,1.00883714432726,1.00127612704463,0.991880337249145,1.00016673526011,1.00645765417897,1.01391719464748,1.01558947344951,1.0163612482949,1.01614108630731,1.01540401803717,0.986404129347129,0.9759848282747,0.983338692753812,0.988867864539064,1.01133080142397,1.01504389345331,1.01475208455621,1.00950550104303,0.994334402374177,1.00836708397327,0.989042726430041,1.00574347070232,0.993920345945996,1.00316051766117,1.01580407734049,1.00343786145945,1.00698751578217,1.00220871774324,0.986594309113986,0.988564074463234,0.994407548274844,1.00812543950885,1.00798677331255,1.00867386331934,1.00796414583729,0.998835188196637,1.00348615158632,1.01616065653879,1.00973390020829,1.00823782805579,1.00648912843425,1.01526967423808,1.0156921177508,1.01515972710991,1.01626415550907,1.01506954185802,1.01719124539354,1.01122121268423,1.00279026114679
0.346807231289485,0.490618336584075,0.629511152849733,0.760218927055525,0.789161482498577,0.827120089304691,0.815710964713254,0.844506386000336,0.882897571514263,0.878883505305929,0.922720688787927,0.952663099424221,1.00243968644922,1.00352081531067,0.992128712189518,0.985931055503255,0.997659011059101,1.01258868581192,1.00563366490345,1.00311066896054,1.00303771315262,0.991921280912002,0.995179433199882,0.992775747754317,0.995264307746345,0.999604864076088,0.997061102679472,0.986298060695116,0.99040533432345,1.00461454217935,1.00599172021603,0.981303557560449,0.983259383389146,0.984021953575722,0.984648004727848,0.974103627252423,0.971863892668073,0.990834018807215,0.997501689012833,1.00445646280719,1.00578472813001,1.00580783868713,0.985044859671599,0.992000824884922,0.981506030258149,0.963072424602737,0.977100752710479,1.00369567670432,0.995827119283607,0.997145119171106,1.01272813140625,1.00394531662644,0.990909250573286,0.994296082194622,0.995526277240413,0.999665592645282,1.01195058620657,1.01221284055791,1.01298921851537,1.01150598764288,1.01104804686684,0.994248297965789,0.981187088125032,0.975549567331683,0.978811465423355,1.00866757221524,1.01270068459143,1.01176707937444,1.00461757665946,0.998872771125339,1.00537272380192,0.993964238808094,1.00306458895611,0.989775168316775,0.997435708803866,1.01156325599523,1.00822578929952,1.00272407282427,0.999164710384961,0.983360765423174,0.974890062215164,0.986544713817922,0.997509243562851,1.00448345471084,0.998224876351609,1.00549088075968,0.994427623718016,0.998150075006857,1.01456138555396,1.00688974286744,1.00572509791699,1.00530080227622,1.01156508798172,1.01302748228765,1.01227989257609,1.01395692251542,1.01303471922645,1.01439360738659,1.01618224949313,1.00052946058561
0.447069990377194,0.547942272502233,0.657791764076433,0.775088145624032,0.791235754423648,0.814905662404692,0.84706099246965,0.860916009995917,0.886043221436326,0.898565581228418,0.917075312829636,0.919310050560213,0.966873650284167,0.982931567118251,0.976612679922629,0.989930224594027,0.98936076062076,0.995657878838466,0.982595046338227,0.974919590423413,0.978054525234019,0.985183790956297,0.968962831247663,0.973618421452678,0.980740018393454,0.976185190986168,0.97586710699671,0.973964265908455,0.976839993735251,0.983744020573063,0.974319682922388,0.952945529643486,0.971454959884049,0.995160730344634,1.013638091264,0.99242044329851,1.00261864472572,1.00153426451613,1.00541580644686,1.00235136540902,1.00367920694213,1.01295641212314,0.992877055158841,1.0059680547181,0.995502176717427,0.999562799496345,1.00221082179876,1.0125234578972,1.00289442798373,0.997144140104984,1.01112256093863,1.00368287454309,0.996606286577909,1.00242025947989,1.00405675618129,1.00190302705336,1.01260928495422,1.01185233242315,1.01331804773248,1.00396321393183,1.00956950903812,0.986896860397847,0.986709022772448,0.965472308566149,0.970881875826899,1.00749070042624,1.00221355739129,1.00673601814687,1.00848317224143,1.00916693302606,1.00085242492278,0.996407866933856,0.997267636515235,0.98675555835548,1.00292052178317,1.01045413319095,1.01277886390857,1.00816088583827,1.00401804996814,1.00465648641895,0.98463735424619,0.995598997546685,1.00377295281741,1.01298486478226,1.00383489466731,1.01346631004046,1.0039968562708,1.00480005142792,1.01226262891572,1.00424657238843,0.994244501691809,1.0008092995985,1.00733155998248,0.988569353035967,1.00686860658262,1.00121279639315,1.01049910801656,1.00287293485623,1.00502576917136,1.0131757331289
0.742213467712593,0.829903897440453,0.857987720502262,0.87502529965059,0.900042210911484,0.928624740683428,0.93818904384962,0.941950538582961,0.943656628575702,0.958545571087922,0.987374277836314,0.976461866310638,0.99509883256253,0.971974344274324,0.987301364477206,0.977682878984753,0.989882361337678,0.987153836603853,0.970901107946247,0.989664015257731,0.982358505925435,0.972842872287842,0.977227987103317,0.986716812169274,0.994188486645017,0.979175385973909,0.994064500758372,0.985886862992158,0.989250230577401,0.983549842131564,0.98296073009781,0.994158651746379,0.995089699672868,0.994340514465574,0.986476603961634,1.00140332342477,0.9867243893055,0.994609325684793,1.00193590098789,0.993803889982448,1.00168393252739,0.993573189893223,0.989021825789571,0.987240939651098,0.994007092797809,1.00190159941645,1.00193669976473,1.0020958668418,0.994689003868237,0.994926020499846,0.988950424950439,0.9804588365778,0.981479393017514,0.999532483277941,0.984509117493278,0.998257692812691,0.994899116297279,0.994816965537695,0.988693528708483,0.994797721611664,1.00190651598191,1.00157547445648,1.00199749529259,1.00184090276484,1.00198926538371,1.00173574706303,1.00173117144798,1.00131659386687,1.00177080716479,0.994695212645182,0.978598587837853,0.987048553319364,1.00014183211644,1.00194093988959,1.001965892312,1.00190373121266,0.994922545704798,0.994202620590575,1.0003100556971,1.00107246735205,1.00139999262099,1.00169400961019,1.00195171842791,1.0017491455692,1.00036155007155,1.00208941613653,1.00215275993933,1.00047551878595,0.986023140638063,1.00096167113787,1.00151731187839,1.00178962357609,1.00166331165429,1.00185330695433,1.00167314173566,1.0021097954512,1.00221435502114,1.00208306074813,1.00190335960239,1.00187122176601
0.303461329958262,0.476740448579877,0.552849533231911,0.669566794955222,0.756346689467897,0.811044701676972,0.847406879402733,0.894442321724871,0.92754938405294,0.94166549126289,0.969269141644646,0.973384255351401,0.983550655487456,0.991798298875933,0.993974793522915,0.980303045872774,0.991177053359727,0.991386551414604,0.992107948005132,0.994510397990879,1.00231082253508,1.0017939852404,1.01235050565408,1.01223853738595,1.01458017588529,1.01415930071077,1.01417362675891,1.00403598472384,1.00476228144402,1.00041360895969,1.00039682867685,1.00988647380813,1.01390820176057,1.013486964319,1.01490660694659,1.01202194022855,1.00564044638817,1.00447992036353,1.00270730994179,1.00039773244139,1.00692649879749,1.00378650171694,1.00460010233416,1.00742898216101,1.01090796677859,1.01504621617649,1.01336212652781,1.0060659442242,0.999700936290843,1.01158592173463,1.00668521636801,1.00256597205928,0.997409157146173,0.980066820377154,0.993633514555685,1.00332101218341,0.98983819109347,0.998805507946164,0.992176684895698,0.995574416293006,0.994686550003584,0.994979116868521,0.999209380460567,0.997397957504792,0.999850274034445,0.995159462094829,1.00596089042711,1.00051454129608,1.00827450651896,1.00017900587627,1.00257811904019,1.00630741813959,1.00609156361511,1.00560013573194,1.01214691441492,1.01204468981095,1.00628911699297,1.00855636807612,1.00709368903471,1.00435157745784,1.00536710429309,1.00009106648398,1.00784039263221,1.0048698009539,1.00128978449694,0.997577910153594,0.988724267010129,0.998463380290314,1.00077209494195,0.995475729441734,0.998323986151858,1.00371676272301,1.00400852927417,0.998617802118626,0.991527937457301,0.986097702082938,0.983225239486093,0.982734461418006,0.982060626324494,0.994309988222507
0.196543270957786,0.346696373217287,0.431509626763966,0.5346001205978,0.547542604207779,0.593664838917276,0.654087585973857,0.692056583510801,0.72176384561127,0.735215195442174,0.754417401979235,0.759516828003626,0.783371300988391,0.784618196892441,0.790802982696866,0.783864286425443,0.820138928654646,0.838455959008086,0.82637964861578,0.860494717605345,0.871274265780926,0.87859298309992,0.881210664980725,0.856872554806905,0.87609700543092,0.875889263352176,0.891717490672191,0.892202158139495,0.915213786352984,0.916778998977635,0.918100807119248,0.914428768676354,0.913437247600552,0.936520431109509,0.941490340215183,0.952723968670979,0.956754004724558,0.962738274730022,0.961880519108983,0.973826029184945,0.981937030337502,0.978372543229853,0.981333433321112,0.97300749021584,0.976437275713657,0.981983003766067,0.981622375163685,1.00121477948007,0.985167287512562,1.00424795760618,1.01823855711697,1.02544115072221,1.0079898613552,1.01611345174549,1.0032494934124,1.00639129192154,1.00272953704257,0.995729667437595,1.0066219437608,1.0105192075573,1.00327062161963,1.0125775163642,1.01545457146368,1.01128316172217,1.01787661370272,1.01589456160026,1.01966666929624,1.00045963495132,1.0292284138395,1.01687550764825,1.01555776300564,1.01612403327742,1.00781153926834,1.01392050551068,1.01994338481316,0.999655379368645,1.01466580148683,1.01206913491123,1.01650822617276,1.01619371427852,1.01590080258673,1.01832605745151,1.01191802167012,1.01284724352005,0.99468828481734,1.00113866609917,1.01704289976631,1.01559114971232,1.00465353503735,1.00424728601638,1.00683200501521,0.995936574731957,0.99785407988027,1.01335899360689,1.00634690008186,1.00045894701936,1.00167292171554,1.00503649848585,1.01051575000091,1.01108049415052
0.300091604398129,0.464462160595696,0.573961601184569,0.663159406594094,0.728543200972988,0.786982161607265,0.815717849437546,0.842595806400825,0.837161813839236,0.850521663819926,0.861440258012027,0.869331360201025,0.865611246239014,0.868813685840816,0.886558416381083,0.885672279196646,0.896368514957524,0.910184126723714,0.901090110114885,0.906339286945075,0.907002274891254,0.911109148700504,0.921672966811643,0.908477493987025,0.905501292822685,0.915899391976781,0.926789559858857,0.922388553594822,0.92984635377031,0.938156390753349,0.931482850223792,0.929957394446058,0.935965374453767,0.936526184330268,0.934855932911274,0.931712592102239,0.945322998787964,0.945472037801401,0.957247575635431,0.964546686608616,0.949703124685437,0.939979133186334,0.959983892022359,0.976812365380011,0.98839675889132,0.985966574363156,0.981350685543151,0.996140772869608,0.989190655531816,0.99362386929672,0.995985851711405,1.00094136309844,1.00322361573518,1.01315505368248,1.00324885896933,0.997864940876756,0.99268386503248,1.0067566391506,0.998224925966803,1.0020235528612,0.990090427492974,0.991397330628595,1.00162975066131,0.996241115548216,0.996238601721257,1.00683487558763,1.00841246158411,1.00028301348471,1.00193093949353,0.989420602626314,0.975986387861786,0.979459727111863,0.982733178807526,0.988958708492644,0.996243876355511,0.998808140170085,1.00006783293682,1.00642981065688,1.00063020100983,0.99755342389534,1.00154951915336,0.996466560940588,0.997348912740804,0.989392467095406,0.995718932716562,0.981348673709284,0.995213414076677,0.989552064409965,1.01138294237386,0.999044901350554,1.00415984448213,1.00695289468756,1.00431654579037,0.985328514968711,0.999181595586804,0.996326178841331,1.0026897171345,1.00379861474442,0.999560798206256,1.00880985192312
0.36444303366188,0.559769853866687,0.696388692804592,0.787613947381194,0.852926712241665,0.891064806481059,0.932947434690252,0.951545563325881,0.959535831297288,0.974492954571693,0.978854753474935,0.986151390385326,0.982567459181978,0.981305922914892,0.988886064669928,0.989111469670388,0.990200608624853,0.992393095371785,0.998896021632664,0.990381975741207,0.987733757170041,0.997108836034731,1.00205652097824,0.999113692143386,0.994890531614628,0.992238397912699,0.993634906540643,0.990352932691694,1.00193604995599,0.994313923666266,0.994786755529745,1.00064760036367,0.99243009990778,0.991093613007908,0.986724790753324,0.995386313491955,0.991428650799295,0.985524881659564,0.987851491447806,0.98656221028725,0.979747449349799,0.982970742921484,0.982262584406825,0.992357359738604,0.987708580125426,0.995959254661615,1.00412662326247,0.999676038798206,0.999522274310045,1.00217442434558,0.995375531574129,0.991807990184016,0.997001965620793,0.998117506903447,1.0041153905139,1.00438076664217,0.991203083664494,0.991506893937662,0.986412640172256,0.982773004419465,0.981786083412113,0.980919375304625,0.98888219695235,0.974399652992401,0.981879419883096,0.983802333094617,0.997606476772274,0.998180166538765,0.989103760303838,0.987132238229107,0.985766337489081,0.987940746117412,0.998188556140258,1.00313376083552,1.00499223206713,1.00131439965388,1.00096795641972,1.0061445595077,1.00821759101992,1.00031186270852,1.00135666530986,0.989921076274734,1.00237992601697,1.00457944917802,1.01065661757479,1.00613472916594,1.00152045979031,1.00308728631002,1.00881021124672,1.00963715524505,1.01098885077423,1.01101248585421,1.00940317906929,1.00342151020369,0.997662973962247,1.00074331908579,1.00491721233431,1.0023667304998,1.00367564757989,0.99277006841217
0.380993912314581,0.577824682517809,0.682258396225251,0.786898082410743,0.864088845362841,0.880446644318178,0.932263111402246,0.960636987892621,0.956336253724133,0.976263323032127,0.987984549444728,0.986650343008869,0.98154321393968,0.975707496693098,0.980743279320096,0.975690993925575,0.971577384545017,0.984328533464045,0.99528326126717,0.988114611921457,0.987247513262337,0.975579507182001,0.988072055606923,0.993482733233759,0.98643980999978,0.99067791848157,0.999540465961245,1.00528808483603,1.00000160676459,0.993747741847491,0.999147787219098,0.988477161219696,0.99972864717569,0.988426456203459,1.00084158516498,1.00271870623566,0.99897446430339,0.986955261475507,0.984192716609645,0.966684144379232,0.98350199394502,0.984770146856389,0.990966888374996,0.994812648969484,0.994994432934554,0.997815833624617,0.996209829303506,1.00152375811749,0.995255056492365,0.991973912772159,0.994586766839931,1.00253169443631,0.992174398222524,0.992868797458463,0.994960795569492,0.998089642960361,1.00561795301865,0.992783718006959,0.992661849328578,0.984309455291499,0.995837205491479,0.994665348735263,0.994832914575612,1.00022608623298,1.00146880900624,0.99535049404434,0.999576880515315,0.987456981938811,1.00019676418439,1.00774816023378,1.00216807998938,1.00442035492985,0.990323938899133,1.00066195860817,1.0038554980116,1.0044952355678,0.989369070273402,0.987429707189684,1.00260197352663,0.998591252747453,0.998897156496492,0.980399675027385,0.998831687485374,0.993348058444054,1.00144062288101,0.999558379727763,0.999877514528064,1.0053562231542,1.00749735837975,1.00330220856845,1.008517941317,1.00721656731237,1.00774670866484,1.00913246013216,0.996163931044587,0.995378126717492,0.996327327629333,0.996090706129373,1.00556851617572,0.995057310431522
0.46617348709106,0.642152272330081,0.773375613607197,0.855875423054693,0.901365730940393,0.910720142209969,0.937496514749973,0.964218548627194,0.966372616076795,0.977768540025406,0.980710579572188,0.978695187452866,0.974690171251341,0.970749919610242,0.967904507557819,0.979056672887464,0.977183827724429,0.980058282025955,0.989538606826075,0.985052324641278,0.974955416976767,0.98396503163196,0.982025472420207,0.990042076963665,0.997955038562165,1.00157246815574,1.00185895213738,1.00155764318035,0.995618906034879,0.994942886210727,1.00019373671504,0.999230573802,1.00238269600023,1.00109222230947,0.997027262493382,0.990037331598354,0.984872208847449,0.987916195730959,0.981676028800074,0.98695290720767,0.973683891533569,0.979875032678154,0.987886599065826,0.992793146746089,0.992295427585298,0.98770374548624,0.999771979216999,0.98945291335419,0.981366374480582,0.986921695998881,0.98875075668735,0.993681485309102,0.990174089324553,0.993690771400563,0.992305892740787,1.00210185948929,1.00727785206709,1.00432074877425,1.00558479415932,1.0060918669967,1.00881385043509,1.00112601337976,1.01179044463285,1.00561238053879,1.01024212845586,1.01085371606929,0.998356453684534,0.989477426181809,1.00634422977871,1.00237097727534,1.00801253743086,1.00540120385384,1.00651415294352,1.00922132654257,0.996570722186813,0.994222641330484,0.992883303433999,0.991138585272532,0.991141788033973,1.00347730048787,0.99999106236429,0.992347505660855,1.01013477275946,1.00269894724516,1.00063264725662,0.998711628575022,1.0018447539507,0.999487754577704,0.99777602185797,0.998400898247397,0.997458862489622,0.99719763252198,0.985088233291802,0.9948995499798,1.00371014398966,1.00691316048335,1.00123146439468,1.00549082894818,1.003681304198,1.005904863294
0.435358140121265,0.624155670137522,0.7154688647541,0.80671582566075,0.865826028766751,0.891563843383621,0.925251425127488,0.956248726386521,0.950359108650948,0.975078090172566,0.980441851163859,0.985499748410974,0.989077086311473,0.977210819536249,0.976188308196395,0.973606985961076,0.97201705668986,0.979681652645666,1.00152136956244,0.988808549614442,0.977333194555271,0.988309356569172,0.985051611710703,0.989738885579275,0.992596418953915,0.983225409398542,0.997596556083431,0.995368694976561,0.993356768195996,0.99666502826223,0.994826338378479,0.988852382934512,0.993240546811184,0.998636175001986,0.993016250166203,0.97952381473168,0.982054847262214,0.987504472833287,0.990993828668409,0.995853519857854,0.990148581962887,0.99799126520947,0.998031031665927,1.00094329795768,1.00082152317506,1.00546968676365,1.00625178883371,1.00520947874213,1.01121586031837,1.00873373894499,1.0111969465131,1.00392061117715,1.00720545730307,1.00211381218938,0.998265507890684,0.995791279277906,0.991641742011025,0.987898561127148,0.9825205017529,0.991110561543196,0.985146987972496,0.988172934227138,1.00275909497868,1.00589646149048,1.00949304462581,1.01010432391445,1.00584859133152,1.00111317963486,1.00260276925724,1.0028895281709,0.992816600914665,1.00255892200428,0.998949900303924,0.997818303653405,0.997259999403736,0.998533295344914,1.00257652352705,0.996464990424608,0.992109903793346,0.996956843300013,0.992072195286451,0.994668407405634,1.00548984215624,1.00153230779175,1.00188264485049,0.996533637988855,0.995189358379482,1.00484994489155,0.998766808382956,0.995939576981929,1.00964867679538,1.00784563756063,0.995524272764577,1.00741077422353,1.00206334815383,1.00368444266267,0.997231544761335,0.996696415478198,0.994843971897024,0.998106661693999
0.43634118327169,0.621849472077807,0.748357887086185,0.821705101145557,0.896223105924493,0.942125607685539,0.956309030102989,0.952743387900807,0.973051700327876,0.986572303072504,0.994150478447209,1.0007310386146,1.00300415235997,0.998832629828642,0.996213893589168,0.987299588862743,0.994295477087486,1.00641181377215,0.996732970856711,0.990933414827523,0.99637574527576,0.998684908588791,0.993261022131025,0.994925434881135,1.00459647679342,1.01349945641033,1.00513647279148,0.993980426267055,0.998873539337408,1.01003227938672,1.01136736318827,1.00640236753231,0.999647113127967,1.00215398367045,1.01034524230711,1.00822199918403,1.00401919798806,1.00287060580823,1.00154776078939,1.00674774207236,1.00412071193737,1.00378705416375,0.994776257064733,1.00638821117726,0.998644146874508,1.00247770009546,0.994677557383103,1.00073268882913,1.00378573694331,1.00235154075784,1.01256092199033,1.00411464827751,1.00817712893636,1.01180379134449,1.00918681192261,1.00808230127206,1.00352670140245,1.00188543085494,1.00466953573705,1.00734836353557,0.999583998060875,0.994835926945362,0.99515849518807,1.00107029805201,1.00464218218199,1.00671927686585,1.00828815078924,0.991004439642416,0.99899343104609,1.00550078497183,1.00398127159101,1.00231470275422,0.99204596058279,0.99490314077342,1.00130169887157,1.00020346225197,1.00116592917916,0.983606118599513,0.990075721426657,0.988017839751157,0.997937508023071,0.993451259387696,0.983547158816066,0.993068076262414,1.00289389842317,0.998472171644211,1.00135505714824,1.00179536411082,1.00044342398452,0.999329888171039,1.00648807185619,1.00808086223488,0.997328149712582,1.00221765751621,1.00059039498661,1.00080329657733,0.987633573805266,0.996045058320679,0.993377464705831,0.997981156351648
0.329905328706149,0.547402866420232,0.646595789381377,0.698612598529238,0.81424783507454,0.849719749981487,0.901135457779864,0.923151450994039,0.939258480159076,0.951791831902856,0.977250762429363,0.99261541701122,1.00300978337445,0.996177397319469,0.993012263578373,0.996343256420019,0.994131258381749,0.99766273115794,1.00399632781181,0.997306083761739,0.988265499820968,1.00242570103967,0.995756922994495,0.985318938017471,1.00842286303947,1.01217106332898,1.01021754024093,1.01583424209333,1.00993632251982,1.0118810451173,1.00517815059136,0.995977321988677,1.00040541989043,1.00650337574351,1.01037309395406,1.01044489798485,1.01146243566429,1.00990099776965,1.00213806076441,1.01219459015431,1.00667969868962,0.994737041253647,0.99794635168199,0.999336239483772,1.01599047601576,1.00446960968389,1.00400304830299,1.01703736827048,1.02156732314772,1.01429839166792,1.01435336360626,1.00318126697984,1.00950079015528,1.0009129374389,0.991406269409819,0.992519104624472,0.990923874387135,0.986090511133806,0.998543255651557,1.00733202405652,1.00385778755029,0.986987545965354,0.993516365124107,1.00531873482082,0.993410969925949,1.00913498356266,1.01443493231383,0.992371013646088,0.996863521671646,0.994104993315278,0.988238979118942,1.01258246419764,1.01957862299591,1.01168120582156,1.01104073168358,1.01573422029946,0.998011158494537,1.0121304745939,1.01839114354151,1.00912718858431,1.00539758202921,0.997506107425185,1.0128406095525,1.00577386649568,0.998244286829702,1.01208577437569,1.00442406048078,1.00795599366862,1.00002689011024,1.00739845107105,1.00638989325054,1.01143099634325,1.0113393940016,0.996202081748723,1.00118014804651,1.00554815473429,0.998615237237611,1.00365228148038,1.01092240321778,1.00026893233918
0.441171611791411,0.624475162195356,0.731736395014971,0.795675509836639,0.851337478533915,0.878331383054777,0.908836632777148,0.946221859208038,0.958164905296202,0.971768539580488,0.980348670492813,0.985786157386035,0.985242161775293,0.981005321864001,0.984603755815223,0.98397553159856,0.976848841332212,0.975086767252334,0.984691045420787,0.980432855713723,0.991519512467586,1.00006907236762,0.990277160168672,0.999069174804411,0.99984904953615,1.00320709552758,1.00726659467194,1.00578729555005,0.997302142377877,0.996485625416152,0.98805612019306,0.9869524317986,0.986675593921866,0.997347356430556,1.00348493327937,1.00290630458598,1.00616174174617,0.99575838348913,0.997829129691125,1.00241840716544,1.00991736538734,1.00778607768294,0.996917341659326,1.00325291645361,0.999182826399462,1.00330616019767,0.995376310433902,0.999570541114015,1.00058131472169,1.00441198097075,1.00222439443081,1.01020044871771,1.00619997572704,1.0068796184131,1.00964959227792,1.00442924242274,1.00197444185631,1.00368540951554,1.0042301213087,1.00212076753015,1.00702939977808,1.00793303142374,0.999213579512831,1.00026992734991,0.999636532689487,1.00364069989437,1.00602044260968,1.00283971076234,1.00500423087309,1.00096021245967,1.002999459878,1.00822210425909,1.00647170053684,1.00252712415272,1.0055885542287,1.00119121247952,1.00272582637179,1.01151293264963,1.0079813365658,1.01067730588198,1.00208429760287,0.984119864111227,0.98532416272119,0.984330911152968,0.990783131726563,0.99504562682308,0.987542697511011,0.980852250865746,0.98878370294354,1.00165413089829,1.0051266020276,1.00903962975189,1.00475787822214,1.00002704533665,1.00196672668077,1.00058830709069,1.00093127194905,0.988592720151197,0.990651132225844,0.982905057798038
0.440553042095779,0.635476873883912,0.75333517308308,0.809074250929151,0.856516421019575,0.903516251805007,0.912788868204133,0.955048607449444,0.958439986627665,0.970273399968614,0.980462888490805,0.982063710576445,0.974384362916961,0.985410384045152,0.999582802760879,0.999505090012169,0.990799049734132,0.977872773826165,0.979458395666547,0.982138578013403,0.992822199367831,0.995471099392579,1.00568879363164,1.00903095573282,1.0041572165759,1.0033823085279,1.00882532349386,1.00448619582686,0.998752179808357,0.998856295260432,0.993489332967068,0.995856829280616,0.990977945916673,0.997317219091488,0.998283844597752,1.00573060332049,1.00335897759044,1.00176087553973,1.00351854885583,1.00197770025808,1.00614096256514,1.00483055594396,1.00526873844018,1.00349999435393,0.998509860868607,1.00661734801099,1.00641258442637,1.0000551865236,0.996479579840622,1.00976170286984,1.0050336841615,1.00103134276972,0.998672908709896,1.00536249569221,1.00479720834418,1.00526314652705,1.00686561995892,1.01079453777616,1.00800382380598,1.00489814274138,1.0009684812884,1.00407270375651,0.999706865254994,0.996077950156208,1.00368024962861,1.0004402258288,1.00670629744253,1.00814090125286,1.00313581594646,0.999909080402991,1.0059649064114,1.00684657515176,1.00659041637794,0.99985660809666,1.00218526467874,0.998064962093233,1.00378931336276,0.995647575426034,0.983834552844829,0.989864514759908,1.0009232841504,0.985717013069448,0.9881799651285,0.987015164838147,0.989459905715393,0.990161343093368,1.00190575016729,0.999241947883757,1.00020348756464,1.00438347038338,0.99703985908339,1.0026942078052,1.00205353359303,0.992985141502646,0.994519731662758,0.998057949125687,0.992047675526142,0.990800463532734,0.981352506369325,0.994485379343524
0.415192752610556,0.594532231019641,0.733589376067418,0.814088799637171,0.871420912440842,0.931794027304262,0.935274267300971,0.9744598688149,0.975271691589776,0.976570267813088,0.97843558919366,0.992669744067823,0.988909419008525,0.986966818226956,0.999757629191815,1.00411915586189,1.00291967819123,0.981784161872659,0.987221874175008,0.981658593658466,0.979496554972469,0.998723382375234,0.994120676135206,1.00073405348899,0.993224187056707,0.994378445660249,1.00189475579639,1.00299596794845,0.998235177491167,0.979576428103869,0.991610332281463,1.00482608085492,1.00074864943015,0.995641664209098,0.99450973442566,1.0137531520817,0.999986820221598,0.997699721299807,0.997923914334995,1.00238978457543,1.00537728059477,1.00553510057355,1.01002959247049,1.01152019441963,0.999982983968087,1.00825137755119,1.00801377383472,1.00510727691451,1.00365223548591,1.00145653222293,1.0031607583664,1.00182196935899,0.993734948847474,0.98329524417908,0.994303715910864,0.999465506724606,0.996813899580049,1.0007591650055,0.993474771212728,0.994686227808228,0.985832356039117,1.00387637396046,1.00202359131427,0.99331732510915,0.993138760613379,0.994938274303549,1.00083178305475,1.00423021784423,1.0011317158326,1.00119522949914,0.995575281066125,0.996666389705929,1.00064522363184,1.0025189256333,0.993223132183842,0.997331498073491,0.995095118757302,0.9839122023204,0.989834371800815,0.999751320028746,0.99919383085723,0.993492859638932,0.990576975709657,0.988244705837179,0.994154944368729,0.992641571259275,0.996444109137701,1.0003583790876,0.993398027641301,0.999397265968201,1.00541379897011,1.00359638663942,1.00606139152665,1.0053554965787,1.00909216874295,1.00453290150616,1.00696662927753,1.00533167807934,1.00618364841363,1.00308416735053
0.375649155715584,0.580271858489357,0.696966765675786,0.789870384825622,0.856065864846925,0.891312978955279,0.90856241635517,0.937226412964878,0.938527873728371,0.953434253125706,0.957737136479654,0.964845910212163,0.978132403101761,0.983957353702794,0.97827268868329,0.997590156360494,0.988408847844457,0.986048581278336,0.996606710859193,0.98760924368474,0.999115528450465,0.988005781420703,0.990929910757253,0.988356798115989,0.985086690461136,0.965383372238526,0.977586119389696,0.97704744759933,0.978283787471913,0.97592080183732,0.997345921952203,1.00067662692359,1.00210722827357,0.994318916903993,0.996545768847274,1.00054042584091,0.986310789730851,0.986399923848469,0.988747060238031,0.994853086767437,0.988893527058965,0.982271434664358,0.98434325790654,0.995575281856216,0.975011537492649,0.989673848280438,1.00565498890401,1.00132867889539,0.988620361036187,0.988063401191638,1.00080592753653,0.982048574492179,0.995652605321164,0.985644282435873,0.992712533202205,0.994688287737379,0.997921884883605,0.998192441976812,0.992699969765398,0.99537266026083,0.985533565091507,1.00164458434423,1.00763008755735,1.00266303006474,1.00212219912489,1.00105682385633,0.99157905370688,1.00077892495101,1.0088633267369,1.00474882603622,0.994343648014083,0.9858774902741,1.00531573692685,1.00083524016505,0.98660049521603,0.994029258491516,0.997522616607466,0.99379456876818,0.999204637171466,0.987747054009201,0.987556511612491,0.986437864027486,0.991786171219576,0.991708157328429,0.986753126768033,1.00013962907676,0.990153475689639,0.989221139280017,0.987444568404253,0.98293470070047,0.986983039650947,0.991128044040615,0.995972037292798,1.00069467527409,1.00085533567745,0.998216328833327,1.00872011853605,1.00076523265396,1.00385615271073,0.993732003864861
0.278727174982322,0.483752507426563,0.596373685240024,0.718586595561805,0.801458145458836,0.834227660124614,0.870094276101126,0.873604375493434,0.913896533659814,0.921019385873467,0.923892430339601,0.936395143016242,0.93649019609954,0.957144731135584,0.972071537542655,0.978896988139532,0.965273012596194,0.974559856875208,0.984104964085845,0.965034189083045,0.981103713910965,0.970137812314496,0.979364708227463,0.985008469871735,0.982029959683514,0.982399860829433,0.992225710333409,1.00248847698157,0.99303611515671,0.996724381451323,1.0064539123481,1.00090585991963,1.00444038815823,0.992404272650678,1.00074879265807,0.97673744057636,0.989610385995273,0.991353930971375,0.983850890755464,0.977985829974745,0.980760480109225,0.992365677265753,0.99836249963348,0.998850969620692,0.99674758470581,0.993732763981026,0.985209010753307,0.995765111710914,0.991569178155898,1.00187277539533,0.99621335557894,0.990915317951253,1.00115344742293,1.00477456708033,1.00883837505373,1.01375606331868,1.00927783170428,1.00246617695537,0.993346841725879,1.00057264383112,1.00603041226159,1.00259849029083,1.00109225352605,1.00605908243565,1.00952503453627,1.0108111986266,1.00854647851887,1.00841143770374,1.0023835351827,1.00299641844696,1.01610167309686,1.01622447317701,1.00336614279739,1.00559473061593,1.0044847184938,1.01197104281303,1.01051303265219,1.00717416064456,1.00262425334997,1.00211709850961,0.994134889890178,1.00187144125648,1.01400105861943,1.00804612709924,1.00463271842331,1.00240299715571,1.00268618922786,1.00151697425998,1.00016352011124,1.00145618450943,0.999950130048824,1.00458806034548,1.00183810426889,1.00356243610206,0.990623639259502,0.994805762446628,1.00071270954204,1.00446414770158,1.00263827121926,1.00254614350525
0.207338766956263,0.399585344120366,0.521884468611244,0.670898642577232,0.760389989179462,0.819911506108638,0.85649810563037,0.875206331350935,0.915779354482135,0.936897527475586,0.918458776568374,0.942333373354306,0.991006053779937,1.00068660141458,0.980614271040127,0.976935967119115,0.973145024416536,1.0018623836881,0.994557442424848,0.979871134602085,0.995427956668808,0.976117245905708,0.964200901176186,0.982756610760742,0.980119615276733,0.995849795133989,0.990558032787745,0.993935861837466,0.990997364453349,0.986122094310407,1.01130328350246,1.00097686942886,0.999673884463541,0.9997099964385,1.00151057759834,0.990477431475413,0.979301186544691,0.996785904548872,1.00920294797138,1.0023769378874,0.990570075172848,0.977670719064871,0.978217117972485,0.980399972548314,0.969388646262926,0.932075362513938,0.942633728601116,0.969387409808503,0.977107326451959,0.999429049201491,0.999970555647085,1.00337043557996,1.01702497395526,1.01570837557914,1.01382858587182,1.01626838367765,1.01877492790354,1.0110921824237,1.00848523838442,1.01731498589423,1.01815147955729,0.993922133638235,0.975544127179105,0.975828692908392,0.973315671476079,1.01249810129882,1.02222084375699,1.01886497630628,1.0115512269082,1.00194129766937,1.01106613038497,0.995574274311528,1.0206047772069,1.00741088483263,1.01355569301518,1.01323803513833,1.0075402136204,1.01333894204171,0.997752560747363,0.990070204887595,0.986974994855343,0.989264309735527,1.01361182721451,1.01708031709161,1.0035972803239,1.0123801253932,1.00205125013547,1.00349080865308,1.00326689160555,0.999823815690837,0.997146109874679,0.99198374106032,0.998548259810197,1.01852056717472,1.01164310206348,1.01660879380755,1.02030767120293,1.02021240581836,1.01671178469114,1.01490841609897
0.25287910581728,0.384089827012113,0.525381850577319,0.671423728519775,0.70959815827378,0.781698654535596,0.772373315949173,0.809388608006512,0.856596185638397,0.880356045955095,0.891227258245019,0.909884981674059,0.961041178834239,0.97399435204482,0.96593252803816,0.974442540037592,0.981092422493581,0.993142038112569,0.984797633841384,0.971994126744449,0.989599050833456,0.99630594825639,0.985677204239835,0.975088876669351,0.991637283853129,0.988940231879258,0.976881269531393,0.975945985407699,0.983177497854159,0.975988473927213,0.984497422515208,0.968473878741679,0.973918072374478,0.995580576246052,1.00213897592911,0.979768649317775,0.994430622474366,0.994038951691621,1.00611649815335,1.01321074664776,1.01264989022301,0.993705627060049,0.989910159814881,0.991711581794918,0.966707444357447,0.963636916946012,0.969863240090712,0.991283054978465,0.986489048508249,0.999229661860147,1.01082740042539,1.00927255880697,1.01266591969307,1.00981796135822,1.00387692209858,1.01030292025026,1.02076785839068,1.01767796375523,1.02041854982327,1.01024026284994,1.01520965552272,0.984949241636394,0.97900415612659,0.984766023441887,0.974100556334198,1.01521726795836,1.00797134108226,1.01497031276569,1.00688096003612,0.985861817964801,0.982971047344703,0.968045625574757,1.00107769811392,0.985699795912914,1.00685250501151,1.00760036681834,1.00477369864262,1.00847370646753,0.996068147723868,0.983301256953572,0.976657536467767,0.987696984768344,1.00744171894678,1.014739547885,1.00755264098368,1.0166138734358,1.00622327245763,1.01063044364618,1.01828882246508,1.01008379983275,1.0080104159479,1.0000282100259,1.0049306032996,1.01433959821871,1.00742506478869,1.01005734109993,1.01509938120372,1.00912784751194,1.00479498824493,1.01165045270122
0.319287885878927,0.458768206323595,0.587346419165985,0.769536333569504,0.754892658794381,0.803458573694041,0.835202925789819,0.834031363685914,0.876888780276205,0.908355692209537,0.901516656267614,0.916017675192844,0.971727563822297,0.982927207679592,0.983634212958558,0.996494707300481,0.988677777313484,0.990914594801311,0.962255831434932,0.960953521037979,0.965370271899265,0.997832685890782,0.977905385440585,0.982054175833447,0.996449593973994,0.987194006454696,0.983718116782767,0.971876065704837,0.974117504962482,0.983051568192924,0.98334866488072,0.96917457410598,0.991083666028616,1.0093551943201,1.02045959994617,0.994371029438143,1.02122802067502,0.991946937803006,1.01341684621918,1.01185752532321,1.0049806605936,1.01994210806788,1.0181969209176,1.01213949791875,0.994475546432786,1.00773317507454,1.00170277703313,1.01191555890568,0.991689701146276,0.992780159302017,1.01759463735302,0.995606283666608,1.01210547273385,0.995078285936042,0.978577348012044,1.0035877064056,1.00155412961678,0.985345610784485,0.969634380817392,0.987211005640295,1.00670461648487,0.993123696668706,0.976207419843373,0.968587494946756,0.977815950674229,1.01625740177155,1.01009865048733,1.0160648334136,1.01756053463984,1.01764365530794,0.999208321325389,0.995195258698326,0.995755188700739,0.995685678272335,1.00844403888077,1.01066812689914,1.0108962878625,1.00838667085285,1.01013908759351,1.01266600986992,0.995096235727415,1.00387541498644,1.00318865426994,1.00312761871241,1.01180115898902,1.01401329934969,1.00478422290993,1.01113974388706,1.0036924198228,0.996752205066151,0.973461382680955,0.992670017163595,1.00779170785553,0.990801163931584,0.998846502806852,1.01127044398292,1.01066155491986,1.01055254021768,1.01452580718691,1.02232087239673
0.333094726408516,0.426051928727907,0.543232806326768,0.681916109187414,0.707974740632575,0.748721553293666,0.77133631574934,0.824682370460363,0.864305073582971,0.868479124603433,0.878929000308012,0.908613294788701,0.931558237091827,0.935890466377718,0.91696226835398,0.957359784490248,0.944052771032963,0.960444701410569,0.938253149809578,0.941308237636601,0.963205130950212,0.96803195589408,0.974747112416021,0.954497283719859,0.9577483075435,0.964991384528874,0.973346061010305,0.966504737286536,0.963027642408077,0.949263230339021,0.940050748182693,0.957534244497222,0.986586155618878,0.998102565019029,0.993964384761363,0.986161445405912,0.999917252606143,0.976198246990103,0.97362265970121,0.983221981423945,0.976959635115076,0.962736078062951,0.952527118470091,0.970267332662423,0.974355700856868,0.981167647353446,0.996781174163088,0.97752473330611,0.970690567872206,0.987328707345539,1.00571746317141,0.980425647599579,0.987799574550727,1.0058810784123,1.00795787106643,1.01578682107705,1.00901402194769,0.990176797397839,0.97486713336095,0.987337524546412,1.00708705262071,1.00862142225677,1.0008584822149,0.994007514446355,1.00130992435646,0.99292930446142,0.997119126694029,0.997419730487965,1.00008686457926,1.00142899984604,0.994257401969172,0.992734430715639,0.992162385115116,0.996961278635783,1.00680659045238,1.01444703882667,1.00756723996081,0.997373400481242,0.997752987393285,0.992625895654382,0.986963754651971,0.996393571570585,0.994694715106311,1.0066135443292,1.00852488732684,1.00188988099706,1.00925830994813,0.999822440414259,0.993935635662199,0.997646038350885,0.98026876483237,0.995835544126297,1.00423829501831,0.989579717340639,1.00306265283668,1.00676074476432,1.00627187858028,1.00703376628908,1.009605667808,1.01634683677165
0.732263605257268,0.825507280835858,0.892246206561694,0.90737945032576,0.950072881099072,0.93722212491765,0.965513929473341,0.973910060699439,0.96604401960751,0.985063359519255,0.993111658133774,1.00105820748277,1.0001206064876,1.00100744720471,1.00114268230543,1.00139814261009,0.989102146161843,0.993033353988215,0.993085772788131,1.00052360382368,0.99055370674837,0.990915477139887,0.983720603589208,0.97616387913419,0.977722152885372,0.994326041317276,0.993395238078148,0.994533237466688,0.987392814120018,0.993292421219543,0.994681909745533,0.995118091299766,0.995707575931899,0.995379415781348,1.00057670029058,1.00168680925171,0.994575134977344,1.00150370375664,1.00160415980873,1.00101647339578,1.00093718984596,1.00128666495977,0.985154606080332,0.994369741371818,1.00187614866338,0.994525795759489,1.00167183622272,1.00176707419336,1.0017628055308,1.000689830694,1.00159384244961,0.994110288539961,0.995764539525497,1.00151080235982,1.00157408678714,1.00138765476675,1.00127946330024,0.995422010009232,0.98843637612798,0.994277931587874,1.00159485494809,1.00114063555643,1.00154590783075,1.00105181803385,1.00155494927851,1.00122006358893,1.00121856761192,1.00152040942838,1.00157003599049,0.994491998149437,0.98053955025,0.987337060198005,1.00017295477105,1.00167034675138,1.00150442553946,1.00177756695825,0.994334442345204,0.986560711844828,1.00028639499804,1.00117201286157,1.00134586553126,1.00156307922283,1.00138709386958,0.994981580555212,0.99300230061826,1.00153069640679,1.00169906472399,1.00104670462326,1.00139488924637,1.00014869024955,1.00117094379342,1.00029365981429,1.00125753186001,1.00142863003216,1.00146043061569,1.00167085368303,1.0017048954758,1.00183490455683,1.00179779124009,1.00153977359913
0.270587466376268,0.40091598133354,0.495518797092452,0.582314299762127,0.698556298792785,0.743717250564341,0.796533633600505,0.832993744447591,0.849057400103816,0.86396574235076,0.875413477696817,0.905489581065281,0.922822523463782,0.936332014955556,0.957297595531712,0.965161868140794,0.973819704678876,0.998455416456564,1.0057465358438,0.998320660972729,0.996864060169701,0.981426657852677,0.991206700559541,1.00499874217908,0.997834011546895,1.00025968805707,0.995871247920058,1.01429482283447,1.01656982750815,0.997504497134592,0.997717928383722,1.00805358966308,0.991575601750159,1.01887615860989,1.00694434321238,1.00225401798907,0.992767543211927,0.993897717990915,0.990100405377226,1.00516478539209,1.02140617302617,1.00209065440528,0.990130348950915,0.987462007617663,0.995982287012799,1.002766578202,1.02057343472791,1.02431043303325,1.02386918215375,1.02277856453332,1.02196436979865,1.00118984646043,1.01231745400178,0.987824539265254,1.0107201965332,1.01470786396845,1.00528070511526,1.01309300081905,1.01304781034707,1.02336550944785,1.02658816692235,1.02724094732394,1.00907342521936,1.01166067288617,1.01115669705876,1.01339605283921,1.0156430789292,1.0101355149992,1.02133747445853,1.01048101634282,1.00704642696339,0.99713362678389,0.997794591510085,1.00562137254012,1.00612247329647,1.00625114629496,1.01383368718703,1.01405875189777,1.0000724449949,1.00720808115369,0.992067779487677,1.00945312828386,1.00429372178166,1.01307523385574,1.01460301564768,1.00258703883903,1.00351096652141,1.00228730580036,1.01814626666053,1.00978858540427,1.00070508527012,0.988781992085746,1.00988940534315,1.0024742531006,1.02260862294453,1.01720872194702,1.01607256320484,1.01396918289809,1.02270076603636,1.01363521955527
0.337738701537976,0.53235754514743,0.658651264295279,0.768057319247003,0.836614952407333,0.887770568149896,0.926248923136425,0.953471222386773,0.963735950482312,0.976682827493995,0.99878469232339,1.00892344977899,1.00523079791358,1.00881997240069,1.00351748415808,1.00679940210072,1.00477920170256,1.02054213250913,1.00877690640684,1.01062861372645,1.00124520449444,1.00734514448016,1.00391739483646,1.00221195684468,1.00164035925002,0.996474744438217,0.985340158717602,0.989626036278203,0.999951586839541,0.998810081768519,1.00481490162854,0.99382439135874,0.996754180281718,0.992283175652823,0.984288191246638,0.988872004078034,0.996580703321877,1.00071474561047,0.983732764934621,0.987154235338665,0.99544063925212,0.995183599243107,0.994842285608656,0.991908584017091,1.00112074327396,1.00470115574812,1.00272737871742,0.996703676294012,0.988812593525039,0.987890666081069,1.00272633007445,0.997912907739574,1.00621611433743,1.01316135557736,1.01464550876186,1.00033257637096,1.00481142127265,1.00299075583023,1.00445767808812,1.00492011559469,1.00536679536715,0.994019597295029,0.987065726978976,0.991499824563035,0.996091801444352,1.0031519858308,1.00457072956949,1.00001140916555,1.00588328412913,0.995928124156229,0.998726184583919,0.99710166663748,1.00744857564151,1.00351303564789,1.01140470504133,1.00704750740811,0.997234493591672,0.995262685217152,0.998178125662252,0.995051240066594,0.980804029426197,0.969632406934133,0.985499559153528,0.9831549621364,0.983428487372402,0.992997978220056,0.991224901752196,0.996438174091379,1.0014734062338,0.997374926497461,1.0012772385147,0.997209855726443,1.00821237063056,1.02009358578887,1.01989010628407,1.01863466040495,1.01213602323095,1.01309430994112,1.01159508210593,0.996007197754573
0.38447315709176,0.589960251993246,0.699102581906923,0.798266343110226,0.852370805621409,0.910208116144104,0.949474919156914,0.971504266297814,0.977964981169673,0.998034571607333,0.984741941671854,0.983572321311172,0.983149972201467,1.00051613186548,1.00275278088213,0.998426305098927,1.00499722997202,1.01109036595673,0.996898742582111,1.00401459846718,1.00321564199979,1.01011548768362,0.993637175370296,0.998298684132507,1.00903973223361,1.01267616277059,0.9944374591967,0.978850694852488,0.984793322369894,0.992892967876159,1.00650550738141,1.0032903875383,0.998762879324015,0.993990606207335,0.986205670978207,1.00278618667002,0.998590779655604,0.997115014529438,0.980915306476407,0.992552532724812,0.989085656570886,0.991211855749145,0.997842927785292,0.998184086747073,0.998011180711838,1.00213716690934,1.00812136748993,1.01111333311822,0.992138692793539,0.9865977817459,0.996543912942467,0.993801830604767,0.999774365380511,1.00282241077393,1.01167519159665,0.991850624088219,0.985288759960429,1.00036370732494,1.00402229250402,1.00185249750751,1.01367255634737,1.01391877711969,1.01193980912499,1.00414407291727,1.00181993896883,0.999912844367509,0.988387409169623,0.994684672489743,0.999256503460039,0.986196695739301,0.999864847751749,1.00146819559671,0.993574000740637,0.995280201573296,0.993225082781532,0.978435843968215,0.983908401260422,0.987982279683752,0.997453405449723,0.992513337561297,1.00307488125881,0.99717945642069,0.99586339117408,1.01002870162176,1.00165879804088,1.00211503954807,1.00573834830369,1.00751469111874,1.00500809434476,1.00395955258471,1.0103185607154,0.998953420776066,0.99062350993182,0.991391934430075,0.987413048708095,0.985863780928011,1.00047004482109,0.991807696434394,0.986332394709519,0.986509176308214
0.359471190106381,0.586381010803363,0.721218937488245,0.815313807383903,0.881251544299977,0.943987397851335,0.9541354687822,0.962651034968281,0.961597396726673,0.982305524300347,0.982212654135059,0.984068851882926,0.989636018530369,1.00651725454436,1.00890765816675,1.00647714349374,0.991259942253083,0.988168601444433,1.00293092690989,1.01045173667086,1.01325015614565,1.00783873565205,1.00920965757801,1.00224161136875,0.999675996434967,0.991976479167642,0.994587505431907,0.999263951856183,1.00676549604852,1.00601653085077,1.00358511107868,0.995529676539824,0.997292661900002,1.00270242012086,0.988833892451995,0.98971343654998,0.996547258303054,0.987518380245055,0.983722079986465,0.985356987301039,0.98794470190127,0.999123099009768,0.996990599257754,0.999057260276115,1.00335899659333,0.999187124100948,1.00072806620414,1.00475426166778,1.00037632414636,1.01172020221579,1.00944860659144,1.00979993703932,1.00428585222977,1.00100663525731,1.00287447091134,1.00307227861546,1.0011119316496,1.00560973069028,1.00749150360733,1.00683620886364,1.00479058916167,1.00952037483891,0.997204174236796,0.998823960849563,1.00133104879312,0.997014439966307,1.00251526817202,0.995350277954275,0.996836720637034,0.9996583483827,1.00092974038411,1.00927749173013,0.998247992186564,0.998022378719041,1.00240813150202,0.995292989644297,1.00218610947314,1.00127683271899,0.99297445008589,0.984197490826998,1.00303722464453,0.991276597123852,0.987199665037636,0.987883368076205,0.988463593089509,1.00157489892641,0.992957594739979,0.983489958725092,0.992254448224605,0.991508736271062,1.00173375057041,1.00308058114863,0.994281081286586,0.994630882280342,0.998401956168325,0.99865328537338,1.00003178772591,0.997769129422309,1.0007917842369,0.982943427223983
0.334383054104035,0.540451747805456,0.710150174389662,0.826382884288671,0.882738263843799,0.922689268319503,0.942876873770945,0.97190587519831,0.984675677760713,0.990244158521472,0.994773091463317,0.996670384224484,0.98903931053921,0.985466962704695,0.999519093862046,1.00957102328754,0.997915429723001,1.00160282554925,0.998833273112648,1.00477350280702,1.00983995005784,1.01305787219881,1.01125780836142,1.00000380017801,0.983560976159371,0.990574952394283,1.00264422734374,0.987145904855591,0.989824332837813,0.985653617002993,0.991677383011507,0.975627751422725,0.96532780933298,0.982112988534383,0.978481118317552,0.983073743962946,0.977483242605632,0.989117735843983,1.00376905666051,0.97940376480219,0.981935407045134,1.00115393549144,1.00125971493912,0.994329095534204,0.988538689517605,0.993673479110363,0.995735951873572,0.992266610588227,1.0014725861748,1.00652759408384,1.00958291950345,1.01338560940769,1.00258309927101,0.999718644056418,1.00711612198107,1.00612978330401,1.01373156850032,1.007713452688,1.0045172370773,0.994903933926323,0.997564507916515,1.00327082197609,1.00555994566257,1.01469607588722,1.01610438975169,1.01348292336966,1.01051991938453,0.997846561491479,0.995284927782792,0.999042899186691,1.00272035627057,1.00646500496302,1.01254238321082,1.00701675564316,1.01614270245426,1.01306990972798,1.01552213590541,1.00661524600851,1.00516888121071,0.993173940832442,0.998453555058308,0.989763712225197,1.00900347402462,1.00944597334541,0.995776042654863,0.997700436949189,0.998789804007512,0.996321419145915,0.979891315812211,0.9722786186277,1.00321878662825,1.00082376740885,1.00944913280652,1.00981698718661,1.01472486697986,1.02010333893855,1.01058349417751,1.01119107545359,1.00901394777998,0.995702948198919
0.336554828227862,0.522885675056364,0.69087017914589,0.810801092547964,0.882968560199877,0.920386981721391,0.946751430760269,0.98686781190289,0.985863915399479,0.994317228114631,0.99562902460348,0.997915353041284,0.971005510260734,0.976242378074571,0.960305113983566,0.97500104749087,0.965870185578178,0.94307991732001,0.948094379971391,0.933491235421045,0.935981039527373,0.954292137823425,0.976895902591564,0.996629590898115,0.996481014953229,0.99240969650702,0.997211843594345,1.00706570089681,1.01056369447767,1.00794559157663,0.997905994067536,1.00353689474651,0.988815926123442,1.00040243793025,0.989094981705208,0.981759136793476,0.989825157240738,0.975421017477069,0.969807836861978,0.950797219001287,0.965147679159506,0.975046579247405,0.985504911362197,0.990490728824612,0.982645579224918,1.00123167574882,0.999358201791782,0.997024397922325,0.983618049921809,0.994375611143349,0.988521774482373,0.996369767001248,0.999588630694913,0.999737031136205,1.00500921974338,1.00162623397201,0.997734780133433,1.00308815574461,1.01020164797667,1.00413246934378,1.00095486915852,0.996111086852531,0.999338708582056,1.00283614568557,1.01680827244734,1.0021385458558,1.00313038758319,0.999232004159554,0.988794159496875,0.990319021170838,0.994378383683129,0.997395032143969,1.00550740712092,1.01505247695967,1.00584442104024,1.00854851882334,1.00700803303283,1.01343119583019,1.00772706091906,1.006951478232,1.00166769192997,0.989309911844778,1.00837571717327,1.00234436572233,1.00093981248583,0.999271545285773,1.00552617411708,1.00802259984921,1.00829805204343,1.00843957551505,1.01333727886626,1.0100346034258,1.01124652500685,1.00808747410236,1.00513864472748,1.0042281550055,1.01273610860149,1.01111373768319,0.991251523039952,1.00311682947586
0.377392584300737,0.573990830546797,0.696320729905546,0.779529962814468,0.821463077880892,0.888665545049561,0.915746906977374,0.947099114626308,0.95836495779727,0.960915950202334,0.965517699252548,0.971889796237582,0.968127555132267,0.971016963575146,0.974834350668386,0.982507112492118,0.985550403730119,0.985093462717559,0.980298049274947,0.976107511348455,0.988583342734275,0.992337863492013,0.988417955353691,0.995181747711069,0.997177778547268,1.00385956383223,1.00739192116935,0.997522680476914,0.997486406032646,1.00571675840697,1.00266520165579,1.00376151102272,1.00557682012428,1.00264080428652,0.992381700701056,0.993860297190777,0.984722677461308,0.988875095467507,0.992944809469481,1.00139376545627,1.00766224523119,1.00247103868084,1.00792795318688,1.00348979425995,1.0111984714002,1.00326714470838,1.00301828558529,1.00453123448538,0.991540162394473,1.00284629853824,0.993354058225954,1.00314999851704,1.00913555501398,1.00605958595335,0.998039112074358,1.00324064023425,1.00008988687771,1.00328102060244,0.991754029897085,0.996510430962455,0.995223984725478,0.999752305578554,0.993393037052856,1.0097662781682,1.01164827959985,1.01083890919527,0.999775504728285,0.994531420900216,1.00522007737153,0.987673906746929,0.994851960138489,0.991559623818932,1.00133203956206,1.00881151227327,0.998848802902607,1.00973160065368,0.991824541658825,1.00417356087973,0.989207668689685,0.99795918228104,1.0067439930407,0.987476786591189,0.970779558953884,0.98841750341546,0.998570749562496,1.00990767839421,1.00895535646433,1.00429233429104,1.00556303879435,0.999413161947267,0.998730239071682,0.994179594692464,0.99458003449702,1.00546851352426,1.0116838768528,0.997247438805041,1.00055655760525,0.99955294809757,0.999899009976299,1.00828435318564
0.376874103006476,0.593651111226942,0.710760783396707,0.782105667346152,0.833192050929623,0.903845246835907,0.931263647622373,0.947278360066042,0.967051106916598,0.955115110443737,0.958487385955327,0.973761069011668,0.990426996391328,0.985382282234872,0.987862025051856,0.993017279708948,0.991085067734617,0.987562808596142,0.990030351762093,0.993953510266215,0.994752064196105,0.996257229607934,0.985108260042052,0.983596060231031,0.978367088759613,0.992373362637855,0.995131662353255,0.991624705801591,0.993175599962284,0.998091936274339,0.989266047944609,0.986437304451406,0.987080844809436,0.999316390481528,0.984602579804207,0.989737845687989,0.968438840765275,0.966129392360773,0.985798730885148,0.982142418099692,0.976313564660434,0.977398781697902,0.98755456075093,0.988186628224748,0.993201158894866,0.986910595962032,0.999945312694056,0.997709274339864,0.994978402923281,0.995586943162595,0.987487479646464,0.994398172027252,1.00403604393462,1.00567957372246,0.985394876094318,0.977295596085382,0.978525899603715,0.981443530464553,0.978712160171984,0.983009004519842,0.97233181228319,0.996907198504628,0.987185142514654,0.998915985754252,1.00387258844965,1.00560549490415,0.990761812148571,0.993526962821769,1.00040821085336,0.990971764803102,0.993091827080409,0.984767734080728,0.99192971696721,0.99093067518655,0.985558174216279,0.997745668898047,0.983706030218754,0.983942303684891,0.989361329649737,1.00509793040898,0.996357317438793,0.97828436171648,0.949505521207169,0.972854679595491,1.00580115507571,0.997308309235824,0.997614415814548,0.985315140218559,1.00237546633422,1.00038155177829,0.987321007769336,0.988791040173003,0.991838444861887,0.997614107279704,1.00982411427426,0.990295378884576,0.986480419845531,0.995331669568074,1.00189465574873,1.00478798237971
0.341241567769451,0.484261219094954,0.612610427069608,0.667756166177531,0.803757116164539,0.8538420573639,0.883389124527612,0.934318761299919,0.945923968132182,0.945189216085223,0.941359956067791,0.975991746340949,0.976927759758458,0.99636237271503,0.99301590876737,0.968046803431093,0.984361729963994,0.970569550538987,0.947241332272454,0.948276358109078,0.952584787439133,0.961317968013095,0.955365463391189,0.972782452824256,0.977779881729108,0.986868675873605,0.988119920544797,0.992807045312732,0.978059608705737,0.993772470084238,0.996548078590691,0.983507034370994,0.995266998860764,0.978674585656369,0.989604154651016,0.984279056090252,0.981300887211869,0.975852089007725,0.962716437299379,0.967747535969614,0.965407313871423,0.96899790039069,0.957928244801008,0.988673047666052,0.993770718067893,0.982695082038128,0.991584013648561,1.00498189166098,1.01585388165608,0.993207160262097,1.00016456995305,0.954538407442529,0.982407595420779,0.999045101019915,0.989317398200707,1.0044947375609,1.00334348766437,0.980989284808527,0.981578793789167,0.994643904238911,0.989844311649915,0.996593119598832,1.00812590459026,1.00792145463811,1.01634636670405,1.02025709837862,1.01072871587614,1.0054933186556,0.999907974804059,1.00112121573464,1.02497273442011,1.00899445670114,1.00528115964707,1.02301316429103,0.995768843294555,0.995768168518446,1.01149340238277,1.00225602070605,1.00549220077686,0.993553624169543,0.994817624632439,0.982560283588159,1.00013783302565,0.998484038608127,1.00406838435816,1.00372235861261,1.01393419772828,0.988325925830895,0.990635591265521,0.986800220490324,0.991976021785223,1.00656544015379,1.01668575220013,1.00115529411312,1.01412291109346,1.01638865063195,1.00785282744592,0.995154982645993,1.00919051092164,1.01509512785721
0.38588647189552,0.566466475986603,0.672787799423069,0.742437153135793,0.853624865507126,0.891183868077355,0.936621261208195,0.952864358664414,0.969359354797891,0.981850306044048,0.979489244380418,0.981621592769681,0.973980065485989,0.980573122922483,0.979675554601468,0.964423565582717,0.955395107375889,0.963989596403443,0.963447252463431,0.959689188173945,0.97506743339833,0.978327312974796,0.966512047387896,0.988035251600838,1.0006419888422,0.994790792162941,1.00164067503609,0.997573101301511,1.00070795220076,1.00930865469991,1.00042061578777,0.988243015873517,0.987084170043742,0.978091284828473,0.977190588028266,0.979998805569709,0.980909548575446,0.974900133955281,0.980478886710477,0.991888206303141,0.994627638383235,0.992422644019642,0.983479605518894,0.98586231427741,0.977815837573208,0.969004827667751,0.973748574718545,0.96929401688242,0.970815927846527,0.963253365867013,0.968648614344342,0.957166653174155,0.962986863462532,0.994861274101235,1.00700482933535,1.00767417169422,1.00971004028765,1.00951207338114,1.01786046560059,1.01145278962338,1.01063766133846,0.999179923083289,0.989759274090632,0.999579383687097,1.00230513548493,1.0007272155904,1.00961417970991,0.994695790557012,0.993062879538612,0.992237391300545,0.995933184821286,0.995479924351372,0.990877250859365,1.00681360200055,0.997601209747332,1.00209095206058,1.01196465550188,1.00045526809698,0.995856041023431,0.997131915135237,0.978830890182234,0.980031152763486,0.989558724404351,0.988313697797084,0.996493217687046,0.989682795073725,1.00872092778136,1.00605839188656,1.00835797072512,1.00223120207378,1.0037253862264,1.01460002812011,0.996821076906825,0.997946734692555,1.00389487228829,1.01073416585844,1.00318484431345,1.0022215551543,1.00380480881841,1.00537809502625
0.362032023775928,0.590199415343664,0.714513102730563,0.781802212596142,0.861156969251982,0.901420092857668,0.949287869509446,0.960726102489638,0.967935378208288,0.978031824745039,0.995031549215235,0.99876444483006,0.990634080732468,0.986441301426519,1.00262861914713,0.997746592313601,1.00358419325697,0.9910829021259,1.00198430914596,0.994839610138873,1.01016858269904,1.00613089844092,0.996709567169715,1.00500098012715,1.00940830919033,1.00420298460535,1.00690589068206,1.00068002214746,1.01333160167547,1.00882394832277,1.00940633336155,1.00123683306067,0.997820916309623,0.983640640470081,0.984535634909108,0.989287191079446,0.994383100595354,0.998445554450263,0.991377610615688,0.994731178727098,1.0054683589545,0.99170137946743,0.986912050577195,0.99320280472995,1.00025805300853,0.999362257836402,1.00500654938232,0.988726627070334,0.979432918981201,0.989689155723699,0.979443440591857,0.994696097994485,0.993922244162443,1.00388660321438,1.00454606259017,1.00687556215135,1.01089422368678,1.00964348125624,1.00807647412694,1.00398649537919,1.00499481152067,1.01210901375819,1.00451868576349,0.998304740734705,0.991967932301855,0.995323445203781,0.997871557000238,0.987339404201751,0.996698688648221,0.996527873269956,0.994771793984793,1.00366340810313,1.00576472262109,0.991675355464699,0.992367031838026,1.00304664441342,1.01402897534558,1.01300193928914,1.00208513453558,1.0044803868754,1.00113416625935,1.00609591078334,1.00396298987733,0.993984313561866,0.98197801633046,0.980315497254813,0.988643792798602,0.981146961074913,0.987170195987276,0.975121336771331,0.976585578248149,0.992916731581388,0.988392144098918,0.986170433392722,1.00021142923955,0.991456086953312,1.00316183478399,0.988638959376515,1.00007553692228,1.01622313914136
0.411242801881598,0.601846052813643,0.749163140196638,0.79709813345018,0.854273144722828,0.91255829578402,0.940364383168845,0.95750550589239,0.952906627939309,0.949311702015647,0.96453792331781,0.980886096309242,0.98526143170916,0.984927921161102,0.985931006344868,0.987678338484132,0.993393566488441,0.991056040590509,0.995547897854208,0.986376659848594,0.986005358146278,1.00360225498116,0.999465758028757,1.01461815286653,1.00463232455855,1.00205388714201,1.00549854511756,1.00026570099301,1.01141686980128,0.996193860107548,1.00471592445921,0.992984943367585,0.998559917013303,0.976189428764265,0.98432222620694,1.0050883640648,1.00563622759881,1.00138626424249,0.99760471713431,1.0074454708019,1.00791863787366,1.00312688941368,1.00865101163205,0.992383873672727,0.994450811452214,0.99608099776606,1.0064211191828,0.999303285740543,0.996789363509404,0.998185174875505,0.988871599597113,1.0046595530046,0.997842415347035,1.01610725922929,1.0109860444235,1.02382099390212,1.01916989620376,1.00836988947606,1.0026398992384,0.994305863324963,1.00446957608402,1.00014203463916,1.01151108316583,1.00434941354621,1.0040084595354,1.01302241984004,1.0051042997633,0.991266007380249,1.00485189831654,0.99366259461611,0.989518409005005,0.996444363777382,1.00381909353916,0.99828005064067,0.99093513193469,1.00192641849554,1.00163808301744,1.0149872469263,0.991134746006414,1.00576086991256,0.996720838235088,1.01845351106995,1.02228321449074,1.01152249896666,1.00212709821407,0.996906118808352,0.988987814398323,0.989168341038685,0.992944609752617,0.9925305009096,0.999532254162873,0.995884089630428,0.982103677862134,0.998274243657137,1.00186237418435,0.99585684125992,0.994767445833415,0.991115376387832,1.00223149213589,1.01075873323313
0.371835336418211,0.578124126095774,0.729474798304173,0.814703207498932,0.841685404953464,0.883661177588544,0.939833353359043,0.946168955529847,0.957849888739705,0.979217990345173,0.971613386836912,0.972634944468948,0.982015659228375,0.986578377050747,0.979534935305476,0.989114407483645,0.995417952737775,0.988212952075137,0.983473790103708,0.983897794934994,0.986035569963626,0.989680404676684,0.992714978187885,0.996401067993017,1.00177252841745,0.995329503033147,0.995839192090965,1.01208166941218,0.990383450569214,0.981746534472791,1.00025768760285,1.00784646416603,1.01274530908413,1.01754337857022,1.00975966169338,1.01250706670991,1.00265768751357,0.987263496974189,0.993965631445407,1.00135739464467,1.00008679410549,1.00519712561261,1.0073755284242,1.00023583141787,1.00807505090281,0.995012369813008,0.991995110980035,0.991947239467989,0.976463456695129,0.981582468798146,0.975464865531565,0.981749931012249,0.994886211703452,1.00337970926899,0.999194046602972,0.999987693409466,1.00188936843711,1.0080258453216,0.986075294372711,1.00192234387735,0.993579723720032,0.995716001722958,0.996846160982634,1.00747624137571,0.987892346096795,0.989900077649071,0.990285117221249,0.994292295552681,1.00800958139472,1.01618064709504,1.01366046972796,1.01054171502956,1.01002598039846,1.00497959875282,1.01022353922797,1.00815861733567,1.01614436988452,1.0081558230654,1.00075933076966,0.98502364606013,0.98914141860559,1.01099252187168,1.01223997411917,1.01321559171578,1.01636830340606,1.00076250678982,0.996509708358578,0.999023380798679,0.986733722107093,0.994798419285214,0.992012997192547,0.990760005751774,0.997680936643225,0.989759685387457,0.99533553639322,0.992464961341046,1.00244343760353,0.999309948406887,1.00510719588546,1.00344594801139
0.347879746928444,0.548888195993841,0.689422535801046,0.780987651545397,0.867885311029218,0.931473443299156,0.965635493428235,0.967374312279225,0.979499465168626,0.992282610651354,0.98715563656595,0.995598599763602,0.99824833627375,0.997426042906472,0.995667546879383,0.99671012769768,1.00340708743432,0.996547968919511,0.986360407781911,0.986829288646435,0.984890299882293,0.985354780887201,0.989926258703458,0.985807496374529,0.980513808934583,0.990496185299323,0.993018568712799,0.997124420229338,1.00209369576172,1.00337225895582,0.999194101672892,1.00682130408229,1.01279791957944,1.00618782669823,1.00747121276674,1.01235719308318,1.00741515101007,1.00735694576945,1.00645939806199,1.00216650852509,0.995838246543446,1.00425594150661,0.997907710505897,0.992171391436104,0.993142298619911,0.996625724043396,0.989804983368389,0.987462565963485,0.983839378139455,0.990077370674496,0.988859191002726,0.999169648685874,0.991832296699495,0.997729751030503,0.994428590206928,0.9903356722521,0.999038948899561,0.997924915289312,0.993242440588985,0.991285178268513,1.00122396137941,0.996387858159479,1.00339344216497,1.00517466513868,1.00202026670996,0.996241767884896,1.0013579899907,0.999587554059521,1.00094172457424,1.0057704858937,0.993188521713938,1.00026388144349,1.00426406130357,1.00175743229232,0.994719666511997,0.999719946783106,1.00339763782912,1.0035440256609,1.00001017237666,1.0046146639796,1.00355269658965,0.998490148244912,0.997846115162632,0.991605734760722,0.991945260970422,0.985667364876986,0.987698815069429,0.9877931330595,0.989205514155313,0.98911542030304,0.991963370098093,0.988148198361854,0.995897001645118,0.99102191228399,0.990949169416698,0.985825245865839,0.983035482413498,0.995038788052379,0.998265848243382,0.989317856002384
0.726877778114232,0.878570936033241,0.940296848291389,0.940426465959575,0.976177497662843,0.965446271322065,0.991915971765819,0.981722527035189,0.979754153415171,0.992518606172887,0.972182327676045,0.969200598604915,0.982907674047179,0.978885617469945,0.989780365183191,0.993059870359063,0.977743273803992,0.998114991564677,0.984466698015066,0.983042247517818,0.962265517372653,0.958459124142857,0.97685629097186,0.97476121311547,0.985349923180333,1.00149794970562,0.961816331939839,0.963360247430262,0.98858825931491,1.00460523319858,0.993440659029242,0.997616988630997,0.996138457510121,1.00363930230558,1.00474643328657,0.983036758845366,1.00010912665768,1.00915377843288,1.00874422882012,0.988674730115444,1.00255663484343,0.997209687416959,1.01140394032226,0.995473349882705,0.997348561656627,0.98676258727144,0.964023820471261,0.990624589711236,0.992216360170225,0.967625530224706,0.947036209135403,0.985277955252604,0.989444490876387,0.980119975472923,1.00845440235515,0.998035201801571,1.00106348928166,0.990132238208117,1.00215675645478,0.95970174023099,0.997506360546827,0.986883515445621,1.0103552308147,0.999550232157943,0.978915010151597,0.997448539224788,0.974075282254355,0.968553362870405,0.973402426437217,0.973297676924577,1.0012728241043,0.986970764071623,0.978588592570264,0.988527237602762,0.987224353949905,0.994053311726396,0.98109955679569,0.965471687483225,0.961719886321646,0.996625416174378,0.994268908136021,0.995293540697979,1.00336366341251,1.00261484198747,0.979110423785705,0.999097361465432,0.974242144813739,0.998973526469715,0.968194510901858,0.993813106166328,0.994684329590634,1.0033367739763,0.968448654465845,0.978280514063941,0.984652250280159,0.994182735081209,1.03360284588481,0.984610195611646,0.980555340566113,0.995529621797165
0.556958122347758,0.815998071019204,0.922582465015257,0.869935675300427,0.907288495919196,0.883045779916515,0.941614286995709,0.908117608180475,0.890399747001222,0.9452456437065,0.945133327467284,0.930533043387163,0.946546129846638,0.962231844406941,0.968026655756811,0.965859626242099,0.913177322980412,0.948264780250193,0.934013306732913,0.972735256267507,0.90096143982319,0.924410364642915,0.929423737204114,0.916140777378903,0.932832170268479,0.93383061916478,0.876046890579086,0.877821563624805,0.927620256078264,0.964887434314409,0.971856818203038,0.994064335765706,0.98064542507546,0.949163341244402,0.973126593013195,0.947129544119162,0.937968779270744,0.934424187244106,0.959089672683885,0.909804414979351,0.901196232068513,0.857858820095901,0.921166149505057,0.943688906692354,0.979397751672307,0.983268781065705,0.955599226777046,0.953405204239534,0.974955535506862,0.918181452083133,0.856170994774403,0.90887811381889,0.917481376373138,0.885245154779276,0.98525642819818,0.90722485326065,0.964027660598665,0.891024296178206,0.937866186752676,0.899042587665895,0.942530681606446,0.943348576029598,1.00977233152376,0.990798588025081,0.904396102657538,0.955761458544766,0.955188911522853,0.937811918751652,0.943501947707245,1.00477681934387,1.00439045886351,0.947586372747221,0.919126585784757,0.93007977833274,0.915143035369951,0.965158650855449,0.928404619372838,0.94036264130893,0.8658626944047,0.931393264645771,0.939512201643709,0.952706452025075,0.989001383532541,1.05605784282866,0.937922341984501,1.01188672914597,0.916376463607341,0.997634675736398,0.975547724678082,1.00154726129849,1.03107558257497,1.04329271537145,0.877678637952587,0.970124192928706,0.952846960673738,0.972149383962937,1.03785007098144,0.955780847303077,0.94338033213668,0.968273322949786
0.265280486608195,0.406802583446227,0.505483193256993,0.669356941179148,0.716314986449876,0.766710917051593,0.781180687164616,0.833970238770975,0.862409552641239,0.872099831294264,0.87087834494766,0.898622544297435,0.933179904727272,0.946193764279556,0.92072795312846,0.962893491219363,0.938780577584393,0.956695297403535,0.937063843582172,0.939847547764429,0.962692197737881,0.965037861165054,0.968219789288757,0.943439714193338,0.94904348669273,0.96465842917783,0.971407337350926,0.963153553599389,0.959265379369214,0.959087257319172,0.946601337195005,0.951939727672545,0.979441488901345,0.995073049224946,0.993149194133307,0.985064911689793,0.997410671873387,0.974277460054843,0.974541596738773,0.973009373771222,0.964286632708073,0.962822013624058,0.956850878660209,0.969011143881238,0.97082190604349,0.978655138391615,0.997330174167968,0.975655293921741,0.972207329580374,0.989635379498774,1.00690630196296,0.97875252369758,0.988866767608394,1.00599132684921,1.00902811012596,1.01649127797752,1.01136614105215,0.99277641668002,0.981464686916081,0.988915908762214,1.00990450278023,1.01077070353518,1.00458894917012,0.993385260804837,1.00335456261339,0.995928680231764,0.999923640948108,0.991629765533632,0.992843597435114,0.991338342276054,0.992895872132182,0.988472138663381,0.991686370634974,0.990620952095838,1.00683371174699,1.01628214227432,1.00744280646404,0.998486545639488,0.996925953833766,0.999431539395817,0.997787284140071,1.00230764176303,0.997889653203294,0.999908284579914,1.00321097029185,1.00539029533834,1.01249485977911,1.00156456226784,0.993418210895749,0.998166650267308,0.981584839109411,0.995465633178003,1.00484263487563,0.991210378244259,1.00587483825437,1.00855213168525,1.00783158955331,1.00919580471782,1.01125453922813,1.01934842513272
0.33449027375775,0.505340987928448,0.561060979443171,0.678408127965869,0.755726947244695,0.782305369397237,0.776857691161623,0.841240009720394,0.860421330082071,0.861523859644456,0.872618575094576,0.915846696097483,0.949885664471775,0.950802716442185,0.925300256995993,0.965114259298383,0.942417762491364,0.949530350878219,0.933497779897086,0.932150751292283,0.957098393001025,0.965360964758396,0.980881846511441,0.947551271375756,0.941968657346201,0.969169275629893,0.97527582573442,0.96442246768894,0.958511685653165,0.961631318658783,0.9418893263537,0.957179355710733,0.981737611552351,0.994855353793654,0.984432713327426,0.985749866404002,0.989669749785557,0.967000714769132,0.959958135914196,0.967854103859103,0.963081874712314,0.96076656264475,0.96181765292129,0.970902492788426,0.980360976114983,0.976023016033726,0.996813573080996,0.978748525453993,0.970785623777318,0.987987904007964,1.0057315363072,0.979786189001872,0.988889640622754,1.00437385430252,1.00694817189254,1.01447278480902,1.00894528185486,0.987401461360419,0.973975879462804,0.993850039108178,1.0089502443902,1.0153660642638,1.00080985644341,0.990860958368111,1.00022502948719,0.993506350652302,0.998303333824175,0.998899023149553,0.998836004176188,0.996742597429934,0.98925087395364,0.990017779243783,0.986505898822628,0.991260940681773,1.00646793259081,1.01572041449519,1.00684539940225,0.990760883140836,0.996751691245491,1.00021027352798,0.999767451520134,1.00153931070243,0.996268049473386,1.00635685255066,1.00073522692591,1.0016506704053,1.00092963491271,0.999588293800869,0.985106877257803,0.984253559927085,0.980314741409028,0.996472977444902,1.00646360181954,1.00645092631312,1.00725137502744,1.0153979418287,1.00716883132718,1.00714873309321,1.00775458901174,1.01397073664294
0.665040097150027,0.752344077479073,0.840989519478979,0.863708448301034,0.873044757293706,0.893842482538476,0.932347075595304,0.947654524630286,0.951902825757244,0.966504678195015,0.993551633227633,0.995485289945274,0.995180472244022,0.995283077162996,0.985653817319249,1.00248062320046,0.995554179388393,0.994877959044092,1.00273152142642,1.00136461502731,0.999514888976183,1.0001320600137,0.9922994078129,0.999593890036939,0.991676179756406,0.993454993931843,0.993149093049178,1.00252507112127,1.00229106874455,0.993886214686973,1.00119562349014,0.995311015913535,0.992978223630481,1.0028471317135,0.991873461705484,0.995193364247231,0.995915302662251,0.994998894083831,1.00199201990343,1.0011103251883,1.00239735322091,1.00130494232776,0.985986056214477,0.988224237955342,0.984682601283164,0.986085313715481,0.995635567249,0.996063538699796,1.00290052561238,0.993187600928933,1.00266293355163,1.00252856145209,1.00281858082549,1.00259050126217,1.0025669607255,1.00229059558825,1.00214350873763,1.00186329021615,1.00224440044736,1.00260048064556,1.00255587729541,1.00239431009427,1.00253409719466,1.00235304793766,1.00247436848076,1.00245073149697,1.00247672131997,1.00253747602216,1.00250874098889,0.995768694467955,0.988653367460061,0.993045349528908,0.994924887465137,0.994527576096806,1.00212137765015,1.00269153594029,0.994985466375147,0.986955037727156,1.00093172714064,1.00217760020594,1.00213344724302,1.00260365849884,1.00265230391221,0.995749940885511,0.99564043774146,1.00245948299531,1.00230353494469,1.00221197276984,1.00233850794766,1.0000135567607,1.0019877480951,0.99159183769997,1.00217960605648,1.00221898541314,1.00242579441388,0.985136219604802,1.0020200924439,1.00259164561649,1.00253348594084,1.00234418603536
0.314769695981903,0.462432454364666,0.598502566320223,0.709702722721857,0.791752845535759,0.836408384685066,0.894124940252049,0.912666014343548,0.924942848249254,0.9179081994358,0.923282426261544,0.931861869560085,0.940438558429924,0.939905128367611,0.956045653145032,0.952458304836871,0.949406016576971,0.938781362522058,0.9484458290122,0.942282184585558,0.964752052976457,0.983214662403509,0.985690809499194,0.988534194640211,0.968650238715758,0.97945350246484,0.983455589973247,0.985061656898187,0.978029027655458,0.981827879233291,0.981169951612322,0.966464546502333,0.972062907838734,0.968568577452209,0.979934060159436,0.981237545246675,0.983379857477235,0.986731722300281,0.982630709100078,0.989076774906766,0.993766440257288,0.989142409672435,0.9727420671178,0.975327557755041,0.966564404878598,0.962484463260067,0.963363071690258,0.984819749103364,0.980423896062131,0.984463521715437,0.997755851881292,0.992565555962234,0.987553220512908,0.994764561692057,1.00728465386564,1.00304955988473,0.999984455022145,1.00445753125722,0.999985568725369,1.01203555144511,1.0137245733579,1.0116914386748,1.00480657851864,0.999898411253804,0.988467843068182,0.986248672717171,0.985876265498994,0.96478653292892,0.99076963899062,0.984851666279336,0.979777751331991,0.980057673473255,0.974162994177774,0.995011246994323,0.995570071027528,1.00706087492183,1.00050814139405,0.998514066262551,0.993178795531278,0.99659050860638,0.98970921432368,0.985440030868299,0.993232879975232,0.997681975856839,1.00107708858328,0.998326367401112,0.98511215145266,0.982649313059349,0.972727105669807,0.976044763182295,0.966949341219231,0.960199756314997,0.971660232577323,0.96514930303865,0.979338141413449,0.970430007102197,0.965863370168719,0.976381548873476,0.977734725369182,0.981908079593669
0.370107992077487,0.570321959197101,0.70052389633172,0.801808914735658,0.858268624006697,0.907003832277841,0.927922484468699,0.958573979948027,0.970359942440979,0.972455658981319,0.984498140480054,0.998996569184472,0.995352464776147,0.998441324844034,1.00150566256021,0.999951319787045,0.997702422513529,1.00339655928101,0.998656042959221,0.996540524838482,0.98634034173474,0.987532340436976,0.990370732037867,0.976391625197321,0.984329496135419,0.978975918224352,0.990934087331464,0.996729722045736,0.999705095221143,0.992021657068706,0.994260621931672,0.994002469551024,0.98948773381788,0.993983304381576,0.986749162425202,0.995918650230858,1.00297954839848,1.00629625154927,1.01006776083747,1.0109690271565,1.01227828924508,1.00544563883781,0.994965204932229,0.998001537713488,1.00600225985651,1.00321135400583,1.00584515299024,1.00698313923089,0.992671972154353,0.992276222369051,0.99513798729357,1.0054501412875,1.00095792498317,1.00714413495026,1.00614719428958,1.01135534652193,1.00870552137198,0.999968286165665,0.996885694982022,0.995087847302822,0.996154438309444,0.993464753453585,0.989845839257352,0.984055395460497,0.997871945651217,1.00113279901388,0.996298353056799,0.993972827088522,1.00254455747381,0.997311757221229,0.987751697932093,0.992021845271174,0.998995076387493,1.00185829884546,0.993987438235108,0.997809761153372,0.995447364687291,0.996374176338364,0.998276705095148,0.997852755300436,0.996150003212408,0.992936229850952,1.00059982734203,0.993980831646904,0.990027025345496,0.980662800799507,0.988455621238995,0.98641165689542,0.99258994177956,0.994602353282949,0.983339012800345,0.983259951098583,0.989684308970288,0.989223048968442,0.995213308116322,0.992111980073625,0.987417203656009,0.982766931179619,0.988135248348298,0.991613117277418
0.339606973397268,0.577552257502015,0.723925426627658,0.812298430798078,0.853709100425546,0.90228665963953,0.939606151401208,0.97426372443552,0.975161262362118,0.98383520129822,0.979069221276248,0.996283909060677,0.992520760595373,0.977858553082387,0.975967940430059,0.986249555161334,0.986863823152278,0.998058944279165,1.00160495147717,1.00444095848166,1.00028225131093,1.00255138739106,0.990405594675176,1.00646363452205,1.00301132096376,1.00196455939058,1.01116040458637,1.00537260858299,0.993037192982595,0.985755275068347,0.99253710060617,1.00432606188357,1.01470830011743,1.00992666019687,1.00319462813289,1.00416705758569,0.995048748406862,1.00658725860404,1.00315237316175,1.00180205250121,1.00653729299134,1.00868811092389,1.00467247614179,1.01294428171905,1.0013563530302,1.0012154541126,0.999285513504374,1.00771840140086,0.994020806006179,0.993936286321399,0.984409465321008,0.98601199313659,1.00197878253771,0.998948362828377,0.997046744248387,0.984367213058416,0.988559490240386,0.997937380879022,0.999140427273162,0.991930851022287,1.00968129894276,1.00352183045241,1.00546446875224,0.989569303372966,0.998653413080732,0.999884732612876,1.00182656532712,1.01193150890404,1.00306712234495,0.994238517383854,1.00223973456511,1.00615542570644,1.0029614049104,1.00440181754126,0.999652234010385,0.999553426377803,0.994419860972874,0.991051929653714,0.99816715913567,0.997304424869401,1.00282050987779,1.00717248832636,1.00026910729403,1.00461632770301,0.99042257529185,0.982011338876286,0.994377670041255,0.990741307587159,1.00430000901665,1.0007831122284,1.00652615224134,0.999164727969447,1.01530956256285,1.00929654057121,1.01145225209241,1.00903504706075,0.991849063694653,0.988665252996283,0.978482432428659,0.996229391443427
0.33677310742585,0.570847912166267,0.72409886705447,0.804464918009144,0.890793423485067,0.924765088941533,0.961554986406337,0.963471527085086,0.977409485605009,0.977962420426931,0.963624965750971,0.973370352978809,0.976159690882483,0.973459598023195,0.97843541503229,1.00076344467421,0.994229329261396,0.998230040850377,1.00957889344152,1.01395971140951,1.01116709633443,1.01502274650832,1.01287636659484,1.00468523041654,1.00539420497143,0.996508130493611,0.991028141929625,0.977409662213956,0.989734081148818,0.991725378583197,0.990335738104948,0.97694883614135,0.997914942071047,0.995479453005775,1.0016314820911,0.999409248625335,1.00203173778979,1.00803493939542,0.987796841130893,0.986887694846926,0.994125254078716,0.992121762949896,0.99384855683514,1.01139857953277,1.01731087222266,1.00774161655306,1.00365982239555,0.99349614189641,0.999207275107157,0.998467955834032,1.00384073333519,1.00174698711832,1.00835170290931,1.00974781610136,1.00435510772704,0.999638483014541,1.00080193117767,0.995082974991586,1.00395342510844,1.00799708652885,0.998376287857178,1.0005421951034,1.00324112983785,1.00240174224364,1.00242619026497,0.991116145867843,0.995118601365359,0.998360205683489,1.0055059657123,0.992862902430717,0.99228980335358,1.00601576164712,1.00271328439048,1.00425100904848,1.00976247397694,0.998668801515054,1.00328262398344,1.00606723823024,1.00839464115019,1.01019093126482,1.00313808763878,1.00649888315778,0.99928725441599,1.00179555974839,1.00600959389329,0.999451603959617,1.01003729235616,1.00391760977946,1.00366744925485,1.00377818409027,1.00985301582394,1.00558056460193,1.00460179342947,1.01446280813197,0.999703310925996,0.995549590147078,0.995785646026562,1.00304928878971,0.993911716864395,1.0065122108824
0.292489126056937,0.512684640907417,0.657957415270892,0.7917738933932,0.871426612438436,0.910298914974266,0.938595910673647,0.965566653594147,0.983245183179643,0.99577409428356,0.998553613547431,0.994907490197706,0.981044504882666,0.971466907998518,0.97230007347123,0.991949762357623,0.968047070348697,0.964515408685884,0.970010055735815,0.981542735787344,1.00099528070921,1.00737234891192,1.00290787514632,0.997855462002677,0.987419318142423,0.977376580312615,0.984731971054587,0.986361930784806,0.982337444379013,0.989197237600176,0.980920712403568,0.970655011001032,0.965480124200103,0.987521984869776,0.9802486490768,0.976246978880798,0.997258431529059,1.00120038244994,0.994815771511412,0.98504531664192,0.978673632817821,0.998809874900871,0.991861502954205,0.997138943639802,1.00774635167389,1.00903528040718,0.997731885648208,0.995845192544254,0.996274121343696,1.00112179299539,1.00779875340817,1.00859231699082,1.00904707002914,1.01035818930151,1.00544635921445,1.0076739808205,1.01242747507014,1.01477557228598,0.993532058199027,1.00469191693062,0.994774960412138,1.00016894008521,0.996138326783024,1.01118992277518,1.01539083958162,1.0041049720226,1.0138421704423,0.998406337687459,1.01113593400979,1.00193866094827,1.01733381561722,1.00876467584278,0.999858739739458,1.00196739656433,1.01110989746376,1.00552335019723,1.00871418886263,1.00568226231058,0.99847745642367,1.00001384255315,1.0003865875946,1.00339361311491,0.995068249877913,1.00220230290964,1.00171349575136,1.00704317769571,1.01344878096183,1.01595783508547,1.00653967765196,0.996380720501204,0.997158778159271,0.999065645922481,1.00038662371234,0.992048712790505,0.993557721245981,0.994195743934469,0.998114181499015,1.00135073409813,0.983343916080515,0.999740577669496
0.29825520126465,0.49049153507245,0.650402332878651,0.769007432723888,0.797747240875666,0.851761125823116,0.902129484965523,0.942369318960414,0.965319004158241,0.983676244226499,0.971927821812058,0.958186180210623,0.964370271431448,0.987131254849695,0.991777929064612,0.993544189645419,0.975557571539165,0.970373949718472,1.00337833364564,0.992288877976579,0.994614254959334,0.994520049022355,1.00600953781324,1.01397387965195,1.01399920431634,1.00076838621879,1.00158394170554,0.993845829351348,0.996370289100363,0.991605044034847,0.986190860141601,0.978240129972688,0.994121774115193,1.004699284703,1.0017834643794,0.980647490511519,0.979063262364816,1.00557020229573,0.995132485912859,1.00048765738594,0.999407157827975,0.997294781691713,0.993761156144008,0.990707620288477,0.989908433073549,0.988246852120525,0.983880209261473,0.990421966049094,0.967422648294384,0.962460190867208,0.969272805897263,0.975930687565548,0.980867309252818,0.97838231820491,0.997113016151607,0.989402372328311,0.981148058045152,0.98626705929452,0.984148350312243,0.977126508396619,0.980076571546337,0.973226661475299,0.960544347178968,0.976273167649383,0.99303993411608,0.975580133441685,0.992231328196978,0.989730002674302,0.99305124439893,0.994721841216773,1.00734047144453,0.999249357225048,1.01228212851478,1.01517692484414,0.999942101761065,1.00166767977681,1.00102402946172,1.00284322572891,1.0016138988971,0.99904003338014,0.995419746238794,0.991273242784899,0.986991210679029,0.977878430067662,0.965857751219907,0.995224229647551,1.00404318821699,0.998933579826879,0.984282931119256,0.978822794981937,0.984990563668078,0.97257817400596,0.995401222752437,0.982509347915976,0.995325868492667,1.00176297560786,1.00132095415808,0.99159854411378,0.997928769265251,1.00578871110724
0.376456354480141,0.546240720414517,0.693917383642414,0.760859252494059,0.859089313478283,0.897070045403729,0.924214249542626,0.947502429844887,0.948972813233456,0.958547508497947,0.97662976266358,0.984239712321518,0.984742381807527,1.0006655643619,0.994457621959703,0.992027753968765,0.988569539842679,0.983151751050682,0.99895580279432,0.976116595188913,0.964656629387505,0.965132154550854,0.973719180127114,0.981321350876152,0.982127174672695,1.00474308663714,1.01053071563642,1.01188227518544,1.00947799367605,1.00170176696343,0.99294717731188,0.991067088697266,1.00069831882326,1.00109433448077,0.993474585290731,0.996371841907329,0.994041922073462,1.00532981750828,1.00677817956846,1.01389542451662,1.00031918673682,1.00759395184486,0.993018931689159,0.985284514514556,0.983829667211015,0.984296444299207,0.977781607610783,0.987318576587963,0.987610005790844,1.00459706637122,1.0165540782391,1.00561304293943,1.006801957947,1.00454399052887,0.995160567052625,0.997581873344955,0.991921069233924,1.00477856423365,0.99472507559931,1.00148766010812,1.00434397565093,1.00538027828454,1.01376667715824,1.01659225040195,1.00972706497243,1.00868262419707,0.985280433942794,1.00660950862891,0.99440694786503,0.999632115740303,0.997723550736352,1.0108434340611,0.998402838410622,1.00255525231502,1.00056042676272,0.993410460522635,0.997461511316951,1.00409963855755,0.993440358158401,0.990634066275159,0.991003923762693,0.993738464975718,0.988752166768983,0.978863608335962,0.992877424674945,0.999293626989988,1.01243455366055,1.00322617119811,1.00436028483866,0.996240984459212,1.0040909764186,0.996897593351758,0.992735372622157,0.991970996429884,0.9977108237261,0.99746020273031,1.00008537077364,1.00018798543613,1.01188234309664,1.01251279342375
0.350069123951833,0.533489529451435,0.625596470519359,0.763383701849458,0.843111796442737,0.925697354981863,0.952290399232926,0.95805753062288,0.980303719940616,0.998103017211563,1.00229997204621,1.00870755706729,0.997748646407924,1.00403529331505,1.00910738853867,1.00715656549531,1.00714268350494,0.997014708299863,0.996691756971473,0.985417827949865,0.962181613057342,0.969233515520629,0.977234755328487,0.977117779373021,0.980238402929678,0.985900444017588,1.00180574830525,1.00119140575395,1.00846082949063,1.00842666765423,1.00971316860586,1.01105579743942,1.01756442912143,1.00411159463003,0.996335551845371,1.00732760103783,0.990011015164196,0.990429898351923,0.997761087694906,1.00062394706168,0.997758428514513,1.00034658924744,1.0065970395819,1.0115951602751,1.00413444488816,0.996058689415249,0.982736143494438,0.993306478406328,1.00450808957014,1.00238024430697,1.00101098378609,0.996108671241751,0.998418681237249,1.00813102775175,0.993399440134912,0.988682231943068,0.983969305517285,0.995104974644597,0.986599601490942,0.999656489886297,1.01164754257165,1.00222452285911,1.0132799821312,1.01689924919885,1.01099384472641,1.01769254875106,1.00136317630353,1.00555999109009,0.992270659988718,0.996023753738603,0.998904042717646,1.01250354273256,1.01017324862011,0.99372618368647,0.99567300127724,0.997198096288871,1.00056266363659,1.0069608063881,1.00301074926867,1.00420593449562,1.00424159195209,1.0038274242147,1.00548946496901,0.998957134969883,0.999550217765458,1.00271702110314,1.00127890516637,1.00096518678457,0.986294414333988,0.979008204073658,0.979049098912798,0.989611702240778,0.994562277704033,0.994986871932378,1.00450039769214,0.999638275946427,0.989332149535725,0.993685836950726,1.00044117847718,1.00369899859023
0.314566506496061,0.459976014275839,0.570980750160785,0.715759986551194,0.826810001163353,0.918793983504729,0.921962831635145,0.930746693826964,0.925185279528167,0.938677330649634,0.960541509846311,0.981338255968095,0.995513126993826,1.00721529440252,0.997689493819709,0.999434945850999,0.988706441586538,1.00049716676397,0.987485808037874,0.993604018677283,0.997289925309205,1.01465509682753,1.00084447188936,1.00195705142581,1.01981857151842,0.965626738161705,1.01758222772478,1.00534076986776,0.99922322950995,1.01052790411134,1.02035047329341,1.01668900195725,1.00588399025229,1.01590643688119,0.986369409255246,1.00405556566033,1.01631272123676,1.02186832069442,1.00132637760482,1.01557267992958,1.01232316896771,1.02363664606102,1.02519919190889,1.02356760939499,1.02894724636365,1.02211096739274,1.01976660887777,1.011683924822,1.00349196733574,0.989942180886865,0.98941197873045,0.986132504410099,1.01397597489632,0.992677042406486,0.99034615429682,1.00345923487584,1.00024290450013,0.992220705086036,0.991669197855855,1.00710387480717,1.01029515370603,1.00746699971843,1.01662043706927,1.011847685937,1.00302511825184,1.01466794409477,1.00703959965959,0.995509034166695,1.00216561146687,1.01855208997614,1.01525890049317,1.01819117789051,1.01165866455121,1.01534917241293,0.983577889184914,1.01165117709287,1.02058514458261,1.0263255319384,1.00786713079712,1.01576929764874,0.995256278103124,0.993436396175668,0.983821181377647,0.977610260332171,0.984893792743898,0.970206477089894,0.974278388785555,1.00279535556629,1.01473247665317,1.00206745904527,0.973876715785973,0.977320204773899,0.997610805692557,0.999275360430881,1.00018849979845,1.00408113289826,0.990858563158411,1.00456341496886,1.01554084868358,0.986622590327845
0.335787886302629,0.542846767712198,0.668643325229528,0.751798958504032,0.84662949496616,0.902258343073875,0.941055074956151,0.948706781406518,0.950376480664309,0.945920128743934,0.949018152909235,0.96005211422818,0.963402024068453,0.974315192785739,0.979036037574096,0.981051014233056,0.979186798016913,0.986978621247276,0.969233813029994,0.976465205755952,0.974279644233428,0.981822151684549,0.988397922673456,0.994639732819851,1.00250414320342,0.995831991185789,0.999296371131095,1.00111212618747,0.988954271130115,1.00015683356663,0.984484153070437,0.987428828952695,0.983605643036449,0.985207407141329,0.986655581840928,0.992460298308351,0.997407972735653,0.988761518331492,0.99734424238544,0.997804458637463,1.0044834660859,1.00556242809233,0.99762180789555,0.9848436626848,0.993557759376249,0.990598215638069,0.981436629715387,0.977309183610736,0.986788933983605,0.985488802771375,0.974409595261995,0.991488047341523,1.00210610233995,0.983651559714128,0.980891067857611,0.990631396114109,0.997220767394003,1.00303350107381,1.00208963138067,1.01089617067639,1.00874687318977,0.993039631759207,0.997014861881347,0.993447492950292,1.00101671761101,1.00405393162251,0.996340905686281,0.988128614964643,0.992635847654521,0.991307148981549,0.998685582561062,1.00668310264159,1.00469381287112,1.01294950786276,0.995731480731516,1.00237410772754,1.00725557520579,1.00735474193119,1.00259033923966,1.0086935372674,0.996803564414735,1.00283496150584,0.997630653555451,0.996027048312932,0.993288144719389,0.999761610369492,1.00946679148121,0.998707551383685,0.991886743402005,0.988930840569168,0.983912838759053,0.985333569612773,0.979719941135944,0.987099125891881,1.00102565049855,0.996951618183922,1.00098867471172,0.99966546741873,0.995041127058214,0.978721494331701
0.353729275202163,0.560279225466638,0.692623601997907,0.77469767764661,0.849278058557313,0.897244844671939,0.938743985767182,0.964427519277593,0.973988471832791,0.975107117644246,0.988445563747323,0.989873670839909,0.992202251755122,0.989805993691368,0.990885830337361,0.979877778829326,0.968909271293516,0.990345867319519,0.985696238228577,0.984462077082003,0.991291567961923,0.986488065766339,0.999550644063427,1.01005907327247,1.00618714397611,1.01021836930901,1.00541215529526,1.00452965054129,0.999555598314714,0.995462113734384,0.972170734068567,0.976645114015245,0.968624622140319,0.945534373335837,0.946746458962678,0.964726174422916,0.974789164724634,0.951074737590003,0.979577766955731,0.99760609905867,1.00443504472031,0.99961418691491,0.998055408452671,0.993642248489822,1.00337477702954,0.990119520420237,0.981422723544747,0.969577037454307,0.960098732116922,0.966105096001495,0.973986787779544,0.982872093271341,0.996902403396307,0.998598996506655,1.01066770054046,1.00411734706911,1.01680979919932,1.00813906441506,1.01839338139308,1.00966813656625,1.00924799512793,1.00510510935991,1.00938904758434,1.01049607179686,1.01074987169249,0.997916071491302,0.995598429484967,1.00776563751665,1.0131354930326,0.999531027854035,0.997481227970873,1.00457147818243,1.01478822384401,1.00812554463887,1.01483427217444,1.01965147852631,1.01344722058623,1.00626747395145,1.01063725640174,1.00146235140724,0.991894410567037,0.987013023293203,0.983215494624921,0.978046441355068,0.987090440758571,0.982300743922877,0.988333595738461,1.00245935227282,0.997430618419005,0.9899161869057,1.00308010102214,0.994719555688423,0.989501376637197,0.989224519396456,1.00759075572608,1.00929974139618,1.00025435254334,0.992123823052715,0.998115665773873,0.986399775584484
0.340992472099792,0.548836625496064,0.716461948450999,0.790303387495955,0.884569301504695,0.917747952975855,0.939520652179851,0.932538238951557,0.931310517903745,0.943044204760443,0.962253343627922,0.959647383296962,0.959282853015989,0.95973789401071,0.955653204605761,0.959143853243336,0.989969959535072,0.999974166899129,1.01641450956734,1.01763082439725,1.01395696700346,1.01451662235391,1.01653575210284,1.01164956922851,1.00720413788749,1.00983773811593,0.997116894919079,1.00327934970167,1.02152993993993,1.00732142762562,1.00180231340515,0.99711325893651,0.98202953146288,0.951441028740245,0.966715271547968,0.983487411428673,0.982447878992284,0.984602182925225,0.997551916453047,0.999717856436998,1.00008246187267,1.003546810384,1.00577903437553,0.994151395513619,0.992360554207672,0.981406203361895,0.967803699133962,0.965914565510505,0.950595697065847,0.964945797434698,0.947065649648132,0.969379867607797,0.998729531039793,0.989247819889027,0.981677849033862,0.99440680147634,1.00390188750762,0.996559779203556,1.00235607495085,1.01345602921457,1.00625675894883,1.01204306133855,1.0033668652341,1.01074479479946,1.00946772816532,1.00080617216919,0.986120086269012,0.991497994495703,0.995189305799533,0.995212683668067,0.993190896089525,1.01113914742034,1.00923457541298,0.999874695304054,1.00745720374394,0.996834947193917,0.99454287771482,0.997780297735306,0.997346671963254,0.994602581141858,0.98368032571449,0.990386410748775,0.979062479061593,0.983585756549357,0.984972129099966,0.991506239506641,1.00565334653921,1.00129453882818,1.00597791315567,0.978191576787957,0.991595097403892,0.979122519030117,0.990325005300029,1.01128274936497,1.01546396597479,1.00678724947554,0.998602288415386,0.994408626479151,1.002615072099,1.0023762076181
0.388171667222068,0.558831876593622,0.712771985249191,0.773433137403811,0.863404038966386,0.91354985010154,0.935968835220992,0.946358382827412,0.944150110365779,0.973023716534054,0.975651020638422,0.98004537279843,0.963182473049194,0.976814792468668,0.959799238266189,0.971428927165394,0.990525340387804,0.99856086413526,0.993180748328558,0.997157908968156,1.00785451374648,0.993152662399918,0.998491583721082,0.998852617174265,0.992171107502257,0.987495162277114,0.990080343515404,1.0009971056676,1.00659886491086,1.00210516024146,1.00434150031015,1.00102047346184,0.99891017540574,1.00430979249667,1.01059699366572,1.00262252789429,1.00256555485067,1.00344304178786,0.992772873688743,0.997297618324525,0.989219009639848,1.00038606045214,0.997621717705111,0.998789512593757,0.98943075237271,0.995218077502442,0.980735859567295,0.982213653015273,0.980265987595069,0.986705934854454,0.977306241846419,0.984962050244362,0.985264856744561,0.990867737916614,0.990389963013991,0.998154591407731,1.0040737099391,0.980341002246904,0.994418240027306,0.973487856727346,0.980725995107897,0.993540276015256,0.992291708435943,0.990368996171542,0.992993076134069,0.996044312603909,0.985304107778484,0.977146160768619,0.968622799858197,0.99202792560881,0.98340902210604,0.99111823966508,1.00196836680719,1.00445322457084,0.999385397283094,0.995246313110717,0.974675994849034,0.9982579124034,0.995476623567436,0.994330505154847,0.991557662126274,1.00413972566032,0.99713846519702,1.00604589247736,0.999262991206159,0.998229335313239,1.00526966513655,1.00833541934178,0.988285527468707,0.974099456616873,0.986534393691633,0.993157377768898,0.999353038325271,0.995092414574123,1.00611054657322,1.01115405794432,1.00203714109354,0.995288131256129,1.00325564076642,0.985277545712712
0.42935382193122,0.606718283479771,0.728926219993093,0.813489014554772,0.87453569421096,0.91873335517545,0.94327771362282,0.954010432395488,0.958514249796755,0.980107617190604,0.979525423140651,0.97487636332296,0.981824084133439,0.98745284744062,0.98191144237599,0.973929731076377,0.982798744006812,0.97677285869347,0.972627373771045,0.984526670656216,0.988425669228619,0.991961259474108,0.993783916791157,0.987285350423608,0.992569258183506,0.99815227389773,0.988756917918357,0.986056327005327,0.990851124151462,0.991243717481213,0.982900273794596,0.993199060537162,0.997497452997895,0.996690094340983,1.00384000149934,1.00136175492894,0.99856485671334,1.00114079969093,1.00357089322291,0.998539761870914,0.989080186441314,0.995421501381964,0.999986628130301,1.00720159402154,0.9986469086475,0.99930445752327,1.0025020919883,1.00523587601008,0.992222755223373,0.99515386904124,0.999343712257636,0.998698629734862,0.996511723723622,0.999266302750927,0.995958652522293,0.99818677585407,0.993461881285523,0.986869732409985,0.999619145706085,0.98652343557453,0.992722317590074,0.992532516434666,0.994145108119173,0.989567392690177,0.993884765073185,0.995298235365068,0.991604579662999,0.99372897009555,0.996428480537244,1.00279236587346,0.996118606090742,0.997756617691512,1.00638489215103,1.00616634749321,1.00699153606042,1.00546160976132,1.00441889695519,0.997645561070054,1.001299079443,1.00306605233246,1.00573904896366,1.00337846752745,0.999560856570935,1.00159534146179,0.998041377218298,0.988769369022394,0.984698247753687,0.987941445275331,0.985851652522511,0.983370446060012,0.983222221983493,0.992167604911462,1.00509070103748,1.0010123242678,0.998039345246136,0.995545180463082,0.98753095797625,0.994473820751112,1.00389054432533,1.00526722088984
0.779935014443312,0.886166854456649,0.928373901304644,0.950197639813082,0.962006933286731,0.967294667815177,0.985273621510821,0.971067431697405,0.982973744737098,0.983029417828937,0.976591594288403,0.990942789687825,0.992930504336049,0.991430805912618,0.982074263615831,0.980930028359107,0.977201488532682,0.99317110331896,0.996299277628029,0.985671482057711,0.982335603060283,0.980977028374798,0.981855176414658,0.978144175178302,0.983598802941427,0.994386860877396,0.982696251619513,0.975406617324686,0.987098995351152,0.990332550085107,0.990349808542304,0.994727477548394,0.992425141665732,0.989229914330359,0.993305074604734,0.987887734663878,0.997250185503694,0.998683484971904,0.992052833986508,0.983610346556536,0.983379607104874,0.976085550547324,0.98211009855498,0.977727509398721,0.986474948784558,0.985757872988824,0.982621366663314,0.996217084965609,0.996630656409052,0.989338432682484,0.973208347131595,0.991819798228425,0.987197000419683,0.981178871894624,1.00322517640614,0.97752570888797,0.996251695457714,0.991341055812171,0.987312663211371,0.9762960332054,0.991165437627024,0.985046705722097,1.00432128163529,0.988179034652569,0.992217782202529,0.986401291947759,0.992642663703752,0.973989308029701,0.979013175606732,0.993180450554874,1.00298825368781,0.984037679366424,0.983573682318274,0.988306681999479,0.990540474680008,0.99522429882042,0.994977629802722,0.983737383679943,0.973311362762632,0.999911892598131,0.984497049240421,0.985714034230293,0.997426567785102,1.00420208310012,0.990134541505301,0.997076889673396,0.968317468057857,0.986476131898597,0.978476413139098,0.989535285318256,0.991326888553384,1.00043175806632,0.960941134945615,0.987183344458863,0.981558106367299,0.990652654695806,1.01410862208189,0.993546387444157,0.987987165846881,0.992653529753788
0.712258211060633,0.843862394652061,0.919825162926226,0.939523962858022,0.961269771850215,0.962412223302511,0.982587884582076,0.952140164096023,0.964013048436003,0.987451545680698,0.977146478982686,0.975548728448834,0.993877391982119,0.981581564538239,0.976960825530066,0.977148180885486,0.968373717655107,1.01916150486808,1.00526004710032,0.986026424292948,0.972758522054679,0.969151614697398,0.981980900635242,0.967357196225936,1.00183773317226,0.987961593100043,0.981391908233719,0.974069087911481,1.00062941128826,1.01128153429678,0.992058270565624,1.00395921409294,1.00672264598196,1.00719038485037,1.00824841872711,0.987585409475002,1.02180668759071,1.03206717137692,1.02038640025121,0.996379645170408,0.994848831544969,0.981279428896612,1.00844193051329,0.973348847881662,0.979020903995007,0.968268634433626,0.96630452486854,0.981410739124897,0.987645743802845,0.962049916833116,0.944509688777936,0.959585510257448,0.963670865655947,0.943188520811417,0.995104760066256,0.941345260056125,0.982848539417305,0.958533179650398,0.983592933428356,0.970002164206692,0.996979840061825,0.986890016080961,1.01477026399558,0.994415280029135,0.981868147774157,0.989746998111965,0.98536689996413,0.968662989432976,0.975291383666814,0.989872271149134,1.02066805575312,0.976152321658254,0.979294756675996,0.982020472134691,0.980054415819682,0.98344370780296,0.995414364257982,0.990965362975487,0.959335828989488,0.989846370148428,0.962371774286212,0.980730890049062,0.978940237535494,1.00873010387623,0.978023397064411,1.00323385574946,0.945122685073125,0.990453874249107,0.971058660487911,0.993108459785589,0.987559910103788,1.01789542522651,0.941399245325826,0.972753545166865,0.986848752582096,1.00176473483936,1.04635408789803,0.991428455807445,0.992086099901129,1.00109239457599
0.211231722478255,0.362568090787675,0.464405993931032,0.658147711944584,0.740998682550675,0.793740601379421,0.822582107261993,0.87320159693856,0.881939884721472,0.903670327357311,0.90364732460163,0.919966439314643,0.942132427081116,0.942002821512984,0.921339950469183,0.952975585652794,0.934020315824767,0.954563805683153,0.929353892962829,0.937861771720028,0.951883903219623,0.958852989234842,0.967089420906993,0.93844638149093,0.949555420239765,0.968166309957411,0.972710428895192,0.967752752345033,0.974131079142218,0.965762002312421,0.953775675757283,0.949130643721572,0.982178911696345,0.984294818542464,0.966038580422801,0.995127619641981,0.98738365191011,0.979310483028157,0.966565311999267,0.967707573921473,0.95899746069702,0.961368743790272,0.962942658927692,0.979592736993234,0.978533403617476,0.977287138231332,0.995089948978461,0.965616389010379,0.957413810060046,0.968257024888031,0.990058559708105,0.973695700925411,0.97865906563927,1.00204746251673,1.01160786955907,1.01654798231176,1.01433014976882,0.995073822605581,0.978718359735999,0.990916173830926,1.01252670119736,1.01361417313788,1.00564674690109,1.0044282671521,1.00802869592746,1.0018735704077,1.01286358283151,1.00681189887665,1.00663793189022,1.00373410866916,1.00728086848522,1.00507875451915,0.998090305003797,0.999284810891935,1.00899893481191,1.01630221047097,0.999957670191292,0.985843250663206,0.971121651545152,0.990228973721715,0.997291964190902,0.998798137784479,0.981986088311055,0.974780316432879,0.983640280187793,0.989974043730507,0.999524810999483,0.990939549803069,0.981918256099356,0.97362115613419,0.966776641464575,0.996452105248794,1.00601019939763,0.993860335273364,1.00796902250017,1.01223865039143,1.01208900788817,1.02306798990023,1.02216991377878,1.02169952849202
0.352569485489912,0.51481809032917,0.578236836223053,0.688334049966849,0.755082055753628,0.788089576651996,0.82241075061829,0.863314875616756,0.87299018406555,0.89714447482656,0.919732642565998,0.938817710664738,0.958242246870548,0.955124088940809,0.942913609508683,0.979039759176105,0.941492034768268,0.946711242325576,0.93337501970088,0.935204349921939,0.962359532371234,0.977781457153413,0.972491842050371,0.954733393359555,0.960680919337723,0.978947204755932,0.969748400030178,0.96180410942523,0.960562628170336,0.954579898859509,0.947414369338516,0.9611472593197,0.975375049058435,0.995156556675663,0.974613258533916,0.977785289738314,0.981685633516327,0.96140355152757,0.970302255267383,0.961756929956788,0.965235473593061,0.978579689200133,0.965512130797769,0.984218606037764,0.982492347269292,0.974988858440119,0.996570701851728,0.98108054792599,0.978780874773561,0.986398883197502,1.00408912868075,0.978931782618756,0.991020935081231,1.00102518598061,1.00551743757018,1.01255574203888,1.00625458775166,0.988358164036553,0.975030101563841,0.989009130274229,1.0049147010182,1.01209255859014,1.0048025365452,1.00515733281721,1.01409070318294,1.00775748963174,1.00777899437317,1.01536098796532,1.01348122710091,1.01168368217169,1.00488120080562,0.995482517331996,1.00294584246601,1.01266557926176,1.01247526141172,1.01467199844107,0.998535008645039,0.98491582104496,0.980927349631014,0.996669479277161,1.00251631549374,0.999014894879612,0.9718409665673,0.987792354574364,0.98942292993364,0.998929847061205,1.0041176909198,0.987595881918932,0.974462167761402,0.964368322708031,0.969427105263979,0.982186719389115,1.00327778593194,0.994705233903804,1.0017440140137,0.995557437988653,1.00184649499801,1.00507577840691,1.00538290797977,0.998937358090008
0.605124174223673,0.757818683503581,0.831229426567234,0.872361317895821,0.891644667322804,0.895209196072605,0.938182075426083,0.950902127527172,0.957593313471304,0.962772823500824,0.986771389553398,0.987587409624138,0.995244972834465,0.995736483443175,0.986651636829504,1.00291079074869,0.996181177440917,0.995783829067069,1.00315292392775,1.00155384501898,0.999662897850146,0.99209022132285,0.992793107125938,1.00054380339209,0.993168495157318,0.995312241200591,0.994630623882578,1.00280807650045,1.00263753119331,0.989405909241586,1.00161336333973,0.995573806539099,0.99404363122708,1.00287815549785,0.992142600594738,0.995382029661017,0.995361224944514,0.99581650715575,1.00236554269697,0.993599173967006,0.988297904115664,1.00002902735064,0.993832410490805,0.987823402705859,0.983217308610074,0.976238741662246,0.988905921774971,0.995213941210843,1.00177035633438,0.993458573331563,1.00314195146489,1.00267467458062,1.00176967761058,1.00252953772537,1.0027679105403,1.00286453259601,1.00275522053976,1.00119394453065,1.00253713002596,1.00301120342156,1.00304332459429,0.994835667936887,0.994682436093915,1.00135700472931,1.00322115743062,1.00324944362959,0.995149718973448,0.994132746628983,1.00024897551866,0.989703960803609,0.988780639034052,0.987604446421907,1.00281310739131,1.00313783483368,1.00237239196745,1.00311347842145,1.00248289545623,0.987394246981355,1.0027735113737,1.00239682518671,1.00249118726216,1.00290669355127,1.00296598096836,1.00280199256286,1.00318335898949,1.00268217797184,1.00253405890095,1.00215535953053,1.00268785725025,1.00055800041217,1.00245026319976,0.993018171640247,1.00250646770683,1.00245372709547,1.00294975196821,0.984308983809211,1.00243509753237,1.0030362163839,1.00287413888084,1.00302825612178
0.326933477443659,0.490886452261648,0.605745534965323,0.710006546789077,0.772016525423859,0.823259418552688,0.876005197587353,0.907509262031987,0.922039369549805,0.934458836403128,0.948760972236042,0.965004402255251,0.966321208738242,0.969550142716998,0.971396269688191,0.982585054476931,0.982074879845635,0.973976968043626,0.973674549027385,0.976549682173442,0.977581767275052,0.981504869774004,0.984145548574095,0.989516077654718,0.988611048615516,0.978619926405307,0.987198190496342,0.997502515195203,0.990591992510749,0.990566255229289,0.985797258705351,0.985162554770837,0.991860417587747,0.992969800417872,0.985677360474247,0.977094831372785,0.972969291506407,0.966026085787554,0.975763639219136,0.986732013800329,0.990985122193248,0.995277961758093,0.990708473838165,0.994541921942601,0.989548782470334,0.995681412628455,1.00015077032896,0.986376940826989,0.981060135196202,0.99505079146621,0.98629960785137,0.988748794063259,0.992021343182845,0.999028849459201,0.998013388683965,0.996113151999317,0.983088681481263,0.981849439926537,0.98547910312086,0.988451474365759,0.98652754087892,0.997000349122253,0.994202385741015,0.991448515493707,1.00173515172812,1.00965617441168,1.01340294981561,0.995122155640409,0.995844825867501,0.999874967390498,0.997249779652065,0.989035992912165,0.995842292231262,0.98820248737689,0.980775581986623,0.993428069001527,0.986612161664015,0.985594004286717,0.990576982196341,0.984000535955692,0.998655017360199,0.993216741534729,0.984891162705523,0.994327947538896,0.994908632599458,0.989921030103244,0.982887379622051,0.982569917570261,0.997318975429828,0.980754944732558,0.981230785347174,0.97374687074089,0.989939181391436,0.987346398732521,0.987766600242203,0.994058125018008,0.980131179817647,0.984679430839357,0.982541817584013,0.992136348761433
0.390300543034244,0.547647730078537,0.692665828628527,0.785360303456016,0.8378173038738,0.881962025232667,0.910621699502729,0.943194352160699,0.955110013091382,0.965179070769752,0.968786205239036,0.975296747152531,0.969751252293873,0.987427838130637,0.981777296958245,0.975171940300803,0.984948610362418,0.983029354864556,0.984614069327835,0.991316421866622,0.990556690389261,0.986727104001111,0.992838540121394,0.990426734087286,0.995840002818658,0.987745442754051,0.989018358245573,0.985516988444654,1.00190658518213,1.00857533600244,0.999218123841508,1.00633497438215,0.996058178005156,0.996262983253972,0.991928019766648,1.00184515753034,0.999742363118828,0.998611439098265,0.986379447259614,0.990209896857468,0.993276182835613,0.995916492123885,0.993535490354338,0.999140578573102,0.999444473966847,1.00201306864368,0.997707301062999,0.990777955497333,0.989536268981737,0.99961639842417,1.00228041878304,0.997003731817764,0.991488913637358,1.00152018613819,0.994289590468107,0.998690905056278,0.994636207814265,1.0024593941945,0.99209234397971,0.988720390526574,0.996777242791052,1.00443304688859,0.997899298545998,0.995050457926089,1.00125036918285,1.00569238441304,0.998006198747648,0.996493201717625,0.999737239320697,1.000568884564,1.0054544104362,0.998963355164106,1.0000344605186,1.00009561046025,1.00590448245872,1.00385731546104,0.991488909878596,1.00324576821992,0.998104174706691,0.992395346869673,0.987393670708553,0.985164186265688,0.9914093387538,1.00073303079045,0.991206600294778,0.989212374882303,0.998716851417992,0.9884720498705,0.985750019482731,0.971879636069136,0.96791928786328,0.980462118847843,0.985484593206824,0.996455140176172,0.994273204362012,0.997167083324259,0.994116919463304,0.98062754004795,0.987555845625206,1.00565317454166
0.408154077940915,0.593307489762313,0.728030110028764,0.792746210534657,0.832010431656733,0.869643668271558,0.904432024633548,0.952805723663201,0.970454954778336,0.981459530366614,0.991779727800146,0.996428252308024,0.99288786224611,0.992342683716346,0.991111934664013,0.98561652184402,0.977256657184904,1.00026230667666,1.00609880400076,1.00760732486019,0.988496352307624,0.988947763424966,0.993211249383925,1.00154952160166,0.998452471532278,0.996031015794754,1.00641905770464,1.0008367078898,0.99599360251922,0.99721387009622,0.9952002153588,1.00792883572785,1.00112569401739,0.986296087960505,0.997393422569349,1.00489649408032,1.00464860124926,1.00510444879461,1.0023829396307,0.994508771766663,0.983260307733679,0.981319142712284,0.992001519159675,0.995289738678114,0.994299942079299,0.989353280538022,0.987350301295383,0.990261148999629,0.997394948070827,0.986542055688552,0.990052479900909,0.992963798566211,1.00269415621795,0.99642457047735,1.00211822288438,1.00404525228705,1.00097648193353,1.00384361341747,1.00020991631489,0.999239988447116,0.999438537842902,0.998001162556105,1.00340026108727,0.999383123603363,1.00578627904927,1.00981290572857,1.00972172311799,1.00196608200678,0.993333700530038,0.987767705139197,0.99044051098526,0.984894318929842,0.989230661532559,1.00441949309165,0.999354335723746,1.00070152039417,1.0051018616385,1.00674056696289,1.00796139070553,1.0093366069247,1.00986033158975,1.00120575687374,1.00012507641964,1.00563152547734,1.00049267142274,0.99111164815445,0.99994522461551,0.990444669114742,0.999261341519833,0.999181277426342,0.995723398695052,0.996662013798686,1.00969143827552,1.00208149880857,1.00015028865329,0.99636584454737,0.994419877373679,0.980810273351013,0.976909752414705,0.99716273578677
0.435710889023334,0.601737597034524,0.705012581744133,0.794432535809209,0.851517943469938,0.893227241695628,0.934771094186896,0.965658492798413,0.982405150881288,0.984417190549382,0.984172256138364,0.9926290481323,1.00730671825203,1.0003421027652,1.00111688935236,1.00979553904753,1.00324034074969,1.006999606165,1.0043773262069,0.998229825827588,0.997891520335756,0.995493487062815,1.00202087221029,1.00196767934809,1.00218140271033,1.00413165970634,1.00068152556291,1.00711193502914,1.00917212092923,1.00888990228475,1.00203663423371,1.00040189007845,1.00678784292825,1.00317109758706,1.0054431562789,1.00879361329128,1.00929275437228,0.993502110251736,1.00087664929684,0.996435299341341,0.989216248627343,0.996959519379138,0.997405149274686,0.995906721325685,0.994117607962953,0.99781477106242,0.994362234965572,0.997613870118481,0.997022755951779,0.995012333605117,1.00287136547593,0.991346955449135,0.996971689264499,0.994010153229853,0.986920801168064,0.996703853371365,0.998550922898258,0.998987808377595,0.995280336708246,1.0091645957367,1.00516409069328,1.0115055516856,1.00495379580687,0.999093383118022,1.00205536246971,1.00885901698482,1.00071280723843,0.993686150114275,0.994861275206792,0.992911062347065,0.9953097098445,1.00280019727208,0.99418892176086,0.995134327592149,0.992929192302833,0.997275180400539,1.00751526403538,0.990371986477598,0.996118649940099,0.999539466197124,0.997894875963599,0.990779055866882,0.996015464887759,1.00128379126172,1.00508126889889,1.00398892213391,1.00317357933279,0.996945705987632,0.996953451820695,0.993476944945803,1.00685567648527,0.989394927368556,1.00047598472464,1.00274231857368,0.998640029073734,1.00007494779082,1.00513462840858,0.989625811098611,0.98885997663264,0.994333298508209
0.321641751887592,0.55036824325879,0.66235937762057,0.750307319171657,0.865841583185016,0.912416530402743,0.945595408889577,0.962723765613551,1.0078165074791,1.0106225778141,1.00217883132615,1.01063772568245,1.0054992704696,1.00454439814968,0.996625276347367,1.00192612345632,0.996094267090818,0.997919201836285,1.01336335713639,1.0111689033305,1.01434929034152,1.01108038258254,1.01430235685218,1.00365706087592,0.992119672035897,0.990290962968569,0.998715898156875,1.01361089979988,1.00888424873843,0.99554958428597,0.990977862349161,0.994271862513777,1.00154049746684,0.999282354999319,0.997504674980607,0.99720957703479,0.999172717100762,1.00185711630771,1.00185376798899,1.00275547175029,1.00300958049761,1.01333247295381,1.01364454608904,1.00068889952245,1.00241249761264,0.999313266423025,1.00331278130937,1.00393319995581,1.00634756747765,1.00149860563949,1.00524646607667,0.997245411305084,0.998763069417743,0.996395793089,0.995102681447419,0.997769458199871,0.999316744663899,1.00970098585891,0.998556405653621,1.00401488740031,1.01056014063219,1.01065483090277,1.01387691443659,1.01721429394386,1.01251584738601,1.01579769078649,1.0116692415121,1.01095249243903,1.00047587676315,1.00263739962766,1.00221527224945,0.991330918803772,0.998475782073608,0.989636007567626,0.995372314197117,1.0008040405293,0.998878691978284,0.987558440245677,0.998077746718509,1.00733960141825,1.00388590708062,1.00557662077711,1.00332918195516,1.00770598619115,0.998330980526848,1.0109433485186,1.00462848573768,1.00556103016934,1.00741413054703,1.01422126253167,1.00707645246446,1.00366500993111,1.01490430194255,1.01271903125734,1.00248577484607,1.00138725057932,1.00064233342239,0.997359002109404,1.00247711393417,0.997141148542848
0.307310964304299,0.513222636884193,0.639806427879335,0.782376446634072,0.849039949199863,0.887115913827538,0.943582028396983,0.956885493514995,0.971452661097406,0.980662033752542,0.985509706262805,0.990799120057746,0.988909136078878,0.98345180496333,0.972918412449487,0.971843725725005,0.962036797959303,0.991810264610928,0.99220215104722,0.980152024766391,0.992405168253113,1.00081262209372,0.994734172311884,0.997700566980316,0.994649695707432,1.0052133669683,1.00343696097741,0.990815089283306,1.0010421947734,0.999020910423614,0.997947888046581,0.994037670912314,0.989555561150523,0.990673998667895,0.986614669383168,0.996360057763896,0.999201399603632,1.00153130593595,1.01028718359662,1.01003434506337,1.00683218294503,0.994065120461616,0.995334555814622,0.984172647190877,0.982508435542538,1.00174548644921,1.00579961158792,1.00463060934616,0.994210824925205,0.995589224814299,1.00342861724499,0.988195692640817,0.993331853493941,1.00100315848006,1.00138722816453,1.00560205348151,1.01127043633754,1.00816857179371,1.00442837074079,1.00278925330832,0.995415679640877,0.991963924655995,0.995654042784853,1.00635152659468,1.00859523887503,1.00878560472202,1.01486727187929,1.00583599496836,0.994502321601639,0.997255286941852,0.981904815519446,0.978343913164186,0.989687289330489,0.989463981841836,0.99181641182313,0.988370964144295,0.99912257218447,1.00722142590193,1.00924815374114,1.00726006071885,1.01315563997921,1.01459728450739,1.01641749454779,1.01382086926844,1.01295575949494,1.00203640128888,1.00290825730265,0.987163249332416,0.987032991680586,0.989218507382454,0.97920822124091,0.980968557147157,0.981725186977619,1.00055963770856,0.992440168645214,0.999034904535759,1.00115892538464,0.999753092448694,1.00082325299747,1.00186304835326
0.383786145268056,0.554061403200336,0.656618096872988,0.720373448199241,0.76282323614323,0.778653348187987,0.793161745394737,0.797307790511151,0.818823611174921,0.826349579010169,0.836917868095693,0.837537564645,0.837261704588357,0.836105974144935,0.840573245767808,0.843671987599955,0.849129346387521,0.862468530874638,0.858640918545096,0.858282884235456,0.860562287911512,0.879745983738605,0.878489595174263,0.872817951557855,0.872279918152248,0.863845075515424,0.876881980166436,0.86288625083627,0.86713766149561,0.883589187109447,0.883254676541544,0.8731964388775,0.858898669670642,0.865320378271229,0.875464537630628,0.877760596803588,0.867842764999144,0.866224032027992,0.872185069577754,0.878219563867828,0.881049123903997,0.884905513608283,0.892286161412812,0.888686051470536,0.893297518612202,0.896345655364196,0.905223377869693,0.901663359203506,0.905540945234022,0.911717570296332,0.927382177676962,0.925088763578274,0.913661911230298,0.918901745932031,0.910559681100874,0.914034827937845,0.906154910215318,0.917350980267269,0.919659628874598,0.913733048435385,0.909217587753779,0.911905511964659,0.912834956261489,0.92179034155094,0.916998638514284,0.918743592781494,0.920830064126449,0.920956941774943,0.919881826076992,0.913961635573326,0.915253705105958,0.91614680572039,0.919470537779369,0.9203512377767,0.910115295227461,0.913562898651555,0.931041588205124,0.928324146062272,0.928238145658829,0.924612918034646,0.918371455347485,0.932748570936084,0.938154952663935,0.934102949692376,0.940426610968461,0.933929861315324,0.936828569148404,0.937643361561371,0.938450872681629,0.937998497670921,0.93700270485799,0.929106410915177,0.938629853959209,0.944747587022412,0.946706615399086,0.947996222067198,0.951554552698607,0.951876755554335,0.959008468421288,0.94806556394657
0.34914203497213,0.508877638467658,0.593411993849069,0.689412310960714,0.744070478163461,0.782417302724127,0.791495961181661,0.78614881338573,0.801246412267999,0.812936432664124,0.827235817486767,0.821568484454424,0.839226936438751,0.822636815264853,0.828055545761274,0.827046061131206,0.824941524980193,0.818080416570889,0.821267345758948,0.825208066142944,0.845256142675205,0.865309787339672,0.859624154768624,0.844276962909259,0.85940376114869,0.848139968757905,0.855704145066866,0.858526436317184,0.86496655643346,0.876094994037425,0.895263970103629,0.874199772427019,0.882541908262327,0.882186210435876,0.865381899807258,0.887344668238605,0.882555952548707,0.892741930126842,0.894602992703369,0.89281798410994,0.880891996791263,0.886380608998229,0.883734452317065,0.887955178381916,0.90261931855016,0.895505230794484,0.890427781156743,0.893706459694965,0.885028865129138,0.895772242560706,0.908090287868751,0.902448320722304,0.898100164587318,0.897079067289751,0.887676154701495,0.883316466088614,0.883779710853036,0.893099719158914,0.906204160905559,0.917386367941223,0.915560439372118,0.916118254024544,0.912288201029465,0.911778897029693,0.903348974633457,0.908227409872193,0.904727190443368,0.909097188805922,0.919528686255624,0.913755935293764,0.917222843325492,0.917894248076925,0.914960780809466,0.904934151050734,0.898146752349092,0.8974539206161,0.909174253049856,0.912763574545273,0.921541355598549,0.919360566124352,0.91004917051819,0.930283326882802,0.926395596756126,0.922037475443018,0.931712769309518,0.928360645694699,0.934614001135124,0.932072323314164,0.931118956983345,0.930336924817965,0.933904371083005,0.932565016612762,0.930461744979858,0.932689403136987,0.934507079662874,0.924151864999563,0.923714140894968,0.930824174101981,0.941314627269715,0.942582482827846
0.336425746490085,0.525141786007552,0.672648797029046,0.748442226668651,0.816905592106536,0.883722858697574,0.91554480939152,0.953181877277646,0.958732238680392,0.981802333903896,0.996981032480071,1.00874642572326,1.00132613307254,0.979438055865979,1.00096349583032,1.00283651096771,0.984818393912951,0.999312367133411,0.98470864892109,0.993505330675196,0.991190126509918,0.997456620149252,0.995833468505039,0.997472049433148,0.997076182257281,0.979622846275696,1.00186894437872,1.01450418221524,1.00472166618665,0.991152664700625,1.007112971699,0.997891970010015,1.00168132028328,1.00459974848019,0.979577123032714,0.982350104543627,0.999282671162702,0.985865194500369,0.998139090889275,0.990734335564289,0.995220777213728,0.999888939308363,0.994940102312346,1.00097976111879,1.00380730839905,0.99249723901341,1.00098148289375,0.996374749193785,0.990073032486954,0.993205858727721,1.00949592363157,1.00650242145107,0.99621289755517,0.988469265814025,1.0074913501539,1.00948508349372,1.00506031289632,0.999219617614531,0.999867268920507,1.01470457594589,1.01482307463802,1.01193288152159,0.992915187479441,0.998331163071275,0.993916065896774,0.99060896611599,1.00400666541054,1.00146758956416,1.00503702250997,1.00450073803961,0.996541661199222,0.995712941797102,0.989376372665726,0.974722692446673,0.980764585605642,0.983197131520946,1.00815208420193,1.0219567719632,1.01310386388778,1.01023087730378,0.998222639490768,0.994564897225944,0.997783035456122,0.998297710304111,0.996263897882253,0.990635325715909,0.988405925944908,1.00382243516687,1.00071739482418,1.00391633428355,0.989275752467469,0.984243889897934,0.984474565302166,0.995208232795363,0.987233867945476,1.00544015322,0.992840844570443,0.993479171024053,0.988057308766165,0.984869133072364
0.264583209790671,0.46601583670965,0.650779446832738,0.780290934338781,0.880376713562999,0.892876984635283,0.937601626693333,0.971799317369915,0.995551402719766,1.01015796999465,0.987315120649858,0.990113820951861,0.971321391251057,0.968641762961756,0.973227808578912,0.965667091999509,0.952695731860809,0.979622311843256,0.981691409432575,0.990095907538852,0.978091819867352,0.999288803909875,1.00640995180571,1.00868820616452,0.986628564492472,1.01285358429403,1.01579987054209,1.02259992430525,1.00530616140481,1.00775789381112,0.986461140942697,0.985886118468512,0.988715912090966,0.97978802214369,0.971118933606566,0.96948459960312,0.992563086406837,0.98291759425003,0.99382412385494,0.996768079021256,0.991490162544966,1.00160405283938,0.984435830262473,0.991392447481163,1.00807865137999,0.996427693574875,1.00808629784451,0.997613906114356,1.0001285190651,0.980767061210679,0.987299059934067,0.982354688486429,1.01182388780522,0.977871024093879,1.0051378122023,1.00552689355747,1.00271267171771,0.999814039215259,1.00210672143378,1.01602431831635,1.00102421361144,0.995641622272291,1.00186329547952,0.998491918128664,0.984539334368127,0.978866973000253,0.962217727287154,0.991294957586824,0.993870815557272,1.01711390516051,1.00647610129451,1.00615793775465,0.987106562968042,0.999927176518511,0.979080226262532,0.996192114196883,0.994738695456786,0.993622866964961,0.992108547175276,0.99866665037457,1.00317146078704,0.971358411045222,0.966785151829424,0.96645943629419,0.984237967489952,0.998081268003258,1.00566448976739,1.00465178169785,0.980797712588509,0.979264441346042,0.982095438790049,0.97186583449237,0.994118458462015,1.01655544465526,0.992189950013675,1.00665838024456,1.00494833807399,1.0015079749349,1.00049644994603,1.00894165733809
0.275314606375211,0.396728918972283,0.622235746696076,0.702187956046168,0.7943414217597,0.848310961682776,0.9014816554655,0.942514618625873,0.987831689943042,1.01168768138683,1.00529434277105,1.00094706605991,0.994090872887185,0.997210630893343,0.987183683701156,0.980375720053322,0.99156276026248,0.999300941957713,1.0197107099406,1.02283893526562,0.999520691854314,1.00706618385963,0.99277888441265,1.01045261873347,0.998625692120274,0.998068375966918,0.999390264238058,0.992804883275414,0.993714442334704,0.990961785962227,0.975661379011663,0.977547655533245,0.984549285556635,0.966906950812387,0.999758970465335,1.00190564438167,1.00875767113653,0.975443085348506,0.989559716020725,1.00791751442348,1.01164391493936,0.995682909488852,0.991515048029126,1.00759399457334,1.01005880736291,0.998141331051896,1.01305242346465,0.99546275300093,0.990534488592127,0.989244498939853,1.00749977610173,1.00335988408646,1.01145133089034,0.999798639730613,1.0137508124427,0.98868212471884,1.00653684877419,1.00795629347188,0.993145559548452,0.987040406287746,0.980986178730374,0.98134197470921,1.00802183480522,1.01723189352699,0.994622979241934,1.0091797289701,0.995345749174888,0.995654362824441,1.00364061576986,0.993496220549384,1.00722630007402,1.01041198641884,1.00063763337063,0.99186341769723,0.994429477424222,1.01284288032281,1.0015227789896,1.01112986978077,0.993934781372544,0.993722456362464,1.00246311879761,0.989649974775088,1.00236081402468,0.990888892074229,1.0123204062313,1.01278327899081,1.01159039011412,0.994009003929833,1.00190197895957,0.985363969039739,0.966998447175996,0.998036872101607,0.990276389826215,0.995147027456979,1.00634204323016,0.991170484645681,0.99515711420784,1.0036438792791,0.990730650713413,0.994468535922784
0.332722204201648,0.513729356177474,0.654674183031074,0.728883901302504,0.865497902408482,0.899789097290965,0.925926108637359,0.947392994189994,0.971750139156808,0.961417353596449,0.978772041090053,0.957085349779343,0.959028995893366,0.939392941973384,0.969816631521199,0.942719970366622,0.942660337148735,0.974791331122612,0.981577916343741,0.986003733525989,0.994962696337068,0.984783935885724,0.984001023175498,0.971335874769361,0.987447452463101,0.977125990542821,0.977218809052259,0.977078185713695,0.992676611186609,1.00928192270154,1.01524775854473,1.00602374313016,0.989633908568537,0.992999840842999,1.01185385151585,1.00371911149804,0.998671660301926,1.00224334458934,0.983099031579828,0.999448686234468,0.999159147229595,0.985213011506072,0.988951861633713,1.000531271381,1.00252922198137,0.992951634137188,1.01277378415512,1.00172650432189,1.00207191448893,1.00437665917573,1.00684588870627,0.994515505744605,0.985000304172637,0.995652669786124,0.993197197937215,0.990410938969848,0.989212619081817,0.990478988955135,0.983871099287483,0.961955315931021,0.986806292872685,0.981036983345442,1.00276347937228,1.01889887329671,0.989652159256288,0.983549577907762,1.00262231142668,0.987411846651905,1.0024275032949,1.01177447272044,1.00899807533589,1.00005133219297,1.00671890954472,0.998074305130919,1.0175983034004,1.0084523185906,0.986739800438887,0.998464344100839,0.992855909828961,1.01157537043012,0.994869283688595,0.998109961078298,0.9909670917255,1.00499683173517,1.00146565661274,1.00921354852176,1.00446403102784,1.00186637053113,0.999843880130909,0.999542938451759,0.994965264411538,0.99058344786151,0.99843958832769,1.01712946655636,1.01282938595038,1.01276569157404,1.00803649955899,1.00524937962794,1.01239651016201,1.01612529887447
0.389863865696078,0.567083986260913,0.711717013511126,0.790024946339001,0.846370810900157,0.895375960637197,0.921999731416062,0.954513396835215,0.96869623057571,0.965698782251447,0.967940234494611,0.973151496408673,0.976555876318953,0.975343086485654,0.97099625942789,0.973009032905278,0.962562078207068,0.984015419937251,0.995810932967823,0.98479688231167,0.988252685402213,1.00264289069404,0.997164880275164,0.990511750153493,0.994826024426562,0.994876653216925,0.993004566599851,0.993201583699146,1.00179469049205,1.00853675596454,1.00283894602601,0.988207613631093,0.992278932385948,0.997103942144747,1.00195292120778,1.00417958649709,0.994509179451932,0.989105796087589,0.986635505475228,0.994385036141646,0.994905761752898,0.997514989132798,0.993672972844225,0.994137229349165,1.00195791830861,0.991784702318847,0.989770491689452,0.986798366331342,0.996237781087408,0.991241716894352,0.993225799003624,0.993074955937839,1.00693363461719,0.997082989586998,1.0059104215464,1.00530978966589,1.00079343463283,0.991033201245661,0.985456688627396,0.983253608316386,0.993211336160948,1.00423918258214,1.01039912637497,1.00784120374546,0.996678184682702,0.987100878914301,0.992703601743992,0.995344075730468,0.987159103122491,0.995298653287645,1.00390067540885,0.990381977803066,1.00985558769846,0.995337370597576,1.00729631978829,1.01015649147725,0.997373395050193,1.00204380022837,1.00047335692004,1.00009895221616,0.995545504213668,1.0048369545526,0.990416532100729,1.00727092494531,0.996922340628945,0.995222035214216,1.00680147026918,1.01189905502943,1.00544287929381,0.999179943499631,1.00361335631928,0.994330218094714,1.00276161520037,0.999718227713437,1.00685478425865,0.99993193906959,1.00722051347173,1.0103429533269,1.00714538626996,1.00215906400134
0.409756555763271,0.630484503001105,0.765541630138133,0.842873456725989,0.880668600746962,0.908958190933174,0.937522341695665,0.970519425639077,0.977050993268572,0.969853815004932,0.979733431146223,0.97007081532542,0.987211277844975,0.994517120256671,0.992371767573872,0.987059458317824,0.995464608996199,0.994337213903262,0.995041678822841,0.992543538014703,0.994718956211165,0.997598410834631,1.00180330540028,1.00704735084017,1.00539473882666,1.00398707890827,1.0004455414618,1.00594178796591,1.00727000228076,1.00316441879189,1.00268390833024,0.996109775602516,0.997381910363291,1.00145878587153,0.996145605269503,1.00330539722097,1.0031451063623,1.00271095004255,1.00812814878379,1.00090107416022,1.0020359862253,0.999497875612288,1.00084588182849,1.00336416070927,0.995869050237852,0.993315316834689,0.995096543869428,1.00352582997354,1.00642562623631,1.00304737486762,1.00053546985447,0.99645109584597,1.01242094820687,1.00824191191959,1.00512307401952,1.00493809928189,1.00867288674858,1.00560513311279,0.997947156772198,0.999881657830464,1.00328690851034,1.00989944448193,1.00448109617887,1.00163165701984,0.985856306301455,1.00277456145399,1.0018352879005,0.98970121247234,0.995804356478397,0.999133138181086,0.997458190212209,0.993808357771107,1.00147100636095,1.00169027878143,1.00086047250307,1.00625713174026,1.0052907282563,1.00782614746547,1.009315964813,1.00863604727056,1.00089602110706,0.996327867305993,0.995851249382728,0.995156973016435,0.999638251046508,0.99834995650706,1.0018117600886,1.00114921375864,1.00362647604407,0.99886672605303,0.995478692067823,0.999250785176124,1.00585009864831,1.00322281734385,1.00550782890046,1.00084702510205,1.00084966666643,1.00373956139428,0.99836492416057,0.997700943745491
0.336312550562485,0.512272990647958,0.676986450197152,0.789786933973768,0.854153569540531,0.897577357396288,0.927303225492813,0.962004004905378,0.976941157834793,0.983403452292253,0.985877027438794,0.978772433757957,0.993770729685067,0.984550293635367,0.989909996107607,0.991868432668665,0.996820336798121,1.00385273324964,1.00104706903609,0.995581754031516,0.988808647209155,0.980292314407138,0.994091717194602,0.999529737678669,0.991535790889527,1.00094250969728,1.00360957674002,0.996582612494255,1.00173347815042,0.997026436931745,0.996073717746855,0.99974515376274,1.00520204974164,1.00625969468894,1.00065631082762,0.995935530229803,1.00135461101012,1.00005807281822,1.00261029390941,0.999870039152704,0.998873186977077,0.989421515047827,0.997367238631215,1.00406709602445,1.00551279682881,1.00470890537187,1.00555065853872,1.01191439375832,1.00998279180796,1.01295637551317,1.01578672421674,1.01311985738472,1.01275589256621,1.00927468003682,1.00928993071056,1.0045954380826,1.00257353665313,0.999826563900483,0.998940176232631,0.991472864768974,0.990719354112996,0.989718726766582,0.998534246855318,0.992696112243436,0.999894906110795,0.996310265196625,0.984560821844476,0.989977230540242,0.99940983331675,1.00543122129393,1.00417984206057,1.004154980749,1.01512987227719,1.01478370339534,1.0126695305534,1.00582508733608,0.999131360320153,0.994655860572747,0.998550113711573,1.0009812591447,1.00071294766362,0.996197178159559,0.996335069321967,0.991342852332005,1.00478885741755,0.998254581985941,1.00420348260827,1.00177828409926,1.00427038397611,1.00606559087599,1.00082823187711,0.999323068686844,1.00886954244953,1.01352997839729,1.01103728470162,1.01237858057703,1.00865722086911,1.00947902422703,1.00968784231317,0.999576916343028
0.149340000303934,0.333048182018259,0.493508675914889,0.621243934546391,0.700673962041175,0.771587129194923,0.844274445303508,0.885868993382326,0.903397135666604,0.957972235860287,0.951876827315161,0.95333981135097,0.978481147293126,0.968383133523951,0.979698569591132,0.997474672196693,1.00315680889035,1.01352729304064,1.00530729416128,1.01722515984321,0.981686878219884,0.96682661634684,0.968967746544901,0.997608975070332,0.985359103029854,0.983533086867953,0.999335412060693,0.99212529712031,1.01889044631521,1.00127068964818,0.981260659092005,0.986448238658117,0.993675403826833,0.995120418392125,0.981181313696622,0.996336770558408,0.989496678424498,0.993587108419439,0.989243260293637,1.00807611206074,1.00078829964595,0.975384085772019,0.968826093621074,0.994264957637237,1.00402316420048,1.00517879755001,0.980817157621042,1.01195667468084,0.972695171252504,0.966865810810078,0.989487091099135,1.00239786938693,1.0102637114733,1.00201170271834,1.0043546155958,1.00319155503724,0.991826236408781,0.999665372099361,1.01551556460852,0.998441835812182,1.00284336155808,1.01770541804189,1.01844126046775,1.01356490515703,1.03163095487314,1.01869471883494,1.02026623353703,1.0208380458975,1.00993114918219,1.01147147217553,1.01061644861815,0.9967631462802,1.00564854570823,1.00462933356864,1.00422934653908,1.0058996510215,0.976412555887124,1.00050509850906,1.00108124275136,1.01568967777555,1.02254005961813,1.01224268037171,1.00039457241065,0.999896462782467,0.990687522567659,0.983445813282742,0.967622336412084,0.971392783960559,0.983988341076125,0.973456670148693,0.9686804049745,0.996663133411538,1.00231013921358,1.01178289044036,1.02468599551199,1.01778584988943,1.02656145177276,1.00455510974591,1.01558869401379,0.970464507888338
0.243929945370919,0.380651692350658,0.494662089544982,0.629112265392049,0.739497793168268,0.802268960398258,0.821663327064154,0.888210450334548,0.88710842660149,0.903900442206525,0.946184294533938,0.935906679546629,0.957602561685421,0.9524051139832,0.948304332880403,0.974167838570836,0.956894511795757,0.962117902733099,0.965876973428186,0.946393233982894,0.971069668558049,0.96651187645517,0.985691641741929,0.959414905147803,0.967459046988754,0.989193579576622,0.987594065905896,0.976983858828188,0.984766897879445,0.981967468544086,0.966392410129887,0.971319467638915,0.989796617224502,0.988476213173993,0.984892861912372,0.97904469492741,0.970833012028954,0.973915239852319,0.960073589137269,0.956653025369803,0.973091679678762,0.992301159825704,1.00041684360445,1.00001196906661,1.00633877502144,0.990025554051015,1.00638470580278,0.992614177422114,0.999142314930682,1.00969524424477,0.998952944907449,0.987990385848786,0.993392815557149,1.00478697078002,0.997734104733633,1.00354737557389,0.987911902193864,0.97834090416513,1.00333370925909,1.00463608847832,1.00654630371184,1.00019682090265,0.993986205036634,0.998957619060133,1.0161572335508,1.01667668493512,1.01702344770352,1.01715435973941,1.01681000338218,1.01544376143093,0.999936754374279,0.998685861898294,0.990511569418771,0.991273435358924,1.005235327553,1.00347752193098,0.995942224140277,0.997892114758635,0.981493398460148,1.00849434663804,0.998795429752063,0.994531979094441,0.989382338180107,0.990691203491066,0.996381930272265,1.00114710337272,1.0042296017996,0.987820981594174,0.98780866324817,0.963295896684855,0.982614866413322,0.986137336250571,0.997647445705047,0.962850699271603,0.986546877632255,0.964687781741702,1.00437799182214,1.00047620324461,0.999098790445151,0.983571069612397
0.249106331141664,0.429630664178256,0.545463471391568,0.667457313048355,0.717983683084879,0.773338893284055,0.826866864734261,0.883026325952662,0.893488253860028,0.91766730030633,0.954011498576812,0.942620220697247,0.954201291418376,0.957066263435178,0.925289641479824,0.977498093012743,0.956784811026455,0.958720711201674,0.964504164628236,0.934631785529754,0.959422149124318,0.960051399296309,0.964636064891057,0.952981124606323,0.962219490652911,0.984139414279008,0.982655031210437,0.989951068814777,0.987512572187682,0.969900264913975,0.972662580472176,0.971758350116055,0.98383623896531,0.987523464086071,0.971877186573934,0.975654734591769,0.980239109160869,0.978919759684618,0.969931574653817,0.950659934604625,0.968396781220603,0.99638141034586,0.991957391188221,0.98761272166436,0.983694020041027,0.96830168146157,0.98786070745121,0.982110086563259,0.995878744290668,0.990078427444743,1.00290598885386,0.993571771626928,1.00155094090156,1.00341867253471,0.99954084260335,0.991178274477681,0.984990840865045,0.980182417400533,1.00671358463372,1.00523806353691,1.00792116591729,0.998696550618162,0.992737038508502,0.999848655437507,1.01551863108449,1.01022157739146,1.00214227975439,1.00953353251068,1.01366749353879,0.996369196470919,0.993135683743829,0.998288535969749,0.998854718402093,0.99092326189592,0.998235204590846,0.993150805800719,0.990871489373058,0.987780518148052,0.977815316584979,0.996248286224659,0.997085381900188,1.00665857065686,0.98949579827401,0.990747703249243,0.998395264921111,1.00927996181285,1.01113385083504,1.00386648627849,0.996862046413906,0.984415898379718,0.994866077513135,0.99555528478088,1.01209193253715,1.00588338670584,1.01409453310538,0.987427700167778,1.00584981775831,1.00272055897748,0.997088314820927,0.997101836537753
0.529881426357788,0.672429212686174,0.727685198737511,0.819048299433752,0.838203772254061,0.832512486629909,0.856216214957948,0.875451363129297,0.899763713700463,0.916924948026243,0.94177800626569,0.946609197419779,0.953053078019048,0.960693878764066,0.971292682034912,0.977331226699687,0.988078866669764,0.980145172394929,0.97590930779199,0.979977294850438,0.977093197482008,0.983384981081415,0.976482463426657,0.993212011103333,0.987868321946811,0.99749543529678,0.996291070938074,1.00495403681381,1.00481703872302,0.9883854172605,1.00312859320547,0.989412623207301,0.993515628815845,1.0018606913888,0.989482996064887,0.996085065675096,0.996691724546842,0.996796780591609,1.00441412008893,1.0025420702463,0.996023362823165,1.00166666272591,0.994111604923616,0.988594106274693,0.983178133184246,0.980810988756006,0.969316422568291,0.981090897588933,1.00218916549798,0.997629478666537,1.00483975489594,1.00417039376513,1.003334746423,0.997810716676253,0.998272451310624,1.00462720067917,1.00435409301688,1.00282848682019,1.00440939664962,1.00192826349073,1.00458535282883,1.00480962424727,1.00411444097988,1.00253704075851,1.00446499462801,0.99677681790963,0.981966609024511,0.99676542165228,1.00242871838666,0.992106706708374,0.998547086691553,0.996829396862975,1.00517156280962,1.00523430154823,1.00423018507632,1.00482780070184,1.0045757089576,0.996478360278164,1.00398896410812,1.00356989656868,1.00399491084474,1.00470410318454,1.00471412217806,1.0041378216381,1.00447743221415,1.00396862925635,1.0037352070044,1.00382384922725,1.00354443707073,1.00202144840496,1.00408173131351,0.993859084534887,1.00326139339322,1.0045385507431,1.00488413394985,1.00422176562852,1.00360650459044,1.00349108207286,1.0041429067833,1.00311330212646
0.358592761131359,0.541699661692294,0.66303438906887,0.752855626273364,0.811547840853113,0.857605070236073,0.89600705699741,0.915806622366763,0.920894233686247,0.920603961480569,0.945609130008985,0.955880833430842,0.961635106601625,0.957007224314666,0.965685253169455,0.962879280435501,0.977713494811845,0.977186907816953,0.977895492642677,0.976042031219747,0.972804344724946,0.974662921309758,0.976900653240426,0.978409577657496,0.98161068426663,0.983167474932771,0.980180861744216,0.983907632657369,0.988374421449456,0.988845334705798,0.992997551737921,0.992260915406575,0.984700896095871,0.989775064230822,0.982211496448629,0.981587931776606,0.980709547900145,0.980983096484018,0.980487731455376,0.980627928030716,0.989907570310842,0.986625342750583,0.995764503541929,0.997436169441659,0.993751848920798,0.990775638940346,0.998601138862126,0.98551437095153,0.996009804552496,0.998224278993268,1.00103270721646,0.992259062085542,0.998705192099024,0.996633232028275,1.0017260794612,1.00131300078098,0.995220463966441,0.999119349372818,0.992300252773491,0.98874456745621,0.990247604365988,0.998108870003784,1.00166159571576,0.997016516908816,1.0050403440778,1.00621987638253,1.01367304610252,1.00401030144666,1.00383069975825,1.00993219474011,0.998015034217754,0.98952529664979,1.00424033651732,1.00216713125475,1.00038213143737,1.01235575279926,1.00840132666283,1.00008879953047,0.992980341184034,0.990576520332675,0.988620475014504,0.991453982773425,0.986062028764914,0.984299440477967,0.983633018579538,0.982291084820082,0.983766759142355,0.991916575099994,0.996662292241189,1.00009457395085,1.00274872422367,0.995333181060613,1.00484628457494,0.998289486167189,1.00218302384729,0.998785053686232,0.991192301941012,0.99335062326262,0.997560662767363,1.00276201026782
0.398517474165038,0.592427597383386,0.733589103760644,0.801265669743826,0.883199346609205,0.912293761332217,0.936600236301731,0.958069522110111,0.971892536823605,0.979043741163245,0.982129572557547,0.989808444098772,0.990767274903656,0.992402475077184,0.992870119609541,0.99287996512593,0.993168435623638,0.999317715232526,0.990474135460731,0.99164150824144,0.984570862571398,0.990411375556996,0.996132937228942,0.994272485855495,0.991483854021823,0.992991623403001,0.999266015641678,0.99722313984063,1.00311901046907,1.00644269965801,0.995587597830578,1.00284033265616,1.00131492612475,1.00776465303476,1.00424479142878,1.00690100769149,1.00048141104873,1.00653162518032,1.00535868250793,1.00625990403587,1.00282630022597,1.00332706609575,1.00043025898213,1.00836645625634,1.00240581464462,0.997877096199931,0.993639160693337,0.993767991276409,0.993785784795216,1.00182158398038,1.00336348032962,1.00364960660766,0.998388950201676,0.9948472173107,0.996744241274562,0.999526874157446,1.00404370516131,1.00415789382672,1.00122983022737,0.995959035800473,1.00037224530887,0.999604642485261,0.997246917377366,0.99946526833801,1.00210155186373,1.00910555169156,1.00944014349791,1.00254167515149,1.00044580229968,1.00399569072309,1.0033579562185,0.99848429815101,1.00685795312703,1.00834374359946,1.01136382040949,1.00761976509642,1.00786494100509,1.00028296082998,1.00254159218281,0.987162311319379,0.990553348408982,0.995260432351963,0.995149089765839,1.0016092462298,1.00174476368321,1.00287987336088,0.995111637903886,1.00253744558662,0.99836382790296,0.998334422421595,0.993983040617015,0.997903603780054,1.00429633887382,1.00866799245621,1.0057809621029,1.00641340952576,1.00842807575097,1.0000819725962,0.993239249725756,1.00034665759297
0.425931485381604,0.619999491806423,0.748045079136448,0.822719459921101,0.880221493024412,0.921394377894261,0.942544413246636,0.961541795697425,0.968708501043866,0.977027792551877,0.979734824228499,0.984149682549654,0.992467756040961,0.975896499565333,0.99161429499292,0.999278157650705,0.996007611961456,0.999894118050081,0.992855997816818,0.989552270930202,0.990379423334487,0.98547658101299,0.983858098227962,0.988849268104841,0.984874579280335,0.98002251571429,0.990831539711223,0.991040961831534,0.994211566854335,0.993033392923837,0.99845668862884,0.99127725956663,0.991286771229539,0.990036915037021,0.993810879557041,1.00596447980771,1.00095001218403,1.00804246531812,1.00597051399917,1.00668467874463,1.00263626959536,1.01190305523924,1.01238026506142,1.01034217482736,1.0024673932804,1.00417278235006,1.00378304852186,1.00480356016494,1.00321230265549,0.99884674153265,1.0032271005627,1.00839153673331,1.00209626938438,1.00336850102751,0.998810015548697,1.00325277815057,1.00607660967587,0.997945726809031,0.993753087403709,0.993633636508625,0.993845917817534,0.993540934150316,0.98306692573562,0.995268921175415,0.987713280515268,0.995553332801902,1.00611093263693,0.999192052248264,1.01139410524378,1.00356123900409,1.00464043914899,1.00736130155615,1.00563104790003,1.00367158890334,1.00668167822342,1.00755256884233,1.00523342466148,1.00655367798359,1.00357093506595,1.00193144083983,1.00619136842962,0.999684688777465,1.00541853292146,1.00598418582092,1.00231668774029,1.00290521372913,1.00439710516697,1.01061746266483,1.00455432907063,0.993997389703751,0.997397449788173,1.00397945741657,1.01113916738132,1.00836777709971,1.01083898819812,1.00691341590217,1.00073389635796,1.00164176822754,0.998333346173609,0.995078536061528
0.294689109446021,0.488515165361954,0.592054258241267,0.697640793200694,0.791019588229533,0.868548547024688,0.869596438081533,0.91525073350965,0.936499874526506,0.945140747945163,0.943020150844394,0.947429290987795,0.947007008367238,0.942992069197064,0.962016698614229,0.951716790980202,0.948296870242368,0.963613326601699,0.962947840762857,0.963916503250593,0.979557869338141,0.980614644810808,0.9952946995909,0.991266228831623,0.995319689690126,0.990574015344006,0.990952217410981,1.00476620263833,0.987813828637699,0.997260905554301,1.00459187670542,0.993621908180067,1.00051880827308,0.991224855761712,0.986632373470221,0.997857834306654,1.0006732172205,0.995260461255571,1.00398369142609,0.997916784235992,1.00404324568228,1.0106265154225,1.01361144242979,1.01418712066992,1.01320887761127,1.007760794238,1.00159573609032,0.995864346544386,1.00329536642849,1.00104910482189,0.993419454098445,1.00292802197897,1.01353545738306,1.00301389228101,1.00941456793164,1.01214252280897,1.00441943272406,0.997640573792363,0.987809735405826,1.00172369862061,0.993597812183618,0.989346835363531,0.981057240289579,0.991080527282588,0.981593447852831,0.99380022543601,0.996141388033224,1.00265754445977,1.01821439480833,1.00908815717956,1.01367990121747,1.01453772857981,1.01975269235964,1.02448697805497,1.02060183222563,1.00991459447841,1.01160894576605,1.01315838378521,1.00548751654612,1.00481129449747,1.01758190035667,0.996959919947302,1.00236372623688,0.997425506388922,1.01529402254307,1.0003760980188,0.982277791820032,0.992597453673925,0.990655999857098,0.991405782900502,0.992173069020887,1.00299150642425,0.99410260532449,0.999850335819039,1.00170680797026,0.998602540111473,0.98767636611355,1.00584593886262,0.99937220379656,0.995845976205422
0.307110380696022,0.526781849784402,0.630737665721414,0.740929872705429,0.847397992805671,0.913438175482883,0.958448604346618,0.974224395887233,0.987711349149732,0.993649205982482,0.98329874648723,1.00047730931601,0.98638343726497,0.983819646012436,0.981640773071485,0.995060117261783,0.98026641379693,0.970807549583104,0.985373075429145,0.993653798855162,0.994445293560281,0.994748490446292,1.00001693223725,1.00540908497545,1.00064562037298,0.992494982464478,0.994835611738475,0.99343757687646,0.996627641722259,0.991400800218478,0.968083998772724,0.967924203409728,0.966241579057593,0.980781528636083,0.973648383847451,0.962028112716281,0.962678774359458,0.976560503534999,0.98934698276316,0.995040688564201,0.990424610026866,0.98811523891265,1.00554038358206,1.00236544576889,1.00772258850547,1.00058384187188,0.996793696692094,0.978051835271844,0.976621243190852,0.98573010027728,0.983815059694009,0.991945310714739,0.988033029467544,0.995203555760283,0.993633188194414,0.984849937340337,1.01548311590683,1.00286574988858,0.989496028062044,0.976204821875521,0.994682224345051,0.992680620309129,0.988554896956192,0.989946877401131,0.997121084718369,1.00757159472049,0.99567932288574,1.0024620443282,0.993374791035968,1.00148196269959,0.984732478827326,0.978519906666077,0.995691075262479,1.00547496032218,1.00404386597425,1.00286156369804,0.99381152558608,0.988641496696069,1.01145837242635,1.02261164858618,1.02413364925102,1.01782877217515,1.01689305073533,1.00204899626568,1.00975527107149,0.999075781620213,0.989355235985851,1.00354278621331,0.999116530116995,0.992884773502864,1.00133781194238,0.993364433448769,0.99672945834698,1.01090685688559,1.00775067508362,1.00274039021539,1.00293473063743,0.997867825651873,0.991090229856822,0.985944701583542
0.365501554931633,0.567101042608175,0.707719288770958,0.810694148999214,0.874699973201828,0.913211992012834,0.936306812481667,0.950943910601725,0.974502810689004,0.966193777415699,0.991049799639789,0.995904611920129,0.99890338230407,0.984495353417714,0.996677861972738,1.00132949933329,0.999681384474369,0.996488016266729,0.995887253144171,0.986603480697283,0.977724364390346,0.977505487691479,0.985411791084095,0.984125636036535,0.981536082859875,0.969236613688612,0.952096396205682,0.950650258411722,0.978121875508227,0.98407980675468,0.975238733393315,0.965842401089834,0.960877910146871,0.968892456163813,0.980555525856275,0.971006616874954,0.9838249556856,0.997281062393098,1.00158377572536,0.993751622620938,0.979881654468462,0.982298995396174,0.990369758954261,0.992457599531574,0.984328055736655,0.980993002873705,0.966663566872732,0.976354944457969,0.963170796310853,0.961245655685968,0.981225458284048,0.977882984100442,0.989137905776458,0.991433197785428,0.979257162804606,0.964798664322736,0.972819508476479,0.99565625440333,0.999054606032405,1.00036076156576,0.995497272773215,0.988585566861337,0.997157023900656,0.997129424079339,0.985260288917082,0.999603739328811,0.997131758914159,1.01040313385476,0.996910133137543,0.998684515800455,0.997260880529102,0.992461155434364,0.990618363257557,0.996569495473892,0.995336106419269,0.9986548250701,0.998676908506371,0.984691944427709,1.00644739571958,1.01013124787939,1.01668482713412,1.0100126710174,1.00106344938357,1.00622250113341,1.00759292420059,1.00416168765419,1.00283341003245,1.01262889983244,1.01286174730177,1.00475993890859,0.994075690906141,0.986141112179627,0.987305911649352,0.999165375673868,0.999228113217937,0.995202963023393,1.00049935477963,1.0064920852997,0.995013551916414,1.00273245699352
0.403938651007925,0.627731149739184,0.764580483087608,0.873298227224187,0.890909401481986,0.913226363747495,0.94120090584607,0.959081792520371,0.974700163051084,0.979704645573234,0.98373600916776,1.00173945105386,0.993316648907325,0.9919685932097,0.987940413840567,0.990783973683745,0.992520372645547,0.98793268122792,0.991686365678784,0.984126641653636,0.989780706797753,0.989484542057177,0.991436016268386,0.990739819045883,1.00023118011817,0.995838944898097,0.990802464198236,0.987792650493963,0.981011301721828,0.987258265484762,0.977486931322546,0.975506567419499,0.997079375899032,0.997867415475999,0.989486959987864,0.998583596860581,1.0020640314273,1.0001515797224,1.00309849213387,1.00740752806515,0.990356657574816,0.993971104660862,1.00462828410659,1.00863798379315,0.991236600616248,0.989243298031366,0.983122850099755,0.990911050618909,0.983875043473358,0.984710715046467,0.994566128128527,0.987579205853172,0.988388460330903,0.98838552459037,0.997420000834353,0.985607571600502,0.973764061321798,0.983417795952453,0.972574886445851,0.989333087154501,0.996074636822323,0.994206127076297,1.00218947678479,1.00317709467376,0.986231596199847,0.995240972717697,0.996529909967244,1.00098399567906,1.00759744801682,1.00643253218975,1.01555070572703,1.01378778801794,1.00781068210636,1.01171262201547,1.00166962990613,1.00378694753759,0.999649442028271,1.00113009042086,1.00549883134929,1.00853718997485,1.00805651053826,1.00226472097511,0.998694544221134,1.00164686111568,0.992058496388588,1.00307392665852,1.00225103532744,1.00630667764991,1.00411592600989,0.995048219138634,0.99901774235559,0.997589773857405,0.998281881105816,1.00694793120811,1.00645400593829,1.00727463666141,1.00390352639524,1.00616906580638,0.992942016676088,0.995537253499331
0.39902584433106,0.586268602509756,0.72917488394792,0.781119266531551,0.854033420644961,0.892947867725616,0.915350724680331,0.954758302324732,0.960089715099772,0.96673756262796,0.957493777140228,0.965925870094451,0.966469755949263,0.971460832258318,0.981064014897092,0.995225508413212,0.988010462532048,0.99273675726463,0.985935352238243,0.976080959349928,0.989514204494043,0.987413186243769,0.992947633812195,0.985681538126748,0.988216521287688,0.991866376006854,0.996648651400918,0.997134888274453,0.989567944715031,0.988959139619328,0.99524823043599,0.99870511833316,0.998657259858287,0.989004632775011,1.0003393703544,1.00548616254833,1.00530413059893,0.99364836834128,0.998196669294872,1.00842522654726,1.00129780033278,1.0018278018015,1.00425763351441,1.00457623133729,1.00242164516748,0.997808844196882,0.999466336054208,0.995181241001719,0.991307857603196,0.989710684069423,1.00795671346734,0.997365691949797,1.00883222337503,1.01290149297146,1.00901404750788,1.00528307017588,1.00016477898841,1.00108139196144,0.997289704036097,1.0003242379021,1.00064005799754,1.00604783635826,0.985686419995068,0.98333122287681,0.993147727352079,0.988085550778847,0.991388835915672,1.0019679991005,1.01155685338314,1.00355338359638,1.00735857487974,1.01025473837912,1.00177587548029,0.995161121102691,0.992787625656175,1.0007290665703,1.00491486640591,0.991882143465443,0.984606652854499,0.997585147828888,1.00409647500728,0.993035136210863,1.00669082247494,0.994805758412533,0.992065215959968,1.00541820553291,1.00019634924477,1.0043560272281,1.00632587179877,1.01244806330961,1.01093085766129,1.00815482470958,1.00356763143238,1.01669794230133,1.00386700418377,1.00105814325493,0.991761981069035,0.994085536340695,1.00755194302803,1.01002017095235
0.30367730929539,0.540559268886203,0.688848452377703,0.822029557944479,0.878335920912074,0.929484602367297,0.947524553363236,0.96969511713627,0.995360890586555,0.979346080662227,0.99372036980229,0.986480309662513,0.983539759542953,0.998006290443935,0.985589289176664,0.991120848657969,0.995473782571331,1.00210075802149,1.00140057624321,1.00287503085938,1.00541541919776,0.993068820475852,0.980804116577421,0.980518164947846,0.982916395865915,0.986702532373107,1.00163681437149,0.99082794919668,0.993087765524364,0.964116420199527,0.977770683865995,0.980063986262647,0.987534225696658,0.990174788572352,0.993944158182326,0.987508525261388,0.984872856666983,0.995968981157918,0.99450586295217,0.99892680643426,1.01723489674735,1.00056688988708,0.984448305812649,1.00291453945439,1.00187344773104,0.993880549149819,0.984409193382844,0.986954893823022,0.976539146928558,0.979883109646589,0.953953953194835,0.980195830457887,1.0071293037625,1.00578630860559,1.00382320850469,0.992824666771203,1.00157190349324,1.00805182501976,1.00770093866955,1.00634469760222,1.01747536563247,1.00793066462174,1.01248736062051,0.986910483508072,0.98901407552466,1.00321634403372,1.00307573903026,0.998726469747448,1.00162491919213,1.0236968229202,1.0116292866392,1.00567403195189,1.00265567709693,0.997017886443401,1.0086947797553,1.0031453871317,0.994473749814871,0.984880213934175,0.99888873821197,0.999990206661646,0.989192641322134,0.993003020009246,0.986855102825999,0.987911163200035,0.985475258300777,0.99732304575465,1.00679244354249,0.976911193481295,0.97819521942975,1.0066905263872,1.00920496985422,1.01128013064471,0.992200491778376,1.01256156714124,1.01660159055475,1.01241766922541,1.01750329006831,1.00453364606662,1.01493319906427,1.0123603572494
0.316266766149092,0.525598380574767,0.661570836774798,0.730468576831547,0.824686116838704,0.845399359158271,0.91329690757209,0.928282312331288,0.983891875403843,1.01287193320378,1.01116496347112,1.00309055398351,0.992572047502449,0.988460196857283,0.978168166623546,0.992299431610772,0.961739003713867,0.986682579136351,1.00189496544727,1.00779680559806,1.00257618032789,1.00939536900959,0.981042015115974,0.987551329121183,1.00571797092154,1.0180479213146,1.01872574289756,1.01462064889984,1.00761517327129,0.974348634888998,0.988510768141744,0.995161039234804,0.993478640097855,0.989913197892407,0.96073756982149,0.971228420147055,0.981450954813822,0.978621297172144,0.99105254401728,1.00124922714331,1.00656089874437,0.995181618283916,0.981111761217243,1.0030761929665,1.0053836202,0.955114335065571,0.975676590752493,0.972874464989228,0.98823279479404,0.995686850612409,0.975217855762971,0.992772942657014,1.00711977948967,0.997382418347153,0.997292440660681,0.993567318547689,1.00222556238204,0.994428587043364,0.994068741620667,0.999772361914505,0.992036551452499,1.00123787386666,1.01770212331971,0.991948498165718,0.998848342233684,0.991719442430414,0.998060074576229,1.01146160524179,0.994048192011614,1.01673156514053,0.999040803882024,0.989934196915887,0.989943322438504,0.996741716981688,1.01466467990256,1.01793702690627,1.016580724272,1.01362568433737,1.01446387754679,1.01204657124656,1.00625108929402,0.989391652288734,0.99936001753419,1.01354019311115,0.979296511826624,1.00340380747533,1.01718756753504,1.01577430350187,0.996890590041921,1.01522701811267,1.01764425117172,1.00802939219762,1.01743534206847,1.0163636734308,1.00658877670205,1.01854718445637,1.01258053910943,1.01522524780053,1.02020936036071,1.020319830151
0.259796913359739,0.481762472490785,0.621231569948415,0.66375653468166,0.755431253862785,0.803317216643354,0.831946271805529,0.87999549477747,0.921788855086623,0.960322984592173,0.987032074151137,0.970667480172235,0.960206803072802,0.965755420927602,0.980744720995498,0.987196468893084,0.979917335064993,0.977381499697428,0.985177038451044,0.989924074040917,0.992487259174994,0.995772916777492,1.00111420856298,0.987429947509459,1.00841907462118,1.01830441377379,1.01782332224159,1.00946505898447,1.01015342916439,1.01287205876597,1.00014361323865,1.01169278042664,1.00880219766862,1.00675022647916,0.999166507106891,0.998734623239358,1.00143940610846,1.00462088292292,0.9968375983529,0.996484857893823,0.988486093299666,0.982578816376028,0.98997079125392,0.978262104501557,0.985703664344758,0.986948683302806,0.979410386779817,0.97517735815687,0.961851130819882,0.979133600356783,1.00407192466778,1.00994267577651,1.00619731896935,0.992452704790926,0.981629997693513,0.992535065407842,0.984790288529037,0.968021586029989,0.982637754441638,0.961106071109375,0.969494635629183,0.978310943705766,0.984098031385951,0.995746348299061,1.00371771795932,1.0033360656317,1.01073452670903,0.999581117227737,0.99178335457279,0.987131169597664,0.956943221929127,0.965013446689163,0.967367407978942,0.939608136784998,0.964125925818287,0.965472171224941,0.982405728114405,0.995825757278382,1.0043705863898,1.01186605727819,0.983214092539257,0.971088309444426,0.979211920400788,0.982425858360854,0.964680777715856,0.96906563810668,0.969357261234109,0.980555846421541,0.962041784164751,0.973773665169751,0.976507019644453,0.991723389227993,1.00456801580683,1.0037073499688,1.00656811002299,1.00918834193643,0.990630306453135,1.00233209841987,0.968671879855724,0.976799722770551
0.269922446243243,0.522331465648264,0.659292375428025,0.751865045863235,0.833708118027578,0.914171615468264,0.915399263787429,0.914031178114495,0.948896765588155,0.972103748046348,0.977191679304451,0.968990612810423,0.979641654425665,0.994021488183727,0.990899413196051,0.994804155217246,0.997515418283079,0.986179638286399,0.986461369580461,0.969112457240628,0.998496063866708,0.999779827347878,1.00432787825469,0.985045907957475,1.00181569130407,1.00615870691872,1.0028517377218,0.970723932454991,0.986708354314912,0.995162286366443,0.991841552804353,0.997075037730947,0.999390231114803,1.00963947741599,1.00522418943779,0.994007118551988,0.983763429620169,1.0087621784162,1.00226705515881,0.984164155810773,0.966787610202149,0.980371728472455,0.995644448931596,0.987727764931452,0.994820349389115,0.997076590439613,0.975591945710092,0.954976645084393,0.961590251580884,0.994378407410352,1.01660682384788,1.00652080524123,1.0067253041209,1.00544895997724,1.00548488574079,1.01326943266365,0.98818331971479,0.991076002693971,0.993606492991112,0.995670100299709,0.993680143331358,0.990705338132501,0.989550534775136,0.989627604435549,0.990247268548849,1.00185490097552,1.01115475255976,1.01180699716189,1.01291128158072,0.99493992159137,1.00090555546832,1.00479966965357,1.00505825561202,0.996644353009275,0.995106415177223,1.00270893152217,1.00304217596332,0.997602627211861,1.01224624341641,1.00682582918725,0.996241000756673,1.00373985054963,1.00138152693299,1.0044975413895,1.01214682215056,1.00283513486642,1.0045972063216,1.01514041030947,0.982418967903692,1.00530875202331,0.99071207709061,0.995665823938042,0.990774934577713,0.980041437295993,0.99733944718323,0.986697076078056,0.98862415111798,0.973285503197074,0.989859574722351,0.9755078715231
0.293283311559735,0.476088412246544,0.62759672940581,0.747761885527679,0.826626800670766,0.873536899015876,0.924715921546006,0.95287745188418,0.961388358987506,0.961895629776268,0.970021522936223,0.974394416293635,0.983525555906298,0.980716263575031,1.00214959050282,1.00394510507317,1.00336358869432,0.998250923664666,1.00358591866447,0.993843131961709,0.991349231273366,0.985309778693842,1.00241496863732,0.996639248361169,0.992280581278835,1.00529663042754,1.00784937464873,0.990030571086116,0.990271853813986,1.00839889134701,0.985627135494867,0.966629634272502,0.992613361125807,0.996385498058882,0.987394171966401,1.00693284703874,0.970709492944773,0.9922177063008,1.00113387570188,0.999068738444057,0.99220759818175,0.983228979841758,1.00109757432465,1.00152548280066,0.978472184847976,0.975085117466711,0.964418955077562,0.976125114073517,0.965865693607129,0.978438880075319,0.989318859296415,1.00665084381397,1.00962786104492,1.00223793577059,1.00134937097726,0.993791340261807,0.992004832554973,0.978678891243989,0.97960204573022,0.984393875622526,0.989336245612459,0.982405557577486,1.01017401718188,1.00454878592632,1.0044888712698,1.00286876854342,1.01076030712727,1.0090548405314,1.01293079199892,0.999732575728375,1.00386978766525,0.997787772539955,0.983708301928333,0.978719571133169,0.983113522063603,0.998535211067166,1.01445409066741,1.00051449202131,1.01321958281471,1.01652608464344,1.01316460136483,0.998133982792489,1.01014088544602,1.00546675910241,1.00620985628911,0.997655517443747,1.0037837689791,1.0068745108619,0.999004851757375,1.0063249921592,1.01887220251258,1.01761332579971,1.01213524539408,1.01411552996603,1.00742724305544,1.01237604891916,1.01626178079839,1.00956005255485,1.00060685720012,0.983619143618401
0.437050728437353,0.629027172515586,0.741639019893609,0.823849165178605,0.875404832482274,0.893494687811205,0.931437626520565,0.951960105659667,0.966244085265664,0.979805442708294,0.976173168117656,0.974479509154691,0.985686789281273,0.993413186882974,1.00307959489549,1.00407591217334,1.00169454989948,0.99544670183843,0.986711635719325,0.995639492511083,1.00134439829231,1.00488329670351,1.00453650311758,0.997374365480302,0.992611024532413,0.995897986237545,0.992180473598626,0.986737039341325,0.994279354223138,0.998057815297641,0.997643993980661,0.994832901450746,0.99337256033247,0.992497563070444,0.995004433404863,1.00252884770781,0.989527470308508,0.997566309806211,0.993387166961036,0.988987718576546,0.982971530648827,0.987531905091171,0.993863383982157,0.996281487416192,0.996955897416047,0.983686187040067,0.992170877207778,0.999961968181978,1.00177266135394,0.996203409337754,0.998337047533954,1.00368479412495,1.00395582122397,1.00039370061501,1.00096137074884,1.01014101660964,1.00986699570908,1.00037101118151,0.998205263182759,0.995719027632608,0.99554792084065,1.00274601358704,1.00380221656238,0.99040475112724,0.991039099200218,0.99825571853461,1.00276145981638,1.00510885341296,0.998791481964775,0.998062839827824,1.00143229864114,1.00403195651708,1.00148809581533,0.996478371553988,1.0001311894217,0.993411046626717,1.00323367981737,1.00592539328486,1.00705037029785,1.00278569670491,1.00445725446978,1.00052884508104,0.998257924469209,1.00192089424597,1.00622450533591,0.999598380431752,1.00046571179986,1.00908403425805,1.00998304431971,1.00375603794653,1.00586531217004,1.0024708804195,1.00526242586566,1.00437359706338,1.00011584200239,1.00463508974744,1.00538019117393,1.00392550174499,1.00153746380787,0.996670525474824
0.394635313866882,0.584852342674418,0.725503830855427,0.810812966125062,0.858057128467687,0.899002002570291,0.921030708245887,0.941914025290976,0.946802332310786,0.969400973103278,0.973405005939278,0.967698238824359,0.982400972386048,0.979605132231654,0.977699215233016,0.990649777865085,0.990702854429641,0.997015288769729,0.992410093294179,0.993972401161826,0.992153174235324,0.98360784822811,0.995584061209518,0.985042662312097,0.990354564327611,0.999117364971738,0.996901210535499,0.992355953151572,1.00296458189195,0.997357334614837,0.991725350631602,0.991684882802641,1.00197335872355,1.00205058424043,0.996959026582142,0.983770078394345,0.995441934512682,1.00325850691203,1.0063614144906,0.999115903931992,0.998231810799288,0.994012297792512,0.99816199160532,1.00011532055702,1.00345391794305,1.0019396113075,0.996886547714908,0.992502218806602,1.00045695567336,1.0047539107862,0.998529450175012,1.00198638747836,1.00549087432228,1.00999311712985,1.00201606584944,1.00507941361808,0.9969353637438,1.00923188227422,1.00502430281231,0.995815687652752,1.00462824108071,1.00733895871828,1.01126593510792,1.0033565197968,1.00224998002329,0.997976053502543,0.995633556155504,1.00181551285816,1.00327038839409,0.999336544045788,1.00280891348304,0.996154053405092,1.00228567363086,0.997850351175005,1.00402779002446,0.999021840696405,0.99907174736992,0.996849329001929,0.997721174489959,0.998030090327917,0.997068507999423,0.996826110801944,0.991034270773672,1.00079611067207,0.999186929917232,0.997369998299379,0.99786714292795,0.999953266190516,0.999790676776894,0.98952060050748,0.989034713830996,0.985385437717449,0.994043066210286,0.996738649131641,1.00408430110729,0.99559487799688,1.0016207102279,0.992805545017366,0.993869828254277,0.995613629805432
0.328140048968788,0.516986117454262,0.630860776012133,0.732144575688232,0.819830241606997,0.873476605382907,0.906404850625359,0.908881249703732,0.919007350200099,0.937739940211989,0.945162491637545,0.953733124671172,0.970033884247826,0.960031230600453,0.958032858669781,0.973811476962596,0.96472358847421,0.96498471324378,0.960274340018411,0.973114577597749,0.965986277664985,0.968467928982947,0.981324520759471,0.971120791280654,0.975595441038896,0.993333442907986,1.01029735375737,0.997500130754117,1.00452586933652,1.00139118119544,0.994797162006358,1.00072023377679,0.995313658769645,1.00369548629392,1.00340343278983,1.00340040364382,1.00499484996938,1.00037783467334,0.994134314197349,0.999903714388256,1.0017297911627,0.997262025810699,0.99227462238956,0.997952135481705,0.998087642843321,0.998179606968164,0.983991221714416,0.985346933414208,0.983171151854209,0.990929584553,0.985724045186624,0.99084456665223,0.99486734456379,1.00379452152581,1.000034588709,1.0038295044366,1.00906784632623,1.00071427822909,1.00123823010984,0.996204463354517,1.00291250709685,1.0080584584798,1.00717814983032,1.00287761407274,1.0079945115483,1.00121034030209,1.00127937395519,1.00255885844125,1.00123135820862,0.992407435986571,0.991404546900813,0.990016915482509,0.992812362858759,0.990499882617435,0.994123523523903,0.993776249308507,0.993510851997013,1.00029545387008,0.999809617559952,1.00194701374579,1.00802727001882,1.00525203288199,1.00402281241725,1.01075808829615,1.00784705299825,1.00444959565048,0.996756193158379,1.00745462745999,1.00025376973941,0.996486090666862,0.997474682870709,0.987463298077461,0.99087083936219,0.985884757986535,0.997236478917495,0.996144571486253,0.999036418087026,0.993571989538934,0.998201353658578,0.991941315840067
0.277202729329727,0.424474138691953,0.506796483401517,0.620397469274577,0.68273294373483,0.759261319599841,0.79296055651996,0.871055511072099,0.883122109625542,0.909910964441847,0.912902807228942,0.918295001799542,0.94391352241231,0.938471420275962,0.936062901117831,0.97358306822885,0.96602571186724,0.965842258183333,0.975689397259289,0.987399504446631,0.961730858369003,0.981530653184466,0.991020846136993,0.963780292829848,0.989511019122772,1.00131116982703,1.00512700985386,0.982674199480809,0.993612270623561,1.01318914836974,0.988162680357427,0.993048081717356,0.995315971687479,0.984142764454233,0.988385257977699,0.981674503402699,1.00163278810995,1.0026224717674,0.999927820929764,0.993275662491634,0.998649648688979,1.02037895771388,1.02109400408925,1.01113502605961,1.00895018542166,1.00727468691119,0.996890116795621,0.981873559829078,1.01359912429232,1.02052664869807,1.01836885613358,1.00455386931281,1.0076068258332,1.00200419768854,0.990878145887597,0.988067880042819,0.979699337992668,0.989833718516491,1.01228531342588,1.00907481533041,1.01277670163277,0.996572706663835,0.985778586633839,0.990428598250596,1.00110531123089,0.989119031009085,1.00115804723792,0.995098065480594,1.01229088882397,1.0160566085279,0.987366929053347,0.975262267083902,0.955460222099671,0.956473380356827,0.969448484517478,0.979215671635512,0.990641317929955,1.00759829760063,0.99680708810252,1.01420410360915,1.0102002858844,0.99926572723917,1.00405363108497,1.00808581158367,1.01712746748286,1.0159002967802,1.00738020871087,1.01376091430114,1.01683571656952,1.00781076995244,0.995769499616383,0.995967477380128,1.01575017862836,0.997876792151317,1.02252613857076,0.989639959873292,0.989798331798387,0.984872412117391,0.98997534399041,0.955967248750515
0.230207060496064,0.424894872202029,0.553592685975716,0.6840572472367,0.704719884117585,0.750480218774618,0.829109218402842,0.865321386364144,0.888345683116591,0.887649363446716,0.907918953557659,0.898617211947576,0.902242187343881,0.921866928925877,0.93142723002288,0.981384933523506,0.979318417218502,0.980172423899342,0.980072118055154,0.971760205910722,0.966400622638004,0.9759849737998,0.984377010983316,0.985780413197186,0.998027450592243,1.00105213935009,0.998187082012273,1.00345757802193,1.0052601888416,0.996236110858475,1.00453926062665,0.994020101566521,1.00255391592824,0.991760399477,0.990222704428079,0.989755352889324,0.995540527328052,1.00439920407025,1.00467707161535,0.99075950932998,0.989945587875034,1.01104231840528,1.00169302296255,0.996493508545924,0.995224166608868,0.980970973174491,0.976357027024234,0.985154466446586,1.01206004360577,1.01270214631738,1.01177577197431,1.00444798727909,1.01188985262896,0.997396334652816,0.99168168976832,0.990082591738199,0.978650353449337,0.983776347263856,1.00370316180124,1.00024403130589,1.00493475320133,0.982711160836875,0.972420025443528,0.989363829004439,1.01453952927832,0.997808619895431,0.987077031539535,1.0069607211387,1.01035385044002,0.994937910432347,0.989148462707525,0.985666153118494,0.983653356163011,0.967537576587566,0.985182056810356,0.98663903675364,0.991253665929636,1.00585585354838,1.00165746112385,1.01118618495639,1.00337633492085,1.01233824495632,1.01053427000324,1.0098054783757,1.01058008268841,1.00559247812571,1.00714558583892,1.00673965284169,1.0067395743772,1.00487700297706,0.998051823044441,1.00140064969992,1.00836751377139,1.0122942141263,1.01182541560699,0.990382404568456,0.995602683223483,0.982781389478181,0.97845156326342,0.991268518960961
0.515637069203099,0.650777058730943,0.729050561270563,0.803575468802015,0.807900064548657,0.835531989241257,0.834775325161919,0.89046204558573,0.902088443734544,0.905083087017583,0.937534733030526,0.939528231598749,0.930879756445811,0.940051568278756,0.951219507260383,0.969748369751442,0.988489776871898,0.975113103872842,0.973229403465422,0.974535448934582,0.973348661151428,0.981669036310307,0.971536723808114,0.99200687634065,0.984207209824005,0.997478356655981,0.994372507415048,1.00467204791462,0.99635362242645,0.995955734434015,0.98831507905681,0.979505395818384,0.986310524492451,0.996194507975268,0.973164748401725,0.986773252785895,0.988759936239452,0.987106319963826,0.997172359353029,1.00361386192188,1.00373860112298,1.00402374090715,1.00375062615676,0.995947764880986,0.988150921750346,0.996090782656976,0.974976995041596,0.980336728352804,1.00348385240509,0.988776210182242,0.996722370487654,0.997288829410318,0.995891946693962,0.997307192528957,1.0044671546272,1.00594557218628,0.996614671090842,0.996112472626518,0.990086850743824,0.995895699705439,1.00380839229957,1.00531260270531,1.00472820105176,1.00365148976085,1.00541584073789,0.990021589840884,0.983768444608578,0.997196164229591,1.00274619573499,0.989068544332821,0.997145970794236,0.997268687033776,0.996423732500633,1.0058151208441,1.00442206640917,1.00489217908132,1.00553557506981,0.996596437497331,1.00434943330816,1.00445727384479,1.00508780496152,1.00575175590236,1.00561072189144,1.00525776670174,1.00490609884583,1.00521771276277,1.00466197117869,1.00460769343154,0.995403155872514,1.00186446342951,1.00391065923941,0.995284702338668,1.00324125385628,0.996798117119694,0.989592422926904,0.995359711063684,0.997614389004952,1.00406001743317,0.99765483506777,0.996713664881003
0.26551016715605,0.482066297885755,0.588452203927778,0.651470977169759,0.730012906279348,0.809760934484776,0.86492280984813,0.892044717546837,0.896308746319189,0.919030135166348,0.939125739414598,0.9446690526864,0.946915841851747,0.947949024894875,0.947048523932165,0.955916532154522,0.979515846020524,0.967778999440703,0.973721395583837,0.978546125544263,0.982042664060589,0.983817887225784,0.971737140505592,0.975211998008194,0.973590500356472,0.993577890201926,0.985417791440394,0.98413910015233,1.00869320376092,0.993574217870487,1.00093144895433,1.01085513041097,0.999383052428476,1.00970119210286,1.0116510716865,0.996900001062039,1.00376246957554,1.00764676188482,1.00156603832195,1.00572154835974,1.00176653249623,1.00805883273576,1.00529043952914,1.00945503996138,0.997623112609011,1.01481942536799,1.01238996622243,0.996377814429313,1.00838024704954,1.00862844395598,0.994946214726468,0.995939365908856,1.01179476381911,1.00665750057769,1.01408810086106,1.01249110201953,1.01039806346686,1.01020663240264,1.01036330362287,1.01442768295001,1.01410980174456,1.01267485687471,1.01799166972261,1.01237196772789,1.01287290779953,1.01694313690427,1.01187325321456,1.00846057306777,1.00571184513807,1.00730501916907,1.00289025062959,0.997423606598793,0.989336335370164,1.00594097195185,0.997954622489636,0.996825173757224,1.00225165768106,0.981635215647288,0.971982211761118,0.981694495673798,0.975774899316185,0.984968684116675,0.987955123105553,0.989426304988701,0.984078193711107,0.986809427341883,0.97238367459734,0.98341710197849,0.995731938510117,1.00870819059847,1.0046662003379,1.00596956106832,1.02231364252689,1.0143109047163,1.00889100134825,1.01059755864489,1.00871857390744,1.0130747769697,1.01739446501042,1.01338569140675
0.359048616219647,0.549668893609838,0.712448447449386,0.792212077158901,0.86034779307658,0.929183792943209,0.936217197005667,0.964332331037048,0.975619976575957,0.98058153208956,0.982632748222472,0.994582661296766,0.99998463367738,0.998823698296066,0.997742240856955,0.995380431376444,0.98326215718719,0.990670093294439,0.991084748971706,0.988215462230034,0.972774999152059,0.985554214861054,0.993531740920271,0.99655942359711,0.999237492193929,0.991626540274535,0.998291223270454,0.99152369534226,1.00622880191578,1.0011460323614,1.00245919711711,1.00715146090283,1.00078158047364,0.997171576410415,1.0001182364211,1.00032430122554,1.00093969192686,1.00128333015363,0.997891013332433,0.99068379454084,0.996966416626551,0.996078774730535,0.999927487140375,1.00615881286145,1.00958147079337,1.01121132600438,1.00652645291817,1.00015400184384,1.00179676069388,1.00862804731935,0.995957358869689,1.00023494604437,1.00179124626679,0.997964987266523,1.00490192909281,1.00258583422125,1.00295142439411,1.00378040677957,0.994745286257944,0.999366818060654,1.00512949875892,0.992922935687286,0.994157369115909,0.991312457169271,0.99406747479901,1.00545272030201,1.00607301211819,1.00593817160334,1.00781954900452,1.00881270764232,1.00411602978247,0.997124242338541,1.00450633407807,1.0165570027197,1.01413371634853,1.00628242843478,0.998254062048183,1.01200510117865,1.00764118864431,1.00758904265809,1.00361528110504,1.00457209116012,1.00922678248819,1.00212173693614,1.00516682925301,1.00423994223737,1.0036402167369,0.99511516284375,1.00367667089933,1.00529139913842,1.00111940673336,1.005599131691,1.00586061463404,1.00952533257087,1.00317088981606,0.999754453850963,0.991356297506948,0.986915773547596,0.98692996819254,1.00043517509107
0.364250831316146,0.562894418352142,0.720405852223282,0.860936589901733,0.905526924420644,0.937983022339389,0.949494332086745,0.967314051922906,0.969410912487679,0.975316909530203,0.979946169898906,0.996945404131646,0.988803458516408,0.989651876524669,0.988913058554062,0.993605433566026,0.986834648876508,0.980335902898226,0.986050493282866,0.999536230671461,1.00547334151582,1.00126392150559,1.00786580141331,1.01047507128014,0.999401450496442,0.986023942382155,0.995123011138926,0.999061080206763,0.981179610653328,0.982157150069579,1.00279633245359,1.00181722514656,0.993716576519831,0.994105974491266,0.994340675684864,0.999908938981237,0.993713114325612,1.00303914495517,1.0024483757094,1.0009119739138,1.00662622302742,1.00001892545261,1.01770548940071,1.005570378076,0.99289368541388,0.998532448050093,1.00144528517144,1.00385485203368,1.00913606780267,1.00435107302522,0.994923708232519,0.999101921846392,0.994903482084679,0.998205899012297,0.999816550897559,1.00656176590002,0.998809249522512,1.00225253724968,1.01070162873476,1.00012098376215,1.00682266419338,1.00551505913216,1.00352314480199,1.00897167207531,0.991855115098692,1.00397240243892,1.00524135448187,1.01126929833353,1.00543663539374,1.01011148198778,1.00011297398484,0.999508637246338,1.00295753457786,1.00197423567583,0.997368998821846,0.995798056710886,0.993613289748554,0.999311667534096,1.01024617031902,0.998844021772153,0.994494787801714,1.00190378963637,1.00590278071619,1.00232490117148,1.00237661402823,0.995413892414453,1.00088512551028,1.00507349359436,1.01139207171284,0.994536819087541,1.00141007618785,1.01239038728182,1.00197432318523,1.01157192633765,1.0125148677993,1.01225117544652,1.00215604772944,1.00769500567568,1.00722418892085,1.01180704436176
0.281546982571902,0.429575376847574,0.540153411774945,0.646655049697115,0.733159999166602,0.766174081429057,0.786431149631873,0.815297774204755,0.830958554379799,0.86741807754657,0.862910142008036,0.904267307867459,0.902296023993617,0.902784243258245,0.9160199703414,0.910385801261319,0.920724084648036,0.942420169024246,0.934843955631662,0.933478242383317,0.95924486020526,0.94240916379127,0.976067224249745,0.955067577262101,0.971658563771583,0.985612866835779,0.978863291082796,0.975287115570352,0.963935640732966,0.980141074982959,0.993474475400277,1.00305670200634,1.01476545755032,0.99786161291933,0.988363257291062,0.999201490683174,1.00168153933154,1.00515368981455,1.01352898049779,1.00491912661924,1.01059066868607,0.99858218433587,0.995013831744111,0.998131746186264,1.00592225379001,0.995840254091374,0.997237295519279,0.993841556921053,1.01410542732006,1.00645046835651,0.994625496991405,1.01369929979624,0.992729129435165,0.991283772559107,0.993628104056044,1.01851109382068,0.990339168628045,1.00389768600458,0.988150626918893,0.990778102999399,1.00402175439609,0.995879082181643,0.987488635596761,0.984246266063557,0.970150258642343,1.00283567990428,1.00876000878724,1.01533107444428,1.0250215913668,1.0275281020936,1.03208464481896,1.02410748665835,1.0101680791604,1.02282476391062,1.01351418011691,1.0022051837784,1.00165832308202,1.00831403028245,0.990044184291563,0.986131419328256,1.01922554661752,1.01711442702722,1.01515829722938,1.01181338288739,1.02670601938921,1.02649418267947,1.00862758291233,1.02590761044581,1.01161238043137,0.993846441282478,1.01060727654112,1.01886612321868,1.01585248646255,1.00875633984213,1.00638856473431,1.01026342160414,1.00807798062276,1.01606582538621,1.02638574832352,1.02501648080007
0.257637340523842,0.415687098066935,0.587546844801821,0.735391116266599,0.813126834523303,0.840913980909403,0.881596886329412,0.91297652997369,0.943076588094342,0.981627333952228,0.996534998896773,0.987128942075754,1.00092288337931,0.968578929774221,0.968646393627824,0.985540517882854,0.988422374338637,0.998621584693963,0.979129041861565,1.01373060747224,1.00668698496344,1.00418704598219,1.00322368273022,1.00503420335405,1.00566431094347,0.998302324269277,1.00710755861399,0.98150889190452,1.01602548834185,1.01514288036637,1.01268654061549,1.01658491280898,1.00097058248852,1.01208555448765,1.00496965974184,1.00655525234959,1.0109176593375,1.01817607841822,1.01895266871313,1.01948470795229,1.02144680435905,1.0029885469035,1.00321632073983,1.00488367428021,1.00814399504715,0.992293805830796,0.985625986710323,0.999359082518276,1.01549814252222,1.01158418679095,1.011291641198,1.01781368849037,1.01096989755429,1.01909754802006,0.994608789469916,0.997331706214344,0.962773447678722,1.00998306045387,0.984694354843644,0.987880141786701,1.00055379028864,0.993748730793774,0.998702062053456,0.976997805520297,0.956353486292567,0.991817032093432,1.00208338758354,1.00830115671444,1.01245309212788,1.00896449585053,1.01801228338645,1.01998994379167,1.01849598583645,1.01672374744688,1.00739405375891,0.996725907838747,1.00366480124684,1.01492040235701,1.00641274771737,0.999494291496603,1.00292927445294,1.01523947548862,1.01812360997397,1.00457965286645,1.00589641932784,1.00858339358598,1.01907479554906,1.0027989664334,1.00993234665285,1.00641170607572,1.00221766135497,0.992340245380791,1.0082272037725,0.997778349772865,1.0086048294306,1.0045417986542,0.997283823493377,0.996816130044604,1.01313739652454,1.0123877076551
0.336924073569228,0.531540342818918,0.592521794829567,0.712733159984932,0.774523280356206,0.80527068507767,0.872436005063607,0.928828639068449,0.962471246219976,0.995868468744015,0.981495952891404,1.0051229818399,0.97632804726469,0.959013706453077,0.962008249198532,0.97069689581567,0.966685385734423,0.985986948743227,0.998961126457712,1.01577268211193,1.00405792897433,1.00856917027013,0.991184854608237,1.01483488109844,1.01598539481241,1.00049209105428,1.00751133906051,1.02048260909763,1.0275196000151,1.00710483360157,1.00187766172302,0.98717893366372,0.978681116523783,0.976583264809473,0.977488287751819,0.977149420658617,0.969242050837926,0.944497499722822,0.968947637679179,0.978839545566436,0.974823281696994,0.968741987271287,0.999099789195985,1.0020431780763,1.00555182689554,0.984379064710881,1.00008757303207,0.992509499867812,1.00552678722783,0.999652013196458,1.01796829620039,0.998150995536131,1.01649923350231,1.01526401590709,1.00773060727731,1.01559517432023,1.01079052340708,1.01698898222438,1.02667040892903,1.02612117828798,1.02954868487117,1.02830027918696,1.01627803304253,0.99373394111468,0.988745764536192,0.998479061786144,1.0156207456147,1.00689117449109,1.01691932712888,1.02098926186275,1.01168288557108,1.00645391513659,1.01583376640369,1.01635889722012,1.00161126153015,1.01526117730529,0.986322725216912,0.995704056840609,1.02684917354051,1.01361507330458,1.01496495334932,1.0157958099235,1.02089562123569,1.02549344266655,1.00450888926405,1.0208317580299,1.02695173906569,0.98100685149302,1.00905980498037,1.01606217562272,1.00937808313781,1.00676945135834,1.01503777830728,1.00910590120946,1.01123144330673,0.97781749883208,0.972724459510159,0.994707500131726,1.0029509467076,0.985406684234738
0.374249335140627,0.598126058525614,0.706804441496667,0.7781538293948,0.843695424799283,0.905454232741149,0.903543530866922,0.940354455641558,0.949906830583621,0.966991525713201,0.969131028259598,0.984517957167565,0.993552635643844,0.983619565322499,0.975392552754557,0.980169119274018,0.983799044514238,0.98982367103313,0.991473509418953,1.0070087754166,0.999415154504493,0.99922160187728,1.00887691646387,0.997643272918793,1.00343123465456,1.00135866132217,1.00359280149913,0.998545884192108,1.00426935440954,0.998680693037551,1.00685139012141,0.995272020423022,0.999722549145021,1.00812875310678,1.0011563594607,0.992745505906819,1.00354332295797,0.995411966793836,1.00486763337011,0.994271359911066,1.00349415949266,0.990182345491664,0.988451029816611,0.986933655841579,0.976811801618094,0.982482518196491,0.986883554568602,0.996724027059023,0.99943689688412,0.996443789035583,0.996100045404685,1.00161576612204,1.00200309842858,1.00622941097637,1.00230600295142,1.00312323420853,0.988426177200701,1.00854543876566,0.995969240097445,1.01415026043267,1.01240044523525,1.01832870019569,1.01408254598666,1.00940066558689,0.986876127569603,0.999387726304106,1.00797893584827,1.01522680827688,1.01462791996711,1.00950800923024,1.01367299588958,1.0018283282167,1.00329761319889,1.00424379191585,1.00116918252787,1.01096055599537,0.998319060135077,1.00345365288159,1.00271993737363,0.998109252215637,0.993552644859987,1.00752229709371,0.999666787983581,1.00810051888252,0.998464041920073,0.989763948520286,0.981311300785643,1.00255820606295,1.01040387552561,1.00673966080721,1.00688847837531,1.01185762499321,1.00367678589237,0.990039416176515,1.00558433727057,0.99855213484383,0.977632671442298,0.97990642669768,0.990005420465695,0.988461951587836
0.279546908662092,0.477240736257858,0.651924491947101,0.718334745723375,0.805489516804719,0.87095942859295,0.881343726288213,0.911720235692508,0.96078443734608,0.968192210697057,0.966876644088661,0.981788605095088,0.996170566325282,1.01190466143607,1.00744812443634,0.983807887965638,0.981521926660595,0.99056023499512,0.995966050116581,1.01633237610023,1.01121867822212,0.996108641077115,0.990561308903494,0.983033477352349,0.962643474074983,0.975625274788679,0.975631930970291,0.975306467880776,0.983255002819887,0.992832865324548,1.01101492596364,1.00768388709013,1.00738967573492,1.0153475699692,0.995069236187682,0.987404392583898,1.00985797748116,1.00650251450279,1.01563309119853,1.00064226789062,1.00783446351514,0.982018336485027,0.977519034977185,0.980111021771192,0.982939871328295,0.996324301165141,0.986086248134944,0.980962542168698,0.971914918408004,1.00254907400371,0.978866973547118,0.989401329814001,1.01176009156323,0.994856725477249,0.990523675034679,0.988353404258673,0.9979386460621,0.997408994095141,1.01452954544632,1.00968199381275,1.00351925801602,0.992224408605595,0.973532221366124,1.00514528886229,0.980069184693233,1.0029748624483,1.00009265206454,1.00932674698294,1.00241285603917,1.00684951683948,1.00099417258916,1.0046647594216,0.99023820593894,0.991650415551361,1.01007847137367,0.994461312558803,0.983462476148898,0.996122943155554,0.996298447248034,0.99521293460301,0.979295937742888,1.00699549953563,0.996505030144048,0.996861894050019,0.982289756625763,0.984192301729999,0.987474096536834,0.994184360734242,0.991365103718899,0.991451640522722,1.00073858911141,0.990306626561084,0.991717391754991,0.974440503855396,0.996068622795038,0.992538448805594,1.00451126652683,1.0059755332706,1.01735126585105,1.01069142046119
0.243437803472634,0.3710293494382,0.547122734311696,0.705376757711667,0.762609338438738,0.865473586582639,0.883310892953112,0.908391973521689,0.94886413492747,0.914957144489302,0.957439766455014,0.966816726932548,0.958504689364883,0.953731772896911,0.954083748516377,0.913742617791712,0.944089176541891,0.965260541318449,0.975898541342632,0.9865630570379,0.976096487250123,0.948265908849404,0.945377624295947,0.959703610363716,0.951448075798966,0.975936527453203,0.985148606311519,0.982437925488567,0.957036183430453,0.959030721448677,0.966367575955477,0.954782408426257,0.977273171642181,0.98269144772212,0.998319878361638,0.988700261728338,0.985277546833496,0.996101086004766,0.989810948763536,0.994697241667372,1.00745853140039,0.972547467947152,0.966631246709593,0.995970770670915,1.00564514247597,0.999733497347581,0.993735861005504,0.995697532946512,0.995771765006488,1.01874077702948,1.01255188924987,1.00409337733082,1.02372341862034,1.02285078775813,1.01874916086728,1.01740625590728,1.024207146641,1.01931348539767,1.01446834898813,1.01813218207537,1.02085856916928,0.986677738970142,0.980676247273768,0.991867515001301,0.988242252676397,0.995743316285981,1.01069430928394,1.00770851547544,0.976500420014125,0.994306305508188,0.991486254955001,0.989298749432015,0.9811723808841,1.01293248933937,1.02595653612174,1.00271155408346,0.998663557996005,1.00468452739318,1.01431633945127,0.986306710651415,1.00405940211438,1.0157466410102,1.01058655531853,1.01630111879025,1.01364750317419,0.999167978968975,1.00428241792527,0.969757595776272,0.991725538778189,0.999715423726754,1.01341637794655,1.01424194948227,1.0069847318195,0.99465750745206,1.02336038562274,1.00613964181548,1.02669977108646,1.01299660572964,1.01740000215958,1.01305480255568
0.297902804867783,0.490662316854303,0.650584253964963,0.74304396277097,0.835074083643285,0.907382904699832,0.892750253611956,0.915773533636443,0.966740745928814,0.972429597455704,0.974970566934865,0.974022873106063,0.952933145674227,0.939775121397471,0.957270434073808,0.971469528063089,0.965218847929979,0.947733897960024,0.968437724075659,0.979271920374555,0.983213420486288,0.972682832882803,0.979269220236573,0.989349974483888,0.98717081922101,1.01352402920845,1.00352362780083,1.01386061609452,1.00777801297122,1.00793901923147,1.01344765755269,1.00582032507656,1.0144882343459,1.00478343110643,0.998935604954855,1.00180779462729,1.00748886446197,0.980315663896391,0.992758730361221,0.972068517502617,0.999847997467945,0.9796391593948,0.983382815483204,1.003535086361,1.00339527697095,0.994990039328162,0.989802546341112,0.985743251317972,0.974037188929482,0.995866896897298,0.997868837428971,0.976901394164205,0.983950797568853,0.9877955637324,0.986120721387162,1.00371738598461,0.999485050602632,0.981377202256935,1.00339840485081,1.01047159370721,1.0067138013199,0.995423566132302,0.986059142285425,0.978754442460681,0.995158583301528,1.01193119296349,1.00202814914588,1.01322289862355,0.999186403556983,1.00995237000323,0.9920867916338,0.980383136023789,0.981385622859812,1.01801329898131,1.01943629771287,1.01265248651742,1.00563271204585,1.0028414847514,1.00315362685364,1.01011903701487,0.994020230834266,0.993149973748536,1.00397568030391,1.00601001855102,1.00241166097685,0.997678236305915,0.98558978040725,0.998793858673086,1.00428944003346,1.00303307739978,0.994844724270094,1.01190953104156,0.996424497241755,0.99618407139405,1.00880732694351,0.991506349313634,1.0041043943946,1.01299025261968,1.00586403188524,1.0050136020282
0.3351015884432,0.555645804210712,0.67971004039031,0.780727492429891,0.856878285813372,0.924545171860606,0.952179734007797,0.963631987048044,0.963457969310985,0.96694026374063,0.990192242004894,0.986194337727715,0.980194067316316,0.968947703164223,0.973612593347698,0.976923409874842,0.990501608352745,0.98240170159886,0.981246049081246,0.992373726723378,0.987151887877569,0.992455090915112,0.99266060225013,0.994634147711382,0.991973119420596,1.00152449685955,0.995094065715379,0.992781834755596,1.00361693470699,1.00274138683347,1.00815517072222,1.00830840573322,1.00253672907434,0.99341232435867,0.996720194399054,1.00003147637292,1.00117101949412,0.994424502819531,0.993734095621276,0.988077807249873,0.984061145494933,0.974926265705109,0.982883332303526,0.985116971751219,0.990524451300949,1.00525410782063,0.998784084956115,0.980209950018343,0.9859368206225,0.986388609850644,0.975585167807012,0.96954305675369,0.973529763392859,0.985859017693749,0.992605084516079,0.999756951323776,0.989326607361342,0.972861458903448,0.991884395647928,0.989451098013904,0.973917426697612,0.974911534855648,0.97560927892735,0.980681461908521,0.998958725379889,0.980593223763285,0.974073745801397,0.993333284266315,0.996226109908789,0.986450503546973,0.988383894846696,0.98363439182478,0.969124572554128,0.993078280787215,0.999729090623203,1.00680551632265,1.01020009753538,1.01374048772765,1.00658863039716,1.00570264430454,0.998708087956852,0.989857609048507,1.0032115244202,1.00760325267112,1.01226546139273,1.00901050680927,0.996839215353576,0.99077467251959,0.99233238596041,0.983493800076533,0.97575127200797,0.995314914020984,0.997469315618468,0.994321554635875,1.00648800840819,0.997788318750713,0.989320192324037,0.99764303935772,0.989023319959393,0.981530556049307
0.309210547953805,0.467336303213036,0.592477494964947,0.68196370976296,0.78815651406028,0.866146290227321,0.883427287538325,0.937318523786056,0.920334969142051,0.964292145248007,0.972198292455815,0.964165691414003,0.991775592610952,0.993779751410937,0.984386804201891,0.967573719567808,0.979122834546706,0.988255067996233,0.98730005407351,0.989981503496589,1.00122652385716,1.00130182815514,0.97930640116812,1.00474086486397,0.994544774189951,1.01654262498867,1.01112335676057,1.01212366304921,0.996803890612513,1.01325209081526,1.00705587679388,1.00941424128174,1.00378411493703,0.992929744506293,1.00554060145172,0.993655193789646,1.00836473398352,1.01191926839554,1.00365593686079,1.00578388543976,1.00489295991225,1.02039729132421,1.00424918412366,1.0134913531575,1.00905114750809,0.998869316657407,0.99071579388169,1.00474392031764,1.00524254348986,1.01354496856654,1.00668927128684,1.00887923978437,1.00656350036604,1.011154278819,1.00454492580694,1.01645905201218,1.00505165555913,1.004811315606,1.00483699086041,1.00676609209753,1.00369950960166,1.00931448445116,1.01315208787961,1.01070786320542,1.00244111267154,1.01402748928398,0.980688264949249,0.983767603526755,1.00418702598519,0.997834642477589,1.01195383979673,1.00485514137993,0.97878748372011,0.995490963344096,1.00043730830638,1.00326546841873,0.995660580867839,1.00069459965224,0.992842019022632,0.989117741877786,1.0023801345958,1.01256387226261,0.997275858899826,0.989965860682025,1.00065430972686,0.996964426020552,0.988884343523976,0.995122795587707,1.00096288193308,0.993707672977936,0.986897155597971,0.991793942347857,0.997085669354561,0.96031044132269,1.00120782330205,0.981550165528754,0.992707365424118,0.981504069335827,0.976630685488176,0.971723607288064
0.330129416180612,0.515676145794152,0.654902437439271,0.741081542167126,0.802083277623622,0.87772252621656,0.90896499639861,0.943296266328492,0.971739130241232,0.997782294850782,0.982565180585609,0.994718082722322,1.00582332761578,0.994520284374035,1.0077038455991,0.992281396444203,0.992356752806974,0.990198775928328,0.997038640799667,0.996168714165407,0.988736907919473,0.994239486723716,1.00656129977525,1.01166933848258,1.00662754479946,1.00207634300798,1.01664729562016,1.00258657754774,0.992830688009421,1.00146037004029,1.00955584890866,1.00535535239645,0.98552215651205,1.00267791635473,1.00960596637222,1.00394040898257,1.00783192719876,1.0145620047539,1.01395932432671,1.00478024638337,1.00768993083133,1.00837101661307,1.01308823944753,1.01839628055296,1.01237956161358,1.00894303499307,1.01367392945357,1.00986087768036,1.00748598875217,1.00148808915121,1.01256806789352,1.01047755278566,1.00200687720668,1.00369615933758,0.999272144549023,0.99877039341658,0.988117883716854,0.995690186228098,0.98755691575334,1.00623390788211,1.01145117465722,1.00678101207504,1.02217846853756,1.01161433308426,1.00092224957647,1.00286021760045,1.0029934721082,1.00121465441518,1.020034244735,1.00066089512278,1.01428831683312,1.00786913331959,1.01105240905652,1.01468042727686,1.00991792759337,1.01554730345181,1.00928675010986,1.01352347616236,0.999888179836159,0.997278184233906,0.989521158423052,0.992461932594285,0.996724777695539,1.00219816832112,1.00601322601046,1.00591506970312,1.00804554718684,0.997403494922181,1.00239739308663,0.998115798286401,0.996523863959551,1.00163717632579,1.00486428235923,1.00282041041349,1.01208822254569,1.00821776273192,1.01261575816994,0.99456687121294,0.995821127673902,0.993431885643214
0.352720516192507,0.533227980815426,0.678608185574265,0.777992677136681,0.850960307918414,0.899691989231105,0.931358904841183,0.940579761746773,0.979103645720572,0.994295164031571,0.999276175757824,0.995838704821422,1.01165575884259,1.00749322763023,1.00028625368047,0.992569076431902,0.990778716432271,0.99073659265227,0.980139853172755,0.992362060731066,0.985224292374389,0.986903064986566,1.0010428174872,0.996855808492354,1.00841150057843,1.00313494251959,1.00250660589142,1.00066303442124,0.995522465272131,1.00448960201812,1.01061190278256,1.01098039753441,1.00880897455624,1.00129865609696,1.00492418660312,1.00607098673141,1.00958167270887,1.00572540419371,1.00686283324326,1.00841972401056,1.001572074496,1.00161333386049,1.00570926348626,1.00475200796885,0.998503742517446,1.00577187895852,1.00154754221905,0.999850012432851,0.997337392740096,1.00559467545228,1.00354753319599,1.01195749098518,0.99935611432674,1.00981447264082,1.00575389108003,1.01253985520638,1.01073434764132,1.01308621675465,1.00719579313221,1.01936368861304,1.01478647233096,1.00428911765844,1.00190863199963,1.00078103056501,0.988651484870851,1.00258049402049,0.996153754664203,1.00580650134907,0.998668308385135,0.994214660712626,0.996767533104241,0.999241675748976,1.0011377901264,1.00730481730235,1.00313582220025,1.00254840400327,1.00579999299612,1.00436312454049,0.998117611025882,0.99928184655925,0.999527050761772,1.0059811409427,1.00566406837011,1.00345057580111,1.00126195849086,1.0067085881004,1.00676307686121,1.0042846678188,0.994510567558617,1.001936127461,1.00043372626591,1.00015204722751,1.00394429642593,1.00800561018081,1.00773617608841,0.99799728158587,0.985076787175779,0.993174387950657,0.986142515159203,0.991058825024841
0.361072283940567,0.528316383297609,0.642567970602842,0.757874699027098,0.803403858422782,0.848653227652406,0.872412531480978,0.900539335696368,0.915205997098365,0.950544924899305,0.951573073275859,0.950824905471408,0.974972447689675,0.978192028190906,0.973693390847327,0.981248817874164,0.981286988079965,0.987203051542714,0.994030350621303,1.01150701207862,1.00185056722717,1.00565643556955,1.01448334716598,1.00380076169062,1.00075067467995,1.00446476273022,0.997694790000795,0.986914396448143,0.993208292195198,0.999831220628302,0.99769488219389,0.988430284251771,1.00100956388314,1.0089275770931,1.00445089838725,1.00002579912729,0.996633468727747,1.00020877991119,0.993573103285543,0.995281130681103,1.0054665661301,1.01181234111958,1.00969083238043,1.00896415578317,1.01227246427922,1.00546847200087,1.00037282630999,0.998210014272071,0.999398655572543,1.00517971498249,1.00210759307086,1.0071265682844,1.00111527965008,0.99988134535768,1.00801051647256,1.00936496062694,1.00949083285047,1.00770634269182,1.00485977171765,1.00414280875886,1.00254855757212,0.991735106187643,0.975739321137547,0.98503070397556,0.985040881943983,1.00074212939922,1.00109105537159,1.00454941952128,0.997591017489752,1.00140139192906,1.00670024412663,1.00061993022008,1.00506799621791,0.998364830792991,0.990820439656575,0.993944659206845,0.996461939632269,0.977833008122973,0.992392989419179,0.987906188436373,0.974920980322942,0.990674193656037,0.987448021829697,0.991688072039731,0.996848786843448,0.993462552187424,0.997277002233472,0.991231202198294,0.971109292253956,0.995455549797879,1.01111289912091,0.999009806661515,0.998154626690822,0.99763514280492,1.00068934441544,1.00056839247161,1.00923533608753,1.01928932929923,1.00867139056169,1.01101129111941
0.37822005863804,0.566073071657926,0.669777756997714,0.772742583776514,0.848953938769359,0.878773117326532,0.904756147871369,0.937060862065268,0.949637436094818,0.941158324011875,0.951367795392367,0.965717365409363,0.959855986648998,0.946443295584461,0.961356617947793,0.966052772708541,0.970341122272029,0.976972915491654,0.980452269403885,0.984787902821681,0.979658481073557,0.991205548908329,0.99852527910522,0.986871386659137,0.989329733791234,1.00792811700847,1.00042896966196,0.974992811741451,0.986626658409107,0.988723783330578,0.989741648618477,0.981481321674842,0.99305033201908,0.996595795017832,0.992002920396897,0.988594258116245,0.988606211660149,0.985070823725633,0.992665402518697,0.997702478555749,0.999277631688935,0.997447782781222,0.997043416126772,0.971344579133252,0.988909905576747,0.997821562318383,0.995732268661558,0.99199835672976,0.990520178436042,0.995403779297711,0.992294802737279,0.999644010766325,0.99844265806689,0.998555557945774,0.996435148518378,0.988045378284418,0.991400811124395,0.99848623288777,1.00580081949151,1.0062282669781,0.999531902435015,0.99784217808972,0.995711870647286,0.999622091475842,1.00069432243665,0.995387600782195,1.01028275461556,1.00932165454698,1.00701324593049,1.00157026062652,1.00297781119424,0.991121694757241,0.999473177422748,1.00491985177378,1.00620790198451,0.998760422454199,1.00395059610762,1.0031015864207,1.00262748331175,0.993928160131007,0.987129629305698,1.00066700094994,0.994778389117182,1.00340409025096,1.00935290457648,1.00197257661889,1.00330380311824,1.00872918494793,0.995401317432665,1.00496462941667,1.00606770769647,1.00476373594078,0.998491390802301,0.988411953091275,1.0001192963709,1.00631423524774,1.00549629282187,0.993478298528493,0.999206282493684,1.00697452023334
1.40414512903165,1.29002586768068,1.20360202211237,1.15650506858689,1.15779975323336,1.09692367013561,1.12675749481708,1.10249854876589,1.0704873374738,1.09001125840138,1.05747407438484,1.0482557396219,1.05498412892992,1.08876027260105,1.1036499526163,1.04321012176347,1.086441513756,1.06017127150213,1.00970355301736,1.07694374884385,1.06650624947413,1.03518118320314,1.02779364462555,1.06586555100061,1.09995220833644,1.06426452517496,1.0670225658566,1.06876241925858,1.04053953680074,1.07169695762479,1.0893541102346,1.04841180622561,1.06077448864635,1.06394020934858,1.03538063119633,1.04510861666396,1.01475593916628,1.08446913761737,1.09694471535103,1.02657952009308,1.05115470854308,1.03950118811079,1.05320294363725,1.05811026034624,1.01670442665213,0.997645457203422,1.06180990877163,1.03090916597354,1.03786356897403,1.05309505881799,1.08774277578073,1.03687298194607,1.01388637059795,1.07806945308024,1.07057582592106,1.09848918826733,1.02390113548384,1.0893573235009,1.05060485825369,1.04220648338439,1.00859215804984,1.03832122793517,1.06441675952444,1.09236451131611,1.04836314322016,1.02306612723703,1.02942279207245,1.06850229381131,1.05538525192543,1.01172285638358,1.03809049872404,1.01403763748486,1.07300471087558,1.05776865541105,1.04130712869351,1.08235539922683,1.0761567291314,1.0198098445526,1.0211265920297,1.05123906180331,1.03628870399547,1.03137284981766,1.04960334576661,1.01649299261782,1.04895715510565,1.02524141564568,1.01857515798549,0.996731488864825,1.06426486759873,1.02983754584912,1.0708395044249,1.02420080563921,1.07597698345322,1.04308282121026,1.00067771801749,1.03839403499271,1.07697784683391,1.05343267268626,1.00495403884682,1.01913791451928
0.221289799512041,0.43982483598402,0.545403199949758,0.682101382849361,0.775204779123831,0.85385314142284,0.844150890489357,0.872292795128174,0.887108119315694,0.895008318468365,0.873656593649362,0.89168554074219,0.891156374791031,0.888585093138586,0.886081785415278,0.933364483587796,0.934481867854428,0.977870365163554,0.946217511920234,0.952229232355456,0.970265354163841,0.943903753647315,0.95156937330161,0.965592589767084,0.982506496885482,0.976504136730882,0.990004341103651,0.990476402243542,0.973600352453913,0.995333397463834,0.938376967282989,0.95366056595599,0.983283748599088,0.958393501170756,0.951443043479998,0.975737790789991,1.00417084669959,1.00320075672497,1.01057863481827,0.99101325204784,1.01490891665144,0.988298068319039,0.999163503228228,0.967701858830295,0.999207697145842,0.999412301643794,0.979861921266934,0.939094222312797,0.995900261908711,0.963458413521709,0.996484694391127,0.983654362687591,1.01025138952452,0.970818242282093,0.987115776552857,0.97767713792053,0.997443746935189,0.987479495649256,0.959015329238087,0.99424771897296,1.01760297636415,0.956530460851932,0.950052041900592,0.979422225639499,0.98776625809222,0.95520094623654,0.958827119623883,0.974693146947342,0.983028511667552,0.991829381881584,0.990393244538957,0.990979243202503,0.992847970372013,0.967887991282734,0.943764624131419,0.969101283946027,0.971832153992042,0.994466411632627,0.96931017171083,0.973154125978535,0.970127780315611,0.98652162757107,0.963474136603135,0.979730385802546,0.994856266307025,0.988389517209222,0.99235927681505,1.00343867799775,0.959095039755625,0.983527210201726,0.971812706199862,0.999685710328527,0.987870666709811,0.980368459041416,0.973499522206473,0.9968006391651,0.974168704612392,0.947636894435814,0.959247898099038,0.986876967813014
0.424742849031362,0.593655845241145,0.701127370627852,0.781232813203069,0.798051245117829,0.867862294964799,0.871806745084259,0.924353670738934,0.929373373159842,0.935284090085591,0.943375647148303,0.942490110020321,0.946092191468204,0.935577660733603,0.971181140034277,0.9641076516211,0.978282558630469,0.985799506579054,0.96665078089922,0.963812579624443,0.978258691086672,0.990143682546479,0.988205363331056,0.995814666849371,0.996947971685835,1.00347404464536,0.996159952014522,0.98826748876395,0.983936340481383,0.998046498713014,0.990623835437125,0.99146882532312,0.991085376760818,0.981815767286178,0.981328288207187,0.981497737927804,0.980986478265531,0.986024350900955,0.995783439353678,1.0060107309129,1.00502906692612,1.00564996553948,1.00469245723343,0.988504940783085,0.995868791612186,0.998921006245027,0.979908408834675,0.982823177775489,1.00500635274264,0.997166948677892,0.997941943174468,0.999190945080099,0.999008155535961,0.988960022108099,0.997272730120069,1.00575542614118,0.99100094087435,0.996790407752862,0.990079856040877,0.997041419911636,1.00354907598667,1.00538071576896,1.00509664625274,1.00474986822759,0.997993734529952,0.988868672788257,0.983356860884838,0.998235923250874,0.997481881477674,1.00566144328245,1.00441434037655,0.995192891643394,0.997852692811408,1.00517241653686,0.99657431094042,0.998630530008867,0.999334271416657,0.99902219688252,1.00609882917995,1.00640110067996,1.00644213242795,1.00563703304816,1.00597713454533,1.00602295730051,1.00385378449962,1.00330480990716,1.00482495466625,1.00545203054588,0.997724247161388,0.996865567846192,0.996741373938875,0.997722961497332,1.0048913448258,0.998685809291761,0.990095831351449,0.996769102675028,0.999404605373626,1.00578677161326,1.00008591515473,1.00025291006405
0.270200187054485,0.451099572910562,0.562399183937295,0.655261182790306,0.723568979174794,0.769086123918368,0.837784392448173,0.862522458983281,0.899703174312849,0.919747417164214,0.916773148787064,0.931024507098228,0.935178081716347,0.943496896270429,0.930383961561694,0.938347835453603,0.956335326733813,0.952089394164161,0.953913481913092,0.966995381268609,0.97002924963018,0.976825689407358,0.977495852333706,0.971676258043731,0.973667242269937,0.980719868630931,0.991772631177025,0.986669376339598,0.987192142247022,0.99348882900832,0.994430793010589,0.987571268535558,0.981010101861893,0.997090443666886,0.986598734741517,0.989328757767008,0.985792210167688,0.984111002750117,0.991416323762588,0.981111453753754,0.987796965326673,0.986763376781843,0.982669805655685,1.00107399724579,0.986191747559169,0.992108839055406,0.991336440674925,0.995329698813865,0.991581319518053,0.981276790206512,0.99133979078988,0.990796018878583,0.981551676080409,0.987947700239881,0.980998433942112,0.972905788855753,0.981202857467362,0.980871488779538,0.982306843929565,0.990962520232034,0.998929227139697,1.0084429272468,0.99853681405501,1.00606306698991,0.994079784601183,0.998573711138923,0.998615144211469,1.00698681716641,1.00828170476642,1.0047029971492,0.997077792699604,0.999433588269805,0.992236903117082,0.995557456887258,1.00537088715877,1.00609068031312,1.00220544094786,0.997827385306201,1.00289021638254,1.00225878964171,0.989434259748689,0.988721509790911,0.996378545429315,1.01013793978312,0.994470455057342,1.00194843081193,0.997195040885897,1.0018684598391,0.992544668493753,0.984693147747951,0.995267126830364,0.998793474159639,1.00245083054138,0.999929973343311,0.996845174692737,0.983403804150333,0.983646498745068,0.990637213797789,0.998915357624766,0.991976572413599
0.346088998406938,0.527861380364479,0.671652451175926,0.746443240599409,0.823915519789242,0.864753841698538,0.896005754458451,0.934367158957172,0.951422819770576,0.966345383575656,0.989681329219539,0.994688350942018,0.995456897964811,1.00743400525771,1.00011527071931,0.991944252063007,0.997656984323416,1.00340571868952,1.00652620307145,0.994062311203562,0.997661803182694,0.986642682661223,0.986004633275338,0.992941867695214,1.00579500574482,0.993826684891948,1.00844042578618,1.01339411513476,1.00918008314035,0.992529431187173,1.00055635604459,0.994590582827092,1.001463448972,1.00073803612913,1.0033063410041,0.99954647023499,1.00101829214151,1.00551994476452,1.01277159935922,1.00802277565165,1.0144293327015,0.988475730092472,0.995448836556535,0.999808579119648,0.987255550000088,0.978080968455654,0.975097000358671,0.976237501723642,0.995742155957798,0.988981920234316,0.987509090335246,0.986021088812997,0.995501150592285,0.989895701781945,0.981662216660489,0.97864983313156,0.983473453207405,0.993313481900768,0.996078794913413,1.00771691892483,1.00307018116696,1.00791139735542,0.99767519682373,1.0028330820872,0.995659122575919,1.00285128414597,0.990663676533153,0.999006458998986,0.99171210530526,0.993603785313286,0.985792345668139,0.988102718963238,0.992913145076889,1.00254070406584,1.00829618299867,0.992797199643562,0.986871003947103,1.00009690840063,1.00485473256712,1.00315796304838,0.992899025256761,1.0028979143009,1.01020821711164,1.00782957905319,1.01749363091962,0.993345016575929,1.00671850533962,1.00247388917517,1.01202350394435,1.01166376838846,1.00250892807482,1.00376439197637,1.014504825767,0.998942686206658,1.00142872967212,0.984731786816082,0.981708769444326,0.99114212778188,0.995393426259321,0.976994178961263
0.283027126665623,0.456148987997461,0.612880227164687,0.689411177823187,0.774459519787602,0.828700286283534,0.888092961389212,0.889746273460451,0.950057497465062,0.951464586839741,0.957054135745949,0.984519322866905,0.974149720567534,0.987782038115247,0.988797703117517,0.96955552367094,0.961393646072324,0.975861494212992,0.982685251371909,0.987667431254897,0.99270712400286,0.992940375508415,0.990951109110336,0.993737088026487,1.01242416896372,0.989418185073483,1.00172751677104,0.996278613708469,0.993514727538021,0.964778364401511,1.00618955796123,1.0096016555184,1.00914580565164,0.986316986412811,0.991745744932491,0.983947623845464,0.991839271208552,1.00143272064036,1.00691415249544,1.00131111824012,1.01347246599401,1.00498199371703,1.00964980804942,1.00797074352338,0.997664071858597,1.00051581258131,0.988822035471071,0.990824630402249,1.00039212949287,0.999899522078847,0.997935497854351,0.979016158121602,0.990827187102284,1.0002694686647,1.00222112640065,1.00650106474339,1.00151680981717,0.985895859970716,0.988084330483268,1.0109991387372,1.01348916366987,1.02043224083823,1.01513595801876,0.998406473090759,0.979604646004245,0.985341333137628,0.993958985601636,1.02279553020687,1.00974416692482,1.00067613899075,1.00762448251373,0.993710694441671,1.00512451426375,1.00413141691124,0.998662766921676,0.996502443027767,0.993944957259973,0.993156652806921,0.984225783472615,1.00687524982224,1.0204845373509,1.00684363178556,0.998054116896519,1.00408461535825,1.01426062605944,0.99279633714178,1.00263537183122,1.00201345563441,1.01190997317701,0.999141132782374,1.00753027278029,0.990868584984199,1.00413069428953,1.00883819927238,0.993182721400164,0.981000804462984,0.975455337348338,1.00129497222323,1.00496651178932,0.961632935354165
0.316235636128344,0.498167734143426,0.614794671665602,0.737209264788454,0.822704069930593,0.866378435938547,0.919064573194493,0.944702347518827,0.954432243467608,0.966321816820763,0.987949523685102,0.98886979394935,0.995758444013698,1.00808021170068,0.996089396508657,1.00104640038241,0.994485136957833,0.989073239711042,0.995021866354002,1.0018112476981,1.00343865774732,0.994156097113645,1.00882296260972,0.986922734609173,0.996415686517544,1.00435983723752,1.00859774832624,0.999033407925431,1.00302687470196,0.99873651935347,1.01578471806212,1.00292523774628,1.01015249806067,0.994940846571,1.00132883717375,1.00547736268295,1.01100833919784,1.00599118901099,1.00529022563004,1.0033324521795,1.00158588079588,0.980247385324674,0.994107575059322,0.996636856067445,1.01271932265896,1.00247788956272,0.978757444648901,0.99306162569732,0.992772059368865,0.984554684098158,0.98571113141016,0.997698104278885,1.00743005622517,1.01342974793112,0.995018828598428,0.993101084416058,0.986838517879722,0.988713470528455,0.991308463401821,0.986638490897109,0.993394134150217,1.00938036347035,1.00896713155532,1.01319986267215,0.992379219698022,0.982213596137038,0.987144516051205,0.982055840726555,0.997043941193731,0.988360924275227,0.99230820058821,1.00488430881456,1.01683860315489,1.00469783167531,1.01013566989473,1.00475091267546,1.00324552366949,1.00368313990836,1.01790255917253,1.01080763327257,1.00914650849853,0.999210549159269,0.987884701541137,0.954144459913086,0.98297826045343,0.985617720950195,0.991742998840416,0.997683962106787,1.00175941943718,1.00332652325269,1.00666496588448,0.991093351872501,1.00711786093617,1.00653368961077,1.00170979773665,0.993741687421731,0.988610175291819,0.994438343179396,0.987319966203697,0.998994306598794
0.38816421536185,0.564482549153675,0.720504735469937,0.834310571371452,0.895310694958746,0.913190165165156,0.933696864873898,0.923712261181836,0.978413694301262,0.954493037006699,0.978451477718175,1.00579385297634,0.988455006452642,0.993132263021127,0.990044869364991,0.971409051657631,0.986349933106644,0.967602840996717,0.993253337538019,0.974983113272921,0.98081538486564,0.987487750466086,0.995032863533883,0.995898553321128,1.01206575251016,1.015328645133,1.00128371565348,0.998610354929293,1.00459848391661,0.995570332075113,1.00239478197351,1.00566690240053,1.01692506758569,1.01440131011301,0.997980623823532,1.00313580363682,1.02025733175256,1.01754316486249,1.00838250927057,1.00124294175077,1.00323448217915,0.997704443417238,1.00243733300664,0.998466868052499,1.00461211837539,1.01009775704026,1.00188397980794,1.01069074820963,1.00194953091205,1.00154617436911,0.994066736107591,1.0008004196778,0.98659605512941,1.0029274211503,1.00439616713069,0.99918791455019,0.982919686867161,1.00458084097525,0.986501998093815,1.00692041978725,0.996949324904236,1.00080507645783,0.996043963024994,1.00766064474527,0.99863655398843,1.01624713525807,0.999125024029518,1.01317104608547,0.985625895298434,0.977315778674088,0.982363743622567,0.984378204034663,1.00162194532593,0.996749451518934,0.986850317558823,0.998767526362391,1.01663446695182,1.01630709946701,0.99908543160948,1.00217660490661,0.993806624357655,1.00821093630799,1.00939150543278,1.00431945071435,1.00262941757605,0.997406445431338,0.998408977714945,1.00792362241861,1.00277253836294,1.01058390879249,1.01652551446929,0.992734379886022,1.01109639813838,0.99280412441917,1.00128157456354,1.0090677414634,1.01090025327904,1.01579861335713,1.00400690030282,0.996006785163786
0.296040352213948,0.485075376581976,0.672018782515171,0.788215107864026,0.875668571839128,0.890269647730056,0.953969250597244,0.952402580164549,0.97107673016512,0.960477546988343,0.973851835490961,1.00096453944927,0.99325631037573,1.00538694982574,0.995627386554951,0.981731641637049,0.986241081897025,0.980456568975714,0.997182448706578,0.970637577191913,0.972201282076542,1.00464813007504,1.00746517753168,0.991165920600727,0.996444790589218,0.989444019838758,0.982915608874411,0.986731349376799,1.00132038723808,0.989734131284102,0.991355965215561,1.00044332698893,1.00430541516004,1.00781271652378,1.00758616618205,1.00463394126888,1.01061762189693,1.01233569252234,1.00492817756805,1.01192486970061,1.00013913323922,1.01010439536829,0.996548070726353,0.99518467462178,0.98764563364586,0.993171971478303,0.981487423175274,0.984148382282389,0.998857276739369,0.993223121678696,0.994041703678507,0.983273079009421,0.979359501022221,1.00114612823201,0.993134170219011,1.0081110780256,0.998093951917129,1.0145859053236,0.994971989378567,0.985741854327544,0.976558013478343,0.999419959865328,0.992064340359268,0.996286917342127,0.996455250746077,1.00111590913564,1.00570804331564,0.987885098792756,0.98053999510265,0.98760448899326,0.986113779221713,0.978242453260767,0.979457175019175,0.987930285871929,0.982386622709999,0.990686196436681,0.98619197805771,0.993090261740476,1.00472117554226,1.00956055061963,1.01408947895822,1.01215826391981,1.00938958830013,1.00580091804648,0.989996111783183,1.00204475572242,1.01222645990188,1.00684546305435,1.0023634110943,1.01167929276907,1.02094366219534,1.00095260884825,1.00617642194214,1.00888312205902,1.00424258772953,1.00928558754056,1.00336380086519,1.00862872945886,1.01172147078909,1.01359543075144
0.298728962841242,0.508624904540021,0.642409947154025,0.744559759936487,0.764218282296271,0.851718694170699,0.886505723272727,0.90914126900909,0.933695518459485,0.945709777087739,0.947175920153569,0.962453977318472,0.988014720044482,0.978419326995518,0.987014892840637,0.984419482601596,0.990945579774796,1.00196845400207,0.996333433211647,0.986643353607835,0.984405384265891,0.982377943034077,0.975215925334449,0.967354300368004,0.96939757093437,0.977282966560604,0.982204186540022,0.998825351446574,0.990319231155362,0.996251131734338,0.990112682125592,0.9939778603765,0.98623720032572,0.987874046707864,0.988153047484261,0.996884734425507,1.00693931705924,0.99223414923722,0.97401250511302,0.979112165621044,0.986361203809863,0.993539478040402,0.994506662462013,0.991420531824438,0.980661449191372,0.993648520628519,0.990898249547473,0.973599693927478,0.984505510203989,0.999518497920333,1.00246086370666,0.992586271923803,0.997965948210694,1.00182120415208,0.998844705925662,1.00607290255248,1.00840963976274,0.999513864430086,0.994184720900845,0.986878367642373,1.00037929443466,0.988328914896815,0.998798850099825,0.985721348605875,0.98832265180495,0.989935343192166,0.994642964469413,1.00152430820376,1.00253632456104,1.00438527163601,1.00812608586272,0.983989422273778,1.00860990492748,1.00710979691376,0.995737179549639,0.997422362073126,0.989712221393358,0.996826250938726,0.998163595194791,0.992944323931869,0.986393597312115,0.996851594286771,0.991421239362181,0.98471231159555,0.990512607188775,0.991349204080417,1.01221229595447,1.01924033611637,1.00436612504586,0.999068647288976,0.99519710636391,0.996591812594204,0.990207423181463,0.990869084264479,0.992721521911652,0.993669272012268,0.984048331550495,0.992542539643012,1.00432565832203,1.00384189284102
0.295404743135225,0.510643410341859,0.653208210790608,0.755680858098551,0.846113176599878,0.890280503242334,0.9108751551499,0.964605559601574,0.972019750778207,0.978830121425747,0.988397904762563,0.978817828410765,0.981573793551524,0.992474261352335,0.998505880308058,1.0155170001176,1.01392603969554,1.00468119717203,1.00539298591617,0.982161624711192,0.961381842998806,0.973948792153151,0.988218377413247,1.0001519795366,1.00753910633565,1.013063050407,0.990751074632808,0.983740984114602,0.988653816510422,0.986191166323452,0.988097011262436,0.986276507839074,0.986467644934616,0.988815998873526,1.00341167319998,1.00256268924657,0.988920100186398,0.995032143122329,0.986260675822169,0.97995013412498,0.992180089364324,1.01368337815977,1.00978512935033,1.00916282911816,1.01257057286946,1.00855758228748,1.00479056682606,1.01448739982631,1.02140988972037,1.0169061745766,1.00150167164153,1.01382630165318,1.01905593996678,1.02279033331626,1.0265703649652,1.02044648537184,1.01658153589325,1.00998648604298,1.00960018801472,1.01622361573546,1.01815175347686,0.994786093396599,1.00485389165802,0.980029375772155,0.964423904875787,0.983865867427167,0.989336443576046,1.01767679072186,0.99535464591193,0.962386661713395,0.970084112166205,0.982985135104054,0.982828288496319,0.992827360706466,0.996328086664826,0.993647330245549,0.980350227618166,0.983127358577572,0.991539592952925,1.00667694463152,1.00069347047204,1.00328240822463,1.0143181597065,1.01773296982743,1.02271549274742,1.0093349009138,1.01606370864009,1.01820105730976,1.02035532371139,1.02239899999058,1.01476527670567,1.01532070200823,0.996015786958851,0.999030890520727,1.00207792473219,1.01663751113603,1.00843528440573,0.988853235176531,0.99730852828407,1.00488971928398
0.236469647836714,0.434664666262702,0.593509367955964,0.711802368416958,0.82361333277539,0.874780281654167,0.937454374921512,0.948934322990461,0.992043296520182,0.981409417060744,1.01719631214876,0.997690883117051,0.987528721788657,0.976624416099759,0.987815026352747,0.984580384085717,0.975422590864431,0.974662321681226,0.99166393878257,0.978298361528924,0.978613249084922,0.973658778725853,0.963919587864473,0.993817999245049,0.994234550128302,0.985925348461478,0.988042819420032,0.987287942823121,0.993586606291778,0.992472673911772,0.990357728040649,0.988904783654014,0.995090831203238,0.992514067586376,0.992523502041676,0.984000955703066,0.991332592933666,1.00760104792394,0.997135503868622,0.995290500698098,1.00827501708004,0.988157358952599,0.969246946707375,0.997844976553716,1.00882591663285,0.998222388735361,1.00108215420114,1.01085665810009,1.01317795492898,1.02280430128645,0.988924854613904,0.995666357209237,0.990328356908695,1.01615222089874,1.00838335139373,1.02195085150544,1.02111160713991,0.993054520250553,1.01004670401584,1.00303116374671,1.00431648895543,0.996793124653561,0.996151700002695,0.976947698092588,0.972760225623205,0.984548111066075,0.99090563076016,1.00603274175057,1.01455152956886,1.01038156765864,1.00767042707216,1.0085456536005,1.00506911062313,1.0140752493084,1.0017906854823,0.997041721504848,1.00408141748352,0.989036239919499,0.992181980421463,0.983086805585103,0.972670776594096,0.995216826636644,1.00011682855847,0.995876322090804,1.00528261130517,1.00312725843306,1.01131928236556,0.994713322678341,0.992548545292615,1.0007351004081,1.01170651118697,1.01315395872218,1.01303512168787,1.00383575974078,1.00145217955469,0.994707099273975,1.00836864010739,1.00664497284143,1.00812652079773,1.01474358797255
0.310984422980487,0.502574027597628,0.636293644271899,0.720489698608352,0.833105377826376,0.839186135765558,0.910088272723724,0.930060438075055,0.979300097807023,0.961787698617762,0.978141373976368,0.956810436323991,0.966331524398627,0.975755524193673,0.983775199224993,1.01151177262216,1.00709953309794,0.98627236053628,0.98717052412251,1.00073280946058,0.991672596890891,0.996817303276157,0.991649684597338,0.99054205822548,1.00862727220216,1.00437728601503,0.988016947074343,0.965738756591574,1.01042290961413,0.99701140671669,0.981368052929388,0.987173041337552,0.990947001412163,0.985044251233887,0.976975918006862,0.989949757524855,0.987787654757774,0.97020390739798,0.97287342307075,1.00132444152138,1.00953657593086,1.01116687529605,1.00422947765086,1.01617795947258,1.01679557750852,1.00953444023596,0.988339620726509,1.00667729123999,0.991694081277081,0.998775554152647,0.96926594492946,0.963045755252982,0.990968095995573,0.996608910308599,1.00734601568109,1.02205386237633,1.0201684946843,1.0072880296952,0.98865296730202,0.998637555080639,0.991286585013743,0.998323432458306,0.994155808677307,0.985700023685344,0.992737712130432,0.998497944656824,1.00637019796141,1.01967636097511,1.00769363537805,1.00986026291227,0.981395515095234,0.969928396903089,0.975037615001147,0.996729240046207,0.98383616151706,0.997275218208386,0.989162653889077,0.978450182585651,0.978133987290254,0.993892891097634,0.982823730884178,0.993084272107489,0.995231868698735,0.986214621268608,0.98778201845105,0.986031579919662,0.997202942797305,0.99484119197545,1.00305337896221,1.00823657804188,0.997812526842828,1.01047635904953,1.00521165132501,0.997568048387954,0.991936298737846,0.968516781110035,0.988652365220814,0.979513626014446,0.993338446777591,1.00027766878424
0.233967412692887,0.424213564603995,0.596867103755046,0.712433227374051,0.788999219708773,0.8955392947814,0.917271311811255,0.964143457602806,0.962933132042547,0.97741667906599,0.992192293229786,0.993112399487426,0.997863888184001,0.98949660963988,0.988910713449854,0.985268137587628,0.988379308251118,0.988366484547524,0.991065844442192,0.994485379763112,0.983826876918646,0.967677285346962,0.981725219106089,0.996433510583783,0.982483069969415,1.00726317631049,0.985654376117103,0.974347285038163,1.0001923330837,0.997461193189066,1.00963564933881,1.01217301153114,1.00966546926986,1.00507716031491,0.977787168937863,0.969383310314147,0.969104786750833,0.981855467130178,0.997783721239756,1.01120496822817,1.02197575526629,1.02349872765246,1.02197092879648,1.01772908967034,1.00221471044591,1.00158691543004,1.00555767043043,1.00853678572314,1.01732829885141,1.00164791709154,0.984234030911356,0.978002128300461,0.986711561017107,0.992408234132229,0.983171185312019,0.986561377387999,1.00332197551263,1.0001828129002,1.00998501763998,1.02067267940319,0.994198579014299,1.00105800116637,0.995672158453183,1.01664114521078,0.993425281233152,1.00916423736889,1.00829474498741,1.00528502820976,0.999454516919078,0.99897697172046,1.00271598063253,0.986966544097748,0.984985690906215,1.00289032563557,1.01101712505001,1.00109065912782,1.00072464417898,1.00135489519771,1.00769417904357,0.988808550804903,0.993678732247636,0.98676223545355,1.02325551713584,1.01853634678768,1.02060838532313,1.0208862177741,0.987525661519911,0.979649212089233,1.00280303879855,0.990619974570991,0.982312436300811,1.01408339097726,1.0203557667029,0.98380721718212,1.00706788744894,0.991744381309581,0.997847712539732,0.986628122924583,0.964286057203266,0.975630668294379
0.331389064061475,0.488115634190933,0.64256501868834,0.699066946561342,0.762978991367496,0.82761222840272,0.908172906629872,0.964590922477309,0.963482469058872,0.988678347834234,0.991949280399674,0.982157675279907,1.02003566538838,1.00470619000988,1.01794151371972,1.00602418345665,1.00074787712809,1.00717489862784,1.00130000669209,0.994984092388123,1.00081463918925,0.988219824024218,0.977418979078343,0.977247484433041,1.00883959377227,1.02904823654522,1.01713453345967,1.03006508911254,1.00686475095169,0.980751102326806,0.99859698682082,1.02226751576571,0.991587733355861,0.988047011346341,1.01171921748918,0.977347228953081,0.963515301915777,0.996595660872449,0.99155231667521,1.01365576070273,1.01439173109972,1.02756088893236,1.00912617554852,1.01243852911313,1.01774573026476,0.994691199356506,0.989893263517182,1.03309258376185,1.02923643398705,1.02957537555619,1.02554550697039,1.03205732083893,1.03141253029965,1.02879519898509,1.00785173300569,1.01869644946137,0.992882824551973,1.00529619513263,0.995369862974184,1.01293277575603,1.01668030479801,1.01333382199583,1.00779404995901,1.020278573665,1.00396024921863,1.01891734349936,0.978775728855024,0.976819279893627,1.00074888328658,1.00208598145499,1.00024985040328,1.01668569446778,0.997742852881815,0.993137249880921,0.996144082889333,0.977829879631787,1.00151360286078,0.993908805063251,0.996225025273884,1.00018835937308,1.00702329600764,1.01093913172878,0.94985435069378,0.990214653599621,1.00764617298903,1.01911870716464,0.987533085710397,0.981226924991123,1.02581724566868,0.982079453649783,0.979906207579874,0.997845260862204,0.998950765588923,0.964379484412601,0.996172475334742,0.992856789863249,1.01075610600929,1.00263278555498,0.995786916497543,0.99939705827796
0.321810516035046,0.506121071751563,0.602564189520699,0.685291842665109,0.795255091761385,0.819957407938579,0.882787982747242,0.928108946264095,0.944357551125846,0.98139488010091,0.972353929796174,0.979184295484668,0.983461756617425,0.993612306510377,0.988205917491658,0.98842657942726,0.97328232266116,0.958856512392901,0.951970023414957,0.954604938889514,0.970185429191203,0.961858733363935,0.98566073797464,0.986901825822333,1.01156718149338,1.00332559559992,0.980480437938286,0.974263384197342,0.976503894609825,0.980759878593509,0.991639594588977,0.978432055526162,0.994281083056854,0.975201257620553,0.975572402090476,0.970669299665354,0.969833922400845,0.975013969275985,0.975859932407611,0.980612318760552,0.986614379239073,0.993856044876177,0.986097323032038,1.01392323721813,1.01199380127044,0.996614503993296,0.996618628836095,1.00406580154518,0.989841941450102,0.988346832164228,0.998566277987502,0.988945244701755,1.01257909408203,1.01100468456831,1.00011279832532,0.994578117737337,1.00858288873817,0.998341153789088,0.974073899177159,0.996726472877442,0.990810928595321,0.998988169504305,0.98707910771572,0.987846457904803,0.998063377109154,0.980284973792206,0.988624096817459,0.99902524941235,1.000575564707,1.01707340203913,1.01622421277304,1.00741618750013,1.02358640209283,1.00620047500021,0.997608952768961,0.998806752708811,0.999199239881171,0.974367929987862,0.979974234238152,0.975237087626255,1.008717981564,1.00739190962768,0.988943674064146,0.999944979324299,0.996521983932303,1.00544048705207,1.01441211948181,1.01837067755205,0.995853658883069,1.00257495797481,1.00760163859171,1.0097622926908,1.01459327274966,0.982522348957794,1.00879767802183,1.00290914989462,1.00900205331377,0.998970066957619,1.00342021427405,1.00088987157773
0.38437329717713,0.569732459146102,0.687267049880489,0.77362306021873,0.841971243532266,0.900093497511126,0.948155323847731,0.958981013324387,0.950077300532052,0.948280600570982,0.973334199249783,0.963888245972662,0.988015616265153,0.983938677901986,0.986255507686504,0.973198823063633,0.97786008972759,0.984143636845743,0.960743606559738,0.980531455621832,0.970077121102504,0.960333444717639,0.975060345161448,0.97441018130221,0.986574089858344,0.997320981992769,0.989077967899883,0.973105771495785,0.981644224506034,0.984666808261586,0.984053289467336,0.968451370911472,0.987897629481073,0.988040295604083,0.988724105915198,1.00488882562343,0.990520582454191,0.981520904639766,0.993630469403943,0.998251221642014,0.99481981825377,0.996114811224926,0.990031791436512,0.996579238179932,0.988579694328596,0.997092018958178,0.988776176394892,1.01679580363902,0.996815989703222,0.996579872438353,0.999503642906742,0.985338600301067,0.985343747235785,0.985607348493313,0.999813135646613,0.995828126963436,1.00999936307977,1.00584118583455,0.996614346501784,0.988635451162067,0.987573048832351,0.9844182151456,0.962080444718536,0.967923059279796,0.97145592610568,0.981967481004521,0.989732979812266,0.990962134408602,1.00976447011429,0.997064595389166,0.992607910439858,0.989315940796478,0.992503243238117,0.980752824186063,0.970625322527842,0.965076298066455,0.965068067054707,0.982532223374167,0.981574181325354,0.98794291761243,0.989125639055286,1.00198850849278,1.00284939443842,0.99989683132226,0.982513451938818,0.988765098705235,0.987177995086165,0.993543030505631,1.00255875616416,0.997121391351275,1.0164344368376,1.00058798964744,1.00939906325514,1.01273353144842,1.01214547686349,1.00203157685069,0.998805442495033,1.00011508964274,0.990802835421258,0.995162763336622
0.362487546247518,0.564281441561,0.654558265371923,0.755445827580529,0.79150326702353,0.830092593087433,0.886632368091998,0.921834108461194,0.942636805837732,0.947467388746186,0.957700359912241,0.988839910886256,0.995425860295518,0.996621234898669,0.991816716475642,0.988230087860087,0.989398872164519,1.0051954902276,1.00845879698583,1.00987591253633,1.00028922991449,1.00325780684004,1.00441472255485,1.01304683758967,0.997514832439353,0.999163576052184,0.992066529207646,0.983958942357991,0.991427778500767,1.0047798738413,0.996676149527418,0.982781583975113,0.995474729720184,0.98448404399669,0.975013404665386,0.997286213295971,0.996546186827812,1.00056434726544,0.999847483726992,0.998003097303351,0.999536835629628,1.00171154508164,0.97865221824083,0.976124240489095,0.984310437965462,0.983960892060185,0.99438544416701,0.997502963240395,1.00788764408976,1.00253864396915,0.993376144460475,0.99316026226112,0.994232794224873,0.98968549516988,1.0027702930055,1.01189356499399,1.00762128877408,0.99884101704697,0.999864783659614,1.00427765639825,1.01580560474047,1.00186681547303,0.987446572572446,0.993907538851787,0.993459337059111,0.997887796190506,0.996895286678452,0.996303035569375,0.996788885586693,0.996885285922778,1.00176391765476,0.998401725668817,1.00052479918746,0.999753201024317,1.00227480754897,1.00798706149485,1.0009105213501,1.00213588122855,0.988797662633399,0.986995369278612,0.976140985739018,0.989065026374174,0.989059741230724,0.971341162064443,0.9782131963928,0.993592483796135,0.993999435897273,0.993773626734474,0.987030893933717,0.997885411920905,1.00210296827989,1.00036877895784,0.993304501882079,1.00614252506891,1.00301423967237,0.999018718967094,1.00803852548254,1.00787764405739,1.00227893058133,1.00519325568787
0.267020760947214,0.497905591000624,0.640209167889711,0.735720421460965,0.834171079176338,0.866460385145752,0.911513099898396,0.94786990012612,0.967988966638447,0.965825474595432,0.999031081053277,0.998699705625833,0.987485059491405,0.986869220694088,0.996355513176433,0.979357962469928,0.985854711434084,0.996403203395498,1.00808262829571,0.992015104521205,0.996196951905457,1.00244761172359,1.01097021870338,1.01214228683725,0.996389325174693,1.00577848174198,1.00620767642571,1.02074039660715,1.01527050054625,1.00636091793353,1.00389769689799,1.00827673933221,0.997975425311015,0.9906144060588,0.977415129802923,1.00544055519275,0.987958795558365,1.00573024941252,0.997505626911364,1.00034043829944,1.00348917974614,0.995670149755687,0.993621262630998,0.985327418748409,1.00912711342857,1.01088158865953,1.00133300907476,1.00669246839708,1.00763888843036,1.00409751083415,0.993567147933507,0.985170942356794,1.00273209093234,0.98580761241771,0.980534791570335,0.990556488482876,0.989098681541925,0.987986547915172,1.00127523619211,1.01039585797102,1.00071323309904,0.990524423461479,0.976321787235738,0.987543883960196,0.997076456401925,1.00638387876617,1.00422851937063,1.00244508097323,0.987051028872264,0.99667235969108,0.995943310305236,0.996727602850074,0.997867477257998,1.01195971827206,0.989393660344833,0.982979016134153,0.991952227287407,0.999877864746052,0.98747438070786,0.998829542185545,0.995992004715213,1.01364421916708,1.0063456949626,1.00281959664848,1.00652215298684,0.992935531572915,1.00766690291309,1.00122600963142,1.00322010458561,1.00848134028176,1.01195383063251,1.00814815221706,1.01339339677947,1.01006887950872,1.00585793623267,1.01462203469127,1.02301787449526,1.01111180234931,0.995717845520372,1.01187627301137
1.42664101586921,1.28779016886662,1.20783389787017,1.16866931453892,1.17576968681766,1.0972434596978,1.13172863496687,1.10873436024246,1.07845167037712,1.09505271025945,1.06544377722302,1.06457300534693,1.05125986536886,1.09434899868838,1.1062418153231,1.0368359435468,1.08568910031992,1.05396899499348,1.00597972009374,1.07932375111211,1.06265281332143,1.02462550981058,1.01161129204136,1.04697179571254,1.09312743217187,1.05897602616666,1.06873080630841,1.07604108842424,1.03799691792458,1.07731462104016,1.08831469930997,1.05092446124275,1.06069099478844,1.06588961836202,1.03819789699076,1.05334815603606,1.01562134819834,1.08698755656493,1.099760097295,1.04067532028412,1.05738445768842,1.04467626698724,1.05817600930802,1.06620736256598,1.0184317748,1.00071934148237,1.0704371249947,1.03336636264102,1.03723619192474,1.05404668726925,1.09424286674484,1.04403378162024,1.02549299718453,1.09802619162225,1.08641971781797,1.10497001908174,1.03214606508447,1.09746486518891,1.06394392697415,1.0599852460549,1.01064501103271,1.0426751123968,1.06785090392993,1.10662379273529,1.04481505498379,1.02186489341953,1.01963246352567,1.06623147189426,1.06099657637914,1.01208536999787,1.03976324915542,1.01254283150968,1.07153332161857,1.06557698799195,1.04089785323616,1.09769115743588,1.08067209722942,1.01357314545386,1.0161587721307,1.05515821849856,1.03291959166858,1.03137817407795,1.0549542810873,1.02237191935625,1.06015914163861,1.03890331995632,1.02068288743745,0.994806649425588,1.0770114341443,1.03762230295617,1.08769288913642,1.03266470680103,1.09678295006727,1.04795044485979,1.00451613768853,1.0353703767802,1.08541457746691,1.05625218942778,1.00800509507721,1.02373269180999
0.213168287674613,0.371361677796048,0.509628938316075,0.642056203000661,0.689136335717798,0.768223802853582,0.797398319093815,0.876240910449264,0.876219959863265,0.88658364353598,0.883225030159616,0.897901075966106,0.927267659221252,0.911452592134577,0.910693091353008,0.958960381665341,0.953793617073096,0.976874957007688,0.967874045876573,0.974615653087527,0.972067363310849,0.964729624058519,0.977458608129579,0.993496340346172,0.997156526353621,0.993626099687525,0.997810163327769,0.990779385539728,0.966860933012803,0.983927883851478,0.962148914533936,0.977921220513509,0.958697566798035,0.965356710665608,0.975834207745152,0.978953094548382,0.990553003473769,0.99607466855854,0.999928640020081,1.01179586477796,1.00632404575622,1.00671913324968,1.01292339746202,0.996695270233363,1.00325866654136,1.00473044498036,0.998128212908365,1.00477116518847,0.994571305760343,0.99849297301758,1.00655401888164,1.00675075207995,0.9990986387138,1.00400260152128,1.01234226216084,1.00305841985612,0.989672924747059,1.00152756960012,0.993509857491123,0.994845298313301,0.994567321115925,0.986898238945467,0.984050855204311,0.990067299490492,0.984681481005167,0.979551201701053,0.975542916396875,0.996954180891352,0.994967266196634,0.996179528836028,1.00446007459215,0.995301064957163,0.984644303378652,1.01162368575871,0.993623864582322,0.972740149591653,0.981022593716159,0.996402044036112,0.999795958079052,0.989541151345334,0.999330941943528,0.998873125125019,1.00792971430765,0.996194468086104,1.0069754840456,1.00794411439728,1.00555651782687,0.99806860653163,0.99797356763527,1.00643626333529,1.00611540032919,0.999737953084055,1.00625453002185,0.99543663822984,0.988214524925603,1.00058011788497,0.992655950326659,0.984287848655709,0.983817297344939,0.998719309949448
0.418255805681546,0.52706354799959,0.593082521581657,0.671226738314087,0.692191736902578,0.737872867187139,0.75089331760523,0.824078729948882,0.848543714210549,0.867681159405817,0.879033888190502,0.895618039978131,0.882410900215773,0.880447889131592,0.89169443646668,0.904941632243752,0.902312326912697,0.919313573149758,0.915636297765195,0.911499611162966,0.938936436194324,0.941498650201399,0.962627643184364,0.971437152974686,0.989956843789987,0.997343881673906,0.997865055473559,0.992195944962532,0.988341150572606,1.00128496402262,0.988745703625737,0.988355247602124,0.981767538324756,0.975112321429008,0.980715844294811,0.974462825589779,0.981467302570416,0.981644260909302,1.00025326863523,0.992235625000813,0.994644938184453,0.999991302509778,1.00728844053522,0.999900831202917,1.00753675177826,1.009020550137,1.00189600689381,1.00863460511921,1.00825324922907,0.999552295675009,1.00804081254329,0.99930737541682,0.991692683911593,0.975401016132538,0.975371285317525,0.993624194596958,0.99274330620787,0.999921636320058,1.00004404848912,1.00586972728382,1.00623340519719,0.999389320355336,0.998903591959989,1.00627429661643,0.990335746473087,0.982472332039802,0.991114657295347,1.00688855292022,1.00571142970642,1.00576211191739,0.995061758122039,0.995646087888661,0.998843312252743,1.00646693125953,0.998912218049721,1.00011829163477,0.999933183988085,1.00135284339944,1.00697428999529,1.00636751069933,1.00704209235021,1.00619714008801,0.999099500687853,0.998977625990652,0.989110979189909,0.994579390290398,0.998896196768681,0.998156917981077,0.997025484037788,0.990295387748547,0.989950662268354,0.989891128316768,1.00521647375184,0.998361919176731,0.99183451664951,0.989600464891125,0.985044092041439,0.9834485295047,0.983190752103181,0.999726451055008
0.224560325195425,0.345044580672688,0.432665697640016,0.504533365698716,0.583060493537658,0.627385161450313,0.70680146486798,0.736211511495893,0.780377723795957,0.789974403635515,0.802329403692304,0.807776778371213,0.80183929958988,0.809208459634285,0.821778989882871,0.826947587856088,0.825864485489209,0.839249425948609,0.831700563617857,0.843696946839337,0.845005229727308,0.854375107081728,0.848023722871278,0.844497914222232,0.840550541788577,0.818817350544155,0.838763621227548,0.835036216001557,0.830978453603803,0.850486407656492,0.857041694018049,0.858802374841051,0.872915990380012,0.857916959131664,0.864083844471597,0.864760132776248,0.878053371205883,0.884252614741857,0.886130933781836,0.879483934120231,0.877110689343112,0.885730319975626,0.882948875793927,0.90233511612157,0.913144053846359,0.90508213322705,0.913603538050545,0.909952504299562,0.913115946376557,0.917548270926266,0.917571017016747,0.921147119652885,0.926473680006379,0.909161243413588,0.921498681449931,0.927516846307254,0.93149856679452,0.941703405813483,0.943947600274418,0.954772250696522,0.960766881105623,0.963008470850233,0.951097965288182,0.963135687639694,0.962647992233353,0.971673373197986,0.979027853287311,0.983661987325803,0.981100852911142,0.983691036654214,0.978901807775211,0.982437806424616,0.985192804888665,0.986079499181311,0.989171886905535,0.988823087082677,0.977725363797898,0.970732808650868,0.974883760478204,0.979165883503121,0.973351253642716,0.976120332194356,0.980195458384241,0.99393364413626,0.98023173821785,0.982973643740528,0.981903426787265,0.98061094763574,0.983871265562914,0.986881255595758,0.989112381385602,0.990052257427444,0.984533515009213,0.987052138705005,0.984041903345656,0.974404470011511,0.982985387582616,0.987046363092408,0.998841749600547,1.00285100120697
0.399602454660886,0.56891641849553,0.662428916722784,0.743773021253278,0.792028727839623,0.816460885732999,0.831937748401966,0.844649916386158,0.860497065359989,0.868822153358764,0.882365597496291,0.874862197018808,0.880224686227466,0.88591834154678,0.886188280303497,0.89090293147197,0.895706986956504,0.904384393978227,0.902857449876549,0.904508904482391,0.915825434339503,0.927132356810053,0.924727772545791,0.917401022187909,0.908883208175396,0.905321808499501,0.919268194983027,0.9211478350366,0.917701446675988,0.919982468432786,0.918027058546965,0.917981362509718,0.922008302872832,0.916129206347955,0.924334129294056,0.919739335600568,0.926581377614001,0.937355505309314,0.935806243904229,0.941883349170718,0.941856543556557,0.941568490153052,0.939704667057753,0.948418287745888,0.94912457449537,0.953418796525098,0.962973906060614,0.960710366758305,0.963611351556955,0.9648999649189,0.962843750835802,0.968034869386835,0.971821320497067,0.967653633405254,0.969690759159664,0.976830257777395,0.982027555349496,0.981532828141949,0.9834520316229,0.984310671391999,0.981825148659422,0.984200592590955,0.978182547624746,0.985890920955671,0.980950698817273,0.982892555862239,0.976690604224774,0.984749930228999,0.980030152094112,0.989340432196074,0.983624309050158,0.984429762530823,0.986587175201316,0.989595264013916,0.989195265180575,0.98581352737847,0.9915323934419,0.992219270936956,0.992316463562532,0.989750818900271,0.990366408626195,0.997748325695724,0.997469554083563,1.00145887058349,0.999903711682167,1.00189817537869,1.00314389817601,1.00734747043076,1.00323406375732,0.999290933634476,0.997332626267539,0.993519573186893,0.994329837094724,1.00093824206943,1.00028564458039,0.995829664782468,0.997216041967851,0.995004297379375,0.994700489610438,0.996644440766027
0.33195732450449,0.511106725548941,0.640766012165878,0.735371700996716,0.819737109969165,0.871847417579907,0.897010738956849,0.920837780283005,0.934496247661412,0.960373570241833,0.945181906395589,0.948241605451427,0.968670517361775,0.976722724392863,0.986933020460913,0.977523092770719,0.980097184410282,0.982497298361257,0.982222123688528,0.980279541695989,0.990014416990901,0.994116916568799,0.982538188505721,0.994286985735534,0.999617844798446,0.992377485611385,1.00308204645227,1.00429830197416,1.0003735214184,1.00199063071752,1.01526005427689,1.00555947145526,1.01134781231876,0.984833183788802,0.97832010756074,0.982719026787866,0.99083664600128,0.98386925209667,0.989724380557312,0.987105331190185,1.00211973964767,1.0025184138503,0.995040175331808,1.00551873431611,1.01262271819362,1.00596037576681,0.993990270506204,0.994118353690438,0.998843537284166,1.00190472247947,0.999209865664147,0.997101336014864,0.975034525293693,0.990213897978921,0.986885828739488,0.983323984670218,0.972395320301377,0.99979102020138,1.01101210953037,1.0018714667554,0.99239706016211,0.986190753829983,0.99683853343299,0.981124563243433,1.00017407211473,0.998671993276349,0.99015857736262,0.985592890449328,0.982513389542091,0.995172577753795,0.991871412656333,0.991741708719345,1.00211482099473,1.00502160391835,1.00027195393018,1.00040213945683,1.00606287444636,1.00180703041748,0.989961381404254,0.993932062375493,0.987719680423466,0.967560288272025,0.981196065531454,0.979052343143355,0.988019828313589,0.992199843573997,0.997940031558019,0.991196317424962,1.00104374388973,0.992055448270975,1.00339181270631,0.98695180396042,0.983998381436152,0.992734225871361,0.991623494480881,0.986800100376974,0.992464742132894,0.998747251670811,0.992935738327983,0.993440408243764
0.371469157704099,0.572111645948031,0.677917958546657,0.740709751324281,0.805559004647239,0.858506664918786,0.907466512024464,0.915162928081093,0.935703584469658,0.962415649003311,0.962253265877239,0.951060599893496,0.962596189765908,0.973624536672508,0.98502739837531,0.982686888627056,0.992229708288219,0.992979043849317,0.988786207852287,0.987369431943801,0.987813065183164,0.978718607131351,0.976909337112793,0.980460018860168,0.985426609474401,0.98235552479997,0.978138744261548,0.987040099368899,0.996685382065732,0.98862656794119,0.989328278250087,0.987836640040948,0.990330651734789,0.981669669431555,0.979309453445065,0.97767460123843,0.990160193284139,1.00529715354407,0.996863836472312,0.999242883421376,0.988247680729231,0.996960153060849,0.982969534774632,0.991465262431063,0.993046295820565,0.979261493109088,0.988427776584691,0.997669960732472,0.988741503797905,0.99571818772894,0.998043167944677,0.993064626907697,0.990714966020474,0.988492395022901,0.982405679353127,0.989017358002943,0.97524778570913,0.980825321416525,0.994178106378232,0.991128934539912,0.992205033594775,0.998191870232679,0.99656840360175,0.992364237838596,1.00984165664848,1.00313445234085,0.993597720764945,0.998398482874503,0.999543925281554,0.993901301838703,0.987138921502645,0.989525498038153,0.988688041141826,0.99954605510005,1.00076701439353,0.982747211520756,0.974551009259103,0.983991860273525,0.964480797246665,0.980176552307139,0.979865981834848,0.989762775575503,0.981684344044946,0.980723514576236,0.981853906178075,0.986572072554275,0.996501432908465,0.992612814236556,0.988405241866769,0.994482268376922,0.99704918709449,0.988099237133671,0.989138704381722,0.999970211535798,0.998573644277222,0.994992818289977,0.990423565605556,0.986744849772554,1.00631801323316,1.00228050241559
0.392063852332697,0.572861049398666,0.701541843609433,0.77813952223574,0.845677854302782,0.899364411028662,0.906406685260103,0.940442703461462,0.969781894851879,0.967790317344032,0.984557576327168,0.970559648025961,0.977781269815491,0.981892302456999,0.988808649242638,0.989429005184226,0.998896752770704,1.00671818848536,1.00615954548864,0.9969599793756,0.998920360430369,1.00215260277937,0.998724894225267,0.996397672564215,0.998369857885135,0.995390444042194,1.00254338533721,0.998005212916359,1.00393422698192,1.0012676879698,0.99187509804401,0.997236792764043,1.01246257738896,1.00047502006092,1.01096016365114,1.00788561561788,1.01364154928365,1.01071897957889,1.01497579469016,0.998289755466731,0.997052348926507,0.99784441511932,0.999907158676561,0.991450281511363,1.00282644695427,0.999216751102096,1.00007045804238,1.00110719149932,0.991322488202137,1.0024655512375,0.990965473224165,1.00096960228172,0.995808707242556,0.996263980763892,0.997694978587133,0.998979275065358,0.991452412956295,0.999581230616458,0.989834658755686,0.993479295371278,0.99707415395091,1.0062945664668,1.01283715340894,1.00749082814801,1.00290462914288,1.01692917339727,1.0012623716821,1.00816490660463,1.00436154646854,1.00757627877208,1.00626864540072,1.01527518027368,1.01191180957975,1.00404721665564,1.00247824607688,0.986817870865105,0.990319661621244,0.975988612441267,0.986204127576037,0.973231945366432,0.973536332216954,0.98426018436083,0.991570880678594,0.996793572655819,1.00251074833034,1.00158870359612,1.01281007879977,0.998785777217385,1.00732178194357,1.00331920535261,1.00919329368418,1.00939290324449,1.01669797321914,1.00706691768752,1.00845319423692,1.01070537782435,0.997975831482863,1.00444676153493,1.01516737600355,1.00295978698946
0.3113697973606,0.504909682871269,0.628272060928724,0.751019737402329,0.813173741769325,0.891907329568635,0.944965638788662,0.96317617719862,0.971340223749526,0.973383443823098,0.991073658670383,0.980082377338773,0.980582908044376,0.993333646171908,0.989518664384937,0.993551734034225,1.00461058933988,1.0004724956752,1.01009172126346,0.993719449951244,0.998622057747607,1.00306246578973,1.00940462896722,1.01408433415787,1.00412710564884,1.01328850785559,1.01128471051905,1.01147237148823,1.00605982788106,0.999919608483354,1.01042773589356,0.997971750669117,0.995848871505302,0.998204523878683,1.00223395054123,1.01532713145867,1.01120502173571,1.01271479193572,1.00978307242167,0.998048734079226,0.994878592542219,0.9985094943811,1.00290631581511,1.00011448764915,1.00130438254907,1.00684800281044,0.999603352113753,0.992360227428244,1.00523888168774,1.01704377152334,1.00706522379527,1.01121808142828,1.00820291645426,0.999600270777951,1.00725507972935,1.00864136866587,0.999052317537352,0.996929619172871,0.980818303763625,0.986168740079888,0.995672043677491,1.00479516924773,1.00098629644175,1.01251538780533,1.00689509437724,0.996236003505724,1.00951451394798,0.993034041440842,1.00824888091823,0.998526643596134,1.0058158073543,0.993034117757993,1.00363720127115,0.993935507961449,0.990019348801468,0.990704112658823,0.982443151091909,0.977815914439369,0.981386986479076,0.979430002778412,0.971809479193184,0.954060887394892,0.983400950864882,0.984944537383938,1.00105503975161,1.00652315032774,0.998780330245588,1.00533215144586,1.00480049875111,0.996011389561685,0.989818890818313,0.988912232437763,0.99487757462893,1.00613606188378,1.01356596644563,0.995780362764519,0.995000521243368,1.00063809912109,1.02016188800363,1.0113753934641
0.344947135487963,0.530047598107115,0.667777277875796,0.737216119869377,0.790595348843874,0.836440289520772,0.89948577386128,0.918234786297925,0.932555366768991,0.951274773561653,0.965670005977328,0.965193592084944,0.972981428250297,0.978310766445414,0.985083030956283,0.982379572095476,0.991579856709471,0.989927014956598,1.00018069729212,0.986448602389197,0.99188723016504,1.00127463678405,0.99088072616679,1.00071702465617,0.987803786425895,0.989341385658394,0.994668896460588,1.006020013188,0.994334554784067,1.00241919489814,0.982725454075082,0.998959368190714,1.00619678171131,0.99822440566039,0.992288552197978,0.989829602694256,1.00638781938795,0.994725791993587,0.985116222792896,0.985981775331516,0.989693221752359,0.98069746918887,1.00419744693516,1.00697985946245,0.989689167826913,0.977783856041934,0.992979683965859,0.985641222678911,0.991543250338207,1.01444739902487,0.998092800117682,1.00044391672796,0.996778073559992,1.00278323925234,1.01540427216707,1.00142347335621,0.998584970719884,0.991047464517244,0.9846164376336,0.982759666468417,0.977688472723236,0.985389363471839,1.00142614396662,1.00136584779184,1.00233008738641,1.00385016227114,1.0064795986231,0.994888145940293,1.00354357508236,0.998641841415954,0.988790728512924,0.991211467472861,0.997557863941672,1.00016157738363,1.00696542522399,1.00399258199759,1.00421406478787,1.00842918195927,1.00036653663661,1.00099183797516,0.989115469980364,1.00258600987931,1.00060817410851,0.979989416112595,0.984581258029924,0.994061780402686,1.00275876112908,1.00894756197422,1.00155825343297,1.00253961370402,0.999836527922106,1.01082665683844,1.00016091212655,1.00203590626622,0.994336602781867,0.982385093398716,0.980818570028175,0.97945628881206,0.98539791178903,0.993842359191438
0.370947864139686,0.575548710084946,0.707824966318671,0.781301022730148,0.842863734935304,0.884892924995904,0.930796466045131,0.957861633077635,0.980516900848797,0.987621123137114,0.988171890993271,0.986032488977283,0.986758947162157,0.991853996740432,0.998901604137683,0.992518526807032,1.00864762557884,1.00848720746076,0.999997119409074,0.990619544068065,0.988258341771643,0.993478075668014,1.00250153419782,0.998716819575637,0.98963699045793,0.988700709999529,1.00360827801626,1.00130336328459,1.00295656809859,1.00412390433925,0.997880672092894,1.00197154941191,1.00288346716419,1.00596830428207,1.00008590753055,0.995117561313848,1.0102981523845,1.01141915930571,1.00028671164351,0.983819088502418,0.983891879780874,0.989594897131635,0.992050891732171,1.00206064077185,0.997287395834939,0.96550594959349,0.974856153623853,0.996188960941914,0.997795818569925,1.00111488252324,0.981441094563128,0.993021484730193,0.972387006713853,0.977739313482703,0.973916575557183,0.988485371088151,0.978479284440261,0.966501370781252,0.980713966662903,1.00253686784213,0.980385638212837,0.98756656710896,0.991822916775289,0.97968223705083,0.98357691570131,0.993607310029719,0.990211163618593,0.978797406302893,0.978325250966832,0.98291247837019,0.995610331289304,0.987426071204901,0.993109729670661,0.993684236191449,1.00315472049434,1.0057631223481,1.01077825311612,1.00988163435358,0.994570062759061,0.991182093035791,0.983333189864579,0.988381102066601,1.00140032019585,0.995458109816461,1.00462909214011,1.00977649236663,1.00991563273539,1.0059226393285,1.00279662622869,1.00616610974573,1.0007634850964,0.999536442595279,0.998953240571695,0.993742583210782,0.981733341404481,0.980957640973703,0.995531195520737,0.998156051954558,0.994348562331163,0.994427195536416
0.318841095308545,0.54874845986045,0.631001100918537,0.765115199028466,0.84364856503394,0.893459690624188,0.930148821179644,0.950834483185256,0.960095894399204,0.958658615452965,0.961290282817239,0.965643816526043,0.979534950262382,0.993969786150116,1.01335675713589,1.01365741588004,0.995462324319386,0.993220578744743,0.979199608195448,1.00938738154182,0.99682283328963,0.996982654000686,1.00683367073318,1.00239752979449,0.978117860594652,0.973352448488032,0.98906769655054,0.97562010069134,0.967001003431405,0.992175508577326,0.992435445473695,0.976269889391095,0.996948977122036,0.979839457568739,0.979831825602099,0.965032600383625,0.951394841232273,0.997467467820674,0.950682640411617,0.976169836563689,0.945567579150411,0.962104438767746,0.979071933790921,0.972925400878521,0.97864587731556,0.969628625711234,0.987318233763016,1.01032394527155,0.992354456661336,0.998312763750173,0.972483513054915,0.961153178533956,0.98324409753191,1.0065431716339,0.984965814426542,0.982453032232061,0.98992117279653,0.997944704882086,0.982506831112911,0.983474129738415,0.985636433355944,0.956165478624694,0.936809033356411,0.97790301199149,0.989326132609503,0.991229663349602,0.999786089219876,0.990759297302716,1.00693510347351,0.998696640272739,0.965172248366398,0.993004079355129,1.01365761176719,0.987287848045125,1.01191446310661,1.0100098204209,0.987451461324704,0.977597988888837,1.00095682987495,1.00775323183574,0.978075502290279,1.01264016844801,0.998993693621563,0.971700533301441,1.00304966746563,1.00494010552204,0.996185726943746,0.994093127196574,0.99042324765356,0.984165285715013,0.980501849491187,0.984927086921968,0.981778060444942,0.974761816631718,0.974581996043288,0.985502282692561,0.982180629098051,0.999002860226139,0.970077524719264,0.992120736953223
0.364281407551427,0.544339301714537,0.688063279699448,0.762230124722643,0.843349351684045,0.893117731451827,0.954373929883393,0.96426170175364,0.961742773520481,0.966889319534137,0.961293513011505,0.980922688395822,0.989562840104061,0.992275764521241,0.991535437983953,0.9905528491261,1.00019834103215,0.999336220136643,0.984388286752447,0.976793971029979,0.994450530376211,0.992316181530425,0.996054000109847,0.999147244481734,1.00679404843393,0.998361488733157,0.992687456246834,0.995257726494178,0.998475173124292,0.99755176832603,0.995142111944909,1.00073036603053,1.0025970203394,1.00314893225884,1.00322473865229,1.01020714306469,1.00646581370959,0.999612852069005,0.989216084182636,0.993289894608245,1.00519357077276,0.992111131969448,0.999511335110753,1.01034329887972,0.990330697927136,0.982588821290634,0.983963484592728,0.99922912868596,0.996242143676247,0.995722204672789,0.989793022514693,0.999236788900608,1.0086338589682,1.00113793682501,0.998529544149374,0.997881688362184,1.00109063281935,0.987930654112234,0.982970098334673,0.985061551456484,0.966155667190979,0.978897197544286,0.989228283328219,0.981955314560064,0.986841185384828,1.00250512341797,0.998771347509811,1.00225356303808,0.986973179930815,0.992213789533178,0.982541068410197,0.993711057795034,1.00284539838621,1.00440630256027,1.00099103667096,1.00603786394824,0.989724272862723,0.980480010618534,0.991909468765131,0.987391411760987,0.991479549740969,0.990151327953431,0.995661658335515,1.0032758154534,1.00043559218297,0.996204876361155,1.00396958451216,0.999687859428038,1.00906388647417,1.00511830449124,0.995631392559759,1.00299296890034,1.0066818150995,1.00745151523137,1.00311384862895,0.994407918849265,0.985940092216221,0.991918850225315,0.989056316164427,1.00530352352178
0.329913336555219,0.505443373344741,0.639318419018735,0.729269297885452,0.795812041702086,0.857415998096403,0.87495502614116,0.910074062019871,0.913598071080491,0.941134440506767,0.948019694109065,0.963933100869744,0.970199494015459,0.974700441336523,0.988088988489574,0.996984847108222,0.995060114849722,0.994349176920675,1.00099096982207,0.994400202121142,1.00031249126857,0.970162349655089,0.991822507352017,0.996992117588119,0.99347520980016,0.985835598660167,0.988280200556416,1.00608770792992,0.999588041220171,0.987626382137816,0.990977018052449,0.980821935661878,0.99045028086758,0.993939710662833,0.984489230666502,0.989376828943403,0.989856862242134,0.987666717240044,0.994341410022911,0.993477876216203,0.992430280799681,1.00055670163954,1.00487313153375,1.00084540180863,0.992081639039186,0.994244814151227,1.00402309117788,1.00854888656091,0.999862755488588,0.992940063299435,0.996091530825309,1.00709699713974,1.01147172488172,1.01596161686711,1.01160978985842,1.01215625274959,1.0071021687759,1.00833621342115,1.01002253264219,1.00873261993771,0.995053917566253,0.995916690235927,1.00502644370084,1.00846127150891,1.00656486167017,1.00544931763743,1.00755374902961,0.997959866661967,0.994963946678194,0.992631008233564,0.985690224535459,0.977410850414979,0.993664740807722,0.97917507198137,0.967696227270507,0.980331871988069,0.989479865027149,0.979898668891955,1.01362959433187,1.01109174489095,1.00167478226211,1.01165072049417,1.01140197111113,1.00894298416374,1.009054219663,1.00554426277021,1.0088289654254,1.00159158121077,1.00930733859005,1.00658087481458,1.01026090221252,1.01322721350748,1.009452431313,1.00870223515143,1.01883734602786,1.01512218957239,1.01814356322762,1.01088738173563,0.998457485891253,0.999975308760785
0.2441881621521,0.442773691615134,0.594556579407376,0.717698352109976,0.806279269454054,0.867549512402635,0.901863242441319,0.91642747428687,0.935995568336881,0.941602162244044,0.93955504682855,0.967721531469918,0.962414448689318,0.961685995731391,0.995894127962432,0.993603219853932,0.962646175494945,0.982245805682323,0.9772286489575,0.984163527054076,0.996912169289438,0.998665820248809,0.987510192564518,1.00636321224958,1.0140402706975,1.00762877897199,1.01675703373592,1.02046504677729,1.00452935212753,1.00701633870591,1.00311932107754,1.00605174102078,1.02174639836768,0.996618286369523,0.989160789399601,1.01832906051072,1.01164216140106,1.02100966358038,1.01943441038964,1.01461433465879,1.01202029711892,1.01849008634061,1.01378309005828,1.01693684256734,1.01117404964375,1.00632781173978,1.01065866742811,0.994943842960113,1.00359679178981,1.00632767065096,1.0098449198008,1.02189667284924,1.01724216832738,1.02097708070303,1.01294394292703,1.00693580134618,1.01209472931868,0.988876125466002,0.993886086925224,1.00961304245021,1.02070131426113,1.01238823217293,1.00706949412585,1.01364624428702,1.00777360732325,1.00531960783601,1.00462549331449,1.01147284645536,1.01711869642745,1.01587658752217,0.989549208325202,0.994895377930295,1.00138454318329,0.993651134157655,0.99926802771915,0.992699567558261,1.00892104431252,0.995543645751255,1.02285252187334,1.01345673357838,1.01697644771523,1.00974069714311,1.02854014534428,1.02750354351153,1.01761212586333,1.02407535504249,1.0022732918711,0.96790171240066,0.999367806228052,0.976432776577595,1.00171628704091,0.970938462499942,0.991241297351364,1.01369105369481,1.02217202633095,1.00978497702323,1.01164066239023,0.991346727026398,0.983304174355656,0.964031921196309
0.346762617411776,0.544311534259765,0.598792132777875,0.721797006802292,0.790817549063339,0.802421889442656,0.874732407872146,0.90889450385465,0.954260022853294,0.958118199456388,0.969628875056773,0.989842413065769,0.973713147831551,0.975873946095963,0.990314441218626,0.988048569540034,0.980077770852592,0.993796589902614,1.00152613488087,0.983652585395399,0.984184085398106,1.00302879558491,0.956490005808268,0.974340396054649,1.00260464894268,0.992284062740042,0.975569866514585,1.00936276999817,0.996217842352361,0.992880920364349,0.993809904984892,0.984842816983085,0.983925707676895,0.982855966787062,0.975618526240121,0.986914725932017,0.97660297707274,0.97957165273528,0.997607399541479,1.00666599024027,0.988787452744058,0.989769107336985,0.988592248452389,0.982214662263857,1.00797506618407,0.999296003927626,0.968609784637703,0.975809245767765,0.947878158011264,0.9375963258961,0.958849817424594,0.97219290687756,1.00062980391318,1.01154917514916,0.989648767190662,0.967057324983239,0.974249133932823,0.980440374646984,0.988380391851764,1.00609784224129,1.00365288237273,0.9932686413048,0.995696920870936,1.00850785834015,1.00381770210678,1.0020979822729,1.00786999193437,0.996066905423663,0.990108985658955,0.999897282032417,0.987979706679129,0.977774887295133,0.992128697549579,0.994280898205832,0.977688468985332,1.00265048240454,1.00376535506962,1.0031351383416,1.01296193600759,0.996938211168182,1.01880419922684,1.00655712699926,0.984202419649988,0.993088745173606,0.986793426743888,1.01096581347597,1.01007050409346,0.998088254604179,1.00616533490059,0.991218324303136,0.981092219468327,0.990595917726816,0.978091702494107,1.01310745553557,1.01200302429098,1.01990761550377,1.01937527581671,1.00121296009854,0.971609466551818,0.960964789075762
0.369230884645125,0.533746016027495,0.658288847733994,0.773970286186993,0.829394746855343,0.873910787009879,0.86983333964897,0.900517060926196,0.889714686745136,0.922061830717238,0.954223678146133,0.92948855919811,0.944575877055293,0.892057992767859,0.920707975604446,0.902453188435361,0.932670473009842,0.942437548833589,0.921646051040579,0.950642084720086,0.937877788111782,0.940778422868941,0.974289426689777,0.959605871611219,0.946917283233844,0.977220166238704,0.971106047052371,0.946218427273698,0.960715101402043,0.968352921945128,0.974413200278093,0.976698180988945,0.95677658906725,0.953765768991758,0.948917989158034,0.969474145998495,0.966933333986054,0.943575580147083,0.982038590945445,0.983989635755927,0.978201313538326,0.976090814368155,0.964136831529496,0.980458970204319,0.955495561934894,0.957386535614079,0.95891335128622,0.993053437123512,0.973449752720519,0.972761428268895,0.994806990719763,0.98205832749023,0.965893579766044,0.965265745638732,0.981130121219342,0.968619085553563,1.0035368555187,0.986592801838565,0.977103532978812,0.965227017656017,0.965546245472843,0.959716992347039,0.935739534110532,0.938309220125328,0.939941992329421,0.975779283926218,0.973128843357512,0.97682242070615,0.971292649336344,0.96126555090875,0.954669794479773,0.944122556554404,0.978676387456861,0.979546839623502,0.960929202044819,0.971442050564416,0.967309641713068,0.983450934505708,0.993022429386535,0.970934622520404,0.955772769750913,0.99046541945997,0.99072988576862,0.975219220290328,0.962390683746908,0.98783785621098,0.980624604540335,0.983007255222338,0.978954794586893,0.98309811507918,1.00814482647879,0.987478868063338,1.01102648667366,1.00312683377152,1.00685863051903,0.991406764439371,0.993680494133692,0.988476969301281,0.991757425246912,0.999546193657384
0.442070695874225,0.637556902624755,0.747457749994832,0.793433434484645,0.877529375236041,0.917526786571029,0.931467021913842,0.950114493700491,0.968424403827113,0.965719730761878,0.98594307924143,0.990664216972731,0.994554507191066,0.994860183957851,0.995133785047114,1.00039304307593,0.99959568505878,0.997190972643838,1.00010648898716,0.9963366535905,0.999959118855486,0.993289143616279,1.00347721913947,0.994503992088361,0.980675562043934,0.996735813261274,0.995053048922529,0.991774368466899,1.01224702291489,0.996609142404171,1.00340885992942,0.993960589287578,1.00020603651023,0.99962547236626,0.997051914770153,1.00951945200718,1.01091357898394,1.00770261384412,1.00283546488487,1.00168408018648,1.00075708543668,0.998873698236879,1.00412477239412,1.00346060296263,0.995733965673539,0.988629433841156,0.999541944762606,0.998168579690495,0.996544263610461,0.994514851574931,1.00231538680314,0.997446082357227,0.990343095009742,0.999419775579696,0.99946425174589,1.00925546048965,0.999392575043556,0.998422620828284,1.00204969884139,1.00270521603929,0.99800794816224,1.00072339535656,0.99219292138029,0.988974533715242,0.992595577729781,0.996534069085624,0.996032399229266,0.994515496403199,0.997754391484882,1.00794164175684,0.998412910387108,0.993526005502522,1.00350785761965,1.00436541005849,1.00126535764125,0.996811022277247,0.999698840846883,1.00076015038652,0.994713053649852,0.992842886317282,0.987793744604801,0.99640465194464,1.00306845860805,1.00449905847885,1.00027680828472,1.00480674920568,0.995063876925033,0.996640457024457,0.999982994418825,0.994764486724181,0.989631564124096,0.997577586107939,0.996411991257,0.999688840863441,0.995891413358499,0.995244292295789,1.01017848947595,1.00595578553189,1.00078976552816,0.989169332668226
0.418554207391062,0.595203574360449,0.715888106686978,0.808725157366497,0.882395001235393,0.924010022057794,0.955250929418497,0.956845854990209,0.964194061899796,0.97202578709149,0.989771465827908,0.996600790767006,0.990933283269343,0.991770102351174,1.00265028050665,0.995596189756785,0.986747608057445,0.976790625481632,0.987697389940559,0.996669373281968,1.00885183736501,0.992950171477836,1.00016563724988,1.00116393238829,1.00581488340488,1.00253140636774,0.9998210279769,0.998258694314628,0.998649880470081,0.997539092648669,1.00309770553103,1.00229316975603,1.00613333332357,0.999035979755971,0.99450333526723,1.0005154272792,0.995521874717116,1.00468516599616,1.00029037799922,1.00107199649019,1.00215427277574,0.99868993506495,1.00282496904383,1.00798758849604,1.00524052121722,1.00780217308927,1.00838723583509,1.00360255483816,0.998678235096206,1.00452023077761,1.00066325184614,0.999966931629653,0.986701237361868,0.990157031788299,0.995595686477837,1.00100616583308,1.00347226611271,1.00419737079393,1.00389096567425,1.00266556220608,1.00030921805659,0.997895038253194,0.996818266209113,0.998699753669807,0.999082280861996,0.993980358131976,0.994502336823136,0.999776515744752,1.00332992850854,1.00731828166208,0.997160338405083,1.00381623410506,1.00357198882895,0.999400204383216,1.00031099881835,0.993620178354946,0.998897987601203,1.00535136087228,1.00721675946949,1.00739054521261,1.00548515152005,1.01051956750493,1.0094493523137,1.00610293296456,1.00221212501562,0.994460846853708,0.999125224345819,0.999008124458922,1.00212787414429,1.00624204683336,0.999688145644946,1.00769427741842,0.991873070296474,0.992207871614811,0.997800647247975,1.0023741886157,1.00886421459369,1.00882309562299,1.00815625911317,0.996303298402074
1.08862542105967,1.05794095746757,1.05405920820178,1.02973129687872,1.04369522893946,1.03552387661926,1.00727812588159,1.02340689249175,1.00920373246734,1.01437124154286,1.01855371126201,1.03160771468517,1.03925336199755,1.04608276831996,1.0258143115033,1.01804006359694,1.01864143047498,1.01274327136383,1.02435830466558,1.02267568622001,1.00825891595437,1.01880345838536,1.02929524174562,1.02418408403788,1.01075473112233,1.06169238370507,1.07893001556163,1.03722608446034,1.02478294298128,1.03226494323089,1.050305265719,0.996713518204772,1.05053017526346,1.0148771720102,1.00524512654197,1.04625575550801,1.02406120961895,1.03034977754575,1.03059769941281,1.04599954805052,1.04324419944622,1.0318756598201,1.01882785101546,1.02242838307212,1.00707259067435,1.02551515666922,1.01227098968806,1.01703415851528,1.00876765834333,0.997104089079184,1.03291702800506,1.00811729348185,1.00490231725733,0.996512076323672,0.99159123723302,1.00123993335474,1.03269405065701,0.996738659158163,1.015631169056,1.03236484431715,1.00959654576025,0.997555766973255,1.00607175310988,0.986187767949232,1.02016990512533,0.997063235275388,1.00700774937704,0.983432252693292,0.971507869808214,1.02247622646343,1.00815119399397,1.06638616097856,1.04831900505673,1.05350431531386,1.06884346473798,1.04721878297783,1.01578760203186,1.00726398936443,1.02308557168707,0.995671991182496,1.0472746885243,1.03320703819226,1.05309675312698,0.993149001761842,1.03429912111246,1.01768837742162,0.989804298024663,0.996193738885309,1.00553843723305,1.02673476914161,1.01258535747583,1.02512524000061,1.00310024418448,1.01306013158367,1.01860594452045,1.04245782293896,1.0243709806288,1.03968299946533,1.02208786883354,1.04990543154728
1.03184455081122,1.03914335307294,1.0376326533258,1.02458683819831,1.03906914964358,1.03843800136216,1.01895797071243,1.0299934025853,1.0135998318342,1.02079773151266,1.01784776581096,1.02991852015735,1.03279562380412,1.03601726636723,1.02132633759466,1.01662540818049,1.02247971571068,1.01842642955409,1.02870804324914,1.02651957992076,1.01492597174893,1.01848767235637,1.02423535168848,1.01913968137794,1.0104353021543,1.0449773775174,1.05929489685274,1.03102915046099,1.02237968131244,1.02664064702474,1.03364774463213,1.0061985231097,1.03848803888304,1.01908399966183,1.00970891748655,1.03220809433591,1.02354947941475,1.01767676080315,1.02136599113471,1.0296181603624,1.03044320952344,1.01976334416178,1.01454514897694,1.01548621461302,1.0070092423664,1.01875197370577,1.01192396600414,1.0119505704626,1.00427333718922,0.999839677866665,1.02077178563094,1.01015082575985,1.01122870950901,1.0067957466021,1.00278315390896,1.01324578752927,1.03015687418909,1.00828185710465,1.01563969275065,1.02506679512276,1.0076682471243,1.0041382367298,1.0112113229581,0.99798902258095,1.01680215825949,1.00076392285506,1.01006958128304,1.00010376047199,0.996166717117651,1.02154338156686,1.01255902536535,1.04607262256526,1.03616458011561,1.0348897941206,1.04527652547575,1.03111744735859,1.01336308722522,1.00894478718994,1.01755990739289,1.00440135290074,1.0334280931583,1.02472092697657,1.03542074627039,1.00223925466161,1.02536455846957,1.01688199538925,1,1.00281107247269,1.00922940365014,1.02247052780174,1.01071143283483,1.01658125349063,1.01067908451582,1.01481957142649,1.01745764998994,1.03165036588467,1.01829668553395,1.02388386337142,1.01792052755411,1.03700570562917
0.403807729892702,0.578706196656683,0.646111487434265,0.734776421511171,0.788151288245682,0.796424722959622,0.825796992737812,0.881161772647787,0.893373964853018,0.920052344054228,0.92518492662988,0.92624660246893,0.93200327200572,0.927617675983825,0.914182152357676,0.927393679140612,0.924236583858415,0.93905354207177,0.939522065847267,0.948657946989503,0.959267775105802,0.963356755594436,0.974852867824763,0.984517497248508,0.992059817744552,0.998389408339365,0.999877772603392,0.992221082710775,0.98479715329123,0.992211156912219,0.964641625138304,0.992464683659299,0.986450452458604,0.974156381821715,0.977446196640628,0.973814602547202,0.981917899199584,0.982034174271301,0.999310384425716,0.990483226237332,1.00065443191436,0.999916967835819,1.00294579733087,0.994595521936307,1.00289210369291,1.01115632162855,1.00380229629471,1.0003354566343,1.00081819444933,1.00130083183112,1.00906492085836,1.0010298140592,0.991887243649057,0.992902313760085,1.00140990284652,1.01041544996301,1.00086519695093,1.00053776498072,1.00180404220183,1.00761488719929,1.00817725272521,0.999753145547934,0.999057411460458,1.0063468813205,0.999937302206324,1.00549161300081,1.00614181565141,1.00569492943722,1.00638409944289,1.00675547017588,0.997411783641162,0.997237031010283,1.00708599018358,1.00542703721226,0.999671735233144,0.999617309104935,1.00034576044194,0.993974198416897,0.991000338180877,0.996543602619408,1.00151654990374,1.00653681903797,0.993025371530557,1.0069513551948,0.998367220065984,1.00473750949157,1.00043499085148,1.0054743777542,0.999265704964174,0.99355387037353,1.00071930450621,0.991994348058472,1.00762342336292,1.00621217194214,1.00742141948481,1.00034439902302,0.991168794734282,0.983734147606438,0.979721821611223,0.995812910140442
0.295717530204058,0.44178510609102,0.531094236019569,0.603621823095363,0.623159519404041,0.666500875790416,0.708460969069823,0.717715582042319,0.728924008281295,0.744238410725241,0.739264088788553,0.725932095190222,0.744648297063822,0.75591236478702,0.732569998146416,0.734254038635428,0.771844417235728,0.793101491464097,0.795252921805721,0.797983869275929,0.805757241277131,0.787800068494395,0.783795521338547,0.802300139459398,0.801071724326678,0.796006166346883,0.811737698602111,0.81820331616268,0.793181892817947,0.813825288073909,0.806804860513234,0.815179633666324,0.827515553152437,0.831909263370705,0.842237305952573,0.846740373942525,0.839992100273901,0.838585568961208,0.816124196903852,0.837682110948405,0.859350374297186,0.860476958721326,0.860034459581683,0.865483039742398,0.876243561207337,0.874792788601251,0.887087153848372,0.883257539098792,0.909449973870285,0.919838984050055,0.907660858442861,0.906139636138536,0.914431038900681,0.885793746253699,0.904725962521574,0.916275910882855,0.939727194804811,0.929044937904954,0.949488501907468,0.944684145723005,0.945769588647721,0.952119701875497,0.954183999296818,0.956449833443163,0.956892625465536,0.964606771118144,0.974307352333833,0.984606546973406,0.966886192885564,0.985849198175125,0.963169053299124,0.968321528867898,0.972046384513629,0.970206835993194,0.977224549005814,0.971402304007092,0.959339835567845,0.968182529490547,0.963414770050313,0.972313720389478,0.978561995387942,0.968461196098846,0.975675436283552,0.987038889806385,0.976710889225645,0.984421952724753,0.973278256575835,0.99105477707285,0.968361002681378,0.973528694508813,0.966822565038839,0.976682010270576,0.976794649828773,0.98567933343442,0.976364709614002,0.972740802744616,0.982617817213207,0.990046445618445,0.995714747988282,0.976879395002548
0.349602920022934,0.474082589836572,0.583729768726634,0.685980636585536,0.743108511846974,0.761211022776456,0.780080649121815,0.790263913267535,0.804816424409897,0.814851883111587,0.832901581431901,0.819219123582568,0.821654187269891,0.828608940863664,0.808757680867201,0.823192826434558,0.848640685747004,0.855025739871923,0.842832408542488,0.85602879668076,0.850934723301694,0.851192232194125,0.843872641638941,0.85656395764313,0.858815357869647,0.872650603307294,0.87780185415499,0.865587322103983,0.86229081355378,0.878022318480964,0.874569934864327,0.876070887475288,0.871468560866388,0.880765497797585,0.89388534526558,0.893326239031294,0.903398522365045,0.916465935048694,0.896262460470791,0.908119432311828,0.909214058614957,0.904175231366801,0.907767157578533,0.920157339821471,0.921499971634186,0.927018532349377,0.9346200903005,0.943512753581622,0.937241739935657,0.951975769281458,0.944503579135473,0.952772579697322,0.959774678532595,0.951131381930838,0.963229717738754,0.965704596494459,0.973762029511108,0.963244080794249,0.975182339630615,0.976649946589616,0.982220682957119,0.965157083113824,0.959412968168585,0.965018270106298,0.965541183800874,0.981224952114822,0.971531024060573,0.97714355756242,0.972444207626878,0.977833396195182,0.986044199589606,0.97705885473807,0.988176890192659,0.981036158941191,0.986772354399309,0.972330180739329,0.978609927828852,0.983518466265078,0.979298499459376,0.980021152341822,0.986096374371417,1.00702966717337,1.00615290220277,1.00650402807555,1.01221715944278,1.00142080155212,1.00783994765219,1.01049260375261,0.998574837105545,1.00063737565618,0.993506109280564,0.987806437922036,0.985785916184796,0.981881357389521,0.988835348829095,0.994921460831269,0.98933309074417,0.992625322421966,1.00332467853643,0.998663000281342
0.248961977970785,0.486864781671372,0.619138216799898,0.729438485970867,0.824950340788154,0.902211122203392,0.931343878196781,0.959153037736049,0.949203914882695,0.988037589926433,0.981635535133226,0.996848402476755,0.987893455730342,1.0026464869338,0.998263053450757,0.989014916241534,0.992942072398121,0.986355714678253,0.980258504343231,0.9840837252789,0.997773754846379,0.988532341530287,0.995692465017347,1.00061931254025,0.999355026978825,1.00238458989195,0.99640702724373,1.00195187784833,0.984713883390083,0.986046515947157,1.00623105051688,0.983366980435211,0.968813892609507,0.985799144322522,0.987067534416261,0.976064500004091,0.975585487667725,0.976354675552886,0.977870516157652,0.972405154939327,0.976616217137622,0.996039414944189,1.00889923919935,0.998548074019234,1.01471180328168,1.00191750100915,1.00381082984052,0.998581364216291,1.00088844865497,0.990770775643885,1.00055594348656,0.985903464595785,0.98530306901673,0.987975169939418,0.978352845492141,1.00187559834678,1.00011367309049,1.00913155964148,1.00951000925188,1.00046563800138,0.996048276255978,0.989506191866735,0.994217548114229,1.00677029213436,0.999198128808273,1.0054266311363,0.9954770391409,0.990004791293112,0.994207588716131,0.997073001255091,1.00767123801908,0.995369999563943,0.9857333475764,0.978920286784914,0.996937732867125,0.976783436607488,0.983803303350152,0.97722429819451,0.975716305709274,0.996970764874675,0.999482459039163,0.993474986755542,0.99283817336025,0.999542537205764,0.994934977478394,0.988083344151264,1.00382684599332,1.00493884537258,0.994154138693653,0.998878987786174,0.998390475630619,1.00623943072637,0.997378810914781,0.994254410440452,0.985401473563136,0.997861450048375,1.00016598936302,0.986741940536567,0.980990674940372,0.989950259022461
0.331196995667914,0.516282052271323,0.654272999164128,0.744042436547061,0.818847009155513,0.857350128601991,0.899601204783264,0.911559150553676,0.921996029419913,0.964345860688625,0.960117601846173,0.97930656074805,0.990107078074364,0.996507980635942,0.988227036835995,0.984208115898942,0.985990650661695,0.985104661671001,0.984439451826941,1.00240609830595,1.00011451647806,0.982254072217704,0.989440495787179,0.978209701262429,0.97686276701338,0.975260719132861,0.963086920110463,0.977608447490353,0.973540243968304,0.979884220096474,0.98299390764791,0.977470573108154,0.989035194578798,1.00102731324471,0.993899853640853,0.985966297802484,0.986564299851904,0.996644013213143,0.988676134212327,1.0001084642616,0.998028271967186,0.982204009797603,0.977076877684781,0.980124548883867,0.9855691253113,0.977831111058476,0.994296719633007,1.00273078526767,0.994714167590584,1.0103351312316,0.994898921927076,1.00255663547632,1.01057261849087,0.994730162256664,0.98693737101916,1.00327416977224,0.991964259272375,0.99685179088433,0.993053826735426,0.980220188439697,0.984182403012981,0.993114213916558,0.99628340866452,0.982508744358706,1.00561786077102,1.00264294811611,0.978972218028135,0.969997660761254,0.977511781984485,0.976553567497583,0.967977009489831,0.969810299367623,0.971079537683445,0.970300438668303,0.981860387246554,0.969819957167264,0.971257918219316,0.989904845698383,0.97725522522995,0.995264880972883,1.007178209733,1.00437346809913,1.00675606429455,0.989943482407653,0.99328655815399,1.00347611894825,0.991842792214879,0.998201365380445,0.975354631374901,0.983727661832301,0.993893833958784,0.984140497142172,0.971292891068361,0.977309433220157,0.958807438132612,0.976233012509914,0.965038883630822,0.972086088291131,0.983682019563016,0.976700049346783
0.312707314408023,0.477569391529144,0.591343332058888,0.722596281822328,0.796498819477115,0.827744172150605,0.86477924578021,0.918558861793784,0.93888380670943,0.962444581536854,0.964077008033298,0.943920881931432,0.962590041585182,0.975994339837085,0.96103225611822,0.96969806418031,0.978060631339021,0.971922181078206,0.973243469372397,1.00173961697846,1.01057574337616,1.00354621609181,1.01050082278103,1.00955096778701,0.999227269877063,0.985643940689288,1.00051992178905,0.990357420133128,0.99361262073812,0.987369837648824,1.00239006543869,1.00146437176147,0.995166069540697,0.992663324654152,1.00429845364299,0.999027215503534,1.00427455645447,1.00376230508414,1.01146289859666,1.00311179588377,0.998311618294927,1.0039443364819,1.00447599362932,1.00456723269629,0.986680887001551,0.987429379290094,0.993707174460772,0.992250070398388,0.98475845328577,0.995819914158979,1.00231009342455,1.00678768079901,1.00051526499197,1.00086120647801,0.974998017778989,0.960640092616218,0.96852717298135,0.998417243377142,0.992117882401184,0.974394561955527,0.95515657157068,0.978829682276171,0.964992184341336,0.973908510744666,0.985569090352804,0.997792223417671,0.992998936683449,0.986277819736347,0.99979909323291,1.00923320249712,0.993893046528784,1.00495484952411,1.01064942988137,1.00389419956168,1.01790433923835,1.01529606688341,1.00807086741548,1.00721853247684,0.999949456680543,0.999947646273813,1.00398106344761,0.995768530015364,0.991496163740679,1.00199941072148,1.00513252333228,1.00825957757812,1.00052120168413,0.991042325980912,0.998907276889923,0.980351873529971,0.981114782889587,0.967244802331147,0.99937492383037,0.989085826581701,1.00140575516384,1.00489215512568,1.00689134150956,1.00383591804273,0.979017952451815,0.992456471892956
0.261925347572955,0.447034528091567,0.567643303931449,0.662441474676334,0.712077554002917,0.830476992233345,0.837906331035297,0.868216396301201,0.871017531882814,0.917159048027017,0.928706995565207,0.910474291522589,0.953577775728859,0.922778677946508,0.955003990506021,0.955903867628414,0.961477785063923,0.974603028698424,1.00757197054826,0.986938598717271,0.987599161401635,0.986310244341807,0.988965712781495,0.986303149259832,0.978257524194993,0.974189628094667,0.937717576983246,0.943543378611624,0.959496359306072,0.948472376307011,0.95744848670107,0.961799751088293,0.969804795012683,0.967270496389025,0.967849939308674,0.969116180729963,0.979345128438955,0.989471558520611,0.996998886075825,0.996026366121225,0.983858713377725,0.977158882546347,0.965673568665682,0.960468614764059,0.950928538141827,0.962112459195684,0.979328890294694,0.981802698429855,0.988905408760964,0.993324675078815,1.02570686344929,1.01424228314334,1.01623509072313,0.992557310662325,0.990363182363277,1.00069226163321,1.00048816618255,0.993185806961625,0.984516252650117,0.98809923571922,0.966040363702537,0.967983465463935,0.969555096337376,0.960235824531092,0.965524462043068,0.967122793353904,0.978841909222817,0.978511522358316,0.982215174905161,0.97684066108606,0.964716230016672,0.976034579713765,0.97200302194636,0.983297982638482,0.999061105801555,1.00223560562613,0.992318333830451,0.988784300348301,0.975502383974377,0.956682026180562,0.970866128015741,0.953256394636004,0.947578597479244,0.968563336465196,0.96213444606193,0.970743861866651,0.952387802864916,0.954475771329256,0.953266924198629,0.961562693892585,0.976136567077725,0.975022003320641,0.974823081434143,0.985098112868661,0.989413074842407,1.00141312088275,0.987961453050659,0.999574064320366,1.00863432281429,1.0047680867945
0.234860626330974,0.440500976740294,0.561951757939802,0.645435066873061,0.716624129315837,0.773189583699977,0.83159018616134,0.836036656191499,0.853725397510857,0.918475595877948,0.926016999450514,0.947169462425459,0.934495384372086,0.965001811387004,0.976808230782027,0.971740765831357,0.983585249992499,0.982430203163882,0.973480355183415,0.986154041299717,0.976459414721446,1.0017686098212,1.0055093258058,1.00655470286539,0.991393281456095,0.969794550851842,0.919352601327823,0.937629133738269,0.904717778534795,0.901632408197959,0.911569934245918,0.912721716930616,0.946542390633103,0.95485115876395,0.962867378427626,0.968966697502029,0.941267266932738,0.960244004697978,0.929176488177676,0.923188173235763,0.92810510308515,0.913634454584863,0.915370062551557,0.929189088453696,0.934153466936881,0.944287243078919,0.969808665387031,0.977328242272058,0.990177026842236,1.0053893037172,0.992456647165725,0.987306969993546,0.977739557540345,0.962669861801695,0.970931358324461,0.982351953088027,0.978088377471058,0.969577469177502,0.983218722115741,0.977423339961269,0.975040062998248,0.992195425890291,0.990663693381708,0.991373936203301,0.977678754045173,0.983772955419506,0.981362677860177,1.01200211133292,1.0112573667398,1.00580723081103,0.998622719486988,1.00633353028837,1.00120903268154,0.995375283074481,1.00019295668282,0.993875247527675,1.00309806430604,0.990787692774221,0.987597395319454,0.984507691551572,0.983887946941542,0.984065382905232,0.98769527584914,0.982788432019891,0.968663002814975,0.950417494260802,0.959154830488157,0.961813178358673,0.967228483516311,0.966321451771597,0.979504200216244,0.9931404521376,1.00109069189813,1.00597617383376,0.997970773314842,0.979478524457525,0.98156313009049,0.987933558974401,0.980784717665837,0.999001083390542
0.220768226484279,0.411853238824399,0.579718192770785,0.676373258845016,0.736499891754773,0.809517779019267,0.882908411174625,0.940661070453789,0.934502285443763,0.982501702139342,1.00426956088854,0.974380052248528,0.993161216904983,0.993371171552091,0.994234463817938,0.987033517098646,0.981938944752129,0.975565844172072,0.979630298089573,0.986113725952382,0.985632599968558,0.972329767929074,0.970390831143649,0.974741107980084,0.967145165789318,0.962733528271839,0.956543992507685,0.982418109860937,0.977716951647564,0.970083014920258,0.991047141897706,0.984682947561125,0.964228935967176,0.993152887140538,1.00169241295981,0.989027391926032,0.993576366348779,1.0041563232042,0.995758725071198,1.00954023083654,0.99866668520121,0.995083682731517,0.994874238374673,0.987045676579496,0.974754066054091,0.986062788321048,1.00240478328661,1.00219852876388,1.00715629297484,0.996238080618952,0.976633061589807,0.967438631313891,0.964507511522153,0.955869622305836,0.964696130940259,0.979035273873275,0.999172767237015,0.951117386780346,0.970879107091652,0.9596085705894,0.946396474554502,0.960223267784495,0.967667799620789,0.953941799564458,0.965687648736598,0.969090934702251,0.953028231598308,0.973986955520847,0.976001537277771,1.01439189866138,1.01810414051979,1.02189923980697,1.01989534381032,1.02242936730566,1.00789199035808,1.00440203336247,0.970720323407042,0.979953253461277,1.00298714796753,0.990457020173365,0.989841009455033,0.975394811448162,0.985777401430677,1.00422016119941,1.0217471138914,1.01860967928398,1.01720475335977,1.01689989034,1.00175509257076,1.0131970060785,1.00206516907115,1.02668538728285,1.01638007177103,1.01483896334506,0.992516814990635,0.968658623415419,1.0015381842378,1.00452093869677,0.98882510221975,0.984944909829326
0.146961771881676,0.3943953751748,0.5719879428803,0.652468411882649,0.739336665406894,0.825881071936774,0.879623497257781,0.944389309647988,0.979606634683376,0.992191839175579,0.989222308100421,0.996447034707105,0.994624894289783,0.979464677868576,0.978270353275501,1.01291577618243,0.992361467907373,0.987747358405577,0.996833736948501,1.00259133156732,0.980844685143695,0.986366745276852,0.983597819569232,0.988901133580752,0.971869318091641,0.962063932510415,0.970153875017025,0.959608643466694,0.974162795358581,0.981230178818646,0.99841575390903,0.963167716080522,0.982001818115717,1.01734290553614,1.00395608828664,1.00561840428556,0.999156498118008,1.01626530893815,1.00865228645701,1.02170320864477,1.00928795286485,0.990150405226529,0.99645954820143,1.00890026937091,0.972399111482626,0.976752292450002,0.984238046347181,1.01820654394024,1.00779113568545,0.99945750934345,0.986940854240263,0.96990440462757,0.961012613946126,0.978034225830321,0.944000187185528,0.966255704940195,0.988157326376003,1.01222926927946,1.00741542170725,1.00027119492572,0.983935924765928,0.972581814133928,0.997354664041193,0.997552535468146,1.00695777357256,0.978039361310278,0.982359922736213,0.977913441417218,0.973623170208255,0.996704620208337,1.00382422969039,1.00881656321271,1.01893496155987,1.01558726479544,1.0258876283798,1.00665378878838,0.996270252568558,1.01051686122478,1.00990640520022,1.00224716328556,0.996280897398643,1.00033816015717,1.00723555380762,1.02937170319714,1.02855379914073,1.00767838884135,0.989990736566063,1.0060902169747,1.0100769512961,1.01310783170203,0.987322139492808,0.994410021579766,1.02511657552988,1.01943993089201,1.011007288101,1.00128603804575,0.996689228179333,0.965996977227205,0.9595396490342,1.00030741943092
0.182463255539203,0.398955958373062,0.577622900467761,0.70673911523776,0.81840854257319,0.877051013552402,0.948476489611611,0.945575113668412,0.988656337875156,0.997724025591317,0.978207772786219,1.0043341877984,0.99443038461793,0.976976255678829,0.970198830170755,1.00572726742973,0.996979218048206,0.976716567041209,0.989303480267818,0.974328061398156,0.948349662880929,0.973875886342023,1.00999400347371,0.994149742209042,0.999218705540713,0.990562700927052,1.0046277428648,0.986946947257915,0.991255690642755,0.970898872482437,0.989832695822446,0.977524290367882,0.978472982283896,1.0100627477623,1.01541089826512,1.02975616909986,1.01649211321885,1.01259309584083,1.01886550387876,1.02490001225104,1.00931939046082,1.00424727612146,1.0056227896856,1.01642162318601,0.98286874388031,0.964149357072131,0.973664466221502,1.01595864739083,1.01006382966496,1.01642771565343,1.00872067001981,0.996246339432188,0.987303337051068,0.992105069920808,0.97982685775361,0.972490783082647,0.97689777410294,1.01030172301217,0.9898029546207,1.00645677885963,0.980635576230664,0.988412261512253,1.01315643371843,1.01482801894919,1.0103580319038,0.996335261674444,1.01955419660646,0.986252335488971,0.974103393627176,0.970314603866412,0.961827190952026,0.98199534318418,1.00337892307313,1.00306097724308,1.02335381116407,1.01071709018825,0.999132585186956,1.00651660791774,1.02811014231338,1.02363680310786,1.01461776688364,0.989297434861675,0.961714355523801,0.984434920469651,1.00409565235286,0.996814544147784,0.993695785740045,1.0068548139318,1.0136434031049,1.01445732903569,1.00515267079687,1.00258283035564,1.0213582676173,1.01448772847401,1.02524481712464,1.01579441375546,0.997166874796972,0.987845306036277,1.00156651749871,1.03398784346731
0.256039668284627,0.423294495318537,0.595707547215543,0.696503693959142,0.76466883134745,0.781716371248092,0.915932165953779,0.941865842900651,0.944693094311107,0.972184303701838,0.957614783033476,0.977487857529165,0.981934354340178,0.996085639151848,1.01172333763746,1.01029940530789,0.986488414111343,0.991761376012898,1.01657123193284,1.0144592712883,1.03326887965272,1.00441526410718,0.977372134281722,0.987892719142385,0.990808784172698,0.993711113568128,1.00251778034587,0.986257482731421,0.987678081808145,0.985766010398165,1.00611838346531,1.00979750998022,0.993116618218845,1.01518548609591,0.996031787603732,0.997543045928422,0.991769190733249,1.00891176056477,1.00351789532921,1.02070890211699,1.00831781462977,1.00458320439065,0.995461156963705,0.998188847587945,0.978719345562122,0.968496481378924,0.96987146180559,0.965732549800009,0.9686881254066,0.966263250337854,0.945199100526001,0.967005387886433,0.986777295111432,1.00943248006026,0.997511916433525,0.999866869154393,1.00366754124245,1.00622988484228,1.01551594276059,1.01654746163427,0.995573655170909,1.00387445676749,1.00197402218844,0.981855909955029,1.0062707740867,0.993777604968436,0.999446570658542,0.983345547317918,0.9954086871218,0.994925920081119,0.95952815084718,0.943813188517547,0.99548536955054,0.974718478178293,0.994893491771503,0.983758000082798,0.993732784007599,0.981442175793338,0.997939600344697,1.00924341127165,0.990742565182023,0.991828249563414,0.997472569928639,1.00272717991291,1.00348906707284,0.965863147889679,1.00363163133047,0.99517642560344,0.991807802880748,0.978384441007028,0.977292753267609,0.981243226875005,0.969717636462899,0.954806117598384,0.954654642976259,0.947039901995393,0.928327113768674,0.925418046868215,0.922422796305813,0.960261103773161
0.297966277584631,0.463922864832148,0.605004531648948,0.716236174512937,0.790978410068487,0.828908369448898,0.902759191188359,0.933607778284111,0.955468026228025,0.97271311382045,0.966757867063376,0.978645526333222,0.985713470916343,0.988187525318216,1.0086466931994,1.00914840524943,0.990692343021437,1.00102587405186,0.993631136227842,0.990134051571829,1.00682892621268,0.98949970233631,0.955440893580697,0.989311270915088,1.00017040747141,0.991667380218548,1.01580090772872,1.0117711732818,0.99754170043769,0.978293246704109,0.995523279047867,1.00419361537346,1.00913693290596,1.00013106392735,0.979925810171399,0.995747130857256,0.99365103704299,1.00882596407324,1.00114841332968,1.0083474950651,1.00029259764989,1.01326192244653,0.993735151284736,0.99985430996954,0.991554991854761,1.00751645713732,0.991040212272303,0.960133068025589,0.978434380099485,0.990486766716395,0.983678005933095,0.972559539324048,0.992331041183053,0.988245456052876,1.00671857278126,1.0087661252702,1.02004258883283,0.997535599813981,0.993715419517275,0.991773068153701,0.983712732901262,0.986723185742652,1.00112171400086,0.989883861794508,1.01681285507795,0.990477273428768,0.996466943681816,0.993908080811958,1.00996516244001,1.01138507100873,1.00433682645528,1.00599578748955,1.0069806341535,0.983810015464513,1.00726247207024,0.992111572086112,1.0065386206863,1.00187984165471,1.02329554012822,1.02457593342372,1.02323630466839,1.01055313167972,1.00731986325856,1.00970288539732,1.00422069738215,0.995806960758595,1.01096805377523,0.96699501816514,0.974407226867072,0.991480188106832,0.999569189667352,0.99477601414022,0.989238601095824,0.998090518485438,0.994480177185406,0.983776885965395,0.97209590832182,0.980928057706573,0.986014966866816,0.971586311103749
0.255970858862371,0.442711990505842,0.634829871131115,0.707893607654632,0.761378123552092,0.808294956363585,0.862197540472388,0.915723350717627,0.938005289942755,0.959734365416852,0.959727925101601,0.974879692639741,0.967222698300086,0.97469233714751,0.993010130314062,0.975276356374768,0.981301081531754,0.975837465446495,0.984283251115368,0.988101884897287,0.994594995172873,0.990883755659226,0.952790191453205,0.985470592423471,0.995029335221694,0.98436416294301,0.978081541634746,1.00566609406576,0.995930264253455,0.98909205754221,0.993475707174352,0.981190245006319,0.994544999138758,0.986120890193179,0.993234781752501,0.995773494519543,0.978971994269015,0.974561585113837,0.98776976508202,1.00556344636809,0.983800468313319,0.988276420330509,0.991219092312024,0.991816963998152,0.990993269418794,1.00134988325667,0.978994224930246,0.976675935631277,0.958130379387971,0.926812116689622,0.955769925416833,0.966841987697812,0.992326992187467,0.987517339233092,0.985371464398207,0.977731464036061,0.987552185966462,0.996076858163778,0.98844412255663,0.991275091499757,0.999088081436138,0.972903745726708,1.00879495962023,1.01075100401494,1.00877387399807,0.998178090454601,1.00776289162681,0.99230410040805,0.982826398154427,0.994763814252258,0.989694597674786,0.989516078856998,0.985481487228194,0.980486278694114,0.970309188265862,0.989345627746133,0.991014511921423,0.99153215363646,1.00286693743351,0.985609913323517,1.01235783777277,1.01121487031763,0.983976934278804,0.995841297271027,0.984308050290053,0.998860996368199,0.998465359511595,0.988396515478188,1.00009270947458,0.986001513360801,0.983050660171139,0.983906496807868,0.981741777372959,0.991084942061664,1.0089774273013,1.00572508501243,1.00492839506474,0.995151612792273,0.984203516829623,0.968709220954752
0.27726685327164,0.413237636649036,0.609435037297881,0.689417936339864,0.786553428174764,0.870154730725683,0.896368232500228,0.916629543634806,0.943398541524269,0.984227992750786,0.975871822044458,0.980036386415522,0.967928110437383,0.948377774224128,0.950175400701055,0.954201161297692,0.991675020460046,0.987046607568456,0.983035245510015,0.978512003539719,0.981658762060904,0.990145727403864,1.00502381600771,1.01349482978232,1.01414211098447,1.00979826510396,0.999279708671258,0.995423208762759,0.978234340530306,0.988773655232403,0.987546926883575,0.987661416298112,0.985919467270818,1.00211918267578,0.983776084290657,0.991152203523038,0.991898236508455,0.977506991773654,0.993109118568117,1.00752756881671,1.00518301913265,1.01036795741086,1.01218087115106,1.01953167233375,1.00530252571603,0.999848406838904,0.983867653143641,0.992539169078549,0.990200246904432,1.00868556683068,1.00406965561903,1.00435174176711,1.00723489918117,1.00287767164217,0.998659047011294,0.997460718956006,0.984695536416392,0.987821316817829,0.999243938543166,0.985643243836681,0.964036224702901,0.959535206877727,0.98193003822275,0.981953065619592,0.983548380287119,0.985549430952153,0.982244385427607,0.984469558235922,0.964117590422085,0.977247227514683,0.955554968528651,0.974632772988549,0.973919372524423,1.00738296092542,0.978782317664559,0.988488044973214,1.00620153979586,0.996828350290466,1.01904003462141,1.00842351397354,1.00024740133344,1.00494347921011,1.00110574744018,1.00571781040191,1.01929707734132,1.00304999556033,1.01060884427104,1.0179647883477,1.00038819664362,1.00830515653577,1.01812765202385,1.01594023551211,1.0114005077481,1.00301256936989,0.998558373970931,0.99311957770949,1.00374916424331,1.00298330950791,1.01749693295348,1.01178681054642
0.338319965888462,0.501573436631882,0.65440554880839,0.737450981893136,0.807380206868041,0.864722426705044,0.923519658788624,0.960524944297602,0.980256637307995,0.98553274243286,1.0112239513256,1.00373638041337,1.01077835007644,1.00633049920463,1.00444530453949,1.00854335119835,1.00605478214136,1.00722801495009,0.991004548050031,0.982520782108875,1.007549979706,1.0185521578322,1.00915347445516,1.00939180835369,1.00043887189798,0.994903870464039,1.00698885108139,1.00901320481716,1.01760116393075,1.001619328055,1.01142759184516,0.999862727967807,0.995877724274288,0.992934797733884,0.982188903945215,0.999343360495382,0.995328132137964,0.972947419730858,0.98643162100205,0.997730722662936,0.996054458428293,1.00014245320025,1.0085409652362,1.01684508884141,1.00276114919109,0.992194224329539,0.984322803021873,1.00342994995366,0.996280875738311,1.01854788497208,1.00028253001773,1.00333260125033,1.00134306837216,0.988724546357108,0.987535229224056,1.01384538494618,1.00747138621446,1.00400522652441,1.00315341707895,1.00254111240306,0.981786274548899,0.987205798444427,0.990786232791395,0.983231912993373,0.990165558091996,0.980735239692262,0.986525233978217,0.999025351607405,0.985919605358623,1.0018967597267,0.970888218032699,0.972555130187237,0.982356925931233,1.01199598992668,0.992566636039944,1.00002507146803,0.991349670803918,0.99518428661722,0.9975580032069,1.00156486994955,1.00076129943545,1.00805257982727,1.00612455428677,1.00233580255413,1.00446062976882,1.01213461176095,1.01597378161179,1.01241521430812,1.01676901204973,0.999493756157679,0.986708754716557,1.00873712555148,1.01588321701556,1.01180886162892,0.994683598998826,0.995812558750015,0.998848300194709,0.997414957865314,1.00977259327803,1.00632548491162
0.184090990160637,0.409613188061995,0.596868722235206,0.742998286030006,0.781106543191693,0.830107714781141,0.887547215993582,0.920822100068468,0.95228510473817,0.982029161788027,0.985513054364985,0.971846235472112,0.959665626893733,0.965117114787309,0.980958990463763,0.950989857710794,0.963092502255558,0.982964273807015,0.957734170116854,0.9761523753982,0.985863603939941,0.984665170841681,0.981822337525759,0.982556166643008,0.994561653489402,1.00387278829567,0.995844589290109,0.994995974126312,1.00185060350192,1.00128490657931,0.987764941282697,0.990021685059163,0.995493546831367,0.992173045619259,0.984886741382542,0.983931027965154,0.97411124396101,0.963060518250436,0.973390707011538,0.994373352692685,1.01937283986757,1.01053628917367,0.988553684913128,1.00071470723101,0.988045431045227,0.991735160431809,1.00352211214054,1.0197014708171,1.01930217925089,1.01107560718716,1.01122486059269,1.01235667564894,1.01260719773459,0.99625612406936,0.96671551126527,0.978648974891836,1.00321337737175,1.01542711744517,0.994802756551646,1.00965901478292,1.01141684808581,0.999712581921937,0.984106288188601,0.987978753182923,0.991263581006822,0.981852977271707,0.991135111281336,0.993275699472203,0.992677158231599,0.981027346220853,0.974751713441687,0.970317500519836,0.984273277719696,0.982588194918475,0.987445998267046,0.98725670326571,1.0085588622656,0.998242733255304,0.988421496478159,1.01509925540754,1.02520323999325,1.02394113589308,1.01307130157324,0.997647206654148,1.0103544496394,1.00214113911284,1.00456683175246,1.00412455647279,1.01024581225028,1.00135737374628,0.977021473392188,0.981249025159327,0.976367495263906,0.982240385816856,0.980827353541109,0.984093410059749,0.980521852502761,0.97872739457289,0.9867964560073,0.95622569862328
1.10672091412702,1.07138383830548,1.05813911638224,1.03532194816975,1.05310889096914,1.05133923901437,1.01478721539406,1.03737031130748,1.0131255718382,1.01491033587806,1.01654027632673,1.03347799464296,1.04019920712646,1.04674280213831,1.0293451883977,1.01963661321252,1.02545268866029,1.01969123822604,1.03018352279797,1.02802007953624,1.01198775832214,1.02156755667811,1.03150109462703,1.02192028097199,1.01302495610906,1.05871143641649,1.08094676306059,1.03673909879171,1.02124040800382,1.03058514598001,1.04320036146844,0.995696243661832,1.04632345462506,1.01477453548179,1.0031359618326,1.04206711662565,1.02933630782378,1.02809592681615,1.03121908789871,1.04440180514421,1.04020640159163,1.03294960275549,1.01630211929985,1.01684455521844,1.00444294153904,1.02354979745601,1.01196810063916,1.01622913242575,1.00467091167992,0.992305585885278,1.0253477575215,1.00347327955935,1.00273869406446,0.998283633422369,0.99262043792014,1.00753005979198,1.03281863006261,0.996262095112121,1.01388532634155,1.02774578248663,1.00802515469186,0.993080364174936,1.0090859839727,0.984979779178962,1.01047938675091,0.993383045161807,1.00595923623531,0.981374534068474,0.978277576979992,1.02755391373979,1.00976333289505,1.06495253695744,1.05362248611252,1.05646597222811,1.07185268399095,1.04246962393492,1.01759309570179,1.01012719437463,1.02525291146064,0.997165181314108,1.04266130584211,1.0297977743933,1.04738650524793,0.986225398534011,1.02541382044217,1.01061047077989,0.98688140420555,0.990034196968389,0.999218731611233,1.02011023594414,1.00760457353599,1.01889080605408,1.00568836827782,1.01733750026209,1.01689413520187,1.04131737691494,1.02506291753648,1.03770968135394,1.01544535968756,1.04801137881422
1.01748256003023,1.01376094846795,1.01673100530589,1.00730140429721,1.0217916372316,1.02296720076869,1.00414034845176,1.02044138621251,1.00462312675772,1.01103467646183,1.00915233767428,1.02096092183816,1.02527962520526,1.02994988601596,1.01008951312863,1.00306411982621,1.01141624582341,1.01151461026929,1.01967875258547,1.01889050512292,1.00998300067664,1.00979446120662,1.01642352846998,1.01130352982897,1.00480647123109,1.03739314204448,1.04730471553696,1.01790042824551,1.01355267206258,1.02085771795564,1.0284517458383,0.999159040369603,1.03574879949435,1.01702211517885,1.00959893659071,1.03212662053396,1.02366237455612,1.01983037454404,1.02411956281514,1.0295392349193,1.02934838527499,1.02295086335245,1.01550605756253,1.01440711475941,1.0049865404436,1.0136541071969,1.00705921321906,1.00912043071582,1.00314170375469,1.0001442434346,1.01728606213295,1.00752316993834,1.00773186469501,1.00234663039327,0.999584692633155,1.00946938648429,1.02283745142376,1.0038138156437,1.00853332019866,1.01829730067617,1.00673927214754,1.00317321321516,1.00567053947674,0.992282607383574,1.00900303997173,0.996173047575692,1.0030890061759,0.992571141741871,0.987767157703308,1.01737522643251,1.00540543103617,1.03875565880355,1.02916267570716,1.03037741099246,1.04036485863815,1.02856173694044,1.01140995711032,1.00661416597373,1.01328939643034,1.00024948679288,1.02800060304589,1.0181197841196,1.03045851680459,0.993845611593834,1.0193895319458,1.00868367061478,0.991796959247673,0.995262733990009,1.00061961069839,1.01485304793036,1.00744409080302,1.01168059220353,1.00415065086966,1.01136130235339,1.01018005383324,1.02598451314347,1.01868421296602,1.02574435053958,1.0156144070777,1.03352773199427
0.351922397870571,0.486712885463266,0.565609865692163,0.688334192459048,0.759174434614005,0.789498152970908,0.80011248833695,0.811022760152018,0.848858119621906,0.87065250982443,0.911867125594242,0.939309014857683,0.932523026658399,0.935400525969392,0.92052327183739,0.923532053071286,0.924239911464636,0.949104677363522,0.957131676748306,0.96310007636893,0.972474922007574,0.976345930286895,0.979428292032865,0.985707674160662,0.995982836899783,1.00484245350437,1.01146507329864,1.01095675094615,0.997142084782151,0.995945687832283,0.960052780730588,0.982717840019578,0.97944949053412,0.984702843289494,0.997411789118939,0.989083775938269,0.987499764875158,0.969299855381402,0.994813653104633,0.989731569153599,1.00923581239574,0.998984384676818,0.991571252070015,1.00089045371545,0.993163489613111,0.996092093055671,0.97985941163198,0.96932108435042,0.966343407099069,0.971266223734525,0.981482046072341,0.985364741635877,0.978853739287262,0.995308493891341,1.0124353441684,1.01257191270883,1.01249885141659,1.01123010755376,1.01210444532902,1.01142169244343,1.01057752963027,1.01099965869923,1.01008196293132,1.00221550517848,1.00201167335708,0.996062469858447,1.00393606305473,0.991524987520179,0.987422415883716,0.975523336766316,0.980835619938379,0.993982085657872,0.994276487415859,0.994797462461533,0.988663523746339,0.995009985827254,0.995239927172937,0.995102807798369,0.992298021116509,0.999664388753067,1.00489497972714,1.00927776381457,0.996949679999314,1.0107971629705,1.0031745770512,1.00256596355022,0.995293565899152,1.00974253260644,1.00252475601822,0.992621503060488,0.992983489462662,0.983828792459091,0.994750112877001,0.999935920403234,1.00847984259915,0.989948361541591,0.979935038143689,0.998527392441658,0.976729513244768,0.98292562520806
0.245294361101677,0.446694056878589,0.56843381360222,0.698449886975146,0.750451861812196,0.816425344439181,0.837579890769762,0.899449640397078,0.912840682854907,0.929195452216214,0.967003201001668,0.952262645448449,0.955081819761771,0.966792339052671,0.967637396506639,0.961972357498467,0.978120413778731,0.987769804424777,0.992248987803827,0.984272959010273,0.988134257043322,0.949095309637896,0.970414617505252,0.979891277364279,0.990156841297812,0.96509033771174,0.960295605530077,0.987058731486268,0.991446406220817,0.997517301267747,0.982487351802901,0.974012489674121,0.986316856819392,0.984322863791626,0.992435482290526,0.997755535432541,0.998779250419587,0.993442982514279,0.982992528969417,0.998439161512491,0.983375349181224,1.02583920956936,1.00426084799088,0.991659300465912,0.994305787827236,0.988654542211729,0.99663659849428,0.976461525421406,1.00248622483435,0.993067214008285,0.993052013287428,0.999830574949201,1.00106237069676,0.977129268727167,0.990876147051577,0.999885891563472,1.01448839159054,0.98770414038146,1.00037223922696,1.00045448978811,0.991287347303622,0.999291635663639,0.992091026777449,1.0133788594123,0.994984782779007,0.999105659089516,1.00449182479276,1.02116512895936,1.00820852385878,1.01943473358937,0.999388913162997,0.99464647276984,1.00487275617109,0.984001724273999,1.0188061652381,1.02239885049897,1.00581646259779,1.00389806518362,1.00135704589029,1.01779030951143,1.01768451042894,0.982391061752195,1.0094508474457,0.990699287025263,0.970006305567744,0.984443072571806,0.985299992232007,0.985993611835809,1.00452300323485,0.998314770591746,0.991378691688443,0.989598903904554,1.00041096818126,0.994200589010156,0.985588172378063,0.978679063494843,0.980653628621377,0.963209653576736,0.987299855309941,0.976037319120146
0.418090311553755,0.585002213715594,0.69983638834973,0.803773510225252,0.864347724431944,0.914331502041604,0.955109002878259,0.955226019563537,0.958550377670303,0.981473082597098,0.977494458181059,0.982248626608395,0.97364656376273,0.973583343026807,0.983288461331486,0.975312634271927,0.971753723313231,0.974272413693741,0.966509974911409,0.973762622228145,0.983556953598641,0.967522838698913,0.977676212888872,0.978457082311925,0.969108397788968,0.985747241614602,0.978564393071536,0.982229341550221,0.982459705451521,0.983413357281534,0.990088116695074,0.984419251485989,0.993603930723952,0.982886601116726,0.975027129904872,0.976719360895896,0.980527393266024,0.989390877580821,0.985774160266106,0.986818206831121,1.00024449143423,0.999220631569911,0.991351602086924,0.99300177211155,0.992511688513186,0.990620015334575,0.992391508112457,0.995709545544774,0.997815803516161,1.00832263089951,0.996555954528218,0.990992073466965,0.977963500881624,0.983988222916865,0.985108183642548,0.98893334745571,0.986225060996873,0.979679068856427,0.98434567491467,0.980039020842451,0.979518135237107,0.989256291186736,0.986237005251627,0.996569006347909,0.991777407791041,0.997601814427532,0.987587038934746,0.986408759399416,0.97497082517111,0.988881760943638,1.00292487972155,1.00046462325493,1.00526685821022,0.995083428169557,0.997758694573898,0.983978050183187,0.98773895524342,0.987604362057114,0.98882893229895,1.00032721022357,1.0047265907828,0.997089181091492,1.00864630841932,1.00290816574006,0.996089529005849,0.998164830529156,0.994042842396603,0.996208354454708,1.0018847414442,1.00016839181926,0.993535745241571,0.99171683690116,0.997904261198824,0.997661138170612,0.994731443813112,1.00226923063307,0.999809865682557,0.998289228464889,0.999368667545556,0.999868781644119
0.447801966710703,0.648195310942428,0.743593411576816,0.839940323977999,0.910999891389968,0.937938565823638,0.969429959821308,0.965899200304933,0.97021416171491,0.97410926402189,0.971191791337702,0.984408959457866,0.979016232798011,0.988128010996374,0.993655240441114,0.989797133506537,0.987101270648274,0.98149912397086,0.972013135790559,0.976923553602375,0.981474424312788,0.985460468247509,0.986552578993454,0.988388058367204,0.989218835910469,0.983238855433142,0.984039620350051,0.990276857023113,0.987878723797374,0.994254268944491,0.997849089195819,0.997848666760202,1.00464840391803,0.996048250104841,1.00740654581336,1.0036543403391,1.00532695113026,1.00526556014331,1.00054371644123,0.981639945055126,0.99262927194814,0.996830523888242,1.00398737678578,0.998173987527716,0.9974107699413,0.993260112579696,0.993123666978909,0.994490284441961,0.996840868476868,1.01410958064513,1.01291024390455,1.01065635567393,0.994062580185219,0.999521282376858,0.993233128713457,0.997099677392487,1.00295702913207,0.999098364932706,0.998343973017721,1.00051089740244,0.986432387608382,0.998957444264871,1.00113473296167,1.00579191593564,1.00831428098151,1.01249488086751,1.00616397179641,1.00126975775385,0.994164837833884,1.00107458951322,1.00455950356824,1.00103405774247,1.00250830500087,1.0018512493378,1.01170344302665,1.00853563115645,1.00751772218234,1.01724257593794,1.01294661906287,1.00938150445453,1.00468263845049,1.01219673329464,1.00894054754621,0.996920317737664,0.998703315770895,1.00464858592869,1.00295543382461,1.01071199668504,1.0002038922774,1.00265766697661,1.00369729294609,1.00455061750765,1.00524276346951,1.00683514380087,0.999377239458943,1.00450407040781,1.0011584559237,1.00111189813436,0.98847266270307,0.982093552155394
0.415224052036327,0.610155917403014,0.749845868834571,0.857197774522528,0.89092610791867,0.922651463833978,0.938069519669712,0.95997334741646,0.95364463781056,0.976032054705703,0.959484249553031,0.964957787575331,0.968753742933141,0.973630672602226,0.977527369593618,0.995469508894145,1.00333696087997,0.99789522198122,1.00310954570239,1.00274033352267,0.999267372389906,0.998056547367263,0.998010520117196,0.985932558454458,0.996269578745227,0.993335576569754,0.996182192634465,0.999434584804127,0.994980656669517,1.00314563431163,0.998139642023215,1.00371664734541,0.999213622394075,1.00614274631833,0.999184531913194,0.993359512564978,1.00247414572321,1.00618118021399,1.00233204090106,1.00146867483846,0.999864786021251,1.00946954318848,1.00889041760955,0.999250245783635,1.00675825209589,1.00771617447758,1.00443538866809,0.996323123498711,0.986801002163622,0.999992673681107,0.994849734087746,0.992671782129946,0.995545700756836,0.99841318981871,0.998065422314209,1.00209576613754,1.00382979085894,1.00845132196148,1.00549509357788,0.993239895788735,0.990044167595133,0.989037862310288,0.998994209349593,1.01192400805148,1.00442373351143,0.997730401976585,1.00068927958961,1.00308621144888,1.00950277342812,1.00426056051133,1.00796531070583,1.01504098614497,1.00219626439407,1.00151681532313,1.00904124822671,1.00457715213442,0.993808849268902,1.00190074758247,0.999482847090881,0.992749794566837,0.998353170551839,0.99574514631503,0.995436580486574,0.98375892475862,0.996123008214949,0.999888299107825,1.00887262421765,1.00791852164662,1.00264587121594,0.99950029428921,1.00675501591385,1.00442236678939,0.98942620878163,1.00001119281972,0.989925329897388,0.993357188870929,1.00396147085359,0.996700489645119,0.994411886974688,0.993765747450815
0.387144763406905,0.586855793183428,0.727507306566783,0.829740794066108,0.873256074463224,0.906002484101962,0.923469179077788,0.944360709413343,0.961750689360423,0.972922928190937,0.949870579367713,0.95647109945842,0.944782812106902,0.940204755143307,0.957894300188189,0.960072969591721,0.960805176785662,0.972501774803502,0.987792314197911,0.987025406438023,0.977301630075824,0.984565274332586,0.985880249629733,0.98697428484402,0.982062155832104,0.986950684703467,0.994242460338074,0.979780276612873,0.992398138744655,1.01093895383553,0.992602594726179,0.992293094064598,0.979010505514525,0.994674190127887,0.983977399335645,0.99302216555851,0.995925745718562,0.999810054191095,0.999048562948092,1.00266920363635,0.993848549423317,1.01148372177902,1.0143700523287,0.998128932912865,1.00665303823572,0.993450837903866,0.998372089009574,1.00035154648593,1.01038837967823,1.00064388611139,1.00149264188524,1.00220986157015,0.99243954235719,0.999429201838948,0.987222538973505,0.985016445232923,0.988162760623606,1.0030289698313,0.993471813121688,0.993780826036848,0.987900929336909,0.994596335654153,1.00140707532801,1.00753955242664,1.00554451429425,1.00582404351208,1.00876581178138,1.00156598612762,1.00495535400364,0.994533631806339,0.99156172453792,0.960729146379055,0.982678081976781,0.982341739401078,0.988722722790753,0.995873518542213,1.00065922436348,0.998467556631851,0.996575909338317,0.993136017310381,0.987453028163767,0.970595337519246,0.97465404790471,0.979310793890622,0.985225048558259,0.993208506905702,0.992535928321564,0.999293158783748,0.988594175037475,0.989770495892326,0.983170148550573,0.985745011174316,0.992840618038614,0.983140918073864,0.991062267782206,0.990385549227943,0.986817558242157,0.993729112641024,0.986861227345046,0.992017060596321
0.387637836738981,0.600518651745304,0.717947368826815,0.805339193825687,0.861625304982971,0.902683216804169,0.936427266374426,0.964747374213602,0.975185465388256,0.990959287930048,0.99800648806667,0.993938651165361,1.00150888193521,0.989401978962814,0.996266669890443,0.998640858561602,0.998920712555365,1.00394729362886,1.01299800215236,1.0080282938253,1.00828934195655,1.00408394822005,1.00721677154622,1.00919624326897,1.01054060094742,1.00444399278512,0.998778723591635,1.00123192806945,0.998110451926568,0.986879024905819,0.982039379187503,0.986293855905792,0.984558493555141,1.00027136273955,0.985526506642867,0.995996207559809,0.97964959597429,0.991852148212835,0.994562379281122,0.997275914194335,0.998667242723104,0.998202595163705,0.987542210038552,0.993349183166209,0.994850570737784,0.996907407387169,1.00012947255973,1.0066686569691,1.00903579215488,1.00450454633374,1.00602022992178,1.01329377894923,1.00520092484283,0.999716475827693,1.00431296499923,1.00361557046068,0.996277331552802,0.992227778701312,0.993817278718271,0.990812755548889,0.985551530796441,1.00078040728234,1.00171811538459,1.00223348283331,0.998966690927479,1.00874977729902,1.00653468536955,1.00747654566635,1.00095184070566,1.00162443167978,0.998481663047264,0.998717093845257,0.999764550557012,0.995724073871478,0.99379462980638,1.00115854119094,1.00543745476988,0.99537696523159,0.992356633441257,0.99317270459335,0.998616508489414,0.987818537140283,0.990218340255036,0.994014175615253,1.00074937139453,0.991385860370856,0.977542217486217,0.982672555087178,0.983155236993441,0.986472839071422,0.989278009383797,1.00445819547728,1.00104773491171,0.99444722500474,0.994633800617489,1.00425209306889,0.998031358992606,0.993688078061889,0.991357808291702,0.99639926113019
0.338751519113184,0.497303939692188,0.649101640218832,0.766454024416333,0.829086968791854,0.869169435502942,0.915714697484407,0.950766880743278,0.969047807551477,0.999708202590605,1.00697636080278,1.01716537081725,1.02140461536237,1.01617822071408,1.01065516976319,0.9919438766176,1.01090624963409,1.01591188806578,1.02115767068755,1.01615733545972,1.00243336204271,0.999821590760108,0.994299837881696,1.00932830357083,1.01906025480894,1.00506523911434,0.983698731606417,0.985715287168154,0.967622257917985,0.968399237899392,0.968811646562691,0.978974180596224,0.980191201989558,0.987044205626261,0.972561376931836,0.976344975192589,0.959733719713196,0.975934358151771,0.981685244703282,0.976908300425848,0.968989244454351,0.972812453495451,0.967065244723907,0.967889673655838,0.960220684469218,0.975335432641265,0.985295705900133,0.990702517964174,0.987377921300734,1.00681549333979,1.01961285608393,1.00938676038414,1.01385929711431,1.01073826606723,1.00754522616784,1.00067743714692,0.988073357207197,0.974685866672559,0.988072959116364,0.972843303113179,0.974110124059984,0.999564606304685,0.998617607701288,1.01015421490861,1.00698650236058,1.00893865277206,1.00277010382794,1.01521018047819,1.01219625814963,1.02164687663209,1.00621958537175,1.01222359775503,1.00389779625063,0.998952671298732,0.994300203364614,0.986960707973312,1.00328183606607,0.992808890673678,0.992636360451984,0.987298756759749,0.988677480599628,0.977011578553379,0.979615451222969,0.987206789702352,0.986242379698284,0.966582991259099,0.955749241839288,0.954611727912995,0.95633356122272,0.978558386660175,0.981980074303563,0.994808112527048,0.99037665729541,0.9982277278596,1.00083544118611,1.00770429619758,0.996535577199921,0.992239666462759,0.989564449772154,0.996077868441737
0.3349823189203,0.473687781566266,0.622288848814825,0.722821272650774,0.784643516293477,0.858344404367567,0.906115883558072,0.920378830476319,0.930740718196317,0.930018142843151,0.943051039257954,0.960691507496332,0.984723973160392,0.97701600619017,0.978839933542097,1.00080043120177,1.00768022237768,0.997341540107354,0.979039222759197,0.988251878594464,1.00321367942814,0.991121615525827,0.992981733724556,0.992815190312119,0.999967724893852,1.00333739933918,0.993597767424674,1.00514594832258,1.00184040232394,1.00594608000176,0.992433073967121,1.00298611770896,1.01009773103574,1.00707869761987,1.00737746633529,0.996835023208625,1.00626776342377,1.00742156403723,1.00080418933528,1.00620717116398,0.998465041303443,1.01730957793095,1.01527779850712,0.994159675883704,0.988951766558524,0.999186645490768,0.988620446278286,0.993391971954542,0.987516742839475,1.01187226861268,1.00969340841676,1.00466556589878,1.01253754065862,0.998971031709901,1.00023046415098,0.99927159534073,0.999664614668919,0.981482625221877,0.97944860532512,0.95839886453635,0.95949693092612,0.965592575060444,0.947785832395376,0.949837604107563,0.97544569842193,0.965574394398948,0.957186940296544,0.982079340206879,0.982563028464333,0.982488435746646,0.998224654690493,1.00752679629579,1.00575904482199,1.00020418049316,0.995674469813518,0.997939563150417,0.985205369595039,1.00409159740547,0.998073137936717,1.00049679756658,0.986290971135062,0.996235479702385,0.99269711597719,0.985771798563368,1.00078982073528,0.997903847067242,0.995980886189811,0.996577782712041,0.98927906772895,0.993372015536722,0.969549208269078,0.989176112580637,0.971006854322456,0.977880968841443,0.983520696295124,0.974862968542898,0.98662558898464,0.990565425744558,0.995180660239141,0.996325754931472
0.22519160056762,0.384035740739896,0.539003135644869,0.603130352643283,0.702597650809097,0.788379589739379,0.848756567503296,0.86074481384423,0.885190427290402,0.886477136910814,0.881097888602461,0.92064835144588,0.946444950215866,0.937836423663769,0.955391020908647,0.998820987921276,0.999619928212894,0.990993997340696,0.960254367839968,0.993857708204849,0.999002066553669,0.998868805869983,1.00778998825617,1.00982157808722,1.00679902966848,1.00825291443497,1.01494839913335,0.993689606119938,0.990142199412678,0.996128645772216,0.986468536225357,0.983830483585339,0.993552874462936,1.00542090306424,1.01943377170981,1.00829794246691,1.01937266688542,1.02347849778795,1.01147326333668,1.02669130730479,1.00171708358328,1.01024519421413,1.02307265232026,1.00532458350284,0.992804595029549,1.00311817290801,0.974465026369458,0.995840895416939,0.992751604735542,1.0057331863132,1.00343892850486,1.00228381323756,0.996296093611878,1.02004926198863,0.998819777327155,0.988396077390873,1.00321345936376,1.00210829542213,1.01030722019212,1.01464626118163,1.0145644720792,0.977801965120904,0.976823777771315,0.964417472034404,0.987479059896244,0.999940305671891,0.954393978210874,0.987285791677017,0.977204918357407,0.994880177401259,1.00694725761538,1.00982001398478,0.989439742772564,0.988548480470639,0.995517360346315,0.98578559129698,0.982330499463195,0.992892541635465,0.98422507122369,1.00262578504982,1.0070707384322,1.01160176781137,0.990824857435949,0.972289851482939,0.981283388157559,0.988229817766082,0.989084649883286,1.01668699402181,0.976589368054565,1.01149582116174,0.974646699121178,0.980077818402206,0.964490007572036,0.967028340984372,0.983852807576353,0.975486097636569,0.958891532643934,0.972684409910538,0.982267849761815,0.969232210036381
0.259419417140645,0.427186943726686,0.613538920802527,0.722385497468043,0.794594756037861,0.864874109969422,0.883022935368432,0.924324255125114,0.942372261172613,0.955213549976827,0.978799732229673,0.97082535209424,0.97082075442779,0.971095481911812,0.984967443813672,0.979200403455561,0.98150076260943,0.988274129614978,0.963049329730804,0.983610341709286,0.97919917593613,0.989634299789237,0.98961232556979,0.986931641202051,1.00184192143198,1.00671500651973,1.00836753713959,1.00045169161454,0.992673818518118,0.984792445611192,0.990503686488337,1.01199268095955,1.00228250410987,1.00427905058464,1.00440095340899,1.0001628509465,1.01725148905599,1.00670022476228,1.00723944929795,1.01177598744739,1.02019758945796,1.01386946793513,1.02104904874277,1.02704115379833,1.00850854615933,0.995662789528776,0.974092840819073,1.00032748962611,1.00340172226928,1.00353016181717,0.994716097161203,0.979475448656205,0.971314390576738,1.0045060870987,0.998894193955588,0.987246787208996,1.00406581386024,1.00594891491053,1.00263753564222,1.00873200619078,1.01106525132004,1.01444544969483,1.01132289315472,1.00223865472954,0.997595208019013,0.992545939182069,0.976169012367038,0.983343826283128,0.979812023064543,0.986156052921789,0.984613198871338,0.988853560025631,0.970379121673153,0.966366196684235,0.982692781033959,0.978063718192759,0.974706201209376,0.994791833164765,1.00042059477691,1.01607812148875,0.99790964227055,0.990117768534817,0.978247773547175,0.991842206184276,0.988494561313515,0.98411218336642,0.972196439340687,0.973300182971282,0.96074952626012,0.959086274545898,0.937205843929331,0.930438944482039,0.963610531030849,0.968855951405138,0.973621833875463,0.967034752685421,0.965751796681507,0.969266535470519,0.959656698551387,0.984062005687739
0.324578285120052,0.525748853630762,0.668698932807422,0.762127182071651,0.804512548797632,0.87895239923007,0.910101516693344,0.925695374170196,0.94746263834183,0.94639790150375,0.948056720065567,0.954771195628442,0.971410843862397,0.961797751776015,0.97370637616888,0.972779868318339,0.978392236262074,0.965289184457131,0.964300709898004,0.973888521415802,0.976973211576702,0.984730770011445,0.965348906382765,0.96966580560772,0.974487048870505,0.972919059810326,0.9816359254253,0.972362074029975,0.980674350199219,0.978441802497229,0.988465467137217,1.00517310411598,1.00006127885727,0.999870574718673,0.992683932562178,0.992913293284058,0.994289807429371,0.992819811648327,0.98686329060191,0.990724104409302,0.98201943194082,0.986863825257667,0.992300654041609,1.00060378018229,0.988885039110887,0.980086970162709,0.985056671212763,0.983653356827322,0.98959336870504,0.980520784826928,0.996937246198524,0.994337924632379,0.993289802510802,1.00078242291997,1.00501560410757,0.993819372652594,1.00651386160983,1.00890538583391,1.00308611927105,1.00806012998686,1.0086992947964,1.00844448350029,1.00840230014946,1.00183250455288,1.00108340004254,0.999039243854829,0.976404239329839,0.973116750051237,0.973159004025567,0.980771941539461,0.978951617857904,0.98483281352865,0.979453682535605,0.982304793762001,0.989132613047185,0.985497335558592,0.984356892026629,0.99193885849112,0.995919573363093,1.00897791311989,1.0057780439691,1.0043831312736,0.98900843291104,0.999313268784919,0.988070659698318,0.988351168435694,0.976404607758326,0.970804535782843,0.966539183149161,0.975646351004285,0.946663749241528,0.948251369452814,0.963439146084597,0.975973194086044,0.995044129637421,0.993703323490666,0.990351574039372,0.989476111596873,0.976356301452123,0.987431216125879
0.246072910962297,0.464906187007164,0.618446177763232,0.733849995263063,0.805403287701554,0.858554929960614,0.923031457268129,0.943343990541819,0.958718663350226,0.973917999045675,0.954347553776219,0.959315789963582,0.980801985664572,0.987477811415835,0.983628380620096,0.968847721159159,0.978912671561579,0.970646915378705,0.986065656039073,0.983059721859584,0.980456780494633,0.984782605023656,0.976170991673552,0.977014854777533,0.984796181077962,0.965172014833918,0.995561011643264,0.978269462444487,0.969434257372691,0.977828464244963,0.984862808259684,1.00640264322835,1.00738231609019,1.00538042226482,1.00085544691472,0.990027041946947,0.990778996329128,0.987294740884158,0.965385391653014,0.978733936665905,0.968105785874171,0.982755987832626,0.967144465936583,0.975952689275658,0.968218227366615,0.974431146088375,0.977304684321455,0.970588823463731,0.97397186548415,0.987179776523022,0.987219371422623,0.983975781406387,0.98204572912131,0.961294333275989,1.00448137724691,0.990036800105258,1.00921712822778,1.01734482015783,1.00796530971685,0.998737362171452,1.00764986769149,1.00489139954354,1.00667890737706,1.00119053270531,0.996342711062007,1.00027392462154,0.983004402375503,0.982759127750691,0.979241383973934,0.991316966525485,0.983355867590825,1.01600995526897,1.01545833128828,1.00431847648984,1.01011549359169,1.00948103368093,1.00895724705723,1.00895890975825,1.00617902613324,1.01465513847507,1.012553740235,1.01137136874051,1.00149933336626,1.00190903124982,0.993089616942756,1.00467230682388,0.981814575587586,1.00745922072401,1.00085596583422,1.01549485459607,1.00636104683639,0.991146369273988,0.995815899902339,0.984305084141172,0.980679971702889,0.99066126197895,0.972771919405522,0.99258394654505,0.998343798082499,0.971128716950773
0.293609769309634,0.47268034066351,0.643459585874075,0.749192534395907,0.793115598170769,0.860272326005123,0.853891092890116,0.898208205697452,0.945630336804614,0.981657674644177,0.98580642059749,0.994311848234492,0.996315074954271,0.99104511364209,1.00235147625104,0.996459576225436,1.00848646946347,1.00998885786464,1.00168119254588,1.02639804650117,1.00575715169581,1.01511390778266,0.981790957505289,1.01137160320796,1.01112810750804,1.01937883149213,1.02496867536644,1.02094794692057,1.02062083688367,1.02000456799657,1.0233835195518,1.02075334245324,1.01600029281153,0.998905714316991,1.01601401225941,1.00195491152673,0.988143267927268,0.999125845153486,0.996547617268843,0.993480995652887,1.00871333307697,0.997901744271889,0.999638113079846,1.00434948809093,1.00979248309955,0.989817137422295,1.0033968276794,1.01170966034841,1.00418066008353,1.00145491487418,1.01775818363112,0.998736285258056,1.01313017816387,1.01012163066418,0.995008572399457,0.989681600445259,0.982419295630398,0.978324245960153,0.971581836631664,0.960749119467195,0.947151965945255,0.975842885482044,0.97843004081101,0.990691611029124,1.00745892436135,1.01634544462976,1.01284773505241,0.98660015035777,0.985038297962658,0.986171179954155,0.999534681921999,1.00721622032505,1.01844462530509,1.01892164210128,0.992798282476837,1.0129125347329,1.00078324053637,1.01834232133622,1.02352125261878,1.01066995700159,1.01273521878309,1.01000989686795,1.02450069359144,1.01458753717375,0.992779986450467,1.0110563395314,1.00920130047031,1.00490599887179,1.0317074600598,1.01475405763905,1.01296929799706,1.00537483837342,0.989833755207007,0.991743551950606,1.00107210815533,1.00591887916607,1.01508871469125,1.00609277186978,1.0244494097993,1.01080504687366
0.398949631326452,0.59031354910003,0.715100062095915,0.806001091546652,0.858358764703869,0.900238854788784,0.926187469334303,0.953412666853455,0.964175818492339,0.983738239443366,0.980909526520252,0.981213671690381,0.976502184475166,0.988895699695654,0.982135049087835,0.975119964310812,0.980195794215776,0.983081195466592,0.985600322968779,0.988808404793726,0.98238620923604,0.985819857412552,0.980896118709287,1.00728494048591,0.988615819514053,0.978585445488264,0.992369870070962,0.991506575547664,0.976303490587061,0.976959146205409,0.977925335689572,0.973169181291486,0.981443548915702,0.983124403855588,0.984362807923413,0.992029787712114,0.98431657351672,0.980237377283,0.983424280077046,0.991172899450139,0.983730830478135,0.992163401221906,0.991136238983068,0.995498738758756,0.997491268559368,0.988098484307532,0.995279502914208,0.999656591908072,0.996281924480305,0.987698369193808,0.995272011812011,1.00135096328757,0.989719882546923,0.991410189676433,0.986605849827443,0.983090681104077,0.981308381969174,0.983261118693781,0.996487563454716,1.00504783039588,1.00272700987515,0.996053941547283,0.996104093741374,1.000173443157,0.990712922443925,1.00290770066273,0.985761090631074,0.987184895908158,0.975892240616682,0.993078918764917,0.982926486777284,0.98790629076423,0.993868304094373,0.999331407962835,0.984125311796927,0.984539971535966,0.978125608731649,0.985048611658603,0.982765812297552,0.991918133655993,0.981774731506125,0.997622458411226,0.981424071473954,0.977539001838633,0.976685588536197,0.989495737466833,1.00173541109088,0.990989050797224,0.985056465246845,0.994012411487266,0.980757258306483,0.985667691536991,0.990970040265425,0.992490454427173,0.990369102723071,0.992249268916862,0.996885033647857,0.992592850109646,0.996638677856654,0.986363318561225
0.398307321337758,0.603547109189826,0.721535968269164,0.795817175183736,0.865757226871765,0.906282233858741,0.940512883516861,0.952184423553018,0.966348584390814,0.988760877776546,0.990097744679991,0.998827329582121,1.00345031168656,0.996352326974942,1.0011542219011,0.994335356676591,0.988678218091614,0.985149359342423,0.990463055533585,0.996403274160155,0.996226050842441,0.989372949552419,0.992433417302649,0.986981465091049,0.980454445065434,0.982131633863796,0.974080930256322,0.995527957789517,0.986932097604415,0.989844656746477,0.990384252626521,0.99134117792182,0.989368664137974,0.995843886973494,0.998014323404844,1.00358641279108,0.993414730996971,0.999406086036955,0.989287270711175,0.995464613420288,1.00030875180886,0.99539052832049,0.992253628889426,0.998960387447238,0.993827421966838,0.994504929636358,0.996468639761675,1.00243579891457,0.999177062847206,0.994777948574016,1.01031320302536,1.00590229971764,0.996566775723053,0.999147326886448,0.995654749235371,1.00057109848592,1.00017540504396,0.994308999421448,0.998499053836519,0.990401299104303,0.992846243629746,0.998071548414797,1.00338035987477,1.0057050001793,1.00166682554121,0.996678168709772,0.996163497296877,0.994314237531186,0.976176973519054,0.990730464450831,0.98742534601107,0.989614861374801,0.991968175962542,0.997513893158504,0.998188434268382,1.00217729211337,1.00156351719992,0.999450219999457,0.996739547233598,1.00352840803221,1.00272423108376,1.00388801795917,1.00795984897197,1.00340183166821,1.00208754837064,1.0038774758198,1.00509375436213,1.00394841967801,1.00071156162395,0.998030143889925,1.00046393888747,0.998428730946336,0.997310667061086,0.997553134720935,0.994927245766342,0.996555594256183,1.00460011612347,0.99838995747569,1.0034990929283,1.00045595599451
0.223963366930548,0.411647022404994,0.526266603801189,0.613297276034785,0.714681420920503,0.781759741349931,0.858496675698523,0.900889120911744,0.916720521476345,0.950630263319252,0.965411770595967,0.96599900021026,0.962786033930473,0.983685348104522,1.00680990329659,1.00191085746673,1.00685965883794,1.00095752736344,1.01048320440745,0.995036586277573,0.980832109712009,0.985025810312862,0.997537105805157,0.996860619943036,0.983756262220929,0.994078583901935,0.989927806164739,1.00625554407288,0.996584076275999,1.00234997053574,1.01015367593561,1.01032613718337,1.00246791822949,1.01294517163326,0.996275431655532,1.01193686641342,1.00170220332801,0.9937983693123,1.01099765206625,1.01040739765549,1.01221498006623,1.00283739717421,1.00053116408942,0.996715204337618,1.00574315690026,1.00353650122235,0.998784734180766,1.01313400338501,1.00752695373476,0.989137951662291,1.00220435679949,1.0099147339807,1.0153366208006,1.01611134446106,1.00543390999533,1.0027951696919,1.01077766025082,0.99959309667086,0.998681552943071,0.986318970000843,1.00118826906511,1.0096207100407,1.01355878023133,1.00690665284111,0.997407510233579,1.00215617629874,0.999800573455791,0.989309525397967,0.973056370095087,0.97282431712836,0.969092458336805,0.971504284304652,0.99364033746462,1.00082274216303,1.00694865259577,1.01186047492471,1.00776548960668,1.00003254254956,1.01716738665004,1.01420026501847,1.00735775389027,1.01656563619624,1.00275246337278,1.00874126824638,1.01463279722094,1.01525617744964,1.0080404577672,1.00768727718588,1.00394620188765,0.997474450315135,1.00589506082872,0.993698675190871,0.990783838602367,0.984730538031574,0.969864200417612,0.98641307188932,0.991419127714139,0.999307851514333,0.982626573893537,0.991799792534796
0.168768021163391,0.342808236025917,0.445444503503804,0.552304329649194,0.671533329965051,0.720956833077878,0.801211260435604,0.875030719262551,0.893341248314697,0.947475421671983,0.958168021146512,0.957453572591531,0.960197698040967,0.984865867827037,0.974557247357885,0.949472111805675,0.955535773377497,0.95338923171887,0.992880085510141,0.990580128771505,0.996682174234813,1.00584734752128,1.01755598797825,1.01636517107079,1.00922171090156,0.990532853604937,0.981190219301805,0.997168684533325,0.996138100478316,1.0061937270349,0.983931856275497,1.00266307129902,1.0143520366793,1.00459767480931,1.01223036471962,1.01648283483252,1.00700082946278,1.00628684518002,1.00369992883332,1.00461025190439,1.01605597194436,1.01649826038772,1.00842518407154,1.00748271229143,1.00761122243448,1.01353754414657,0.998101867274497,1.00104719683761,1.00729007149067,0.99067331110543,0.991810543210548,1.00048854379974,1.0108068146788,1.01523400300821,1.0032424312782,1.0100851851218,1.01009434191931,1.00162229944668,1.00220734997685,0.994856344884012,0.990757757018041,0.99183518346094,1.00475962673597,1.00764010768978,1.01699869611101,0.996363943560035,0.989307440751192,1.00436940940985,1.00718893934588,0.999249794244109,1.00037886352617,0.996324449635948,0.946429566298598,0.981031211135359,0.978318114508854,1.00478254542764,1.00714558882556,1.01486973502656,1.01757885752752,1.00677765876032,1.00311287229316,1.00862691712099,0.993223095380503,1.00511821001249,0.996752755992822,0.986872744730517,0.991683687190671,0.999040101735952,1.01370832643901,1.01644047953876,1.0085144162217,1.00675729293288,1.00938050868811,1.00533957064294,1.002867394989,1.00250286259311,1.00153550802376,1.0078614953181,0.993141996660952,0.99277274445653
0.156285669600256,0.309391929406198,0.446142815164239,0.600461241945433,0.717721789567183,0.790049587273629,0.875566603308409,0.91169394083294,0.94045707297845,0.946881261081979,0.955153793743639,0.979295844015606,0.983454349674404,0.980350389263013,0.976850647987738,0.967659104435756,0.962993167850413,0.984850321600756,0.982526839979635,0.992363426174173,0.989215105575658,0.993509626099037,0.998189886437943,0.999885762911582,0.997443298034303,1.00979328557124,1.00054021468888,0.997756897539914,0.992350129137111,0.992233784776,0.975818586520295,0.974328037552124,0.973352736500638,0.96813575156363,0.965291587481399,0.949421554454863,0.956858082040459,0.954311367322799,0.968379178574871,0.97137663162432,0.983907649090792,0.991597805496651,0.998974987015845,0.995166802776346,0.985824509621019,0.989553400877193,0.972859650347575,0.982657529911409,0.969505062703038,0.982813893009148,0.988813034785703,0.993125998298526,0.991554488471054,0.994367747636433,0.98570578088091,0.993371539460218,1.00351665378868,1.00892035101778,1.00479184791083,0.995772488441017,0.989886395131353,1.00651805715497,1.00496236217122,1.00564688330448,1.01216389513047,1.00310722530333,1.01732961227942,1.01526930175048,0.993922113635811,1.01100326039316,0.998352307287575,1.00080773814274,0.980893815137373,0.972932756808941,0.964456855487639,0.962901458708598,0.981875745165605,0.991561186749219,0.990848881734836,0.989407700994542,0.993184567988389,0.986680824158788,0.986299636998961,0.99866163907975,0.989276182977037,1.00162508309756,0.997915102225243,0.998062116290856,0.998818123350708,0.987307225173072,0.985039831534094,0.991818269729776,1.00655262474551,1.00899761771178,1.01014422025955,0.998326098115076,0.987515399419906,0.971035096933518,0.980557106651939,0.967569285922984
0.273542181509276,0.452793973225058,0.590342478601532,0.66895141467425,0.776294987982427,0.839674994426384,0.910592839287146,0.916239125589516,0.936689642115523,0.9625884717663,0.982405128844717,1.0133034790802,1.00298077550705,0.998233019148328,1.00037420736779,1.00214909800285,0.991525468877662,1.00417734773156,0.999489275455248,1.00711442180052,1.01286078195036,1.00728286654924,1.00560956400615,1.00380859030529,1.00350168538234,1.00427744894976,1.0142065581436,1.0134348668159,1.00732968302299,1.00081954952554,0.999802049905096,0.991166527498649,0.981959238482104,0.992223580435184,1.00065612995229,0.987308252164618,0.972820264230633,0.979720977994238,0.997867300442288,0.998067687769988,1.01247067814723,0.994797161472931,0.992826955376731,1.00381436453615,1.00284527194255,0.990740243675604,0.982048564500139,0.979055637691297,0.967335098123889,0.975214620797891,0.98220996619508,0.986946234633583,0.981118069089442,0.995142855911119,1.0116526670841,1.01054314690184,1.00875661796327,1.01143883160252,0.982320299187489,0.981228007744348,0.966836177138967,0.966697022665268,0.980171152129694,0.978018698390779,0.996917766983925,0.988809372962766,0.998274984631618,0.993970941144919,0.981704172288958,0.978716624098615,0.981081132140813,0.995082364598589,0.990991276392087,0.984336865247111,0.97397676052455,0.985633023245382,0.984415622179508,0.993486214688908,0.998000183684017,1.00534681164309,0.992683201616421,1.00312991179347,0.990012605484158,1.00310175578942,1.00691375677228,1.0080603821761,1.00032145095615,1.01423291706708,1.00662683168054,0.995851935268831,0.987541260611224,0.987265941548843,0.996621252700195,1.00422863287041,1.01111749887088,1.00455343948129,1.00423822038192,1.0049420375991,0.997810559003622,0.968364285372735
0.323270386771639,0.443263932937092,0.564852321242852,0.642809195989137,0.735086149989805,0.733553340481455,0.806969458800427,0.844904714011522,0.852125316034388,0.905353894656965,0.958993522693518,0.920493537925974,0.936696117075938,0.951120037684436,0.952584195441236,0.953067736743045,0.952414002202509,0.95187803219614,0.956922140877531,0.971388141559103,0.967202759835791,0.928514912351328,0.977255661939528,0.965022102139647,0.951873428301434,0.965837376598722,0.963573705028484,0.973726822969144,0.97736478258317,0.973332885300301,0.994079442603973,0.986542786267117,0.993715083358291,0.983192476909942,0.976070676261151,0.96458795053801,0.970970067937371,0.979545809320498,0.975881539881014,0.984773152258063,0.992059854191336,1.01457328222583,1.00387605370646,0.979303059389725,0.999448051167296,0.996912348163228,0.993681149862353,0.987362552967643,0.992901775533194,1.0110690953627,0.999678275153655,0.973998755939986,0.995011421200835,0.99689118760653,0.999974959644566,0.971766240071168,0.954968921639839,0.957244113775511,0.969668558280342,0.960820501609626,0.956824957933301,0.977375867883895,0.981600753404111,1.00105479309788,0.964705579999758,0.98183762856564,0.972412563442464,0.997060127765885,0.972871951062371,0.978246078547911,1.01229507022379,1.00849047606007,1.00777467450866,0.996045853224447,1.01192019300646,1.00607359300052,1.0035273715183,1.01448079287219,1.00991321205061,1.01263601553824,1.01471797624557,0.981990826757848,1.00503492474302,0.994726383245907,0.997525911504428,0.981270717154101,0.979453932415157,0.983888437532104,0.998763120711837,0.991454674670616,1.00241774786567,1.00377889221223,1.00445041542665,0.992646381026634,0.977669207057573,0.976489542205873,0.986809817242452,0.977020570912953,0.985862080747115,0.993583989638047
0.300423922232718,0.489965575039383,0.627434889730169,0.727220485643354,0.792000999239937,0.85666058654456,0.88537071609078,0.923565068900311,0.948162012646372,0.946166853077483,0.973063042758633,0.985642894956799,0.996002374999151,1.00366909971188,1.01843309061231,1.01617869300573,0.998269939640695,0.990205697671914,1.00232284411737,0.99369643279344,0.997167917469827,0.971325860369453,0.996336172681982,0.989246017048509,0.977836359211626,0.98406860020533,0.9841987166113,0.980065802565148,0.976287056487141,0.982365593290723,0.98954860770682,0.984221605145655,0.990286392011602,1.00410945972409,0.997679417140725,0.992970141741438,1.00666227698742,1.00227644515047,0.971266917774848,0.979007275222892,0.980552347716326,1.00439303305423,1.00501360019415,0.989825863209635,0.993926373107759,0.992409590350133,0.984250805273142,0.983302951102177,0.975543244126639,0.986955231883603,0.982481771185106,0.971286220549082,0.997126288011298,0.998111986116442,0.990281075403117,0.986960224402008,0.979181906524713,0.999716375989453,1.00435796042774,0.999244433842861,0.993508133878899,0.9988870945534,1.00616352897865,1.00343546602153,0.991756225519665,0.980737047942725,0.971664428235432,0.980898474807626,0.963839502234221,0.984977289273135,0.997245324829174,0.994971698806117,0.99952277698687,1.01044363949132,1.01088718229807,0.999447322636803,0.989686588421931,0.997988123383964,1.00235277238847,1.0079103397396,0.997294774881159,0.979544890191446,0.981410066397927,0.970518904556669,0.985226216476727,1.00422757753121,0.993130900184423,0.97847907357998,0.981538565240373,0.986591277974673,0.977538113943616,0.97782064702876,0.995507488819869,0.999724500576504,1.00463008603148,1.00872097296811,1.00817702557852,0.981221046770113,0.997518748986285,0.989742443270899
0.444284378938353,0.606065623907644,0.70667537714687,0.801906277434903,0.857744215836666,0.911784976084428,0.948001332282862,0.963233549618471,0.979727330953365,0.978728143271778,0.987852428482419,0.992271562672999,0.99682399187515,1.00014910843152,1.00025046785722,1.00296539786283,0.993994202480077,0.992601000861961,0.992999953791806,0.982887600456813,0.991878156817017,0.980112642764719,0.981929211052722,0.979164780950115,0.985576239525059,0.990154357977289,0.99564005938084,0.995023344386962,0.994490662550297,0.995237914804403,0.990913576323892,0.990308418418389,0.987160481576508,0.99118331110186,0.995604249546624,0.996234793433096,0.999681639155793,1.0042690292316,1.00279624561751,1.0013357840475,1.00556777196739,1.00656190636059,1.00812196001943,1.0033115285045,1.00096796182735,0.998791160448942,0.993802928149827,0.997224367819731,0.99122956377903,0.998447095480778,0.991123304854938,0.990175560054647,0.999784852938384,1.00017673470157,0.995313572047732,1.00039589499478,0.998375574608704,1.00591927739709,1.01106406024296,1.00910438929436,1.00155616517269,0.99981982126057,0.998661663272629,1.00406975224859,1.00623840042228,1.00445692660113,0.994943117730369,1.00275853677967,0.995002173270817,0.995994408443393,0.999619184909711,0.991266138829823,0.993422481300629,0.997508534554274,0.999433624355539,1.0032516076577,1.00482538559302,1.00268264598419,1.00211397026741,1.00689340611086,1.00046562425028,0.991071475021471,0.986751942080624,0.982752993774203,0.993177924915814,1.00139897627826,1.00392224562099,0.999544619921786,0.993994466705532,0.996313512401503,0.984722563194951,0.984058941115405,0.991220481006358,0.983958112725722,0.989010606646762,0.999924534732197,0.999475762541118,0.986787365694609,0.988530705538522,0.98157204330064
0.402404485778686,0.631719507270341,0.735645907154616,0.847415564097494,0.904715270542342,0.933111591827541,0.951753896282025,0.963603212823143,0.975655391081504,0.979895215558517,0.982649015140784,0.985687886319419,0.984946283539032,0.981003165749458,0.987005892604477,0.985300008780381,0.97778449877443,0.989037444372603,0.978601241899003,0.981592573749852,0.982574624233609,0.993911445680549,0.989866582867128,0.983370713714779,0.988776518081625,0.993925919769382,0.990953567554265,0.989463491127695,0.989648094578165,0.985436781270355,0.980872623747395,0.985128287587578,0.989158411489711,0.982849987522904,0.992235632970321,0.997984914732492,1.0020321720918,1.00637281432329,0.985164246001626,0.987746472881365,0.979355987928239,0.999168356047433,0.997410962554657,1.01497504874463,1.01503132710764,1.00821527063878,1.00903657356003,0.99505127778795,0.986605613796693,0.983337586056366,0.981121815672712,0.987890165220327,0.984838135574742,0.986448567973769,0.997800703014302,0.999260799187946,0.997763087091581,0.999937822325485,0.994004947612275,0.980056210083836,0.986243344749771,0.992121520314722,0.990338279400855,1.00043951083631,0.998912342094885,1.00569399944692,1.00760285604245,1.005345580005,1.00755010674858,1.00095476559181,1.0038273943029,1.0095373051579,1.00841861641597,1.00259735726778,1.00000994182444,1.00325952101795,1.00176061312738,1.00279708286051,1.0102525159498,1.01046262611725,1.00688752088588,0.999803886317883,0.994333739273784,0.992698337105936,0.988104598399594,0.998963915567773,1.01119172639531,1.00129613146243,1.0069375365953,1.00096268264293,1.0074017530457,1.00557004342297,0.992601917849757,1.0045337966509,1.01327658558819,1.00775729590139,1.00713275900902,1.0039506172722,1.00151874554808,1.00880250536633
0.349681697232812,0.522026139692321,0.654579090752231,0.777757637941595,0.833843736950161,0.885995247748304,0.903134731803001,0.928851256660095,0.921183943387965,0.955364983084023,0.957816305190312,0.965278386141335,0.968126232258864,0.973006106570099,0.975235497333399,0.984107052751985,0.990434818728481,0.984581578123205,0.991533324032126,0.986542944261617,0.99804145181242,1.00532279975476,1.01216799702999,0.985733427245636,0.99300908121598,0.985737485415476,0.988144496926555,0.979931037832688,0.991241793063837,1.00586381760833,0.991093458514455,0.997255322036943,0.985362053951265,0.991345820049139,0.981888442802923,0.979960455276246,0.981792120877279,0.989473074302521,0.989201264440516,0.990592454563684,0.987265809290558,1.00080509885931,1.00585014354879,0.998012747853857,0.98856459822793,0.995366769043588,1.00260198064341,1.00043069271878,0.998887355133273,0.98732649165156,0.983060627525343,0.997519635808308,0.988763282229476,0.990734699052415,0.999343783732215,0.996511563043093,0.994961127080078,0.992262647685203,0.996643753400621,0.99796160652263,1.00781140753841,1.00653326861985,1.00144398870247,0.99928040409569,0.984383711702614,0.99692232479498,1.01148718410585,1.01021388127922,1.00314734127809,1.01155695406876,1.00794979074425,1.00046707997348,1.0034084238994,0.997562408060733,0.996325760568021,1.00207804429673,0.988685371541291,1.00389333259747,1.00952006893265,1.01249957518763,1.0155785655292,0.992456822122299,0.997171114292152,0.991134757575773,1.00044694358883,0.998849262067844,1.00935995110316,1.01343519349033,1.00870152782389,1.00196918579363,1.00257853641812,0.99967825612016,0.999890205410795,0.985413977288939,0.982667944742861,0.979140157169152,0.978826136910515,0.988440360832465,0.988436237887552,0.994945833561406
0.423789201485978,0.618530246472641,0.737084639064452,0.827645111099547,0.86213290668354,0.90283648729023,0.928489858864528,0.960047080498016,0.957328404569635,0.962507139079873,0.978580025466642,0.994404696272418,0.998271321257159,0.999453785109445,0.988168325808104,0.991230200922895,0.994304699093103,0.999478440953128,0.987240944534778,0.994259177987443,0.996474334243428,0.995689789377781,0.993552854348574,0.995657719355725,0.995529090416054,0.996346527147336,0.997316905863171,1.00026071315605,0.994174571167886,0.996936625449091,0.99380674872662,0.998655281165299,0.998789032351365,0.994531157171195,0.995927272792018,1.0009157516956,1.00616974147985,1.0080224796528,1.001301393557,0.995863553928472,0.996722636641431,0.995129224964366,0.997232088397303,1.00082075476822,1.00436336258031,0.996563554827747,1.00085010348913,1.00716688540411,1.00509223037363,1.00408379921016,1.01230817622431,1.0073096657665,1.00671791485715,1.00388756836131,1.00303207580253,1.00337972229782,0.999851047365789,1.00112415337056,1.00563245810056,1.00241124497506,1.00134898114951,1.00238055041325,1.00931124696534,1.00757460189896,1.00338744305218,0.997803818046576,1.00109146630963,1.00416107366108,1.00482027165407,1.00080813649053,1.0007909864468,1.00327424019403,1.00943379302306,0.999298489231236,0.999359074626042,0.999440880909088,1.00313421951363,1.00484257378361,1.00266591645597,1.01467677830381,1.00354642477421,1.0131068977666,1.00445750401091,1.00485800567007,1.00691741622392,1.00116173809586,1.00774722758243,1.01479680826062,1.00811827160894,0.996553951456638,1.00941858214659,1.00854272046727,1.00905627324315,1.00513480985996,1.00345789259062,1.00908658865016,1.00538857809184,1.00517694639571,1.00347658703186,0.998310320407139
0.344666968511431,0.536110702800907,0.690387758931305,0.795380129171215,0.844351717730814,0.888464432521744,0.917030410096867,0.944634351068334,0.960284353740333,0.973089582603617,0.982434179071174,1.00055899169958,1.00237893853061,0.994167174671277,0.994579151322691,1.00445809913827,1.00431010387935,0.999516371062531,0.994322179872442,0.996850543145668,0.992333546855351,0.989357066836793,0.985024867373189,0.987494822342111,0.97487566573878,0.978697039111715,0.984677237854144,0.986918070433185,0.990367311179375,0.998523422849877,1.00223715068495,1.0062515922103,0.997326656066346,0.999447453478435,0.996163840583268,1.00306153243189,0.989188942902423,1.00253242498045,0.997219889442495,0.995212240893595,0.990897102319454,0.999055337548309,1.00456214206805,1.00957704481121,1.00690213267847,0.995655895917117,1.00031869489468,1.00267569589935,1.01112262518454,1.00439072767461,1.00783221375303,1.00535441312994,0.997474435698383,1.00069154062972,0.993564629084965,0.987091714966625,0.984284048393103,0.973684719976324,0.978753938145136,0.984499344737006,0.985522674077979,0.984821305479623,0.988950284527497,0.994844857843095,0.998188354634865,0.989407037071064,0.998088067389183,0.999747030765895,1.00313436415308,0.997649310409401,0.978671735400522,0.984685609600949,0.989607731432521,1.00342777454138,1.00764359715032,1.01492897462116,1.01416010719268,0.999710816628583,0.99615057007129,1.0058844093174,0.987881330388784,0.991430605788165,0.990352970719379,0.994189664662223,1.0003228898188,1.00640351273932,0.996229681088494,0.993573460919651,0.980133712095025,0.985845792471181,0.987814199216371,0.994969521668677,0.987947267028691,0.98902531336986,0.975706428228065,1.00664466951627,0.995637237485081,0.992126388553921,0.995787037537465,1.00088829209591
0.427734004893662,0.617500639793563,0.738442626689477,0.82027743584097,0.883591276188655,0.923929628601603,0.938939371734354,0.956222581305017,0.944504370613984,0.964016102119123,0.971332457823662,0.979695906191157,0.974602291091953,0.984707294723435,0.995156642936023,0.996580292196604,0.998103846056734,1.00433744571443,1.01109149145414,1.01225151114474,1.00164524796772,0.996172813753473,0.98482877974093,0.98571386020068,0.983881084310304,0.991384420480859,0.990654897249374,0.994670141688674,0.981157269615923,1.0014487354049,0.995257053747656,1.00608768250931,0.998348829784723,1.00520267816291,1.00479644902061,0.998425185780532,0.988872677717977,0.993252513148703,0.993539250326061,0.982046824051824,0.988639852670649,0.990927940828624,0.99826991362739,0.994415999510495,0.992406712053896,0.997923827753514,0.998152500963709,1.00578879391091,1.00313694127738,1.00219499970427,1.00870102669373,1.01170539593387,1.00921679214147,1.00159939279343,0.98779934687055,0.983208911393558,0.973649943334986,0.977364246444072,0.963387357037056,0.95853758267323,0.976795404952137,0.974135288579687,0.972338808610028,0.973832134231057,0.977649100077219,0.990360098259535,1.00237827447293,0.992463711854297,1.00613772396036,1.0109147825702,0.999584054654097,0.988266025064719,0.990118883278835,1.00107600901318,1.00284062420772,1.00756341910997,1.00977304142389,1.00199907690108,0.996532669903857,1.00213851363488,1.003270837674,0.987514218418178,0.99088367709276,0.983787583726728,0.994744969628694,1.00268276675088,1.00259889296487,0.991116397235141,0.996376313721241,0.987404608554252,0.984705127978913,0.995503199948419,0.996632100114989,0.99871423452774,0.997909711841233,1.0035352647093,0.995930860816677,1.00003603273107,1.00397860408448,1.00749781268844
0.330215920991453,0.539565230697625,0.674425721557087,0.798491877427335,0.843891982474353,0.892159568074384,0.883816999041,0.920175675865249,0.943286088732704,0.93824668556097,0.9447550889119,0.968692191537111,0.965761884539542,0.990732243476207,0.995612439029238,1.00501249232653,0.996906694947501,0.994883914802555,0.986352614539105,1.01246205626553,1.00853458747739,1.00253802391283,1.0082063321765,1.01353632896102,1.00326795993138,1.00459733927755,1.01135805422815,1.00823371903953,1.010491449931,1.01433483714146,1.00863251124982,1.02091839432921,0.997488344022066,0.994963510039811,0.997763534874886,1.00564101953401,1.00913710559343,1.00624061769342,0.989023958663081,0.958091263512077,0.970642027072221,0.966326151615723,0.994732721401981,1.00015446693683,1.01658735827719,1.00428849104654,0.992548511884337,1.01106785436142,1.00373739111118,0.997793833313449,0.994874304046877,1.01092007888284,1.00378530921298,1.0030493314038,1.01602482433153,1.01928154351296,1.01007477566932,1.00576349038655,0.99269910220434,0.99150996945669,0.994844378476029,0.997081845542301,0.988538070579561,0.99813577906101,0.985332510424054,1.0005485814662,0.997419990674658,0.993423341649102,0.990966698006734,1.01615495418327,1.01944610422696,1.00213654999411,0.996493938782683,1.00940311755229,0.998036021577548,0.972900665435171,0.978270219191533,0.982758072403231,0.9966191748581,1.00935183247751,1.00804615041561,1.00402557074035,1.00574878594829,0.999015938047659,1.01293528339103,1.02401779073892,1.01066139101271,1.00540792605489,1.00884742353874,0.985561146293866,0.982381564979854,0.972994513408307,0.969319167667388,0.976436859530529,0.990074079270941,1.00524872657603,1.00607452081769,1.00280367846095,1.01147585137625,1.01375333764994
0.336557036557458,0.50908943967203,0.66330975762482,0.817864045098915,0.890224542336674,0.940490790434452,0.944780634668925,0.971084260310525,0.994995140968362,0.996782998561535,1.00222927067027,1.00740809191918,1.01341697940614,1.01334580396514,1.0066421179956,1.00527598487546,1.0006835451888,0.991848375424507,0.991206026549088,0.977932712910495,0.989979342810445,0.999253245418264,0.994790952011639,0.99571806541023,1.01469295294365,0.99760023033117,1.00473497043569,0.99267787465007,1.00699839644288,0.998314948707814,0.995549202656302,1.00623982326442,1.00322720635186,0.995345363687009,1.00276866882592,0.999032149078231,0.998646184110181,1.00730357052232,1.00534516846689,1.00245968876488,1.00842109618542,1.00751616009,1.00157198208157,0.999115314674818,0.998537670485074,0.993602672648663,1.00586517506552,1.01466922366793,1.01336415996517,1.0030310913269,1.00210672862609,0.995654762881209,0.978559395504294,0.991749557293395,1.00589221435984,0.996844658867363,1.0030720903922,1.00623101639593,0.996693837503294,1.0028927845238,1.00124108581435,0.991930324061484,1.00161279997201,1.00501281553438,0.999641265938113,1.0074550123118,1.00745379948512,0.992021152655411,0.999502862239836,1.00099927288314,0.985036657567219,0.974037106805581,0.976214886651869,0.987061256250259,0.993562573064853,0.990943888049087,0.993812540545447,1.00773485364274,1.01217344426126,0.998043980505639,1.0054184177695,1.00075811347126,1.0023640383709,0.999480420739282,1.01274612457141,1.01655679666764,0.990571354097585,1.01168814286824,1.00200788069635,1.00735221489265,1.00432175334184,1.00207998682213,1.00360549947635,0.990714955643499,0.971074869560727,0.970582006299787,0.986171293697772,1.00811882514281,1.00872110609462,1.01082729426569
0.398901032803032,0.577085020095637,0.751267578796837,0.841969961379263,0.898692177512493,0.939448386411429,0.954784587038687,0.967570008314986,0.993116871520234,0.992247915050619,0.982885373054679,0.999115679456948,0.994203876582041,0.998557392836475,0.995445317997897,0.996913767909874,0.985567191806939,0.993115675959488,0.998584789876224,0.990153710836247,1.00160796073349,1.00226728786882,0.998093691054904,1.0023945413159,1.00376602937697,0.998739100481788,0.99852386283159,1.00417794772262,1.00352712233819,0.995247877967416,0.987165631645489,0.989559858912872,1.00603107740456,1.01228920317653,1.01809442143685,1.00856041134213,1.01523413028015,1.01815352330103,1.01387469004309,1.00555937241349,1.00632421877638,1.00075840288518,0.991571642354247,0.994376303851383,0.996369630075467,0.992567855532312,0.999186121688517,0.996963935734697,1.0062054427974,0.995141686767873,1.00465653930306,1.00816194205829,1.00373039316408,0.994467462624781,0.991390297895845,0.987980177658992,1.00448192854718,0.995114005942779,0.989079275305735,0.995606944488912,1.00165305511622,0.99858173081664,1.00377636316103,1.00509120711194,1.00349580371417,0.998799912954729,1.015440061325,1.00406966711222,0.998585828367153,0.997320530882043,0.990895317727301,0.997088417298641,1.00499479715242,0.998749719252663,0.99252099504467,0.987282807594867,0.993038143551158,1.00716947713277,0.996464117466239,0.994053273772217,0.999936154363139,0.991660033698159,0.997587352067107,0.998500198877524,0.999429562353736,0.997519557903299,0.9946431853359,1.00772694281527,1.00521642662856,1.00548713953162,1.00881644774914,1.00437805955864,1.01138946799912,1.00451254527502,0.991131705672954,0.998721370530927,1.00383910437454,1.00279587488984,0.998017322462961,1.0052829125395
0.369947597029113,0.574139492749464,0.684900256541925,0.80289990090257,0.858845260356612,0.892857497552283,0.927931333461356,0.943536054682893,0.955050599096404,0.975692824943576,0.96060747877201,0.984898243044274,0.988839963169315,0.992690204166432,0.991172422605718,0.970637529438989,0.954284411314446,0.962786638943293,0.966513745961802,0.972194199156294,0.980665254314645,0.970080254795262,0.976273408647524,0.990003131961383,0.988869322886659,1.00077503077823,0.997633407940942,0.993620617313215,0.98991144158528,0.996431282609878,0.990475047358394,0.996024293786857,0.996644473112949,0.997237678386428,1.00146403032702,1.0013876558206,1.00877004347135,1.00665607827976,0.99801402338095,0.99643368103288,0.996769650544323,1.00861220916061,1.0077510660206,1.00887712466486,1.01187458844398,1.00856305603117,1.00617901739839,1.01007700810682,1.00645373685686,0.997818320933278,0.996518591527241,0.997831898728316,0.99533105205508,0.981640398265532,0.981240735626972,0.980856693609764,0.988250165819201,0.977652223135197,0.976434860606751,0.983439997071956,0.996667111008051,0.989762878340709,0.995775050830176,0.986087240314775,0.997911517918286,1.00104066194139,0.998444077809081,0.998024766318083,1.0005984769486,1.00353658582419,0.988818996495531,0.996067895683396,0.997900781885488,0.984031638424466,0.989258302155788,0.991163767392369,0.996635819343006,0.988306781711822,0.98600319648918,0.993088158323204,0.986405185654111,0.987722672485336,1.00156881370987,0.995238455272161,0.990345558766596,0.971826640090178,0.976117372579296,0.997871806318175,1.00307402838596,1.00530074649826,1.00613289325246,0.996095519946811,1.00026550843861,0.997024229475628,0.988821105743474,1.00193297900613,1.00268671875638,1.00570838499569,1.00729098415341,1.01097815898508
0.356190478523154,0.567983936254186,0.702183548723313,0.765876521632754,0.861217886077073,0.899994969744299,0.935329047949322,0.946324311807046,0.951066257222485,0.973251139717898,0.975976122576617,0.994889144504034,1.00777571160753,1.01449244888676,1.00931666391883,1.00135742911981,0.971426239158484,0.974089703642661,0.974670384797529,0.975376713065602,0.973229407198203,0.982124528666844,0.981472801705801,0.992900818782008,0.977716812950028,0.989047280241844,0.998883438498007,0.996418958924322,1.00478714231514,1.01400659928841,1.01688234371588,1.00815534099897,0.997496963130807,1.00207113581087,0.998621150194256,1.00189664862378,0.999646106818818,1.00798985740471,0.998763793229909,0.994409913973003,0.995379015338785,1.00242343922835,1.01248554178934,1.0114237456185,1.00401400038898,1.00073166681117,0.997059825144609,1.00141520199044,1.00297857166658,1.01503167414564,1.01202975703823,1.00765620489835,1.0057905429498,1.00187096481125,0.998736667440178,1.01113801132347,0.995919567139311,1.0051237799328,1.0086297221058,1.00895583316129,1.00202350710884,0.996244849384202,1.01471572083465,1.00254405335562,0.995245227660516,1.01562298272781,1.00003701780709,1.00544116321125,0.996519956063826,0.994117145256179,0.994909113627433,0.994475753997607,1.00193621609672,1.01106082304107,1.0082896825536,0.997722211992199,0.999301412975212,0.992816852500634,0.981113207028861,1.00380880306108,1.00271557257156,0.997049621077091,0.99300754108969,0.995419132482907,0.976784394758593,0.9815253185382,0.978136094671532,0.974653896911643,0.994820912159216,1.00139992389019,1.00118836480716,0.981161734045065,0.977413066985652,0.990163484380161,0.998093816108941,1.00790822812848,0.995195901300474,0.999428284206823,0.991787655158059,1.00500368003516
0.357323894930334,0.568918153860005,0.725446232779152,0.810678467754746,0.856954941033248,0.904393289764178,0.929004393024631,0.95534220370508,0.975995124319352,0.972840515984807,0.974664465590768,0.990818589696736,0.991132465928,1.00165301038272,0.992103228008958,0.984144985738066,0.988682673232239,0.996748233159597,0.988365874348604,0.994463038757529,0.992057389153195,0.989817777659332,0.989132925664127,0.99487102109463,1.00581067545058,0.99923032626759,1.00396390178859,1.00322031846678,1.00347321793516,1.00201972818621,1.0026329874854,1.00435069660491,1.00370846054793,0.993610152288782,0.987441655457556,0.994569673345588,0.984833225538472,0.988644316892425,0.990204502941229,0.983253004784483,0.982099732760606,0.987052899012138,0.988444028373285,0.985727264571575,0.989164405395348,0.990145615421781,0.998593618730156,0.999985203505989,0.997482820598924,0.997044888020084,1.00816041403335,1.00452051339683,1.00193088009769,0.997937103538919,1.0026565639926,0.993798309749168,0.98788565100159,0.987608682093713,0.996738661990164,0.989809196875577,0.984038095377437,0.982792733606106,0.98509314865485,0.979104265609162,0.980780687509403,0.983122204230335,0.978133733352513,0.978324527009933,0.955953310390087,0.970895337398219,0.98094580597789,0.980377560582896,0.990923358683516,0.999207044033696,1.00258050492713,1.00020675003062,1.00087666359158,1.00982244514068,1.00013327965443,0.998197443051527,0.993923427584382,0.997515465050483,0.993140688987079,0.990405136358472,0.992484568469297,1.0003748606123,0.995334848037385,0.982821900025467,0.992464069048255,0.988190999124327,0.986064390077932,0.982273435914626,0.980424215295732,0.97762070715872,0.988601686369196,1.00001885853386,1.00080219047455,1.00169120250435,1.00139299146166,0.994014782140256
0.234111065300553,0.444395061900238,0.603111586064773,0.770579014221429,0.867501482182719,0.916190919302659,0.968969938386238,0.944669628720322,0.953769002918573,0.950480299776798,0.969228793187423,0.981313456277667,0.989496109460821,0.98378397174756,0.965446134858012,0.977664359812336,0.984440058241754,0.989113123595002,0.971276721316616,0.985738499459609,0.992648003929175,0.995938696922796,0.990121370489635,1.00351774518264,0.985626394859774,0.990160757385021,0.972777102545136,0.997582943249533,0.977300927365089,0.995021667379643,0.986453186005723,0.997524193492148,0.992712203766836,0.9907905896488,1.01617968962884,1.02265232574487,1.00631761412979,0.997232400058346,1.01389223341548,1.00598768904126,1.00786345440397,0.995792155569008,1.00168484829507,1.00479586869993,0.984821036033327,0.981389821825045,0.970852271586437,0.994176442540256,0.98741116906882,0.995582107190324,0.969616211502555,0.999113721884405,0.985983440185635,0.984839687655168,0.98950622238544,0.991279367720027,0.997761820294926,0.997485840439283,0.993407408282464,0.969982341364685,0.987573074766225,0.978177692371954,0.972065797179922,0.973272182810518,0.992603705768609,0.989871552724893,0.999261132514475,0.996137920723474,0.978005459295004,0.986982953858977,0.995525726206289,1.00425665507476,1.00318164586908,1.00310863189617,1.01491232490646,1.01591804401593,1.0086930660787,1.00116726352136,1.02017196270014,0.997330933445094,0.985175590725315,0.991359751718318,1.00144163429534,1.00796118520585,0.994614901260646,1.0060353439715,1.0088309572077,1.00017693460219,1.00683420269234,1.01433185101956,1.00542312164894,1.01114104736938,1.00178755423459,0.998997543570982,0.997428472795517,1.00199189505435,0.989363343635669,0.986046436133775,0.997192769065841,0.994175061858789
0.216125036209308,0.382890753710648,0.474518352816785,0.573896956629242,0.682579224355781,0.71538724309122,0.843495704400173,0.899908308615175,0.91678131824302,0.922171303724534,0.966519902322493,0.984462338936755,0.974580221221796,0.961643344633328,0.970484835378504,0.976410295296941,0.996737254116911,0.977298378144553,0.993942974677232,1.00581775318528,1.00437533038065,1.01052267489645,1.00690547852817,1.00173484362082,0.975220162209667,0.993220515049602,0.999768459708294,1.005274670063,0.997542757189633,1.00613985393943,1.00190894061919,0.996280436733011,0.985035991602638,0.968964912375302,0.974628881104401,0.979829427563558,0.966619129473985,0.969943361285773,0.973222632102267,0.975068455894988,0.974614580835689,0.982048413436176,1.00027341659398,0.988744034221085,1.0002880049852,1.01724319457657,1.00034087856184,0.998539207027051,1.00941115536316,0.997603342481616,0.993507907923726,1.00177776761274,1.01003516076855,1.01515193090318,1.00550902431484,1.01604266712821,1.01588106030397,1.00102934783398,0.998123529401942,0.99609402116425,0.984623808345749,0.973837254059654,0.978152172272446,0.998434309831009,0.975056952027888,0.978572082576564,0.983780299153202,1.00029811458794,0.984517319332926,0.977866567540007,0.988335184932242,0.993929785480515,1.01882715587048,1.01553004336893,1.00444343194839,0.999397171264111,1.00982785687763,1.01635666857637,1.01636623600312,1.01722664727315,1.00334684389281,1.01525015349404,1.00214100964078,0.989588868799955,0.987974478155941,1.00417926927053,0.999730819481773,1.01902856575865,1.01716765026289,1.00967907396886,1.00648800630238,1.01011639667928,1.00334980857885,0.995661923203076,0.991424242441338,0.993720920477952,1.00761871872652,1.01478118502902,1.01335644032773,1.01606995316589
0.190607531720457,0.408300903314106,0.508679455331418,0.606302485273535,0.716517048662383,0.759785622982482,0.81973672816626,0.874041505718726,0.8750205496197,0.903529899524434,0.935237564089661,0.975810563025777,0.999818193130045,1.01117855097163,0.99809584060164,0.974676636534478,0.986512884271237,0.977075808619982,0.993608656829849,0.976550061138166,0.985103085795197,0.994852156806504,1.01131251105677,1.0158827987134,0.997451758074498,0.980027268935406,0.975243145790983,0.989127501062762,1.00133699941659,1.01571807943293,1.00237357532423,1.00938233942034,1.00708621478645,0.990963366185582,0.990593644652661,1.01009057074573,1.01571409781465,1.01203385934643,1.0112900804957,1.00715924805895,1.00717403611118,1.01545619701384,1.01815595924201,1.01182351593399,1.01743815413322,1.01395062698517,1.00209095453351,1.00028911116474,1.01585519053297,1.00308472261422,0.984616093047297,0.995260616930077,1.009739017646,1.01515673008877,1.007506785646,0.997593282851529,1.01081924290031,1.00981199440702,1.01301641263092,1.00018545028352,0.996186446743548,0.993752571116154,1.01273245081232,1.00679817627581,1.00086671361994,1.0146022919641,1.00887801225392,0.998074470413923,1.00232786313256,0.996648689346566,0.969507934365147,0.951017826564677,0.941753018313892,0.956527584292028,0.969397105827226,0.978582125966825,0.996133536318662,1.01447588811412,1.00559917681369,1.00223275724777,1.00667502363633,1.01544716694711,0.999116496838317,1.00829849836426,0.992463373533596,0.977031521445096,0.995069337812751,0.985604977418682,1.016459778041,1.01762128398543,1.00913628482841,1.0087860282066,0.989995582972331,0.996238785399222,0.998964231414664,0.991579777557087,1.00115383377565,0.99809675329601,0.987200830091417,0.999487298482648
0.147479096909329,0.323071479085307,0.4368082854764,0.640881673189629,0.78261512411132,0.824682920370897,0.88018222222982,0.88526838824984,0.894644877340406,0.951541959940133,0.946602814168891,0.968404713622089,0.971457557836115,0.984186384794277,1.02295486362203,1.0260031857949,1.03136411610155,1.00913409517762,0.995144941858943,1.00353398230419,0.983890888463655,0.982194085512214,1.00545165323213,0.995257903759755,1.01443978145501,1.00072994700972,0.976214282743172,0.996437550263935,1.00695685777176,1.01640817079466,1.01154089281429,1.02691685549576,1.01708205498784,0.999944279114576,0.978031364406553,0.976679612110354,0.965028551813492,0.965958313441273,0.988713786349787,0.99312794809883,0.994566662570352,1.00447285408492,1.00643340842944,1.00526282840095,1.0019800457313,1.01013351890403,1.02064404728157,1.03059044076869,0.999366816761495,0.984484643556585,0.992345744578172,0.967260284654448,0.994832309014081,1.00322604134221,0.996681992762219,0.986267772229464,1.00940743037314,1.0113329046829,1.0071004354474,1.00123554394987,1.00949267668137,0.984056721284622,1.0021127470878,1.0132602860815,1.01566359170427,1.01431613222276,1.01401536852229,1.00884219189709,1.00417017481682,1.01007942193052,1.00018832172282,1.00303707560062,0.989897331926753,0.99597690438927,1.02317684228666,0.982173631674997,0.995034182798816,0.993044823583227,1.0062839939749,1.01801565176359,1.01211339363142,1.00838603283899,1.00775510564231,0.999763959321593,0.993315948378416,0.999010799350544,1.01400738891392,1.0044982257123,1.00455842686045,1.01412405908768,1.01955324928615,1.01695418354945,1.01021430269471,1.02322868487681,1.01440002443685,1.01874604772676,1.00937720648577,0.9912622202288,0.995023018203997,0.997821802305249
0.262957424923875,0.449456955692027,0.64120023616437,0.762460972075409,0.864029292012661,0.901714158985353,0.950146299259385,0.95998180803345,0.968168337378884,0.955275023545777,0.982597079248803,1.01467459218482,1.014137150768,1.00781011278805,0.993365418857983,1.00571039033135,1.00202456994881,1.00514168878139,1.00010507327436,1.00723292000955,1.01309345539822,1.00531739938373,1.00623415855058,1.0054271511801,1.00351055488305,0.986182675159968,0.998628018108346,1.01285781609187,1.00657802122211,0.996963957329195,1.00643529139436,1.00903131453579,1.01720235456763,1.00678866899238,0.990407540655628,0.994525057223113,0.990862939822814,1.01529737728039,1.00589230148486,1.01540109806996,1.01700306177542,0.986812964411486,0.980658789811484,0.96703750432862,0.998000493741877,0.983880791582081,0.986434839672067,0.978207803586774,0.990437834839917,0.988006384320969,0.987618694323207,0.994049891444454,0.985094535400914,0.995120358716942,0.994903894162565,1.00097309586635,0.991171913437262,0.996037691330422,0.977622284170832,0.981888006220922,0.993587494595358,0.98989814418689,1.00522926883783,1.01390777607625,1.01490923422441,1.00809488702028,1.00634055327022,1.01438984600279,1.01651106200197,1.00791310324482,0.989855938370402,1.0159729545342,1.01576433301328,0.997762467214654,0.990991229682181,0.989944898380193,0.971035727135772,0.957785052261346,0.977718117639786,0.976346517226259,0.980397407365863,0.975062187900945,0.990304302879245,1.00693214296925,0.99920928291954,1.00800908873297,1.00566620156705,1.00487683055188,1.01379052247032,1.00134566993474,1.01468728543368,1.01615561794863,1.01575279559409,1.0166733839207,1.01613629497364,1.00736823162883,1.0052631276891,1.01506057341384,1.01505302242604,0.990678408261442
0.239334660576157,0.376728421230426,0.531415288915794,0.65916898638875,0.734481603892202,0.799236189695391,0.81237376598847,0.884863370710317,0.906850284179269,0.927878437134826,0.951453113323781,0.943705198322874,0.97919318180484,0.998043766911126,0.998188192709938,1.0119090253116,1.01098933521487,1.00893272239735,1.01147292990208,1.00989328036641,1.01527901618745,0.999237500983901,1.00812305162188,1.00624588571219,1.00368196017632,1.01023674891295,1.01530370997417,1.01457718615807,1.00998578124818,1.00196313550152,1.01049375839505,1.01904598641998,1.01766609917023,1.01579120987751,1.00813155213466,1.00677473933795,1.0052725156163,0.994810177799138,0.976375757727937,0.997110330120424,0.992875068813518,1.00148945300784,0.993190204471774,0.990707815157959,0.991179190031126,0.992886122693331,0.993216340074611,0.974377964962472,0.991270481411113,0.97781062997437,1.00108964250118,1.01198142097214,1.00449553749849,1.0016553734973,1.00837212780948,1.01367927796016,1.01465946018937,1.0008692405255,0.995875312991035,1.00259964114646,1.00196657498389,1.01052477348842,1.01578363429206,1.00568821299945,0.992352516431852,0.987211615189844,0.996979151039021,0.989334128807247,0.9777293226047,0.986463676948004,1.00675386857693,1.01363011896376,1.00747215073281,1.00865372957528,1.00747595680302,1.01026658279729,0.992386999813842,0.99056874611657,1.00803705141957,1.00904306849628,0.994404344322715,0.968200596087913,0.989126213529601,0.963969322204925,0.968943192987061,0.966414595996591,0.974041530394994,0.977253700852311,0.983006201884407,0.99958272846753,0.999436770494489,0.980752461468614,0.980101316841794,1.00601843067409,1.00789342026789,1.0092194089497,1.00125334793685,1.00903904759912,1.00120747075931,0.998159857813516
0.165661372521183,0.312336728727812,0.452194366032651,0.576696297492822,0.665729496142178,0.762271573739599,0.796740967449229,0.860815895705547,0.917299675897523,0.931713518762749,0.957751265534511,0.984094784610104,1.0046505686543,1.03194138780998,1.03311083812681,1.03549106364732,1.00080689510964,1.01059112386832,0.999492804045118,0.983442166923018,0.996481879459618,0.99883595670906,1.00574603355923,0.98349425908814,0.99252852515358,0.99419597660731,1.00745897884298,1.00458287762413,1.00212270551938,1.00385945009507,0.995420194690725,0.999009443050745,1.0076800304462,1.0306497007426,1.02006093244914,1.02072128834789,1.01444297771085,1.01322156808086,1.00903824285758,0.998452913246764,1.01175241116361,1.00457684246163,0.998184361020812,0.999171646654611,1.00249855170313,1.00171873551612,1.01854229470618,1.00137359988137,1.00633486253951,1.00696384977642,1.01365276848411,1.01219487436869,1.00612695154438,0.979976072174157,0.972991246316601,0.992576879036634,0.985987730687314,1.00255280544927,1.00845423532136,1.02803582703871,1.01694886286935,1.02200352220517,1.01360299693516,1.0183186391917,1.0088764266214,1.00097509190363,1.02320112046757,1.0153627949424,0.995333249721974,1.02476986029784,1.02591334086385,0.987981569244253,0.968474199059307,0.960354966470542,0.980822499459073,0.978302184318166,0.954412910931675,0.955808883618061,0.971637836726049,0.983890528500271,0.978135048656554,0.945580255346835,0.926518865269171,0.884612173531839,0.920232840674967,0.943488860373899,0.964619788516012,0.966703838576056,0.968115044387706,0.959912383512489,0.940053591658994,0.927280412013437,0.976770198179753,0.994630765334461,1.00624123583309,1.01294037423901,1.01680556458105,1.00484616978902,1.02575700469973,1.00903330588563
0.273969878356102,0.447516882204566,0.600399550273195,0.751487570232472,0.815215477425222,0.874021269866557,0.914933054767863,0.934034218859458,0.966855871740016,0.982863016185197,0.981643048285254,0.976554156835524,0.997017258995446,0.995231374075881,0.999716846732839,0.999254646582966,0.970922921211117,0.974480598065523,0.966704468272692,0.961948345785382,0.958493180489492,0.966152386727189,0.967601328892948,0.961909999540593,0.977193379646061,0.982994595533304,0.994467885340577,1.00788944627861,1.01335545868225,1.00640632638509,0.998833003435527,0.999068305610665,0.994153297701579,1.00808803906401,0.993128025057048,0.995801590853154,1.00359097277232,1.00751974350813,0.988957810063518,0.984287353044293,0.986815965374114,0.992956216535273,1.00133255320531,1.00413375419882,1.0141000138422,1.01178263047643,1.00963491960226,1.00318664524447,0.997136905896853,0.985833456575188,0.980679395486535,0.985512870210409,0.998348320439857,0.972107792494588,0.969562890325489,0.979409386735192,0.968070000072544,0.979481463386686,1.0012274392904,1.0122564915409,1.00324218594948,1.00076648658535,1.00508845030708,1.0118242695046,1.00990306382629,1.01517338155174,1.02087516133756,1.01494618669128,1.00969903495107,1.01652587532231,1.01121418796712,1.0072643796451,1.00205001754201,0.995368739878006,0.994939194004217,0.993445904266247,0.995678181161482,0.993265825644178,0.993705146616455,0.998177279034257,1.00120622555331,0.991093571522312,0.977282628639975,0.968805949428229,0.979949097069313,0.98264447979179,0.998037482945678,0.990357680495671,0.982860383495725,0.972054437638768,0.968314876799114,0.96694924232329,0.993969656791248,1.00128690709082,0.997440619295887,1.01006097498319,1.00027935980902,0.990812620470423,0.995182088061152,0.99475893473382
0.398902202471153,0.596488930738792,0.715544453818103,0.799213785818568,0.878135864397906,0.916361144643597,0.936607959870048,0.965657286594927,0.970371219481388,0.984513329859222,0.994927118836448,0.991546951956052,0.992090163492532,0.999260953906604,0.992331388835385,0.997740427326188,0.997776060870817,0.992726010544342,0.993850106998739,0.983497010741597,0.995562741443301,0.988777498094946,0.997596322704823,0.999061737679052,1.00189559296351,0.99548036220817,0.994336365377892,0.999979773970949,0.997359832110941,0.991134581529117,0.995387505037486,0.990823639108863,1.00421146326185,1.00113767734939,0.997926508057623,0.996189883867906,0.984433346973579,0.991556196533778,0.977306483044322,0.98087834918921,0.989250953104692,0.987527719801051,0.994387375471583,0.999650286032839,1.0016022324901,0.999866818913505,0.991562271537807,0.990605386486823,0.985016845920896,0.991386515438846,0.989774259858847,0.989701245174818,0.986517483695192,0.982843143014518,0.995531425004143,0.997032087129071,0.997596227971663,0.999972928088433,1.00127373343115,0.99814349736664,0.994573305213782,0.996774865914811,1.00101063631964,1.01137092421373,1.00182592692263,1.00975095780018,1.00230191308608,1.00166933093562,1.00126267915853,0.999071691792088,0.995113691484357,1.00592423719435,0.998186535836762,0.987688779577196,0.992790042299454,0.98637686369034,0.995656023162006,0.997072412086779,0.994865123719016,1.00088862954306,0.999396181557229,1.0076946839783,1.00472851813997,0.998112032101148,1.00076948066778,0.997684312531478,1.00575751022923,1.00197486399365,0.993245966108462,0.993737692178569,0.999831928463893,0.998731085685841,0.997933099720953,1.00133017317858,1.00468762571804,1.00647348932226,1.00796459833863,1.00687011254769,0.999972760275203,0.992838939480782
0.38724180160789,0.591670936867485,0.702222673401572,0.781303145274258,0.843961820450966,0.916103686439404,0.923736478371289,0.953784904505139,0.964646674720597,0.982648914628334,0.969049935423504,0.992657180018297,0.992102897418996,0.996363257277565,0.981489339236161,0.979497182589205,0.980829998400213,0.971850838727212,0.987326044206995,0.979798466634711,0.985615514039733,0.995014925094016,0.994303717421266,1.00014867480636,0.993496669964752,0.98508416349174,0.987783600956734,0.988823904834635,0.997077756637755,0.998832931707919,1.00654105553609,1.00631228955743,1.00718036281264,1.00773853419577,0.99621251220797,0.986375640960184,0.984093690334603,0.982452533589707,0.978864145353323,0.976156667508679,0.97435130587139,0.978724813493899,0.987382612091482,0.998308340841707,1.00823257841735,0.995995327026777,0.990886493567195,1.00345523866304,1.00593434185841,0.994478573155898,0.998018291920281,0.992245177785891,0.999152914607843,0.993391942065112,1.00929985201728,1.00838277103944,0.997589516256661,1.00077047562143,0.997478343201356,0.996990420669916,1.0013460970278,1.00782002384675,1.00904638291336,1.0005218265144,1.00481890541948,1.01013822938869,1.00774240019739,1.0031236979321,1.01527490297242,1.01556785463474,0.995327532103351,0.996766692319586,0.991635292612641,0.986816588233158,0.989137077942155,0.980832822524435,0.988537744847417,1.00006580194488,1.00297093662436,1.01405195626319,0.999398690018378,1.01252740825329,1.00902480040622,1.0031629188455,1.00676037401237,1.00599952243435,1.01311000039389,0.996103159519886,0.979570449973309,0.990506850569861,0.987446292870535,0.99381436393439,0.996292593254516,0.99854559051676,0.988628549521185,0.991954236091064,1.00831845305049,0.998158317587341,0.994956273899083,0.994658627401573
0.36632729443902,0.569485365313724,0.667341786072933,0.744229257180747,0.831364444005375,0.882725706786829,0.904123579606391,0.944856665024622,0.952071970423493,0.960874012589696,0.967515823081896,0.982971309012161,0.98797104521041,0.996109053694129,0.998113567112772,0.993937536004576,0.998119131516188,0.989181398684613,1.00166066537084,1.00767386804186,0.999211082668678,1.00585609353386,0.996927895229583,0.998341112098979,0.995946175736269,0.987321255353791,0.984711821306895,0.966972252109341,0.985334019267077,0.984361031386306,0.989306421537197,0.988397255175882,0.995296799418298,0.989163409333301,0.989048958627397,0.99418371363929,0.989552743457349,0.996570292882981,1.0054114726267,1.00770244677965,1.00202638784182,1.00828632817696,1.00021719694644,0.997589101701071,1.00310104924539,0.995575270493902,0.996331436498531,0.99255285043815,1.00102519109846,1.00686118022664,1.00953503579575,1.01731436745601,1.0039336029244,1.00655471030225,1.00101082036917,1.00917353456276,1.0103386262482,1.00888028657118,1.00144182538095,1.00058319213567,1.00173732983372,1.00032137248004,0.999095458615818,0.991050355735033,0.988065948155526,0.992116393689858,0.99097815814921,1.00126708329182,0.996281480192049,0.999211298472315,0.989411407624743,0.997031203433261,0.998749993326963,1.00479919692237,1.00141208696744,1.00189247656249,1.00200472895676,1.00280003967348,0.99885772181052,1.00014725474791,0.999697247528074,1.0083775253635,1.00285304998249,1.00446982150252,1.00104639125238,0.994323228562275,1.01021729318991,1.00191656558245,1.00200464231376,1.00692152102154,0.996071006592961,1.00370145353742,1.00583606006356,0.996921200390472,1.00676745845765,0.99456171677376,1.00201270087818,0.990335928920745,0.987050965177164,0.993874976004098
0.398111155754147,0.581242045788976,0.721449379290835,0.798609534944639,0.87042495733162,0.920655038973711,0.953078135617801,0.976263631482104,0.981653494502809,0.986359424619349,0.983237106951791,0.990607187692496,0.989667806068816,0.993245622792379,1.00235460107438,1.00078214658597,0.998357140836574,0.999807346250085,0.996133920045917,0.997790169211301,1.00397802841411,1.00430215902385,0.998784415945605,1.0000763713351,0.99209560272841,0.983661409642259,1.00553184642571,0.986196069091809,0.989645437109361,0.994135671497264,0.985119859710989,0.98611599014273,1.00101860546007,0.989146662618829,0.993401669784468,0.997792578937934,1.00301778907564,0.998105970778798,1.00471954393429,1.00935590341823,1.0163334592096,1.00383078667263,1.0010661666872,0.995457506667186,1.00357099973198,1.0032176129615,1.0019061211752,1.00941866926628,1.00214011882117,0.998432568711416,1.00190181827273,1.00728174421527,1.00715849167492,1.00383767528854,0.997563024508189,0.998131192604523,0.992043695672852,1.00207032547839,1.0060993838103,0.993338882167505,0.98706938480912,0.987610437939159,0.987572406889569,0.990209369707371,0.981050263794191,0.981255797936688,0.987469205736625,0.997901258745784,1.01187845482936,1.00737252864469,1.00906424129863,1.01400413701869,1.00335728875245,1.00511829756969,0.988347546018621,0.995633724757247,0.987953473570175,1.00448840329932,1.0083375229292,1.00707845058599,0.995724691884353,0.997368713219957,0.999454379060531,1.00256225614021,1.00719078712982,1.00685519540833,1.00522583772526,1.00536025808868,0.987396313143545,0.994475522367827,0.994842421821341,1.00872161973436,0.989665501918196,1.00523011978828,1.01167404611578,1.01080301504543,0.999885866197647,0.996424670700354,1.00086649704291,0.996434889116276
0.333874580001864,0.509126717429014,0.638552402912301,0.727535336974826,0.804840899013782,0.840306962552526,0.912096816547679,0.92834628496203,0.949018868627108,0.948533092448959,0.959215702011885,0.973874958801478,0.973038720507727,0.977283886897705,0.986559497115015,0.985250812045737,0.985039844711377,0.991267889614805,0.993022478221986,1.00018913669689,0.996397031148115,1.00460129728563,0.993245783270742,0.996158714163901,0.992470104005052,0.99067577245557,0.999263826675127,0.990623919310594,0.998399647410028,0.99079729468069,0.999043693045959,1.00387700334091,1.00690135165702,1.00299972081739,0.995342077120027,0.997435762436251,1.00904429008244,1.00858831940142,1.0071259528995,1.00206708075857,1.00786990864777,1.00305574943014,1.00263032165151,0.995914920265232,0.99451018256243,1.00729351778422,1.00673248690576,1.00140184255618,1.00355182570199,1.00038291257582,1.00358177791966,0.996313565749613,0.99671286456788,0.997816822961489,0.987569450240471,0.980682791925164,0.98366548023904,0.986863614932872,0.997659075268188,0.982077191852182,0.991293905025404,0.998540043910467,0.990345836404743,0.994691757214548,0.990672687342917,0.990245746866551,0.986202208753987,0.988527354945253,0.999961361917555,1.01325600863317,1.00865361738203,1.00859787156362,0.997022235092493,1.00525766991195,1.0011017322321,1.00405418321412,0.997544691698427,0.993333109920459,1.00346887605947,0.996795865412322,0.988223608647955,0.999127458364102,1.01094779921855,1.00216021692417,1.00070678756676,0.999664579933318,1.00752710508097,1.00769043281749,0.998166220139739,0.996811089770827,0.996350610248804,1.00078607087024,0.991665213995759,0.997366414902683,0.993593847220306,1.00074573979335,1.00242773512192,1.0022403672695,1.00052596124979,1.0061417703176
0.24832548819769,0.43631751252388,0.531649902971252,0.663406267054647,0.723315672047167,0.81599977405575,0.893389063803029,0.951065879826501,0.965643898291468,0.961491648876451,0.973166061960781,0.959885865028312,0.987330625149036,0.997675124145368,1.00947092866948,1.00192378609141,1.0063868585919,1.01171161628611,1.0166563236217,1.02194553819447,1.0096637490976,1.00217948630517,0.984132904651381,0.990937796879278,0.998617013977068,1.00034982640398,0.983897488646398,0.987704491312815,0.98811458711817,0.980748894430634,0.986513914931056,0.998140606860906,0.97787473933058,0.961550784485415,0.953093278136195,0.974781147521125,1.00514806528998,0.995889003112458,0.993173910151679,0.995633802755711,0.983260119213199,0.986311557048606,1.01000520936408,1.00849726321201,1.00489694898986,1.01153269926411,1.01107432077624,1.00292254223408,1.00006409786872,0.995215964598886,0.988253332183593,0.985527471962811,0.995476839350546,0.994743298688318,1.00061165266545,1.00493136280612,1.00413699037883,1.01690885259267,1.00212623307133,1.00301877527048,0.993456992285782,0.993207979834216,0.956259198287223,1.00197404069227,0.998195616728157,0.997132741803867,1.01494583549997,1.00820834026571,1.02206945404476,1.02170288055289,1.02337664003218,1.02352986491969,1.01623130732295,1.01448513285439,1.0111488617077,1.01376283372277,1.01574013793795,1.0076162152867,0.998656513056426,0.994839825767872,0.989294293335201,1.0099941159016,1.01534828456156,1.00677672876873,1.00029029025966,1.01021577173048,1.02563156772448,1.01790865130166,0.998779672922184,0.985597128802169,0.979860822046441,0.975135032812872,0.961825795407121,0.973142538897366,0.984359970752507,0.967218107834928,0.965409851357072,0.964536124568379,0.967902012888177,0.986088364802517
0.353719353997209,0.578692368880154,0.723501052577092,0.805787356498702,0.862250664550698,0.927664165950741,0.949332342607608,0.97862984152341,0.967278709090099,0.976131120058566,0.984461744603012,0.992565006048488,0.992000630993641,0.990581311942997,0.993851464099516,0.982968890840078,0.9846439986862,0.984250603559529,0.990112215969715,0.98361149272215,0.985701785225664,0.988237211780874,0.988874983552241,0.998162176702556,0.996849651251189,0.991255020404061,0.988701982233044,0.99558098300037,0.997289333116941,1.00555106925587,0.994197656402683,0.991248904052806,0.988971430202632,0.989540204867353,0.989780457592094,0.977466289723981,1.00028902309608,0.99690842595291,1.00460352855244,0.99297982037596,0.999355618956077,0.992984248225775,0.994577794973354,0.990063328654624,0.992288466290548,0.995237114450202,0.99197213327899,0.98614652448934,0.993964626529416,0.998159227105565,1.00635564146627,1.00167759322449,0.993496551235478,1.00635201785747,0.998323643764498,1.00260701983781,0.993000151435163,0.99158748784956,0.987551594148656,0.998850511501308,0.99555356525507,0.98751256781135,0.988481598254062,0.996863322707822,1.00175880469339,0.988648802934405,1.00086716619363,0.986782073765963,0.995684297745127,0.989667807825165,0.985282139537848,0.980386783586545,0.989741902061443,1.0003551307957,1.00019706027249,1.00269035140616,0.999986285952018,0.993694684474751,0.992340631033125,0.993185554857861,0.985531666084377,0.989219763676018,0.996338577441055,0.999586923365454,1.00643388588523,1.01295608904151,1.00372787969999,1.00107076670564,1.00057088873723,1.00264742377531,1.00405006189462,0.994517655112467,0.993618220645341,0.989506513207245,0.996259755937599,0.990596193353692,0.982811138859225,0.993902340234346,0.997581098920272,0.994469710068194
0.405343234981565,0.624096299758486,0.754283193979636,0.829892195455656,0.90524451608662,0.934286226828036,0.949752001064407,0.979645027896349,0.979739339882421,0.979327363800281,0.989088831519575,0.995998076570187,0.990549588277179,0.99718737808917,0.995988463395541,0.999596899077038,0.995250076363296,0.993793067094968,0.98862348834745,0.99466896404345,0.993228800068908,0.992724381529788,0.99509772089872,1.00675138344604,1.00294861669524,1.00723095678756,1.00844498701468,1.00810569414201,1.00556248387161,1.00610630158782,0.998105070698925,0.994985031543704,1.00091727874908,0.992021751214454,0.990265360746698,0.993582239093288,1.0077575386481,0.993895644667375,1.00630110399014,0.999552434647374,1.00349713880592,0.999433079622313,0.998994352458551,1.00414733644991,1.01272690064775,1.00843802445783,1.00056398008638,0.998978304716861,0.999310920708689,1.00346947110804,1.00208395150771,0.994867957894762,0.999297650402886,1.00060529003074,0.990171278105311,0.99187765138686,0.989372806018815,0.987205483487354,0.984238033987913,0.993308772222976,0.988603616072429,0.995584911415527,1.00056681388294,1.00383462720544,1.00052537864593,1.00523470170803,0.999634887858428,1.00457644000611,1.00452984636005,1.00407620854612,1.00155979316588,0.997289385883653,0.995359705136696,0.989310733004431,0.989091117368901,0.996416240093651,0.982214608482788,0.985187317132325,0.995681877538462,0.99357596274466,0.994801111906556,1.01062778230183,1.01225018220096,1.00568061965149,0.999037510061643,0.99537738240995,0.986908539076562,0.994307500021397,1.00392517912546,0.996536713549524,1.00320611536286,0.991503424171759,0.988895046989196,0.984725818193802,0.988823046808254,0.986004560960277,0.986686688752161,1.00157697453823,0.99949180838649,1.00191528592784
0.412790738381457,0.618287158027238,0.742101544221075,0.826418598289971,0.880526090984432,0.920476362359032,0.954790015643391,0.975141360154231,0.969057473141543,0.968565453976353,0.974031456534154,0.991110554890449,0.991472727594508,0.989633587608751,0.993929455026127,0.996428449342617,1.00047720303234,0.99764535515562,0.994970971866148,0.995243239527464,0.99250445928121,0.985846036602445,0.986561574435911,0.990986059126354,0.997469696488905,0.995260756846551,1.00211550543758,0.996344441365384,1.00280126560895,0.996541172164547,0.99986367006805,0.99885591519294,1.00060295523517,0.998451399663284,0.988010961212356,1.0007944540956,1.00210000145081,0.990035178529985,1.00247050521091,1.0019613788027,1.00249717740344,1.00272955839046,1.00740088717536,1.00341790393652,1.00468128311021,1.00639829508575,1.00133087900739,1.00399341529451,1.00256662927582,1.0032863299016,0.993801374434498,0.998993169545094,0.99255168439837,0.993041830171257,0.996556149182995,0.99460082505388,0.994219283474311,0.997759247117466,1.00539624701101,1.00063547266884,1.00440129281968,1.00706244900276,0.999107279455782,1.00670830296623,1.00709593124489,1.00756366013427,0.999959694071395,1.0030090828823,1.00704851813697,1.00923759758126,1.00897495806616,1.00993010663497,1.00252958054703,0.994510761749435,0.989673038031369,0.996968818134817,0.995513967099062,0.997631976082083,0.996738739021052,0.990734889350211,0.994374031521082,0.999611928397764,1.00898920424539,1.00238706427321,1.00353715178608,1.00048549557352,1.00284644600721,1.00258127653629,1.00154872541821,0.999074506055531,0.998137640537854,0.995998546185886,0.998686794146855,0.993087654670585,0.995187659007609,0.993862578354362,0.98854557725774,0.992785650224976,0.992932443622636,0.986113732304956
0.335724636904381,0.540205314413134,0.674947715640814,0.793272353722736,0.837477843493385,0.885279503518747,0.937903710705255,0.955551701706068,0.953019913275972,0.946155772131785,0.947145075252487,0.976541697547803,0.97222569252383,0.988550700621456,0.992230882586353,0.990511978675646,0.984773290505364,0.994396445877278,0.995443791431123,1.00248602927819,0.997349721984779,0.99088902982539,0.985163639991712,0.987695053364333,0.992401573035198,0.986209869493129,0.990359134932459,0.977615203360656,0.984613024569161,0.989372673119788,0.999740479046898,1.00040871614151,1.00245275294208,0.992432136344685,0.992398560832771,0.996532818695421,0.987962927661588,0.979600298261772,0.972108781303862,0.973868929063322,0.972184673173732,0.982185287256093,0.984121957561787,0.978192425779165,0.984649164198826,0.997361617537075,0.996652345610281,1.00409501148289,1.00063193083695,0.990499728146914,0.989461826553002,0.989071511091144,0.990408877773471,0.982384312170898,0.983632243913212,1.00062034554011,0.998945740165696,1.0085588511558,1.00523809485943,1.00481311944371,1.00271123849891,1.01532332501079,1.0048378097252,1.00218269456325,1.00014369120614,0.994220644867972,0.997813587544929,1.00607186198562,1.00786844745398,0.998771113468631,1.00737490842838,1.00474644944863,1.00648315645737,0.998768030122874,0.984096398565386,0.998242680950009,0.99813558217958,1.00706895526381,1.00812918090247,1.01197111466727,1.00517910702056,1.00157017339131,0.99380873400117,0.994241384187399,0.986936784527843,0.999042852377923,1.00346881251405,0.997208208662877,1.00264959150835,1.00232664516403,0.996753898820956,1.00081275612195,0.996599746707408,0.996384966659687,1.00163569971633,1.00275709537559,1.00494254444621,1.0050331657269,1.00369450301311,1.00334786808311
0.241783634722021,0.438851923011769,0.545198577004598,0.713827315870587,0.801352972670123,0.864158914990202,0.89702374657506,0.927314700823113,0.962209556447694,0.958198334137117,0.97948804332642,0.990554921311097,1.00282044707163,1.00304311458003,0.9896979236369,0.990419734688376,0.993816131737675,1.00629988090123,0.98943927935542,0.996832176999451,0.985847656656339,0.980402560711031,0.977117187438294,0.964459777328421,0.986397907279554,0.972949688654836,0.982181253960748,0.998374599075959,1.00179905305424,1.00558470110176,1.0117157576059,0.981377214767603,1.00392667039337,1.00431861582052,0.994402146649025,1.00775454242443,1.00973444465124,0.975736612728767,0.975334288051035,0.957364359379347,0.960001200013213,0.966800668572035,0.986708086097321,0.999533661449826,0.997306938798673,1.00052662867176,0.993485131649606,1.00497623848275,0.984436160566591,0.989762802755666,0.975319335611125,1.0023511491576,0.994162004365817,0.988383812733002,0.990716938204673,1.0020432266757,0.998154693562428,0.994817087154937,1.00927495845185,1.00638694973155,0.99800388970897,1.00129369672891,1.0010214618393,0.997716482674059,1.01912807613463,1.01369867040999,1.00929363407028,0.983358621039212,0.975782500529215,0.995328811439427,1.01045794557549,1.00304627369712,1.01597658574273,1.00041312303633,0.991752158491339,1.01173339785353,1.0070355769258,1.02084249457862,1.01337943063004,1.00143569977236,0.999826194833138,0.970727033034736,0.977204716347161,0.979690142004982,0.980166515261214,0.997615454911371,1.00949823757009,1.00620556689614,1.01048574924737,1.00014764891331,1.01579418883897,1.00657328387618,1.01052339609919,1.00434380065036,1.00061964256426,1.00667075112825,1.01311638186993,1.00039340445839,0.979696283290699,0.986421302132272
0.230524879745144,0.378373517114414,0.489705294242324,0.584328954461797,0.645591480358496,0.702179741384036,0.75926777828053,0.787015092420991,0.824558383248667,0.855931297884089,0.849814331753673,0.867781008109386,0.855509159002656,0.879595263435657,0.901002249469698,0.885214078829642,0.904914554501781,0.905515767966526,0.893045917590682,0.893074810813772,0.882144918238457,0.903074656284187,0.929781367406497,0.926064410744738,0.929149340313341,0.923597837424492,0.95402059317521,0.933957006923534,0.929696811939728,0.970489208207692,0.967331392499374,0.959850755633022,0.955018361717212,0.983658204278134,0.996605763049267,1.00451999796692,1.00488535041115,0.996077090241988,0.991599339817792,1.00129248730286,1.01106090622772,0.99499447492832,1.00279882148107,1.00187547899887,0.992868412475212,1.00396407730379,1.01934346715781,1.00534980217483,1.01109563226524,1.01055305927143,1.00315871481757,0.989250198529818,0.997187169693728,0.985986948323276,1.00330756221963,0.991767093611078,1.00819139267403,1.01109227416574,0.999101597055732,1.01714722121641,1.00253116654027,1.00406380159558,1.01893118484497,1.01917757751439,1.0130501336423,1.01143360111369,1.01047231759557,1.00458165244851,1.00986377546124,0.999427645657434,1.00024384633802,1.00088029415893,1.01101027279328,1.00266543077806,1.00436872005121,1.01130251896654,1.01085604625093,1.01780570771729,0.996790021177715,0.99987132541736,0.977334212367102,0.96797910466655,0.971354861170212,1.01089097011018,1.01759901205858,1.0076851276925,1.00391583394731,1.00692605755142,1.00526636415335,1.00092931579908,1.01357442497625,1.00154195784171,1.00468404091045,0.980808619971656,0.994331169010727,1.00919020051622,1.00874243606058,0.995814937315427,1.00456712288889,1.01112974934206
0.145123225761776,0.331231900045947,0.476315123314259,0.646526416738039,0.767906059509496,0.889565748644804,0.913101221903333,0.898195192966283,0.970470345733703,0.965625463723358,0.954810513271426,0.953140732458132,0.97437700980333,0.975243233593298,0.963176937070746,0.96278345800467,0.97071428687641,0.980433395617855,0.976559448980065,0.972575013989579,1.00241517645695,0.990432502348835,0.989150866278872,0.988420650619046,0.971472080454951,0.972167037046506,0.99182510822269,1.0033484690963,1.01445608310946,1.01215263962707,1.00492090583358,0.994552132556004,0.996013766742539,0.994050679405574,1.00245111691344,1.00179666202141,0.994346866011304,0.998329909378014,0.989047413084898,0.993223461372201,1.00043295554799,1.0078394897126,1.01418001921566,1.00992508200574,0.999629112709794,1.01001669846823,1.00676266508473,0.989731427036578,1.00965993685124,1.00042834706294,0.99375196879604,0.990550748551582,0.999977651400497,1.01046502485999,1.01119038877627,1.00040586256573,1.00808925439755,1.00663476667051,1.00054038036648,1.01123457592803,0.985804242274267,0.986166220924083,0.996325753713854,1.00348864548491,1.01237214824091,1.00100709605888,0.998965633394109,0.984233478028921,1.01495333405486,1.00380584936025,0.982114062227096,0.961559255427537,0.984725705145643,0.977560469887791,0.968838545134748,0.988021169075015,0.995824229579209,1.00201567589551,0.977990460232771,0.977510267276497,0.953171545206324,0.988982097845164,0.976883119663376,0.999788715003816,1.0045150283792,0.997239487701039,1.0035641227549,1.00325477891888,0.999124361049988,0.995297743477295,0.986854422036561,0.996849744883606,0.988381077137002,0.985769616276804,0.997487496944742,0.983094147466876,0.982287589737084,0.982292298358724,0.980496547378371,0.974801216550837
0.174682231243156,0.317979663155992,0.49370536237767,0.607000249792248,0.767799610470507,0.852731021008344,0.943521883026639,0.931252084785816,0.995677715436102,0.979253566573528,0.994721111329424,1.00207108921176,0.994023563410541,0.990868203165821,0.96243667109104,0.98110282062333,0.994166616816524,0.966728848650555,0.998962615848645,0.981436565992525,1.01129697112452,0.978276142408218,0.995486897860433,0.987006368499274,0.977472094173996,0.974252623640555,0.984545383197008,1.00079232718149,1.01017938581815,0.990963840086922,0.986615802511607,0.982767245015554,0.993310817693771,0.990336275333441,0.980525999517635,0.984100774085076,0.988738688301262,0.989214770405902,0.981698696908271,1.00645263016198,0.999898205839927,1.02015652917461,1.00322240937125,1.01728807791373,1.00509321384014,1.02309746130214,1.00509490748266,0.997384807666127,1.01897771361958,1.01064496650793,0.988038150541037,0.996996279756709,0.986872841162565,0.981231287062672,0.975254350700223,0.997187011567331,1.01282588801789,1.00813744974996,1.01117266110557,1.01751075775865,0.992948867854713,0.972057800513198,0.975743657175923,0.986649926599316,0.979638214478559,0.974448683097516,0.978102939434792,0.983658864111839,0.983273864052515,0.961470141865686,0.956478317793535,0.9421249668454,0.965343424339201,0.974701454981367,0.964233755938106,0.970994834345781,0.982755692588747,0.983249338227531,0.990405398127204,0.977489184424779,0.98378525267448,0.996179096623207,0.990100696791567,0.993261413651676,1.00075976093533,0.97338316442541,0.972579491306637,0.963433957529617,0.971329921239906,0.982792127384371,0.982710376374447,0.985385585960118,0.971691159482208,0.974647060748883,0.974755759574216,0.956190829519319,0.981239381139062,0.96876223737855,0.982809542891917,0.972000770819243
0.222448983339167,0.383651957858869,0.523513605540564,0.676877874038418,0.762661800720862,0.8361968990589,0.851543009913275,0.898348695031288,0.925881697412078,0.945708683902975,0.969892267596597,0.95927957319761,0.981327575254065,0.968763245496687,0.979777976206018,0.97968671743746,0.993610604911541,0.966107248984892,0.947860654304379,0.954686826607829,0.971877019772001,0.978821439384913,0.98598623365279,0.987224992997781,0.995636622709092,0.991467582033928,1.00649454083329,1.00756320778985,0.994108131443014,1.00782838487109,1.00168541829733,0.998262451870662,1.00208644903571,0.996274258102903,0.999906453727736,0.991675436068848,1.00478481456108,1.00330877454082,0.999246343249908,0.994781842045385,0.987247636569597,0.986722536805045,0.979826748717044,0.998068534799928,0.978769733040415,0.986602374437926,0.993536970128245,0.995751968773797,0.989295540057869,0.997876154587613,1.00080011578004,1.00029647978606,1.00864465016839,1.01339912371423,1.00597219507026,0.997291665112272,0.996219642021042,0.990477483370708,0.974939753161987,0.981320711793611,1.00011168357132,0.98697735578315,1.00195301673192,0.994282357651955,0.982443878091495,0.980184395835847,0.98120219269958,0.986364406893314,1.00392604390673,0.98947052996759,0.991127742670029,0.984712426063075,0.968655049258852,0.985954633580584,0.986349251230224,0.982055776468888,0.979533191522453,0.972154514841071,0.974867622397027,0.976201325530175,0.978584429556106,0.990231156091396,0.998268646338111,0.998916984698492,0.994671208501976,0.984236238276742,0.967331494991564,0.974601112609689,0.994738533431199,0.996222268858192,0.989039847003448,0.99407805942958,0.985752855839421,0.984760528814203,0.99089682835395,0.986532314785822,0.997452178455444,0.992163086322382,0.995623917407007,0.988611838128494
0.254331754014137,0.375608756623216,0.541187116450293,0.585732706068623,0.645957700016497,0.70695218729005,0.750741568971161,0.765840899990654,0.77508933278632,0.774305950118811,0.816635315341012,0.807069942195983,0.821010025552613,0.849510952986754,0.889421131162485,0.899496898179167,0.917528131991082,0.924129908800219,0.920158750751148,0.9157659016295,0.896912138506925,0.907155519342127,0.932944349653721,0.943977867140304,0.94726483801174,0.95420216152296,0.981377086453591,0.97313628896257,0.984346551965808,0.982005089105633,0.982094795439935,0.996484971414728,0.980798888890838,0.969251262825412,0.979231149543184,0.990667496856655,0.990903291949656,0.975529452296401,0.958549396481431,0.979570234311955,0.982685919705464,0.956897249390182,0.951742942666439,0.96729591192791,0.963651806745528,0.963163032439533,0.94297953025939,0.971099161882213,0.987418596134712,0.984552749582057,0.990172918485304,0.995588338845979,0.974748466234564,0.97705949044286,0.960046486087428,0.980380720868592,0.986415866626544,0.98871623881554,1.00849264296022,1.00006956753583,0.985838836866601,0.984127396756422,0.97874639045621,0.964044590182588,0.973209694945376,0.988318762295531,0.988468402408042,1.00322874952533,0.991334318272158,0.996592491967731,0.984424478429538,0.996800714854683,0.979256089093299,0.992409350856724,0.986138698542258,0.995868596217685,0.983850273092739,0.990457184217794,0.98801021390912,0.977313307424901,0.994776827236227,1.00331276192155,0.982607072239369,0.99433938104565,1.00217363891861,1.00397639663816,0.994270529292719,0.98296434769488,0.970211099846959,0.979584879322969,0.993963430151705,0.982543522778024,0.986731285993694,0.977455189718712,0.976208125550432,0.969453348229055,0.987542788175276,0.996222784552059,1.0095831991251,0.984807085179621
0.255673788540713,0.405412395284724,0.530821195374795,0.600885704537543,0.716353928723213,0.789942916088534,0.841077704660323,0.875132749841367,0.93142330499172,0.96331352957867,0.960111693872542,0.962645059468713,0.980852717618572,0.992051778611714,0.994653789710581,0.99135581410698,0.990954926698014,0.966599368555826,0.981847410689046,0.963839569217704,0.984793220676334,1.00236253442124,0.983620655504846,0.972434599335396,0.980946235608263,0.990828862775216,1.00196479958122,0.996218651272981,1.0035819441676,1.01787566240457,1.01975208722864,1.00628175794269,1.01361496966762,1.01980588738616,1.02009579512123,1.00994998938966,1.01212488658896,1.00726909828261,1.0003203741911,0.999508160769243,1.00968624657032,1.00298284039766,1.00983210990472,1.01168022619044,1.01670862863478,1.01671626342063,1.01628564415683,0.998514477952475,1.01409777705441,1.0003852565691,1.01684759790659,1.00404717385666,1.00717329701359,0.99872857776928,0.981776041249319,0.977313755331265,0.974858909842522,1.00087154244279,0.991728947378532,1.00317199362603,1.00772086047287,1.00709656277322,0.99981204832583,0.995553989205408,0.998564817778213,0.996351333730718,1.00420761491311,1.00348144270996,0.992800397132238,1.01086094646997,1.01481943103203,1.01266245814557,1.01257742200409,0.972680426617323,0.974867006241842,0.975872148799733,0.965737440369866,0.966061443160885,0.983410959963971,0.984188078659855,0.976197632150019,0.958647114470041,0.962224327741129,0.962475181220122,0.977241512073985,0.986119118969315,0.992468409702589,0.989875914149792,0.98880423358104,0.98141926834655,0.973085686833699,0.98002062947898,0.986379715331093,0.982781198463176,0.981629273324467,0.957577327411361,0.95040951527796,0.962652880799968,0.96753935151142,0.969666587095251
0.223072943058438,0.388565858369839,0.55626424138795,0.678361515219601,0.726121518974993,0.750159386791785,0.835643914663179,0.859768141979016,0.898338956183439,0.915104693575945,0.907515225152473,0.923338025055956,0.950718568322141,0.991160469804009,0.978533095682426,0.975167321797014,0.962874457632263,0.971056403014793,0.964632138628789,0.963990569283157,0.996989551630304,1.00333891551339,0.990267274157243,0.994473463119732,0.991674587660793,0.992934467090211,1.00427525878109,1.00716013172696,1.01561402744562,1.01414083137095,1.0153988565432,1.00891331562691,1.00723629046104,1.01172467872385,1.00629235323467,1.0123736345922,1.01493096664947,1.00269773823375,0.969573505043108,0.989852220415742,0.988096419895211,0.996048133166913,1.00274429175145,1.00808344797761,1.01279971583015,1.01288341073125,1.0205635513584,1.01238434236312,1.00883846054031,0.996655711823397,0.980877334813613,0.987207958470089,1.01903253103586,1.00876984555944,1.00828543630592,0.996207029599922,0.974401318683911,1.00370553899832,0.996766934418042,1.00989271102647,1.00169566923304,1.00723083454106,0.999021829916684,0.999714632370015,1.00198135929394,1.00174930973658,1.00593090104552,1.01589473317834,1.01312670326865,1.00729995301417,1.00639829210104,1.01186902857638,1.01536588778915,0.984503794315406,0.962364591849559,0.96865871518975,0.96071240208869,0.963641212272893,0.980462258836447,0.993294664418956,0.99449199531326,0.974344685648053,0.97192424934199,0.991286405848208,0.998067100709809,1.0163391959665,1.00833927548627,0.990370714413779,0.984055908512553,0.979223949453658,0.96803845150018,0.980898141552007,0.984082845405056,0.996482270034424,0.983376602626136,0.957492032980172,0.954366664195999,0.94415243651713,0.953810144977696,0.971123305095359
0.179431756882638,0.361203266461271,0.509162209445264,0.612153476663182,0.718982455987024,0.781506651061039,0.870161540179636,0.872354045824824,0.907552228649943,0.942610614890786,0.954529438721971,0.944030563964556,0.963389183635374,1.00375560543933,1.00416305047234,1.01162176508174,1.00344828386584,0.971454255653725,1.00336195419759,0.993616226913538,1.01618942612831,0.993489583085336,0.996710523663625,0.992741289461199,1.00348186903422,1.01140991143542,1.01849892580708,1.01074772540854,1.01860113699026,1.01669689699124,1.01694541854673,0.996915064973579,1.00885572818069,1.01144616309878,0.995175281927684,0.971263056714047,0.96786127792944,0.971182574572855,0.942438660732778,0.979007568801807,0.981469686747969,0.98535681157422,1.00628861837484,0.989833208787725,0.987974443431559,1.00639160519945,1.00145055881058,0.985955984853945,0.977651753752531,0.961044941196379,0.958390924000321,0.982640257320242,0.997411613368737,0.981746475309649,0.978419878414918,0.969794494640704,0.961607084065656,0.995185362769482,0.995424728652728,1.01268750056086,0.998126370639978,1.00297213635505,0.99961552186953,0.999981866153092,1.01659034841754,1.00905739409362,1.01282890147326,1.01595036183342,1.01754511803821,1.01088916247738,1.00002634734464,1.00571016519475,1.01390452688123,0.979878050665285,0.958357638316733,0.987880976842818,0.994586565551132,1.00035842617344,1.00795512977034,1.01657312618242,1.01114568583823,0.98580413691054,0.986989997232038,1.00048417785637,1.01014169205203,1.01144431493396,1.0280439347172,1.01790083329152,0.99393802238305,0.949693154972505,0.933412741106142,0.953134499960414,0.958948098708297,0.980302365806076,0.96338351217693,0.941599325705996,0.94794380751109,0.940176528646305,0.962696965996405,0.967031492256181
0.248486916405502,0.418795011709759,0.579632883460625,0.748116735666835,0.813606572465561,0.885351221996439,0.91832497077069,0.966864943808486,0.974713530751287,0.987689003725605,0.979570321227394,0.987863116011534,0.989892305578204,0.984124748124524,0.9703746214518,0.962313314468993,0.974490366143508,0.964047470118804,0.967923137500488,0.956359768930958,0.93643996792473,0.939747460724204,0.949060363447942,0.982544058471041,0.984151159391275,0.995871692315065,1.00869754222171,0.99411183032678,0.982876318006705,0.974796442811047,1.02020099765594,0.999524170315721,1.01170203600058,1.00052732226621,1.00091090828163,1.00102155464611,1.00918359603236,0.995163029418097,0.995436378330745,1.00281279489335,1.01103013967573,1.00557941207296,1.00532057153166,0.992669047275133,0.988040283794253,1.02127532613665,1.00788776797847,1.0219352860754,1.02302778432264,1.02458137410134,1.01144896402911,0.994989710443342,0.977862014430127,0.996126178229951,0.990818970324447,0.970737961215496,0.995309961591264,0.984637634298312,1.00288503675197,1.01229266692446,1.00292278327966,0.992073078242621,1.00967109408187,1.01078700665019,1.02176281954531,1.00920897150921,1.00586710470235,1.0007749618766,1.0080668087635,0.995182597697308,0.999597882276344,1.00140768137805,0.995645795065085,0.988437036593758,0.967905486804941,0.969867714440391,0.984855859056871,1.00122682573382,1.00324385300623,1.01442586095508,0.999605347883793,0.992298921738191,0.987952291877759,1.00170445131933,1.00371369948259,0.992597270409656,0.987568338904477,0.959503607248431,0.946805772681326,0.933379687547195,0.959346412862041,0.970449803252071,0.971268350932517,0.993593748887499,0.992043424550294,0.997014393239888,1.00195124178929,0.997645840978456,0.991557417681132,0.97481176697651
0.289926366284939,0.483559345534351,0.628174986686032,0.745049207886617,0.777894865080094,0.838396729076777,0.852501758781653,0.91437397691164,0.961619653132209,0.949735243807152,0.941576080737466,0.908314731092479,0.888671798050235,0.914463393224877,0.950073771174461,0.957760051535338,0.97499996848574,0.960808650424024,0.971192299913837,0.956245516971852,0.963795462828037,0.975729297464837,0.973559159129661,1.00203553884566,0.998984030535676,1.00425676760159,1.00885272757073,1.00319762275199,1.01015353144076,0.990100503339662,0.989031737698096,0.972136661981569,0.994798803535407,0.980286184925887,0.979473605844747,0.984082981647614,0.978725429224977,0.989964387834297,0.997100214992422,0.97409873166697,0.983103535811071,0.994309953132835,0.98422084048275,0.963647458948285,0.968887541111921,0.994274951758908,0.981475939940345,1.00247367123886,0.999900763129681,0.987373243648336,0.996376212001287,0.985656869199003,0.97043376327693,0.983885252992932,1.00625035438201,1.00601837423652,1.00849463648867,1.00354827854698,1.0066841154881,1.00011387335851,1.01156167244265,1.00705807145799,1.00713859868745,0.995555217617711,1.00608393146108,1.00258783620453,0.979518459440545,0.987243483458666,1.00568115435164,1.00890660306604,0.991922857043153,0.99461562116082,0.987949726916278,0.982284768555508,0.969991069901896,0.961749995287765,0.986018334869175,1.00281926082021,1.00210885029566,1.00532773859952,0.992288524627968,1.01564823525053,1.00700667655757,1.00097521356035,0.998680291974102,1.00513449961312,1.00009658633565,0.994269607297899,0.990215116854906,0.999865432439709,0.996011184306673,0.997999689909874,1.00365578330857,0.994109889737986,1.0002584553665,1.0019583639962,1.00071016644189,1.00830430795169,0.999266808589903,0.98903563438151
0.407727745250816,0.610637449576901,0.74426653269309,0.819503824260194,0.874248146763702,0.918366707433808,0.942397845855314,0.962203259797963,0.985066284558389,0.978349108238214,0.983970853197265,0.988112598306821,0.978610599793769,0.977443918048017,0.981944608768641,0.986216453383965,0.991862262522587,0.994821744015264,0.994482860259505,0.997184111506336,0.996898317068694,1.00122137971131,1.00173241512755,0.999131651316955,1.00592279068484,0.995972603829902,1.00226285956377,1.00727668111253,1.00173460910473,1.00436427973102,0.983418818851352,0.995905860624718,1.00439684619802,1.00556008507117,0.996813709630785,1.00787652309634,1.00301282390491,1.01129165270507,1.00708304566592,1.01433339550363,1.00819210795771,1.01409200532897,1.00414403777945,1.00320261701669,1.00208167022077,1.00332120747616,0.996029593219616,0.996821670073013,1.00743423622496,1.00605574354867,1.00465341956917,1.00879447700586,1.00003248529217,0.99552791361664,0.997425910157743,1.00559545418829,1.00144436560443,0.998709671220802,0.995395540685026,1.00215590306075,0.999708358391737,0.994436663711995,0.991983042548989,1.0023602977952,1.00286288994078,1.00626939345631,1.00887550747228,1.00184433492305,0.999012663881743,0.998319558393508,0.999742742151167,0.994811235318023,0.998278368109401,0.99502353811842,1.00164909532004,0.995260279350672,0.994425223847736,0.996096330432427,1.00376995970718,0.991647216380173,0.997149878982603,1.00097350615008,1.0057712205342,1.00338735984434,1.00248146827773,1.00749193872293,0.998844975446632,0.992185238695441,0.992465710749804,1.00254283163473,1.00285035248993,1.00448678178067,1.00913086441418,1.00172308402787,0.994859011416421,1.00339102005823,1.00152481262061,1.00442653777265,1.00227046823758,0.99858611001844
0.381163367518197,0.587869411965965,0.742784872267286,0.828159673496181,0.888078365651578,0.937228559057652,0.957833113200579,0.970350474317932,0.98942256116793,0.989594591571101,0.980704924118527,0.979518778768698,0.975385320900839,0.98157618652379,0.990602516092414,0.988988606652295,0.993611487370513,0.995762329572742,0.995678772609921,0.984349836350532,0.992254349251479,1.00481361713611,1.00887983563288,1.00107132338525,1.00890068338254,1.00152085243674,0.997499772185326,1.00151243334673,0.997755234632976,1.00330609560094,0.99905806640973,0.992603597732764,0.990880545038925,0.995919840873788,0.998629426963594,1.00283227192011,1.00504827055822,1.00402896982662,1.00551435119142,1.00728206199459,1.00276738047057,1.00457058287105,1.00258584200642,1.00188646987205,0.999285288765734,0.994309789458454,0.982166499213156,0.991127904658473,1.00010545592259,0.999392727959207,0.998306290478651,0.991528214943971,0.993773885241432,0.989102102903298,0.994613053856194,0.998418938527793,1.00144853416964,1.00285040107402,1.00143478409347,1.00153416910658,0.994261766626458,0.997755075471226,0.998383333006527,0.998308051332871,0.996960143248924,0.996395993511967,0.995649929672275,0.997930374385992,1.00446262264202,1.0073944989738,1.00230248038953,1.00404695615073,1.00544360594634,1.00292845071897,0.998829474260456,0.992223139459709,0.997857727737607,1.00270331449412,0.998411761518023,0.996270651578359,0.987198960584386,1.00437886026101,1.00709995282353,1.00309694861196,0.996856444671962,0.999266555549,1.00614944195321,1.00615351690648,1.00338526796011,0.997635510697831,0.999109208163157,1.00725160892291,1.00546471870276,1.00565902183873,1.00964407737795,1.0050110679469,1.00509534954604,0.998108298142315,1.00098321757175,1.00493333043814
0.361213728940576,0.558646243549525,0.687748467940192,0.78525738685774,0.865230552201749,0.9119681600045,0.933442729865872,0.954044832263629,0.979895194903578,0.980362396735919,0.986659068301026,0.986071593991121,0.980447032575786,0.981098627391891,0.985923642280416,0.989940713226614,0.984301082201367,0.984017938837569,0.99703216745929,0.98396023206474,0.997091446661055,1.01042284760688,1.00613241476526,1.00045394316064,1.0106183287347,1.00969791420292,1.0079167040137,1.01041379414801,1.00708135184089,1.01194712358807,1.00855679395122,1.00688760918791,0.99900650210281,0.995118764736056,0.986926465117633,0.994685286900013,0.994363762334462,0.992125019847752,0.996019465717507,1.00165710203507,1.00120485009146,1.00239782958877,0.997095955989134,0.993982569725566,1.00299674351284,1.00326701657303,1.00206908071362,0.990411612829611,1.00396575496137,1.00153819735946,1.00790434235103,1.00611905941509,1.00508503355711,0.999968648238331,0.982522541590761,0.983086433662811,0.995566995106238,1.0024245497922,1.0026733537332,1.0061763236858,0.998490178485554,1.00089017623994,0.987605024484537,0.99051649401031,1.000452128172,0.99978659349549,1.00126714105114,1.00385769858944,1.01104794529604,1.01462121420048,0.999957786636543,0.99874088866481,1.00247043367652,1.00053736815808,1.00257522270161,1.00758281164956,1.01076364458999,1.00997538380794,1.00965146535156,0.999205184998042,1.0025958023193,1.00473510330552,1.00216931795842,1.00178248548064,1.00624627164102,1.00725870045913,0.998837916054341,1.00292201052774,1.00675602365683,0.99418282852382,1.00274401996274,1.00078701152984,1.00768688008902,0.99369734204286,0.998469547660339,0.993535491322186,0.988536087322007,0.986059135359243,1.00017862401575,0.997979062844166
0.630173410243836,0.784819306090606,0.852024243227972,0.886756902625847,0.92043726862228,0.9304907274041,0.934404018915527,0.960654161177414,0.959032494981175,0.985726596053852,0.978816624821961,0.955512482698402,0.973060713635575,0.982452032852255,0.95352329041362,0.957370075429135,0.961701115096365,0.980085603696939,0.973796848352799,1.00509455726915,0.977723963804248,0.987521089443295,0.983164849119674,0.951737748395126,0.970656404795823,0.999415319846895,0.969234210677515,0.99791645943406,0.973411365085534,0.976576222755964,0.99232311189609,0.969761794784783,0.985635687430673,0.964375217889297,0.986276382781428,0.986356019821581,0.977722060278641,0.986750720106965,0.957304194552275,0.990423676921538,0.975801299350647,0.963455979337287,0.965484637590593,0.982989281365528,0.974371816336025,0.990978873329702,0.99071029110376,0.972239628313556,0.965734556552441,0.967841364598002,0.957343448064498,0.983172519177047,0.968391771445034,0.968737946510003,0.992451357996657,0.989694130941559,0.95989727331693,0.976186594155699,0.973181538425442,0.972430912746968,0.982669571673223,0.996347950155127,0.977724777458639,0.987004632691896,0.991161225921653,0.98180947614295,0.992897760119465,0.983237436719467,0.996890249286127,0.974637886824218,0.966774252744071,0.963842063823346,0.962908416809127,0.994423041666468,0.978658592389454,0.969824896882479,0.959300691809745,0.982333748502313,0.980720213629157,0.977436185981067,0.974765627049192,0.971604028175574,0.986686265945853,0.961325815416872,0.967756238759788,0.964149717473231,0.988295249812111,0.965591352520983,0.963427645761553,0.997675248353164,0.988957447411513,0.989794267973095,0.994919840192818,0.980225470329229,0.973917230835349,0.972218072919021,0.985798583881777,0.971111663814491,0.974675280437739,0.975145249799381
0.631920907960029,0.766383338205792,0.854210271890712,0.901455186087389,0.925430778576831,0.930588601778998,0.933633272007981,0.960567599533731,0.9607063561554,0.983820614885749,0.972423275615433,0.968570804932471,0.976923315527426,0.978338745456616,0.963794036419242,0.965391604477215,0.964697992570428,0.982534399562916,0.980015179348141,1.00396825494984,0.979065471389857,0.99323489782807,0.983290882552908,0.959266428652212,0.968566034461746,0.99794475347738,0.97057095727115,0.994713482311776,0.97206021483519,0.97707339723825,0.991001591374151,0.97797331665767,0.995955834044787,0.970821580536792,0.987438316018991,0.984949588656961,0.979891114114775,0.979449302007937,0.958010246259134,0.986561725964697,0.975526697823351,0.97462735911178,0.975060631354226,0.980667695352277,0.974929428781993,0.987872141546635,0.986643739687533,0.97907739437834,0.973259264202639,0.979331026884624,0.970676998830963,0.994031246258379,0.968535479883746,0.975493409975489,0.990836583922488,0.98308437270976,0.964026089723015,0.975744993595598,0.962244985729599,0.964456685833238,0.979796488241865,0.983077583269495,0.968429192397093,0.984089547007315,0.990865510637963,0.984700165489748,0.986872889521058,0.981630497543263,0.984800148574883,0.970454464411968,0.969069420794313,0.963996810918942,0.973006036509433,0.994413826309753,0.977954010921169,0.971317823045897,0.962252521339662,0.980056706735474,0.980058990457512,0.97802697823302,0.974658008798412,0.968259180271417,0.980848387653144,0.961103036432366,0.974899392947818,0.964731129158668,0.98233793482041,0.965307424744216,0.966371367750158,0.995158063145428,0.980835725712353,0.989911813841498,0.988447769234423,0.983831461867639,0.980275127856097,0.977698836524737,0.982496714552334,0.976286862638923,0.978384209032747,0.978585093836822
0.343865979073424,0.531670056275615,0.690983469187513,0.774151691562754,0.860855327982853,0.906602761799019,0.937969194647168,0.962218239207504,0.977270868910058,0.969112639956181,0.97450710347882,0.979969407818382,0.989740958376861,0.978516217887019,0.986453907281063,0.984741245483224,0.977721151526329,0.990218095750178,0.980925087231825,0.999473417360939,1.00151044900931,1.0056404755738,1.00133601130529,0.983299072032202,0.975119315493072,0.986969209346134,0.980397455822182,0.989221386729726,0.993734859922544,0.995373571631806,1.00885920782126,0.995347333668299,0.990206177572941,0.986857999563266,0.987265189953891,0.983607729146334,0.980165238420105,0.986034914397586,0.980138200421985,0.971155756316988,0.97953101990175,0.997560215118648,0.984701846569244,0.988356081050195,0.989460415977775,0.97900015990314,0.996622843550666,0.987013312897692,0.98876290103006,0.998662328767356,0.991859460034968,0.994182078132352,0.983769601892179,0.983325120038174,0.975820429004013,0.981623112055217,0.978046757690237,0.980332604496651,0.982432026205675,0.986987358862123,0.987726893167217,0.998080939778156,0.985030755908854,0.995523694095123,0.997063744325086,1.0022703315023,0.982052329590668,0.989464370537147,0.990431796085899,0.99093275484201,1.00223369704484,1.00667644003819,1.01007883958592,1.0024716289744,0.988402140772248,0.992556327114293,0.993504838073345,1.00230639262863,0.994851727891896,0.98566503127152,0.998857420696033,1.00596180208146,0.995098686563591,0.989769922017275,1.00951772383711,1.00066910056653,0.995114553759027,0.986648584425547,0.988624964364965,1.00062472149385,0.983671515073592,0.989364682890722,0.981908850715537,0.988312965935251,0.985439839131129,0.971105655887897,0.97207089231857,0.965735224708454,0.974927836176365,0.993354286085997
0.268173756431083,0.456193237513848,0.618386562488453,0.703263838337388,0.792327599665395,0.86122740885275,0.939793841975229,0.968076824666024,0.971863958106821,0.963330839372176,0.965465275045631,0.991918430150222,1.00242425469609,0.993476402664905,0.996004314555938,0.993168612045612,1.01285871752249,1.00033230921909,1.00766841328186,0.988464118386398,1.00469473581122,1.00386219560366,0.991582421704063,0.978149953968276,0.993567435366196,0.995475953654285,1.00272084851556,0.981727173290571,0.993037942171749,0.997274919715063,1.0030534401851,1.0057152364788,1.0026908002332,0.999284237169073,0.979485642523665,1.0123037013589,0.994479577821724,0.996751848457371,0.996345249003901,0.994820364447408,0.994187092363709,0.996524318966012,1.00300582049785,1.01657264072901,1.0182872288759,1.00136671656374,0.998508130885335,1.00165771259294,1.00331272957797,1.00699845079109,0.991642146707856,1.01301893527678,0.994002651079448,0.975655162238913,1.00481486478606,0.997569332585301,0.983479317205766,0.994873643288835,1.00557141473305,1.00502593406052,0.990301677583965,1.00509469660197,1.0085402667,1.00184693628812,1.00504553261018,1.00597263834738,1.00222193826494,0.995988581681818,1.00022568436857,1.01500823831406,1.00093794515101,1.00127044855998,0.997512357490556,1.00351194758816,1.01292656117456,0.997978086162035,1.01175446308652,1.01610375027073,0.9970559988892,1.01327240439364,1.00394033912699,1.00739352506066,1.01501867899044,1.00262643829243,1.01561737637995,1.00629953594076,1.00661891508214,1.0117765175052,0.990287355865243,0.999042200952388,0.989943214062889,0.969149794823756,0.964329068201139,0.965877388842624,1.00350067269061,0.986988041317912,0.988957587166353,0.996754816461949,0.989803727796145,0.991002850805223
0.234819969445781,0.450719644660544,0.620787276544913,0.726110597745956,0.809442570980274,0.863513815442399,0.913600057989278,0.929940420120597,0.940517118452733,0.938335916174418,0.946033066544984,0.968873513067167,0.963261460440867,0.967605101745717,0.975392018426349,0.975609857386539,0.974085938703209,0.977873032480026,0.976232167147823,0.987443180186062,0.99934381752143,1.01538790593251,0.991370180893325,0.99198622695927,0.99958600719301,1.00089478852158,1.01298924821932,1.00397331010162,1.0136590514637,1.00958003649365,1.01014834903005,1.01321430899395,0.992648445255868,0.992318926459506,0.982563988964562,0.986337082842319,0.996423764502467,0.992058770075975,0.976703345602105,0.987809135966566,0.999246538703901,1.0025350646793,1.00858961855568,0.99644786327899,1.00368579177378,0.989760363311497,0.96861286704922,0.984934431525833,0.996109834553502,0.980918330007366,0.975276639255353,0.972539740537991,0.98123488345868,0.985925083103642,0.985258376871842,1.0074083549201,0.991620739004455,0.985126422678663,0.995510569846538,1.00192031848813,0.996651056418281,0.9967287387672,1.00533836570877,1.00002474877604,0.990844440285532,0.986105418621097,0.992387723656328,0.990038691098552,1.0038325774896,0.99560196774068,1.0034682428306,1.01086317996708,1.00572912500802,1.01871671615533,1.00865862560719,1.00301992954614,1.01073826986607,1.00395785368961,0.999561788971401,1.01005905321912,1.00915564042218,1.01009029139351,1.01441955237052,1.00975594192252,0.993756858850312,0.996965410881254,1.01988379738936,1.01876978224137,1.01350324740752,1.00869935961641,1.01083569868074,1.00549068954578,1.01200849322709,1.01252663687379,1.0181858538597,1.01038259888262,1.00402845365531,1.01158723576108,1.0182841864018,1.01084152562767
0.202175140854979,0.41788151580804,0.584119541399728,0.682536936682739,0.807309443779976,0.825061751147077,0.860235592222957,0.906948720881293,0.943559060347863,0.957507879681142,0.960934391456857,0.975632749545992,0.981416722803875,0.977531418704216,0.98307224253099,0.989577539516579,0.973622019860951,0.981943217099183,0.971530139893004,0.982901981871404,1.00030741781684,1.008028000609,1.0104826229131,1.00490639852229,0.996606045009612,0.99017776169188,1.00806567406548,0.996824467717242,0.999800260376932,0.995759536322102,1.00380362567996,0.987784112814615,0.976951527062503,0.963298991584522,0.975514706692225,0.997064144547246,0.995573121091643,0.99447804116376,0.982062978759827,0.991388612381647,0.997791830850954,0.990792242996161,1.01101916778164,0.99092775134288,1.00050722625562,0.967092355705645,0.953724893518002,0.977777779077376,0.972716790058039,0.944512446021575,0.953757654535526,0.944073356653476,0.955764422567217,0.980520122563593,0.989576748947831,1.0117154620282,1.00355217086989,1.00722513331672,0.995794270020433,1.00480512460067,0.995861226129572,1.01152464376553,1.01953773064645,1.00867435661069,1.0164088258327,1.01188050704191,1.00443218432457,1.0039365570439,0.999598004056964,0.992645624572422,0.993220845317042,1.00097571070417,1.00938695634702,1.00144679400845,0.999533430759232,0.976386663975095,0.99814409658303,0.986211353392299,1.00974286161381,0.999295738843514,1.00550930331697,1.00940353775344,0.999987329067842,1.00213390571752,1.00852715852497,0.998539282182764,1.00744284527182,0.997300992209003,1.00891549930023,1.01362660114945,1.00223222128249,1.00929638611063,1.01541165866339,1.01406504947606,0.991643678952843,0.993707404003348,0.98524740612117,1.00721099947773,0.999266964557382,1.00695016066407
0.228051979981167,0.408012577089546,0.599218652552334,0.723846336652656,0.854386289575067,0.889158337152313,0.940523385581972,0.954106468695287,0.989379815205723,0.978382710223662,0.992296858519525,0.983878062793607,0.992993657415548,0.989204608025519,1.00337399347105,1.01214652353736,0.998847273472453,1.00336003384943,1.00200159878555,0.994389446556387,1.00339782125195,1.00428940855901,1.00356588052599,1.00164763689162,0.998176004463077,0.991387809632482,1.001297049128,0.994970547083708,0.997738393847169,0.997276126907909,1.00367266150543,1.00477951293631,1.01248597449392,1.01130675932955,1.01228518958892,1.00333315032164,1.00604867364226,0.999916169192392,1.00881619474698,1.00865064362368,0.999151044597368,1.00203805349526,1.00619686195336,1.0092140448938,1.00983166042919,0.997005045296415,0.996102746961421,0.997563819265788,0.99814540855265,0.979437625571592,0.988493886046406,0.994805740788094,0.993010185294163,1.00176073275157,0.996751611338561,1.00658537819087,1.0139917393019,1.01294906929297,1.01262799692144,1.00597038655539,0.997505134048351,1.01214537059947,1.01069723062521,1.00088920664723,0.995291749593974,0.996666391154401,0.989265449176687,1.00785964457774,1.01078365787573,1.00266216389984,1.01107109121399,0.999745947178556,1.00984239250363,1.0019690076741,1.01540170457639,1.00595506723567,1.01592701392432,0.997100326607087,0.997888074906155,0.988849004577991,0.996389678147129,1.00395334235834,1.01130598660004,1.01430894537276,1.00272260912432,0.993617711814873,1.00451341079602,1.01052417504353,1.009481429212,1.00179413003316,0.992403316001503,0.995389635686086,1.00671968128731,1.01116880756144,1.01272597686502,0.99619961740369,1.00293876013342,1.01155770772132,0.98623870216101,0.985496536770132
0.183797717182843,0.408820610975386,0.569994023646389,0.695294996774829,0.715497752031923,0.759977312225946,0.796199073213338,0.86875660221786,0.840960945926945,0.808165000011768,0.856259363689466,0.848015361878286,0.917812408423223,0.937373718721554,0.904853193529157,0.927879590274124,0.935184398389607,0.956248921264855,0.960605714935722,0.935225609490978,0.92940512019061,0.941570792139767,0.950429545195786,0.952603165037871,0.949301095325245,0.950643550915763,0.949783894212952,0.962313931813266,0.954891321261783,0.97620361293557,0.968483595343696,0.956302697458527,0.974597763022694,0.98932853760114,0.98205539735197,0.964658187336496,0.97239817300813,0.961876181073061,0.941891327589169,0.948225534250506,0.956296966081748,0.946145447803556,0.962863325123421,0.96715203304233,0.971329884273784,0.956271886641581,0.956512879668467,0.960779808583937,0.988149231706639,0.996735309622143,0.984926689048967,0.979858818885079,0.985883733254661,0.976403854035235,0.957690573734168,0.953971543125481,0.969897859441602,0.978785547385842,0.980809916475424,0.997828266745726,1.00222070899381,0.993726177649635,0.988695621785223,0.973103170730399,0.972590001461586,0.961846041868521,0.936614144137851,0.961906390918136,0.97283410785251,0.995676123715181,0.96112682397103,0.960615245023167,0.938361778559937,0.957956857446949,0.937827909405305,0.934197129906154,0.962956515664965,0.980637805947063,0.931963575806491,0.962934391663019,0.956115710016266,0.94830385817837,0.964237634715098,0.986103302061506,0.976883874167607,0.97422220767449,0.984561229415943,0.960047772333496,0.993223762006103,0.995130438248304,0.976171248196376,0.97491575259176,0.963575520692697,0.985169855484368,0.990919505205029,0.997241758902378,0.99457979312229,0.995742960948076,0.978461667490875,0.972825938465294
0.171089731444264,0.359224218540299,0.47841968071744,0.62773786780832,0.744580107762624,0.793804911364278,0.826928926765654,0.891980352741779,0.883356477592832,0.905050771228217,0.947003484044748,0.969702734707954,0.990373976250362,0.996050784342601,0.986799512823563,0.983664556765348,0.995248388719802,1.00229102342428,1.00340308002674,0.994587049035266,0.986002850053034,0.957694906927603,0.966755612715244,0.954511984477365,0.978023142406629,0.950136709585061,0.967479887272017,0.9674704174062,0.969820774040677,1.00292508740806,1.00346039047367,1.00619035399103,0.998187586270159,1.01118553309923,0.986516802993531,0.998488336642894,1.00108294871561,1.02026345321172,1.00763830793201,1.02360214554908,1.01714761420716,1.01899283905061,1.01581530078058,1.02270456960466,1.01862822442226,1.01723426340262,1.00841506131834,1.00705218031933,1.00992022683362,1.00902127209994,0.99554902673343,0.991203421460046,0.97966095021127,0.971250600372173,0.980131164905609,1.00143232704749,1.02257067622899,0.995327333230659,1.0042955037954,0.982207807981627,0.975612256876478,0.961725531142604,0.980710658235808,0.989833744250125,0.991843417666421,0.980928624216791,0.987880406691498,0.984180580987803,0.975377635588219,0.996793116037316,0.980013251240876,0.982859220006753,0.979982767319492,0.995446623983026,0.981639362918078,0.985452823502295,0.987003869570256,1.00239067090821,1.01067767552241,1.01151933021947,1.01310373434199,1.00566460169955,1.00318759475635,1.00070489711813,1.00102172429689,0.989094204621843,1.01667845919107,1.01471935921657,1.00200703844388,0.998189942390463,1.01666759616923,0.993201919528216,0.998215730777183,1.01333780709238,1.00930727011647,0.985720585032032,0.985954479621701,0.992840085888455,0.987597601166317,0.989781829774233
0.31522772919037,0.485497865390014,0.621527527972279,0.733734216673589,0.816786009479481,0.853820328571313,0.890123197984411,0.917491108828178,0.938526122111294,0.95046614734536,0.963562214286211,0.963635685748464,0.978800765044588,0.978319389885236,0.9805901567668,0.985146833949734,0.976685953418368,0.976077379653011,0.972882104199686,0.985082317269816,0.989294934478819,0.983786508186632,0.990596437735986,0.976095141976104,0.984248361590649,0.980522603333933,0.984007648535822,0.993125718165087,0.991700742179274,0.986763482115404,0.981939442228316,0.980229959564751,0.986953925343317,0.998872099124972,0.994872120031251,0.996520019140665,0.991746913569993,0.988585476115579,0.987509770150684,0.999499112917799,0.99335629715905,0.994396475472943,0.997074889510463,1.00479731296195,0.994011609774004,0.994622520823453,0.993260257614246,1.00123007374307,1.00068747144323,1.00094506458983,0.993546505437765,0.998728021627315,0.995330885483322,0.993555690921648,0.990418076758234,0.992965879736444,0.989027149998648,0.980675975953125,0.987818723257107,0.985941888886508,0.97915290825537,0.979479701402701,0.989656837418738,0.992887124793486,0.994667191310152,1.00308074926813,1.00184565430215,0.999382666720066,0.99880029792659,0.997042286854761,0.992048398834071,0.997773892514729,0.999527977394038,0.99686825425673,0.993987210252987,0.988348238738913,0.985523445399689,0.987394954414052,0.987837889101143,0.98385896368386,0.987990056271961,0.997466639073899,0.998396398829886,1.00119098654515,0.998322758773152,0.989082336325309,0.992270848584164,0.990360994303919,1.00107588705603,1.00173126366853,1.00454878808718,1.0009413078312,0.996371787563231,0.991812146349781,0.99679272374489,0.98707923013669,0.979609062382908,0.978009312765774,0.990315267712594,0.99875525629047
0.342195506821407,0.491685680964416,0.622945028089472,0.724643766934642,0.789754082265537,0.82282004873783,0.859019599351096,0.885299995214833,0.914062486757149,0.917051416186286,0.939688738572754,0.940314793206976,0.940234976667196,0.944732591927898,0.946846577961752,0.953078059532527,0.963469800702,0.96195829399141,0.959043439050134,0.960708644557716,0.955011598942303,0.961856237293025,0.95015730731066,0.963991551020995,0.964904156164524,0.996108708735229,0.97851813066552,0.979790707800833,0.988839476152944,0.994202628614494,0.984365263178896,0.985105747259372,0.988434483748948,0.972056074577303,0.977821870821721,0.971845096289476,0.971016339336947,0.97476534857611,0.973558751224917,0.979841638367486,0.995579436777035,0.992885286841964,0.988577761667706,0.984830995234068,0.988270188879374,0.986546142170628,0.996542905450992,0.989634291442582,0.985238148068585,0.984528127422775,0.991075870342034,0.983415587498208,0.995100928800272,0.992671872702064,0.973848432437037,0.98514010353809,0.978494782597285,0.972585816153828,0.974747372324713,0.97255394413591,0.985087720248713,0.988042454236429,0.998788274081146,0.991148442859043,0.983312096294299,0.982711522313037,0.975084697280559,0.98288402454639,0.982812863196356,0.97302882491612,0.976722014299114,0.972739912518494,0.969612912864216,0.981671003295837,0.990473166376173,0.996489412265362,0.994061404235055,1.00425582539383,0.99740224953345,0.992088660690019,0.989638959055496,0.987487282545211,0.980190686121107,0.990694451231842,0.991436675240857,0.991174901193608,0.991139825847206,0.992545347626494,0.99695526356066,1.00436470974416,0.995441069358206,0.990758752487465,0.994754514253233,0.983180415582382,0.977346112019848,0.986628061332177,0.995149877908027,0.997997433777571,0.991864893225365,0.991612516554185
0.262697784761016,0.456864959928905,0.58588879706843,0.674411137283427,0.794677944499731,0.821293795507772,0.896438990641639,0.908050888119956,0.9349434627388,0.928625364448662,0.943870601921585,0.950889761524866,0.965578309311385,0.983330305498223,0.974975670115668,0.980640002556004,0.991782940753376,0.977308467195232,0.996247454012566,0.978742004082226,0.99523695009009,0.980078704147127,0.988508559764459,1.00147117789681,1.0028888121878,1.00352083242316,1.00815752357748,1.00335782596063,0.994970128838427,1.00778682527846,1.00969031005237,1.00054131050182,1.01110912404437,1.01197590943714,1.01197843618132,1.00899981883645,1.01252381231698,1.00105733007499,0.98284371455866,1.00151684064988,1.00959435919513,1.00474745869948,1.00085266703796,0.995849976874718,1.00049233960727,1.00223250087026,1.00917341188656,1.00175366741225,1.00282672054246,1.00051878469743,0.997350892232277,1.00138010021806,1.00858740722187,1.0097852106492,1.00301230139632,0.990036192657064,0.990632464441123,1.00637977038436,0.989529523453801,1.00015304422813,0.999649746624029,0.99512749215586,0.994134132619125,0.9942781827588,1.00179311393495,0.993202656557654,0.998221735931235,1.00777642530793,1.00796314228955,1.00295824356942,0.99026053207621,0.993341729784568,1.00006647512368,0.979167293248489,0.966114377325392,0.991447891985145,0.995604307775659,0.99537879959339,1.01087725793883,1.01242123053952,1.00379380820479,0.989481638437685,0.994602858941005,1.01185325341513,1.01096660372952,1.01181548255833,1.01058043091387,0.993634763837151,0.997639096635144,0.974586877514634,0.975643490912607,0.972497487817568,0.965282025509332,0.978209053348131,0.957782130194781,0.939600342933725,0.951291729841348,0.944111591379017,0.958745465638538,0.967057781928517
0.239843916094549,0.44654395888542,0.545865522874191,0.654212094705068,0.72920074112432,0.811840108037659,0.882733725487467,0.895880178746164,0.920742595372309,0.937679678561245,0.947631402612644,0.968600557755304,0.979641425277438,0.982579623451098,0.960997915054632,0.974547645349069,0.989797299968913,0.973610167516069,0.990767427625422,0.96272752458675,0.923289045132852,0.930873212194962,0.946664619840648,0.96745774247964,0.969508560588224,0.979981287156569,0.997339926946614,0.99929538006668,0.984215225563225,1.00385331589772,1.01421381814767,1.00507443780347,1.01507045000019,0.998517555604562,0.998617621092027,1.00646581059381,1.00679330892648,1.00337000440835,0.990827647297799,1.00446481663607,1.01231459989121,1.00800348499487,1.00696955114879,1.00879408462543,1.00880730987929,1.00969966998921,1.01346811907899,1.01335786587561,1.00610588608189,1.00705299954674,1.0063758424844,1.01560584149883,1.00753301441648,1.00755061280811,1.00687497755627,0.985393837591445,0.986707321079983,1.00477152082896,0.998864924946203,1.00669087634079,1.0118777659213,1.00703036740962,1.01523323746456,1.00667196615348,1.0141680211257,1.01464360467104,1.01269719874143,1.01328344289286,1.01453892579882,0.999606907043413,0.985155879435438,0.979350788858614,1.00448821505987,0.984313951913542,0.985774922443445,0.999627155434175,0.994180600942977,1.00116569332203,0.991820799459333,0.995064040382525,0.988129714123739,0.973165567645213,0.97111367952708,0.993967374088558,0.993474709620463,0.991392101730527,0.987143276971778,0.968778888080022,0.97889641889934,0.963715080061844,0.973179885011394,0.9712939802279,0.965048989642622,0.967620140215399,0.969155347768702,0.95364726222902,0.958252028571206,0.956270762519921,0.963854783229062,0.970911299542532
0.26208458366175,0.440161226034544,0.562668303394016,0.645571073836862,0.74880920666597,0.818153548641143,0.888397741312045,0.889880304318216,0.914053439591092,0.927407286600728,0.947383665439039,0.969319195722645,0.987271227452739,0.987737463887755,0.967708569311239,0.979200935632458,0.987970115254099,0.980797499513388,0.997289353447434,0.960864747547359,0.924849100853701,0.926244987412493,0.938200336305532,0.953981115033411,0.946145139242578,0.968553329035071,0.975408916985435,0.995130717435046,0.97915353797158,1.00396983650526,1.01511099078013,1.00630511923097,1.01589915476503,0.998257461941488,0.99960193538279,1.00735814824254,1.00786046283348,1.00688200844248,0.990076468075286,1.00560675013976,1.01420159716211,1.00920925675696,0.991942701730846,0.987565064727643,0.995395735317406,0.996411609549615,0.999154464500304,1.00232315015216,1.00868887907048,1.00922657486532,1.00762983451818,1.01682673569729,1.00832656763819,1.00751130007655,1.00722790751426,0.989337434327453,0.984441006147848,1.00433743074126,1.00856157788004,1.01870047488144,1.01644519081836,1.00861641149681,1.01604741057111,1.00701766462427,1.01410533813116,1.01620434539341,1.01351581192175,1.01411918705061,1.00889324932865,0.985120383078151,0.964147438916944,0.963042391460817,0.990197576740505,0.99338232000993,0.999781274826456,1.00567713647407,1.00063799123488,0.999702309680516,0.984882674112225,0.99609016965788,0.986571292569291,0.96881585143457,0.958639110242982,0.991334048565293,0.982102054987698,0.97835023863173,0.985770503408173,0.986411159003711,0.994341578513354,1.00090018745551,1.00896740419435,1.0099683795471,1.00919331544744,1.00077335388337,1.01409033079313,1.00602103547818,1.00907944899797,0.999713548463024,0.992433174875151,1.0079259018169
0.204933078534962,0.375849084279246,0.487728937086141,0.618214906457797,0.692770582093888,0.798548621934519,0.875836806782635,0.891954049227284,0.918717773289916,0.94316839286586,0.967176190539598,0.982159058472027,1.00749113884447,1.00600517936095,0.991310559005441,0.995692298736449,1.00514748290097,1.00069394015056,1.00934766675721,0.97193543670646,0.952578730267541,0.955081368776075,0.955838560084375,0.958272793540779,0.949704272682745,0.977500324492485,0.975913190688074,0.993921902417661,0.992873424228247,1.01099797381144,1.0218782683883,1.01333972852343,1.02053535374308,0.99651605488255,0.995540695089667,1.00913633862244,1.01227054150244,1.02121875235747,1.01998449335899,1.01915498408539,1.0173874634764,1.00224014018592,0.993389178174124,0.994347568505587,0.994323224582293,0.991513351040881,0.991127548617679,1.00532031033397,1.0123277585577,1.0135658879724,1.01221224172364,1.02017164567648,1.01062991136418,1.00372988531878,1.00323894538308,1.00460570527966,1.00363826512707,1.01028419806928,1.0134426662124,1.02216490845184,1.02056855886653,1.01310341395459,1.01916377101176,1.00567493178836,1.00878638331284,1.00961781275693,1.00994053721712,1.01029254721741,1.0049032982355,0.976837146753476,0.962113407416759,0.961751658697853,0.996504143106582,1.00468095526691,1.01299692139456,1.01925974068728,1.01279198637522,1.00569812076033,0.992798998304465,1.00040765125515,0.998756208242122,0.987341778799724,0.976311693816475,0.983159891449515,0.973077467427127,0.97024925104511,0.975107510878251,0.979945326596977,0.986704907639928,1.00348739874054,1.01337732632104,1.01494400020876,1.01270708958944,0.997925430111923,1.01805451164188,1.01229863105206,1.01894156252293,1.01119050866574,1.00585277438646,1.00735101662224
0.146880279331925,0.285945857189963,0.437093506671456,0.601831041845029,0.715786096983356,0.801090180149789,0.856451531823945,0.865338115524457,0.911447953795188,0.908030853737656,0.952741022438416,0.958599796715132,0.981528797492819,0.990495785636239,0.993611263008954,0.991065712220417,0.986376451104332,0.97943563388978,0.970934113935608,0.943593150120757,0.946925705194187,0.956745730671387,0.964282585448272,0.954330702536175,0.924967858401275,0.956104374028758,0.962449404397355,0.991933242766868,1.00567078830008,1.00410663854669,1.01020267073182,1.02148659038353,1.0207334938245,0.996694530782267,1.00393527358434,1.01932504716237,1.02280752964359,1.0242381972047,1.0203706627901,1.02331382441735,1.02117044796074,1.00503254024032,1.00186102931372,0.998754018026794,0.998545282654462,0.995558520350098,0.994681255544208,1.00009692480286,1.00688459213092,1.01611313709456,1.02080179634396,1.00678688983582,1.01701526868941,1.01066359890166,1.00187998942257,1.01605718267486,1.02383570151262,1.01603604390531,1.01762714267904,1.02394276484664,1.02142539493292,1.02072347548462,1.02520888642395,1.01486992983349,1.01150530414307,1.01801972644925,1.01128810003445,1.0206228222592,1.01051506851496,0.998431898076654,0.99332467805172,0.986699000109044,0.984523044188492,0.998198027390673,0.998775615067569,1.01510768316973,1.00775055545411,1.01336300535914,1.01322148348896,1.01925526450496,1.02197977826208,1.02383799480556,1.00545853200558,1.01057391120144,1.00528262606372,1.00378982675302,1.00553601894652,0.995254180366866,0.992848360284356,1.01026498274281,1.01737817244161,1.00843200100854,1.00775670882206,1.00141740247816,1.01435869818977,1.01049898865265,1.01833280871409,1.02016865076417,1.00660253583815,1.00803114464284
0.173801529303914,0.340415940245441,0.431825521236718,0.57993778528206,0.738965587306174,0.790323950670888,0.842405312309943,0.863922271690043,0.904026836771804,0.91093161748901,0.929682782624595,0.932681441025376,0.923236772924596,0.913478542068961,0.950917872881059,0.94282121556896,0.949391002497333,0.941554763150594,0.92468570978147,0.946752763180496,0.948826246840058,0.968948152115531,0.993860936840357,0.983863683699383,0.966449321347598,0.970282351672265,0.967456710326929,0.974979691128725,0.974313650929679,0.950093755925487,0.972370168214957,0.984389378670993,0.96329255300253,0.959856145036703,0.95402184238597,0.97296021322915,0.973878308854086,0.966016492620573,1.00063063156565,1.00838212923431,1.0165677789697,1.01549899538965,1.01560328060879,1.01677934231323,1.01156021486164,0.995370061496255,1.00742965018537,1.00746683776256,1.01533899139132,1.01379798706383,1.00878643592918,0.984323716706665,0.990806295952007,0.980008772388227,0.972921720911397,0.979363840778329,1.0100263736868,0.994643781915841,1.00353481775603,1.01690665305907,0.987417878403709,0.981885741848735,0.979536311879416,1.00236913303499,1.00782934428412,1.00637884542941,1.00727747448967,1.01235654119345,1.00572742777264,1.01656836139071,1.0065383098134,1.01436463948045,0.990789620205,0.988997934122723,0.986695093845267,0.987267501557403,1.00509450753799,1.00365515193123,1.01225961143953,1.0148305386457,1.01651901123007,1.00727705593429,0.990359440559128,1.00888867606138,1.01008665016858,1.01275901056278,1.01047181397124,0.995807182646222,0.988015621922587,0.99597112280966,1.00312772657199,1.00287384635443,1.00453737596443,0.998843850548384,1.00601391739798,1.00186592325016,1.00933181104724,1.00486334192858,1.01348454147799,1.01565045910274
0.221370042465238,0.420666356265184,0.505343499426803,0.623734438978507,0.734721352290315,0.783575670186025,0.831067711190142,0.86793240640868,0.897669224314626,0.952758082380272,0.969763619808667,0.937899456524781,0.965516886727654,0.958523126464023,0.950626274904413,0.925842108736115,0.948932926814879,0.943335634648963,0.953637537931444,0.951579628948241,0.950052694119469,0.984415772859922,0.981227013573461,0.978253843181374,0.979151095478641,0.980687393470952,0.964686105482968,0.969441668492991,0.97376094926281,0.97987008243582,1.00486290065715,0.979097186310428,0.977182058162551,0.984222339161811,0.993941433677825,1.01017323562118,1.00348641450805,0.991904411150448,1.00561373181016,0.991202877648648,1.00353794966886,1.01282010902967,1.00373709551432,0.986520128582447,0.995644760011332,0.998450260874517,0.987518982633261,0.996566108664492,1.01217889021416,1.01131069116962,0.986695397910761,0.988234749096204,0.97898306242974,0.979175877929395,0.990688919754967,0.987642134105264,0.985724021665161,0.989387147510614,0.998979753568483,0.995776371174886,0.980241963976254,0.975454035920138,0.990531580978306,1.00311348679417,0.987590243082422,0.995467799229704,0.991613145567734,0.991826439709441,0.998088622373119,0.993955516148823,0.980970376994074,1.00033141203144,1.00521657848267,1.00627498152176,0.991535222710734,0.991896200748157,1.00476385023077,1.01785089797276,1.00681975822618,1.01170371079099,1.00676067061845,1.0156896632766,0.983449259837975,0.989705172559112,1.00434914200382,1.0035753888301,1.00069444217539,0.995539604307594,1.00042567222341,1.00195404839925,0.992209518614346,1.00758111630517,0.99099793473188,1.01145421898963,0.998744734961727,0.991665661821077,0.98124821879342,0.986442798809488,1.00367671010086,1.01230343915685
0.186091035853208,0.362758099757995,0.466398500773272,0.624179503924811,0.78518297408695,0.865370008754459,0.883470717286118,0.928681751728583,0.962250984560447,0.974672315277178,0.976531445706377,0.982774748405513,0.973311238825932,0.979712012183193,0.963321186593634,0.984847026074802,0.98603693037033,0.987029238609924,0.975337076378095,0.969594251673659,0.980584862918001,1.00575492798035,1.00531486416716,0.98587674588813,0.976258265316823,0.979948583567157,0.996178775058242,1.0007525884305,0.997605149332367,1.00473135395236,1.0151909593326,0.99903192133526,0.971862493903125,0.99115740973416,0.982774823946857,0.994472732280326,0.971495219657872,0.990263751547371,0.994510966465884,0.98176885247205,0.985717980750866,0.983831400860829,0.978969222041411,0.983121173872025,1.01135378663883,0.996029895814361,0.977021603761007,1.00960708938125,1.00828260034416,0.998893404430547,0.982340831609422,0.993484080137826,1.00315681031732,0.994793214042954,1.01181116898846,1.00063624952799,0.978876376358488,0.977484090486665,0.987433023071607,0.985578591602071,1.00003591949785,0.992256767035385,1.00161702266236,0.993529173476737,1.00967196909353,1.0183080360826,0.99057358244996,0.977704905675025,1.00972511107861,0.995688955248715,0.985421011775882,0.994872795370829,1.01189983827501,1.01090031521819,0.994877498184445,1.00334528023556,1.01060323506172,1.01807344397769,1.01540887811842,0.990564710296979,0.998297312536651,0.996661239569349,0.991811817307661,0.97467940970889,0.989778762313623,1.01011724848005,1.00041245572211,0.992530082723698,0.978867624482502,0.997392071557129,1.01159514048493,1.01813419807761,1.01992466788758,1.01789740827435,1.01880641346915,1.0218416710349,1.02276094726336,1.02200240195298,1.02157529027754,1.02025073101339
0.222095552786471,0.423467210330534,0.582652126427304,0.69335996947674,0.75059257321233,0.842890514930397,0.841861346591738,0.889615021350796,0.903544165649266,0.909369373403282,0.912010946552513,0.943418734111734,0.933857382693185,0.912924916333283,0.944394355510621,0.952320483821322,0.978373290000949,0.967100234449873,0.948489230114006,0.975042943219792,0.998923169631899,0.995625947159893,0.995066868732975,0.981707841720049,0.984590070392337,1.00126428137064,0.996267324274166,1.00840493265855,1.00842449692798,1.00929137578736,1.00197642029424,1.00964934293798,1.00233522795928,0.994187720916741,0.976293782251553,0.978198543031481,0.980191254171627,0.975151754746325,0.99216169061343,0.991614743216606,1.0005133422026,1.01495489153054,0.995622974380126,1.00321182684323,0.999395043184264,1.01071978531895,1.00594627002453,1.0089291469511,1.01224930612645,1.0107033117747,1.0080828421524,1.00609484092254,1.01405925149256,0.980893950294904,0.993596910777743,0.989761613702412,1.00117747968988,1.0049134767178,0.980679937498519,0.963035318351561,0.979469301014965,0.996246656199965,1.00354751296412,0.988738452488308,0.994824809507556,1.00217675228005,0.991615071252711,0.988119105748716,0.982815713999653,0.997757699532273,0.994738528167509,0.993546787928508,1.01455581489105,1.00288459562249,0.999710001199137,1.00121342638003,1.01138877274947,1.02109450923642,1.01276848872495,1.01033033287505,1.00627547227004,0.992548797967033,0.982609107685495,0.992080586658402,0.973710151591274,0.997452354288106,1.01182389646277,0.996994194601693,0.993941882859567,1.00050240399282,1.01301855038874,1.01421324988348,0.991516810507273,1.0054921095367,1.02003143352951,1.02405295361546,1.01237859131002,1.02228247300692,1.02458855894061,1.02370636520436
0.122135675643171,0.367898289464582,0.554337272809706,0.674192219322497,0.800134040192494,0.873347943597343,0.884386568531895,0.944483943455434,0.940823219720293,0.930541811584473,0.899278337576432,0.944487312598765,0.906170615722199,0.91041394209669,0.926485810261902,0.925471367562578,0.921203592722277,0.954803079819281,0.982508988951409,0.994607320848032,0.991159405659584,0.97621563576686,0.98207283492474,0.969275662308359,0.991246314426609,1.01289298311158,1.00559375835715,0.9982270105192,0.999392392790085,1.01128574669777,1.00575204186288,0.99735041321801,0.998837779500437,0.996847538603537,1.0151548989549,1.02303445805047,1.02143430724764,0.997314468684383,1.00462004764217,1.01185687696402,1.01424334605965,1.02049875120542,1.00089408170025,1.00603201036773,0.999461470537997,1.01628591978285,0.998081555717133,0.996542114939648,0.995965348672341,1.0125919175154,1.01264232054386,0.998623791976664,1.00252689157585,0.99027020635764,0.993822631469081,0.990626066658983,1.00050019906488,1.02151975214529,0.996354275327251,0.986813151294396,0.986688312897753,1.00087525688392,1.01174611252479,0.998697611656895,0.991502322385972,0.977232593736318,0.98456719570902,0.981708530325704,0.996975946039444,1.00225518737735,1.00088771615689,0.978852943756717,0.987324012148494,0.993112367014472,0.995885241040441,0.992129607689322,0.991692413085066,0.996523810531271,1.00196736781576,1.00036154379709,1.00918962179335,1.00609208845591,0.982553640626274,0.992880922629877,1.01319881078065,1.01345954698817,1.01440094229728,1.00534113632189,1.01352383603492,0.99724870797099,0.992894412811008,1.00163745455424,0.983376629151212,0.994234954984023,1.00836779455336,1.00304988591837,1.00225802031795,0.992802631068421,1.02159412376068,1.01749893070752
0.187449050746035,0.360021967760848,0.481680724969739,0.643540511001045,0.711598380314344,0.789181713757942,0.819205179168704,0.877961060485546,0.876358900800598,0.86137918312806,0.880307867225695,0.933729631706811,0.930643190842156,0.960294085352898,0.948208439832324,0.926060082531552,0.929527234707466,0.963373349215197,0.975874616993126,0.991049043173896,0.985342032546137,0.961359296994878,0.967060148622848,0.989933181280223,0.988538453794982,0.978605636195403,0.976441105157423,0.984431499554962,0.96631964434071,0.993402271212168,0.968616976351538,0.96454197599755,0.976289204188302,0.983105966943975,0.968239365263628,1.01024242978851,1.00934012027886,1.00462734113887,1.00724062340297,0.993194648946308,0.992884104331751,0.993155125419274,1.00789582492652,1.00945384903503,1.00630782025958,1.0046918283701,0.999788729549443,0.998969550652491,1.00593134877852,1.00515865603096,1.00915722069359,1.01623632454781,1.01572349447916,1.00179139427454,1.00516531261217,1.00113553282459,0.99927603170857,1.00494512047661,0.987827575753562,0.981598776546103,0.998267448257011,1.00816682660899,1.01135495368902,1.01251562205619,1.00179788253063,0.976789664216309,0.983163440251521,1.00201757097568,1.00381374794796,1.00895404497537,1.00130702674921,1.00206962419773,0.994893554535279,1.0083142047502,0.991874292495761,0.976921382816874,0.97381362666785,0.990821266277238,1.0003206874929,1.0032565697647,1.00984266504347,1.0093020131516,1.01053302653871,1.00940691293237,1.01939700876629,1.01922767309089,1.01716189090389,1.01799265978518,1.00516344056359,0.990158376719395,0.998561062017269,0.996383707427885,0.994092790389522,0.975917408662276,0.983598308885539,1.00113000093155,0.994066050867441,0.969908939799771,1.01236083681875,1.0056640495994
0.58986765731263,0.72676463150337,0.822052039914815,0.863459637331319,0.908428225950969,0.866994625765686,0.918472295339562,0.943176106089979,0.926857225704241,0.910320850599978,0.925933749422832,0.878023376560955,0.931206243707111,0.896892782852504,0.867666559508707,0.913035052633359,0.905984391342396,0.956948467083198,0.899465845930695,0.955417615886561,0.873316598804208,0.922542953043104,0.93213201739383,0.960464336334278,1.02560440986558,0.968808957677119,0.945158027570529,0.964867098982488,0.965996626544203,0.986573400062154,0.987002017980194,0.926768160283794,0.960117716022357,0.856478955033653,0.950281846234436,0.91582981431892,0.906453807312478,0.943050852119608,0.932264985829844,0.927376024788497,0.945327887877481,0.958712007971764,0.976082839955091,0.974714433336031,0.934027935650447,0.933448106697617,0.980526575668838,0.932346417813659,0.903673562022239,0.922554272592661,0.994310609787307,0.974338575620451,0.941934548555064,0.93103702133043,0.940963092045721,0.956467688553371,0.950340546383306,0.89573042865914,0.905360831854707,0.927790951717778,0.878179002636623,0.923746652586243,0.932229800984892,0.93538073908255,0.885893660852716,0.926331414336629,0.872648373241669,0.935179939309075,0.903991313275261,0.892316323848656,0.917734098198768,0.915528737173111,0.902866007986477,1.00018260830849,0.96143718947898,0.938144328097938,0.872135609563899,0.904381580785793,0.90652742473294,0.945187760427859,0.891571782430969,0.921274594529799,0.95496233208574,0.942983986653806,0.957461039254388,1.00726482583362,0.92244855585226,0.886864091429915,0.90588481269609,0.995721195732341,0.937747141496351,0.927618965403263,0.943088142208806,0.908797965719077,0.931160102665529,0.915324508103616,0.957331790539856,0.939196153747678,0.944364672861716,0.922579751067756
0.829077525315597,0.883867094542052,0.892538583715149,0.933585764561832,0.940583585050364,0.932776436586562,0.955962624993664,0.982489256097732,0.964571743764201,0.97971882917746,0.957089009073528,0.977047995214258,0.969679237287293,0.956647636170202,0.958755415156967,0.963616981924443,0.966276217912121,1.00572818835047,0.99198711736784,0.99666465143024,0.959769415835142,0.970202493400816,0.966712465064962,0.991416064885629,0.985794561841173,0.996055248851007,1.01075942847265,0.970446443572631,0.97480203897929,0.977479567063126,0.970981617225826,1.00200470688048,0.968905319209798,0.966385335471149,0.995613103982115,0.969048957859479,0.985615346229259,0.948129606139258,0.97563936927999,0.941281345318265,0.971239979534875,0.999826511510364,0.989248085711054,1.00042098474176,0.961658743249991,0.964824725720736,1.01285550193685,0.975242517920345,1.01122245889029,0.976082655404221,0.971830316041206,0.975482282885733,0.968999137612391,1.00110947303374,0.951522775428694,0.974494560622671,1.0068580108267,0.978864255657752,0.995781742518694,0.97434411406242,0.972551399632242,0.980345253310713,1.00383354387412,0.956051708415079,0.964361789519405,0.962026867096338,0.997845251053758,1.00126716021985,0.999899782888089,0.96975882349811,0.971021221673249,0.987914749453666,0.969752685451791,0.984432606685441,0.99382647319,0.960406015833155,0.94557495669638,0.971662746688317,1.00363285597805,0.951552862003232,1.00027439849488,0.971110812988854,0.997099338123442,1.01637442760475,1.01884103631193,1.00048666299909,0.969967134602857,0.996979675951331,0.974949266079834,1.01322559019059,0.966515848537803,0.977339422448824,1.00173914879413,0.984315290404571,0.974977058946013,0.956795561445973,0.967882509996966,0.989154164152474,0.985290555564247,0.942076597721292
0.737169141463735,0.858821912812582,0.844134372492335,0.892858419019895,0.918050617939524,0.93002795149592,0.913737373874887,0.957852343167844,0.941654177059139,0.962222784113115,0.936577567151309,0.960279559228311,0.973766995200855,0.961942273764804,0.963841915833415,0.960578784875804,0.978955981716351,1.0344222111811,0.99326562398885,0.980781658694373,0.971627340601242,0.997275850668189,0.975873126717791,1.00014027718986,0.973205464046646,0.995998236483686,1.00781997392538,0.97210291419431,1.00113390979816,0.98316680766375,0.951254939669165,1.02135042761953,0.981799279446808,0.993043523968501,0.999521849721181,1.00519623141183,0.9830381847935,0.948373563126462,0.972699122671332,0.953190629864664,0.962492096267313,1.02670352878673,0.985388639408075,0.977625876288825,0.978317621442061,0.94841631498262,1.02828066637814,0.986437805314377,1.00511152647462,0.976438250854401,0.956748025257682,0.981445110152045,0.983083835939822,0.992218342211984,0.968539932609725,0.989251655652662,1.00295502273768,0.993031184859256,1.0162770721429,0.956734902430692,0.96999981450806,0.980530679435409,1.02152312810101,0.985207141076138,0.982807824457274,0.939832228361391,1.01273032024732,1.01763163914914,1.03962746412482,0.983635688449925,1.00744173126104,1.00140391198549,0.977528145040667,0.98222172169892,1.00513418852357,0.94611208352851,0.931592827294574,1.00535819517333,0.992393725208465,0.98814167631964,1.02795111135914,0.969539895544684,1.02277646434876,1.0187710050735,1.02226983644048,1.03908416953961,0.956248501686961,1.00032761261669,1.0133101843283,1.01734457805502,0.958848228029891,1.00806540117925,1.01582948475229,0.976723152619502,0.959403946701792,0.97068137341632,0.986163781020426,1.01560920224405,1.00308782738286,0.974336239481304
0.224751447810469,0.385040428562218,0.497166572881523,0.63048983750485,0.729065384348992,0.779967008836556,0.78991034326885,0.877875379307301,0.916299979783312,0.881963599045343,0.90679779616187,0.903587882743048,0.856587687222586,0.896678217550409,0.910800265187194,0.880998831798201,0.923515508798872,0.922360518643076,0.900545650892361,0.911861936479393,0.920558690162501,0.931036965564008,0.901902817645029,0.960162346505394,0.953160956702625,0.942511002884835,0.961093207477233,0.939628764458943,0.935956308636542,0.960975405951445,0.949477388998374,0.938842964096765,0.933318038965286,0.967221827516237,0.97508016955613,0.956055440657722,0.953632991927371,0.959603292634414,0.930769589575021,0.945946282615879,0.953127767219214,0.942934133525243,0.970388942266173,0.912877531317883,0.941535050065213,0.930722367191456,0.918144220953894,0.930044406156621,0.90634813457066,0.938018130001817,0.921845703658862,0.95790698819725,0.953316392481657,0.936586025195181,0.955073633610795,0.954439076218229,0.966907701074181,0.960696671611461,0.937656820726505,0.956988547188368,0.911224686186651,0.933462555586804,0.950809909334488,0.974524550985188,0.953455411202074,0.961092908396817,0.964820424424747,0.968159494376755,0.969815614650327,0.959072990994879,0.974730959297272,0.971486736169591,0.958561850008574,0.966849076954548,0.962800875739841,0.995385526392659,0.949726568021533,0.979877515770553,0.996713701208712,0.980394575745579,0.964490335924924,0.980088106203411,0.970583453109213,0.960396557641623,0.956236653796417,0.954246277821724,0.963658285219482,0.96767429987761,0.989464480519937,0.979546233561573,0.953896079027182,0.980994027610908,0.98618361537473,0.985284613301803,1.00258216866068,0.996143889604822,0.983160567249642,0.969939136058607,0.973755925534121,0.986764710873731
0.211846576383212,0.434173434717465,0.53449373981977,0.689827986107297,0.722099680123601,0.812446390131919,0.846279544076077,0.90666370435738,0.933530802746093,0.925415862733687,0.933010791294272,0.961541612349706,0.998074749185748,0.992855359836132,0.99311423375826,0.981943707968591,0.992122806533718,0.994353845041412,1.01148033145153,0.992746928983603,0.97487321879909,0.975592017054969,0.976384474638445,0.988024865871526,1.01073054569502,0.997659536726231,1.00922002434437,1.0036963863135,0.998770578455268,1.00699825273993,0.999079293164002,0.997441847980625,1.00945120212225,1.01052274158072,1.00715525696303,0.997299690250153,0.996186604501191,0.994560486774005,0.991374225779847,0.976660826752886,0.97681264940773,0.975334213680249,1.00350732482456,1.00585746493878,0.999482986023743,1.00653402558176,1.01397315188018,0.99849711986617,1.01586626648578,1.02131077932658,1.01601743593534,1.01573048135054,1.01311329716411,1.00704805234937,1.01022044389734,1.01786645867277,1.0152103506868,1.01498154797,0.992103547261812,0.975286017516348,0.980361459207158,0.981432266491158,0.971816210490683,0.966967232152062,0.972371821652551,0.981308530631356,0.987351100766497,0.99907197949562,0.998134868977145,0.997802976351496,0.998949337343108,1.00460094996917,0.99758639747043,1.00327313362182,0.993616130127787,0.998186948601686,1.00647919292645,1.01780505284143,1.01595150946309,1.0156003095625,1.01075030682104,1.00993716086216,1.0046439494736,1.01069543825072,0.999358302645079,0.996535886893874,1.00254413190344,1.005225983093,1.0166758063988,1.0123917690799,1.01373623830466,1.0094067745557,1.01992043167223,1.00998735054546,1.00764701175998,1.00034243560031,0.998554264112232,1.00195237231495,0.990059083573375,1.00253602371599
0.143415930434681,0.335663933156525,0.427887049429485,0.574189132336581,0.648119059502324,0.731796977946175,0.770622732742163,0.842013799351051,0.856487527710714,0.873430077867325,0.941950286580909,0.946157004300405,0.961942356309409,0.966784652685855,0.96691261024503,0.986583426461134,0.977496263653602,1.00564843972171,1.00062609891312,0.979769949370379,0.951301860652337,0.952653819859632,0.980549271936091,0.994924807929243,1.01044161446783,1.01663414233889,1.01575257309903,0.995322295590264,0.991138023624054,0.996620046610294,0.989907944995644,0.997354193881127,1.01210248384738,1.02062036753696,1.01084277666046,1.0077236063292,0.985897631698254,0.989040225548186,0.972755363052496,0.978717352326265,0.989551908867201,0.997500317390247,1.00290915784094,0.989271941969955,0.98285940810849,0.993753168735614,1.01705327349939,0.998673274835481,1.00687158346185,1.02535684657802,1.017087458886,1.00195997862729,0.994292798979265,1.00110403063816,1.01752863208565,1.02576455431598,1.01714046991702,1.00314955802675,1.00681974632651,0.979303648167092,0.976676322524805,0.983885481229825,0.974028940884078,0.977476779247321,0.98902790162665,0.975561791734839,0.976840756863446,0.983047497082808,0.993647437235807,0.996815655596385,0.989207218018657,0.981070631863753,0.968751395641478,0.97026401875518,0.979759986611967,0.977843125209493,0.993655551050183,1.01656033747555,1.01470599572537,1.01430080613095,1.01937660739476,0.993927349201629,0.992057290770923,1.00625784326085,1.01482529626258,1.01031485572636,1.02598882567781,1.01814871645265,1.0082035340932,1.00175453718008,1.00233527100295,0.986828809212904,0.986016654670603,0.982226880530387,0.994941453667529,0.97811870678992,0.966786369701338,1.00976309460524,1.00298205141069,1.0079849130425
0.34263688282201,0.49059060383497,0.598658213552986,0.696218644554093,0.770719567486108,0.834901595059818,0.883964704202637,0.901140209049041,0.923832472253875,0.93315303723015,0.93764080889837,0.946955818852388,0.960865644324833,0.975382864643777,0.957247241020102,0.965585045796637,0.980713440140016,0.975853739775911,0.976020986650385,0.967885159208561,0.968536685906164,0.983453102259069,0.994366471835356,0.992252641825573,1.00805493296649,0.988136058796297,0.993376483042135,0.9965237017006,0.989621080047908,0.987460208124659,0.998386442781312,0.983845144779242,0.987483469581,0.97876745585982,0.983645361723872,0.986947108467257,0.984743907994107,0.976272070755616,0.954196139966028,0.960688704003106,0.962548235604321,0.975332102376902,0.970237877368433,0.966898771148927,0.96837112313287,0.970377809967514,0.987825510127226,0.992408781523256,0.992222531219502,0.985014503396299,0.984182537666682,0.99118218957448,1.0015739042072,0.997769848720449,0.976432308559376,0.999252359861126,0.996926797897416,0.977954809817736,1.00619385306309,0.990888157959614,0.977518767436265,0.991949021560558,0.991625549796275,0.986016355308827,0.986747790669758,0.99291076273073,0.980238595110431,0.992665705517984,0.993690890628373,0.999705928621168,0.978192196419067,0.993738617691493,0.995281235083321,1.006229977897,0.983211775275482,0.987535862502366,0.984965294565787,1.00510992282137,1.01875803222319,1.01228485842092,0.975423214143783,0.993147976371567,1.00375105291978,0.984847770100811,0.977966944352597,0.970908254111861,0.982478873452072,0.989795825872602,0.998839661859455,0.995349083151623,0.985853094015516,0.980155583652197,0.982934092463612,0.980035177355419,0.997168234630875,0.984222529390832,0.978772920438244,0.993080452992315,0.99822232101123,0.998031604317738
0.408833945763098,0.552662418433806,0.673152290638621,0.739063737475178,0.821050159132592,0.86790627591163,0.876546540595493,0.873717480636047,0.897779048329319,0.898645170171823,0.910716181210033,0.925549392248858,0.912249034175121,0.931700240154554,0.938806064974507,0.936143426494104,0.937295903689994,0.93610704197799,0.950495565310585,0.954498997771935,0.945596802859962,0.949300177688878,0.94618815235331,0.961615016450166,0.959458417658631,0.956755637021895,0.960354895686678,0.94934567725809,0.951683366564466,0.956490891390868,0.96546118118328,0.964410366819817,0.957925306645658,0.966956524707536,0.965607249162584,0.969848592740768,0.966443950819271,0.947757911295675,0.955033008305228,0.946764782476985,0.948787548055157,0.954798733913326,0.974637314542709,0.978345674575284,0.973739182851816,0.982201513583736,0.982436317388371,0.979528869828347,0.975965715114384,0.97798565211911,0.974798557984541,0.981552276324522,0.979079987163014,0.987130989060601,0.982290476757568,0.98178606296389,0.985791595865774,0.984378584731558,0.985248827262612,0.987554471825514,0.983705435361607,0.981872556884775,0.97189883314369,0.980566124529816,0.984043008516913,0.987595279463811,0.989905794971414,0.996066564675777,0.991253232441174,0.986893344642116,0.974926397594437,0.975282390845252,0.976627851859225,0.98623320582251,0.986502889814689,0.983897792217749,0.979920405187393,0.981257881493264,0.979452469962636,0.969477892119096,0.981897574992687,0.987853899897528,0.990969171000616,0.982628029368595,0.981846006987475,0.981196069131479,0.985060797405789,0.976136560348308,0.976772286973624,0.988793455172123,0.994603850884993,0.995038119640892,0.994031948972488,0.990652170303241,0.991060245835379,0.988821151545363,0.980625269355225,0.984034275784416,0.974371374509966,0.978035882129232
0.283857312338728,0.477529345314219,0.568829123123428,0.675865813718943,0.765478983494901,0.81618503571484,0.874851701419109,0.903806150911463,0.93014744110777,0.937883815203569,0.955029764702723,0.977727469588829,0.986160444674325,0.985642955522545,0.965371210830153,0.975570600816648,0.985905840490782,0.975716966501157,0.995368710493792,0.956882823447663,0.921031826249517,0.934648503347474,0.946606072760332,0.948023265014131,0.9397202436219,0.963104189709006,0.972085357360864,0.992362550393606,0.977118318464814,1.00221502114556,1.0119812707036,1.00436938535778,1.01353046107936,0.996142894754592,0.996778447142989,1.00529935798258,1.00553773537832,1.00430025544064,0.988209920773906,1.00406313722499,1.01283672490136,1.0015224318127,0.991929112802601,0.987410781283443,0.993409444158838,0.99224025404573,0.996877647113073,0.999775828224249,1.00685600222931,1.00614828564043,1.00456182560801,1.0130861913698,1.0050893894836,1.00451701087363,1.00596521297744,0.995441818299464,0.99382276405133,1.00324371308427,1.00503976270422,1.01383486336926,1.01327353676568,1.00676062871836,1.01224198417003,1.00523809456478,1.01168113327216,1.01294355003689,1.00957531488686,1.00948082610941,1.00536985890248,0.98673873019836,0.964739960605547,0.962876341286797,0.987374258622479,0.99136085744799,0.99745263185296,1.0025942919622,0.998218119815855,0.989450469805191,0.981682240803676,0.993274444635129,0.993436816818409,0.976170912761757,0.967550572606659,0.988423787540288,0.980854213344668,0.977750770293755,0.982075639481391,0.983635142202483,0.99234112052442,0.991059891042772,1.00008231248232,1.00106880244876,1.00079894077931,0.99869631707419,1.01050964983209,1.00337959037561,1.00544283739717,0.993676992807266,0.989036378492594,1.00628447001245
0.251428410477976,0.408805396112828,0.522031064117711,0.64547076070714,0.700137757570288,0.763118377331951,0.830207216059868,0.856232652672948,0.896773131987537,0.92692440475613,0.967440486318366,0.981969469612323,1.00581792955242,1.00694364503616,0.992511738706219,0.997510795404146,1.00408096335749,0.999426024303513,1.00796029635614,0.971167398950864,0.940907215686867,0.948651876121484,0.953433235811189,0.950475202334661,0.947092000180771,0.972418795263215,0.970702200017138,0.98871776511004,0.989637672705749,1.00725313588398,1.01849091404502,1.00882275215496,1.017196674044,1.0028350109965,1.00450932642827,1.01114014235021,1.01234407949427,1.01998645787109,1.01844851944172,1.01981117342242,1.01805398641078,1.01185002065381,0.992190511275864,0.992466953607183,0.995446094117787,0.994735808210614,0.994019313074296,1.00394554249745,1.01107135185012,1.0120394133562,1.01783321672039,1.01837596505058,1.00833625568174,1.00202151538491,1.00168866315422,1.0129015073149,1.00936086382021,1.00764449716604,1.00997844805827,1.02038296363838,1.01910329612968,1.01075725443615,1.01833254361498,1.00921124659567,1.0057199251886,1.01576654319132,1.01762020950566,1.01494486832362,1.01092993789582,0.991964918892015,0.980839805027253,0.972219509762444,0.995140245068701,1.00492440329974,1.01699480763973,1.01710736525195,1.01088185492959,1.00317942177888,0.988801566068443,0.998587885522623,0.996270830609716,0.986653903622544,0.977305312594418,0.985248361319571,0.97815433231058,0.973208550853301,0.979065167853224,0.980812143269005,0.988133942782318,0.99324971017714,1.00335628949493,1.00596977058795,1.00321872299641,0.994117791451537,1.01678186281208,1.00989846784825,1.01779929148505,1.00291350420157,1.00377440986762,1.01196411935453
0.214576180074392,0.368858305322424,0.446772729735261,0.581780470682006,0.65471718630026,0.76102601948581,0.819071314657374,0.860760054310744,0.911446185187708,0.939886376085695,0.966334101902972,0.974462524786942,0.99907813524819,0.998161828920563,0.990254531839409,1.00849750976431,1.0091902700884,0.998192219691486,0.992356089552453,0.975643742675073,0.970906726740862,0.971186398436078,0.980149794704893,0.979539866534394,0.966601901077817,0.983953151522668,0.974400579308257,0.99211014904952,1.00081500597527,1.01347285829967,1.01692014475557,1.00791676343445,1.0157389800811,1.011278396362,1.00307383110144,1.00768338769564,1.01083379472176,1.01849390946542,1.01643412490635,1.01607543107794,1.01487459978114,0.996243686278714,0.986158546082023,0.99041169593892,0.991305513576706,0.988721608899704,0.996540855143851,0.995409242630778,1.00482570575598,1.0154050335851,1.01775675337475,0.998757152662334,1.0000457103378,0.994393475881145,0.987003217970478,1.00437397539237,1.00917601630442,1.00021017332258,1.00208210378242,1.01780556146275,1.01671766774768,1.00638269903096,1.01701165352843,0.997475605450531,1.00312712857487,1.00468145895956,1.00665410662265,1.00389637086402,0.999577436619763,0.979741391630477,0.973326330214764,0.95907097213173,0.98096501291838,0.987336082997743,1.00147588631369,1.00994626105448,1.00359767899378,0.999566611200796,0.985539906943881,0.991122842190658,0.990735650696732,0.98417947638029,0.983643372484375,0.986667569994684,0.984759708797611,0.979943467547988,0.986342662938721,0.993886431584048,0.997260762384833,0.998947322463257,0.99910592605386,1.00541293704922,1.00409877236007,0.996162498136765,1.00863329908107,1.00540276284854,1.00473319370552,0.999281146047827,1.00941657265669,1.01073221173223
0.19288302976882,0.323594903874362,0.378666773380936,0.518816735766617,0.581892013563166,0.705666653522584,0.739373052368414,0.765041101124294,0.824402864470233,0.838976298369161,0.862134864716306,0.913758625319671,0.922898997505716,0.922794956584396,0.923009439405731,0.932169312603157,0.957495312098607,0.955158252773036,0.947121022783303,0.942696123632253,0.93439678267028,0.947307805717034,0.961480084548992,0.961660264264655,0.948942030646543,0.975486366205572,0.972648810275979,0.990010422546238,1.01254961699383,1.00408028396431,1.01200601890462,1.02064016226672,1.01430813114367,1.01454876367506,1.00754121645031,1.01331170548124,1.01466882675219,1.0243157993359,1.02544462398913,1.0247877279484,1.00560949938858,0.991756449351531,0.996758154101812,0.991206839491797,0.991902839086727,0.989560057619162,1.00783098812954,1.00469707268847,1.0104186130212,1.01363255717292,1.0252600282487,1.02027538334317,1.01792848106656,1.01181377161885,1.00424567815834,1.01927008386484,1.01792429175748,1.02494941859807,1.02872470256247,1.02672218520164,1.02516594531324,1.02219026845128,1.02649251262282,1.00936401463338,1.01439059191487,1.01474330547688,1.00777967454657,1.0176869984768,1.00000405500993,0.986609671994475,0.978424596713735,0.976246607376091,0.979439641428611,0.984079564166851,0.998653775932246,1.01453228059882,1.0019088911822,1.00266846320934,0.996291039956617,1.00465206956885,1.00691511034795,1.00218253639944,0.999285607186653,0.997221093899694,1.01629107617551,1.0093500774848,1.01182863115481,1.01210413303555,1.01234392902889,1.02009902125262,1.01928128409063,1.01075076903508,1.02076788741548,1.01437144603743,1.02182825699177,1.0159286186047,1.01337352199517,1.00688266305557,1.0182311467734,1.01493275534581
0.169200138993259,0.319845519778818,0.450656207735363,0.540927646914723,0.613165173988654,0.705978975331719,0.783686610824164,0.796527429003111,0.827511997819709,0.853639550421026,0.857808641994211,0.909681875833844,0.945003072677076,0.923643884950644,0.938134496588991,0.92593216363198,0.940908266249184,0.925177688117955,0.929106887196207,0.929822006933451,0.934886932687862,0.928067455321812,0.953496268678888,0.9590432053645,0.955044676219716,0.978677220638341,0.979951411889659,0.996925118275353,1.02111167067547,1.00782838201899,1.01283294178613,1.00542585913999,1.01319021760933,1.01352381599825,1.00547340974742,0.992850474393175,0.99618380096345,1.00455844686752,1.02356535477512,1.02506575495957,0.985052717207355,0.973687876623949,0.98863765374179,0.990021090914105,0.99140743381281,0.964756707440579,0.995705217077639,0.979054558065792,1.00184766282735,1.00601356096243,1.02043063079344,0.998923194243036,1.01779230575247,0.997425926393217,0.998600368069158,1.01209424524037,1.01683417910837,1.02235204447184,1.02301285164476,1.0212871138193,1.01168734777809,1.01381326622405,1.02109502933946,0.996468049201004,1.01112776035513,1.01162125092803,1.00138317271898,0.996080841040798,0.995271336531508,0.978082221053715,0.978444835444797,0.972456295285045,0.965635376107853,0.979875514659351,1.01020482564379,1.01940682138324,1.01122403539016,0.994842277917873,0.98815120000723,0.979947755827648,0.990001339455619,0.993286994082841,0.989238815989195,0.965941890432296,1.00046070619144,1.00222128294449,1.01246495046864,0.994241000043459,0.993961857787551,1.01145446094414,1.02207928921883,1.02197986010634,1.02384632967426,1.01911657718634,1.0195825870291,1.02150667614903,1.01426291578181,1.01088405144332,1.01287620255213,1.01082745843458
0.234663863260432,0.365417630309875,0.45749165800711,0.569489416820399,0.652406970439689,0.707331585494808,0.793543456024003,0.816511165209806,0.860163784724398,0.879889717839116,0.882860359629478,0.90776042086778,0.933633997965549,0.91237667073193,0.931065570529505,0.939888156317997,0.936475686065221,0.915963130309218,0.932564820302944,0.943509940915591,0.954253455723248,0.941356461463212,0.974273789408455,0.973697330800367,0.974427712674218,0.99194448233703,1.00172859926823,0.987207927569414,1.00748570542586,0.991814737487052,1.01480099543668,1.02418152239051,1.0105490284107,1.01029402863476,1.00222900629712,1.00925063733338,0.999595051318687,1.02401812346815,1.01815842659213,1.01011602021823,0.991591969871309,0.987573021097105,1.0096147976339,1.0014970747584,1.00579378322384,0.999973978877707,1.01182036178615,1.00560494376761,1.00057299085205,1.01064333687735,1.01758226673075,1.01098175670961,1.02104658531585,1.00834818690238,1.0080552055526,1.02124030374019,1.01341115214822,1.01846411625011,1.01194605346389,1.0198812263755,1.00510964791603,1.00994784061729,1.01396056830785,0.993016265775274,1.003028852092,1.00372377894139,1.00346184145515,1.00572737494205,1.00173907090704,0.99769957150048,0.999488119042252,0.988090576775622,1.00635652549511,1.00186801194515,1.00043835829265,1.00867963176053,1.011139702676,1.00967828499779,0.99287194038927,0.995900400146984,0.983412039171931,0.99002058598587,0.982653601866052,0.982035361976359,1.00885709378961,1.00117487404918,1.01047393793848,0.996587292993166,0.99704943688519,1.0122253809416,1.01113634079093,1.01031904656796,1.01242225645731,1.02023082025345,1.0205093526899,1.02156569579481,1.01402430219019,1.0042962141859,1.01937185337956,1.01026552451048
0.249646270930797,0.358417383687928,0.466840281367048,0.594215360978299,0.733425454797883,0.800556501189718,0.86600153050236,0.880503931650826,0.935164619603025,0.93718154303537,0.955124057911526,0.980362394517092,0.984839584694454,0.987230332492275,0.991039445825026,0.997106011809687,0.987440296039229,0.964409913517616,0.98228685678696,0.998905132593582,1.00576955967346,0.990394932051259,0.995248512901457,1.01046416354684,1.00747793610492,1.01391843473361,1.01697057597177,0.998713421502634,0.993008106486371,0.984412262327688,1.007985911278,1.01776426122952,1.01675910374081,1.0156810146877,1.01819171143372,1.00541505778117,0.996588422377113,0.991274256949852,0.972890484995587,0.95092436822156,0.95955699604824,0.951737998380844,0.966614908001388,0.96959808999266,0.974631800166504,0.96720940371893,0.97855022807518,0.97087255653312,0.96528055442682,0.970804044685702,0.9790241358331,0.994693152614742,1.00036770369771,0.980268799697807,1.0056830172783,1.01343210141869,1.00741591735403,1.00624711831667,0.999253134602158,1.00611877743512,0.992955894058246,0.999103055676961,1.00922581539548,1.01383902397907,1.00790442468182,1.00985384646922,1.0087037130576,0.987436128757968,0.982544795421933,0.990524502960729,0.997631322794321,0.98805269477182,0.989404488261833,1.00152365038681,0.993576279640164,1.00020037410078,1.00780709704484,1.00077133541322,0.98317784176971,0.985224687355368,0.970928906488965,0.98851106592146,0.988571318063617,0.985343932605509,0.992673672222014,1.00723316515166,1.01410730993612,0.990294780696709,0.999273038569037,0.992138651440908,0.998723275175483,1.00867175392814,0.994119632872647,1.00844500027933,1.01472794625341,1.01270644943751,1.01497254644355,1.00614594789204,1.0149890696309,1.01212920827811
0.147046477591634,0.266275799644831,0.404505080841183,0.516073096977253,0.601173368861645,0.703407224922088,0.72702282435745,0.803205436512665,0.870796609442146,0.883830764853839,0.858732404955736,0.879121786992622,0.91322683260979,0.897555050174265,0.915743816537541,0.943461449646491,0.98323559837208,0.996023683398562,0.971583097067121,0.959014698363571,0.957205550848276,0.933880695378211,0.959938523812624,0.96763075440974,0.947781729598821,0.984006094078893,0.99604111950111,0.969040533280612,0.961112511984465,0.973252797871886,0.984108975750583,0.950645786012762,0.967043258575449,0.992144635163168,0.952946214401845,0.960443280829939,0.980876079420318,0.946558060576727,0.964216020568625,0.966587792585675,0.983264672807067,0.982135569526699,0.985774379730405,0.98903528408899,1.01824907495516,1.00273625594739,1.00288148337193,1.01782419338885,0.997429286796242,1.01027359959521,1.00121663910013,0.982988692536893,0.995147990657773,0.987087716931886,0.983487635818156,0.96837170762867,0.985129728597755,0.994844956577247,1.00983410532541,1.00817061238156,0.975149682307258,1.00388228624355,1.01911176401975,1.00869406227898,0.999391853411921,1.00469874762812,1.00242194848956,0.985184656680184,0.988464204192415,0.996748196799373,1.00290538220072,0.994692006175292,0.98590392682616,1.01206267195065,1.00623339740016,1.01866152130078,0.983800284217583,1.00391609018059,0.97948524708039,0.983781939124939,0.988742177336523,1.01239932219476,1.00598606514618,1.01647646626991,1.01496853657477,1.01865708099627,1.0115444204768,0.996406405636394,1.00922847933398,0.987790248741225,1.00987477918985,1.01694986580649,0.991926214960133,1.00915661928834,1.0168295579431,1.02643304180372,1.01177271108222,1.01876638866667,1.01310509930342,1.01923993445167
0.677054129937977,0.794171730676716,0.855825571993479,0.887206363741355,0.935026342266054,0.930782396291847,0.97823874691151,0.99484303391864,0.957306372054658,0.9881895478399,1.03717455330568,0.985148531572556,0.949546601919075,0.958311525408604,0.990513072160236,1,0.968199137439218,0.98389279709278,0.997576650839677,0.982498487375448,0.949899104007214,0.983294346899555,1.03181895101047,0.963773511330947,0.972188365097152,0.999281965423194,1.03190782747555,1.02963075297097,1.00282720867358,0.989126600615962,1.01756095613002,1.00465110134985,0.990736720444641,1.0174863787494,1.01473937902653,1.04274747701235,1.02745389339146,1.02499918847719,1.01751188381173,1.03243075378181,1.0232250524443,1.00600862278933,0.977564586977502,0.991925200707543,0.973426106984672,1.01445398718658,0.997968004685817,1.00662489298899,1.00355036254297,1.00648357438615,1.00326294407566,1.00244693358637,1.0038573733303,1.01600557013731,1.02140768554978,1.04425388715217,0.995353393858294,0.953429213703779,0.981839659769075,1.02973349540471,1.01412646555952,0.999123224914193,1.00803503498373,0.991496600659077,1.01911313216821,1.00614047925394,1.00695836959198,0.97606898302921,0.98470296847949,1.01552584372494,0.980778234288153,0.998830879475733,1.04839734609234,1.03397682290196,1.01391127725735,1.04037067834348,0.993958463079317,1.017940816492,1.04546187328248,0.967792714657158,1.02285350837816,1.01152846936129,1.03565327604312,1.01948697992448,1.04583092380833,1.02286653539028,0.981682508012652,1.00597390134251,1.00126208046734,1.00977150591757,1.00672853953217,1.00268255892447,1.0555568164134,1.00034971071843,1.02143672404456,1.03715914568559,1.0289279542067,1.05692372598559,1.02213951251696,1.02231887572665
0.684125682553157,0.791225196166417,0.848925075656154,0.894646024760182,0.918836368784726,0.930854972934067,0.967488062105779,0.957829476647346,0.937596978808756,0.961921437347056,0.997256772428406,0.981058076692206,0.94451414486194,0.947853777548685,0.970559213282175,0.976286843432243,0.949958304340788,0.967670798155257,0.990550038462249,0.983833649105936,0.962749735989444,0.985508065348871,1.01815071673168,0.977553766507748,0.976977432899519,0.993347886634477,1.01649586336813,1.01123781747328,0.992051233498541,0.974199902782917,0.983070370658562,0.974988678782955,0.97491277846885,0.998733613972656,0.996108843461389,0.996504166067098,0.991328216524835,1.0071051454017,0.996734937248875,1.00306565379154,0.995161562144863,1.00641170597148,0.971966366365812,0.974970196800914,0.965370244491018,0.997760799452049,0.985523124747784,0.99655595015533,0.99817239292173,0.991362128352952,0.995059819560271,0.999192045780451,0.971441374584537,1.00198300497644,0.999574510087332,1.00624106359665,0.965704470378383,0.947913370775554,0.965056701845346,0.987663296596649,0.979735064433479,0.973410263816677,0.999081334543527,0.984420327155145,0.991975240505089,0.996964979955813,0.987743741932705,0.967070460391995,0.959030374808335,1.00780491370146,0.985024106725005,0.986874435254185,1.04283304369269,1.02156773444719,1.01292884414561,1.04371688413654,1.00556339883018,1.00324613354049,1.03437781571208,0.971311271782487,1.02084907342684,0.996186662401987,1.00983160021628,1.00645447775535,1.02044743340454,1.00493209209123,0.969630958111428,0.979646847105747,0.981450378925368,0.984430338935874,0.980369850628352,0.968550707222213,1.00864830485613,0.975967365572046,0.992780430206547,1.00415612183314,1.00733644730242,1.01862000362618,0.990906453440498,0.996352571858014
0.166297056678494,0.329158092621219,0.431752187828146,0.611612584969705,0.681758433444219,0.76014172336472,0.832495720349489,0.857292971333254,0.866693418255525,0.894978161512344,0.903375227062682,0.923767413302685,0.960414318933154,0.923306586734347,0.902770646124139,0.933419884237139,0.914924498614719,0.90758132431896,0.921961327521942,0.965251469173896,0.972938401530927,0.9589899800653,0.962923146475856,0.972743793607798,0.994683104796613,0.928715189472181,0.94150297671982,0.964795365834487,0.978100616650897,0.956411744829797,0.962327952696535,0.980876342952867,0.98439472837528,0.970716804460348,0.965270705950318,0.972988573620516,0.990242640919425,0.991149649940949,0.986646107773375,0.986222137114966,0.982762646855671,0.990410821279699,0.975788283156895,0.96433171640873,0.961860623058653,0.969709950098119,0.965818391284023,0.981694413311365,0.981675628702689,0.990401906870748,0.999438681942912,0.991496455839335,0.983875737958036,0.984789929058241,1.00713542347551,1.00340890869625,1.00409193206607,1.00882429239055,1.01813540933225,1.01034317962598,1.00336555942589,1.01502438700686,0.992462453937639,0.986624903309104,0.988180534171933,0.99526379427529,0.996277659767441,1.00916205824046,1.00843001000099,1.01125282487522,1.01629710908715,1.01455266541367,1.00921235875403,0.990427217169416,0.988147738726185,0.983831593393659,0.980166069339638,0.979627377871885,0.978334482399148,0.972763324907011,0.987171640203646,0.966372853841332,0.9873717438009,0.999051080586601,0.998084335448089,0.994253215300303,0.983193920810569,0.984468973139899,0.97871935673082,0.994561386662128,1.0057831989316,1.01692806166059,1.0157022899887,1.00137371872821,1.0027620951759,1.00576198350553,1.01088156122466,0.990597722129306,0.999455876125169,0.998761705593864
0.200553079425509,0.387258360729084,0.5284317577119,0.631261889849516,0.771497711371683,0.799927559895206,0.824870579821808,0.851435791949033,0.865820507354253,0.899959407796363,0.88873869499045,0.929898770389119,0.958865508703609,0.935487501367532,0.93669753222367,0.965461625482197,0.959413435231868,0.959395980877719,0.957129348975891,0.990962088392618,0.9655245771666,0.948471834642907,0.970928600126923,0.958547650676361,0.974566004806815,0.955509308962031,0.956685279491207,0.971025208443618,0.977300351376421,0.965511567100292,0.976426747102405,0.95094921833838,0.947900133294196,0.97475456026375,0.975890613487408,0.982780545784002,1.00036578726377,0.987891812298314,1.00469741463798,0.980169017362808,0.990333162575057,1.00804111697216,0.994977204554415,0.986931202953991,0.977774795605986,0.985124680322534,0.977328808411729,0.987301599937008,1.00516418654796,1.01472017512084,1.0130312070671,1.00796146137062,1.00871159953977,1.00794376850236,1.00874268722686,1.00131491414077,0.992906166223621,1.00634743343529,1.00852399766818,1.00732163409568,1.01524616781475,1.00395458881177,1.0048774608415,0.999105358842176,1.0067887772843,1.00156556114589,1.0057984395283,1.00658066696181,1.00672573208251,0.974832421180648,1.01586185742328,1.00406759111827,1.00687638832699,1.01703593325261,1.00776428050924,0.999334999201873,0.985883217271924,0.992107285770053,0.999260287091312,0.994624938724903,1.00061894153054,1.00426076613627,1.00152099858957,0.999983462971026,0.997967359286995,0.994232634498891,0.968627415570312,0.983783492795638,1.00694797068915,1.00631887245466,0.994473690788458,1.00833567165449,1.00073884112557,0.987983741189301,0.994200717396398,0.993105067627655,1.00454865346991,0.989550285121462,1.00650111982919,1.00245728483626
0.108961148296833,0.319203302680099,0.438561690302169,0.544085963968564,0.716345018803502,0.790639995878406,0.840288599381275,0.873583772013666,0.926852641014881,0.946030508650801,0.951054974345865,0.987092099541444,0.973597287069797,0.969563764376629,0.970982516802289,0.98447174566293,0.982306679397274,0.99917301318238,1.01093925536589,0.993267744202619,0.999153559910096,1.00452518869394,1.00190850103351,0.996137605173894,1.00160572777934,0.993897012334427,0.969179608341746,1.00589364213529,1.00863611653257,1.00159202682853,1.00724585432615,0.984254525037087,0.991856470145859,0.989650581666943,0.988509099519896,0.999586590620874,1.01502448917415,0.998867682721657,1.01160852415841,1.02093183540732,1.00955680048838,1.00915503666219,1.0166379818438,0.993283119025516,0.977723336380978,1.00353449408173,0.979008440068761,0.974307991726711,0.986275340900487,0.990083651173962,0.972772157447958,0.968461651659991,0.994560778007184,0.975801493297041,0.99541350831403,0.988340720286935,0.990404338332026,0.992462522138671,0.992806019538208,1.00301010121438,0.990379637858064,0.989498905924577,0.983983703622936,1.00435481166925,1.00758927014395,1.01297135034651,1.01067415445809,1.01561290101889,1.01020152522975,1.00903941508726,0.990387349243671,0.993674711727027,1.01380569316461,0.991939344522116,1.00517064541775,1.00161307430849,1.00919085274793,1.0084078500322,1.01103122415767,1.01904962959264,1.0184275872426,1.01827539976227,1.00779223453538,1.0080443802234,1.01560560937764,1.00736200608047,0.979604996503716,0.972494049951983,1.00916995842039,1.01061734171988,1.00830756979575,1.01912119538067,1.01234463600661,1.01882826537,0.993561010725109,1.01540222024933,1.00269704811008,1.00044491869305,1.01850137385498,1.00467758469334
0.172673344239265,0.395675164051465,0.575704626979281,0.700297815677109,0.775153643365853,0.850889010482357,0.908474802229432,0.940159525121994,0.936788977335905,0.949410639074302,0.970750066980019,0.976671027585153,0.982496765953132,0.986325044688858,0.9790080559179,0.961856196998892,0.970070817388169,0.987073195778919,0.998954123507754,0.985814801995666,0.987813446867113,0.999204962858196,0.984802003005873,1.00314817405727,1.00358733979259,0.995481353004356,0.989326598075475,1.0002380603933,0.987264253912269,1.00018870426937,0.995651555439858,1.01115950013888,0.985403281429424,0.971270710400536,0.982151462705834,0.964834231309349,0.961848750797943,0.989965340674897,1.00255967961077,1.00198112554951,1.01458580819998,1.01561117948818,0.999673199900381,1.00186142390374,1.01033539936191,1.01035461647185,1.00937407483831,1.00963497485153,1.00856718165248,1.01412324336652,1.00045412144901,0.993805840678328,1.00805381563083,1.01276941981903,1.00784106469232,1.00621658434273,1.00312204731837,0.98666655539203,0.992826626694596,0.982442302058732,0.983415368452743,0.997052486760365,0.998313535488126,0.999109231419299,1.0091074182923,1.00016958540138,0.99540242506851,0.985625400283475,1.00138859946834,0.995595826311899,0.99108882733433,1.00300627845597,1.00803895184304,1.01286479279396,1.00515660320604,1.00359173520687,1.0004444324413,0.990469332316174,0.996421724592516,0.996349884283596,1.00423873225728,1.00651790047369,1.00057122363464,0.996198752515375,0.994673691762594,0.999069694305963,0.99257449826297,0.988933392919346,0.983738272021681,0.990033021444471,0.983534735156441,0.987446001988468,0.990310486294474,1.00389076106215,0.986648306901305,0.989810845794789,0.983964414249248,0.972890704620956,0.991352347612422,0.982688979666997
0.209984303693518,0.391694617642511,0.517900204288332,0.636468058129549,0.704366247527285,0.819314365668466,0.874254748585702,0.920219950726848,0.928297656206459,0.947431102879069,0.945502472411927,0.966586005999671,0.967864401048057,0.965093051028596,0.966077684463638,0.977014188955895,0.98442794067815,0.981888193085234,0.980009224866923,0.992934219907248,0.983769216642314,0.99194254363305,0.996323606470621,0.999846460207363,1.00869187974439,1.00648573606503,1.0029965142807,0.995934826118355,0.985776111828867,0.968466296381622,0.968743577210831,0.994632202873268,0.991470469810458,0.95615595358042,0.953931671703627,0.958532044814571,0.970856056623189,0.988710663693798,0.979341773290205,0.968970247061876,0.953095762060783,0.95643264142341,0.968349530041522,0.945695190766225,0.972661559267,0.976988455366466,0.976014781008461,0.982599324297207,0.993368905145443,0.994235795758775,0.996110000366448,1.00356981022814,0.99640592036742,0.990094665592489,0.996576936866514,1.00901691384256,0.987592845191099,0.972470897761951,0.989336512657875,1.00224780135453,1.00234671028306,1.01191562561403,1.01560255202588,0.988861098212017,1.00762576623189,0.992626718928751,0.996501035400259,0.981757223587329,0.987263688593056,1.00355361227672,0.983713658991275,0.994319349272493,1.00015505946328,1.00098597558947,0.994000515421524,1.00295578589595,0.999634364284066,0.991042571141957,0.994848902226995,0.991694125122004,0.988314320925907,0.99898908499029,1.00604344495425,1.00103734058587,1.0075975929596,1.00806426304021,1.00426039546915,0.997289175628657,1.00779705984256,1.00551134039674,1.00360769848829,0.989200117388331,0.993648903934336,1.0001523662892,0.99030506752865,0.996008419361421,1.00672599057637,0.983983235742899,0.975785149473224,0.972071184209819
0.299663972025974,0.484098296715041,0.600873059036718,0.721665708931716,0.782312963424416,0.860992281178319,0.905662129742001,0.933974155860889,0.94109138716018,0.942168514179051,0.938836945338206,0.936503200627338,0.946343998691203,0.956201515865389,0.958604359182039,0.952936557243407,0.974243315104728,0.977230096107695,0.986694133286707,0.98009939196148,0.976284466441486,0.97266092319471,0.979100609181454,0.965355488773746,0.957543278142725,0.96542612212333,0.979586439673159,0.985798884253976,0.996008255215244,0.998912074415567,0.996814439928466,0.999686704264712,1.00972141108576,1.009244729387,1.00218775488493,1.00604674560573,1.00513257536951,0.997223376798367,1.00650337090968,1.00940146685759,1.00554840009997,1.0040059370142,1.00627774421831,1.00006119483081,0.994535800226157,0.98408354893294,0.988877374855401,0.989776167707419,0.981324954296535,0.978122841888481,0.971083575987267,0.980361959992254,0.985632394105942,0.979440555192518,0.984351613968148,0.992588388165824,1.00011244568622,1.00311840144489,1.00728636538295,1.01182304666632,1.0053716540507,1.0017264541417,0.99090550802485,0.987836825186449,0.997867587096838,0.987330724149323,0.998093031052612,0.996352752252636,0.997989295475556,1.00250085887097,1.00221863775122,1.00236378850454,1.00477966683453,1.00888357392625,0.994234716589475,0.982065217808782,0.991004095957394,0.992231925336554,1.00469223957325,1.00086381828921,0.993948851833327,0.999093081697052,1.00535523350692,1.00510426855062,1.00257042808381,1.00240957173777,1.00035052428311,0.988058386243477,0.996963554672657,1.00580955438152,1.00131682483427,0.997921068415861,0.980121233752272,0.970402885456477,0.970157283886491,0.965964105516253,0.97635205530078,0.973780261408997,0.982350779953045,0.982849306025098
0.167274243393525,0.341862700300024,0.511032001623774,0.600682356406239,0.682585983950254,0.731909638222181,0.816256222162471,0.859564544696669,0.875721216718966,0.855699347320598,0.852167758038666,0.865471296043967,0.857169295222292,0.869323963107391,0.906311255167057,0.923127702630309,0.919855663870018,0.958048681266821,0.969999941587468,0.978554541136543,0.977488600295388,0.959190007276495,0.970431088742823,0.938270192249175,0.947002713243822,0.937401695325051,0.948794930793988,0.920636091370399,0.935222496300373,0.945677969765268,0.954454821066591,0.96456564460979,0.976858603145202,0.955042689574708,0.966613126555791,0.962830090632234,0.97110503548111,0.976001559339535,0.969904328836436,0.979930072295905,0.959081105079143,0.978654647529135,0.981788207670258,0.992081927541557,0.982755908505031,0.991092900713825,0.981743104485615,1.00121951002504,0.980947063655821,0.967762223292625,0.963665084822924,0.990766366153955,0.991193537277128,0.996125303782146,0.990818136860287,1.00014628830783,0.990173183961386,1.00990983896253,1.01132402125591,1.0074056739138,1.00495673999795,0.988653453275782,0.986776284275706,0.959363684040832,0.978051998237985,0.955507987608779,0.958480290438173,0.968459479187106,0.991304539977451,0.976414512417243,0.985478134030228,0.995778336846279,1.00230253744854,1.00448311453352,0.990023012231613,0.985923595953818,0.988507814965451,0.988104758285761,0.997567585342742,0.960343140027604,0.96838361426514,0.976692984164513,0.983215200836332,0.981530188099285,0.99068318079403,0.983625458623132,0.974489602437497,0.97360212006249,0.983212764019484,1.00272603476756,0.987285606615814,0.987396447354879,0.968536472577663,0.951639325695761,0.968566084696225,0.984324620780299,1.00983008008584,1.01496033018067,1.01755126607589,1.01093489343742
0.362558324459045,0.539489294789267,0.686897833287586,0.780614044259548,0.856050936748217,0.893866633957464,0.921772067896134,0.951275911827346,0.958082555066395,0.977436828550796,0.973940577506947,0.981618586403378,0.981240366132339,0.988770355127777,0.991458591514653,0.992236156096674,0.992484050423859,0.996283064880572,0.992045468597399,0.995406831513293,0.99230914023886,0.996886055590646,0.999123603186334,0.997011780455183,0.998799096069703,0.988406872500267,0.98821400530275,0.993898143550999,0.999297485264801,0.997111522863031,0.992097466824414,0.995473243984243,0.990433372568785,0.987902220059848,0.991618048899545,0.993832096667157,0.99488710763979,0.990908826105413,0.988276544868087,0.986488105017755,0.990449490556467,0.995194423176715,0.99810206453503,1.00057377167068,0.999292744755711,1.00259876905121,1.00146261582231,0.999383997539869,0.993963546327118,1.00016858613863,0.991306445343116,0.995902364921397,0.997850054766987,0.99456960259763,0.992344962478787,0.993641490551982,0.995162615229928,0.99706935483306,0.994196067615737,0.991368061552676,0.994465701121742,0.989830578736855,0.993436585643647,0.997945451151804,0.999060493148284,1.00165182117347,0.995715269255643,0.994105356974792,0.994413050884709,0.985629438606747,0.986877080617459,0.989316511095452,0.987558385927499,0.985170051116579,0.98464859191617,0.984831089176178,0.989847485139733,0.991306036346989,0.991649395433856,0.993829084174729,1.00052170860001,1.00324251566492,1.003043735421,1.00400129577222,1.00382698648648,1.00256817865093,1.00437268580047,1.00028575659887,1.00076636869828,0.999550598943462,0.996047984931848,0.99712298249085,0.996335896490068,0.993817247524998,0.994948453562459,0.992327158300564,0.994084430789336,0.995034787934422,0.994379491725073,0.989008814490262
0.410702306606876,0.609627442457446,0.708399724830961,0.801676481538995,0.85294525488438,0.891101606289741,0.909292408238531,0.929126807288019,0.936275276481597,0.950899955589474,0.956710555697696,0.96565816901383,0.957847143091875,0.970649965908716,0.972604826159243,0.977516118193224,0.973422792692099,0.971989468335141,0.973364772122102,0.97906644314458,0.979149174130453,0.978212156039622,0.985090825236939,0.982458717845596,0.988275160293803,0.986578978488912,0.990259620103818,0.988306859239134,0.982791956475866,0.982009899800687,0.974763549087587,0.978994713541426,0.983826399188527,0.988684904346371,0.989243296491575,0.996147416769299,0.994085205040518,0.986339551261672,0.983457401847632,0.979348353877417,0.977747955160378,0.977961710029296,0.979581539193186,0.984572310627027,0.982042671936968,0.988138160488867,0.985997427162076,0.980100965484113,0.985607716754699,0.98325389598972,0.986974321853491,0.98547787527231,0.981307015499052,0.978529976102267,0.978852743377403,0.978654344980664,0.983519754647119,0.987569030050542,0.986717480046347,0.98698630564573,0.992276844716686,0.986810451955736,0.984260536017855,0.987281510232146,0.986403353905548,0.983531451262436,0.986002675971834,0.992318835581096,0.991895302592484,0.988729416065617,0.979494244322988,0.977377327797451,0.983591015320698,0.992482506375218,0.995508501123794,0.998132822203311,0.999022807655819,0.998040138526261,0.988439588958125,0.983050388779572,0.987449623969608,0.992130605150186,0.992716038758877,0.988671874383689,0.988175027920842,0.985795236510813,0.981937574330051,0.976384198272509,0.977713948104347,0.985727336437204,0.990074592137071,0.993119630953456,0.990737741518875,0.99060115734946,0.996589325452482,0.993637703788553,0.98966420191869,0.98979243035698,0.993124380179709,0.989682306484688
0.287486804964514,0.409579738943067,0.482575370960303,0.624544960705062,0.690990128866768,0.816020206840669,0.844844993644803,0.853702333826251,0.921987808482588,0.943316075763315,0.967359668018976,0.980484966886085,0.999927368941933,1.00036348687133,0.993841232529253,1.00662815899607,1.01510504725516,1.01174372162344,1.01345723722835,0.991840085621917,0.990524226688022,0.986342863995033,0.986719668973879,0.988403417017599,0.980849170869281,0.990419197914241,0.977024649742058,0.99790328377157,0.997237536066112,1.0094501805223,1.01064685284784,1.00307972494191,1.00456657254842,1.00600006328131,1.00553939246363,1.01133730848067,1.01277497878632,1.01380983894183,1.01322109707117,1.01392722841412,1.01334630681326,0.984938824957896,0.992438629147943,0.985850924106935,0.985604069645948,0.981195922476913,0.991323938110933,0.993117752609628,1.00268758152896,1.01346733414325,1.01607248293992,1.00438398679569,1.0051319873374,0.998612859560412,0.991506892089298,1.00806977136939,1.01369854732616,1.01222979401004,1.0126420366353,1.01376261493852,1.01408217688276,1.0135162900317,1.01278204271653,1.00280229196404,1.00943132245799,1.00193085446096,1.00428258496121,1.00379158129263,0.998818541019223,0.988103793209126,0.981248752952888,0.967314223689436,0.982461329537268,0.991019544533395,1.00431196102365,1.01245092984552,1.01276977974977,1.00641570516874,1.00650122286811,1.01330759924664,1.01338960654639,1.0126262675528,1.01251555250658,1.01219610132109,1.01116026447001,1.01174691117746,1.01233564720079,1.01375161642852,1.01312713718971,1.00495347331014,1.00450559424767,1.00302849896658,1.00410462633513,1.00382699919867,1.01152626837155,1.00550650326641,1.00463088241403,0.996590950949481,1.0063563669109,1.00610228167559
0.241862740286072,0.378690174763581,0.46968348718583,0.560102209039558,0.649210418510179,0.714821251520385,0.751329550424765,0.784023422403642,0.836316033889237,0.864945236017928,0.870097886208508,0.910991536634377,0.937339708396107,0.913782347883087,0.925411136750016,0.91800845970898,0.937538721676746,0.909512567484089,0.922947888242014,0.915683763442737,0.922274932843651,0.921687338842244,0.95607919186957,0.956220591136612,0.954221627366368,0.983381779030611,0.977452936123786,0.997228287468085,1.0134080426481,1.00601038197833,1.01280629682618,1.02000239781567,1.0111402535826,1.01177180141862,1.00406536016118,1.01153152031126,1.01307700134584,1.02057385231352,1.02279789079353,1.02152755043244,1.00451638183582,0.990649673746618,0.996562175995618,0.988043288282982,0.991865832628404,0.982695538030165,1.0056357007013,1.00336944194186,1.01034785744114,1.0137502631429,1.02391339155757,1.0077944325108,1.02134042494252,1.00691524639078,0.999612110270136,1.01323060025878,1.01614797286963,1.02339637945471,1.02443077360558,1.02421193621861,1.01343230371313,1.01835604101088,1.02224717346163,0.997863795168785,1.01079833758784,1.012354086598,1.00288396816101,1.00380878478332,0.996683295200153,0.986149598429298,0.978986645478247,0.970452160268034,0.976694977991024,0.987843222495468,1.01096216004854,1.01671485625405,1.0087623038954,1.01048593449686,0.98843684672419,0.996788792631296,0.999270118072848,0.9922184169242,0.990745547147162,0.99162783900154,1.00994083623193,1.00176364825887,1.01070704676981,1.00111701531487,1.00079486136893,1.00884427179517,1.00924290482795,1.00924571612731,1.0089056641507,1.01970541546446,1.02243033288068,1.02328751253307,1.01074707793665,1.00015069384971,1.01272556553728,1.01236092142389
0.214842533835695,0.330374427550454,0.449053156974894,0.55515194763889,0.65343114864446,0.71359930166373,0.781341350567325,0.785267551927993,0.827740714235445,0.855005383781552,0.869461753955082,0.904638406276334,0.937885314293238,0.912460826909592,0.938020673976803,0.941818635755073,0.945399128834373,0.927860696812477,0.945549300863814,0.94570806158326,0.951538077434393,0.94379147352136,0.957666656250627,0.949792532070147,0.958786813290773,0.979174305594732,0.981811053047416,0.981324372406424,1.00441611567049,0.990346431085041,1.01117987323262,1.00163912929015,1.01056246349749,1.00965888650719,1.00269358805283,0.994524724386122,0.997572782775712,1.00609256423235,1.02068168328273,1.01946630179108,0.988108377852475,0.982786069843702,0.987443735658845,0.993573951396871,0.9906749453626,0.965384422591381,0.997244435329648,0.98194036673038,0.998363533780544,1.00879562059492,1.02363661452113,1.01028641475897,1.01860275577109,1.00608842827301,1.00573176791727,1.0199316644227,1.01378156030385,1.0206244795947,1.0157543867463,1.0237620800117,1.00794262223839,1.01821442822479,1.02388898233355,0.998488532277095,1.01289210461372,1.01400309304005,1.00551461484812,0.998913021091464,0.995956462308794,0.97527087570362,0.980984859569395,0.972067694033341,0.976532486288472,0.98852057633189,1.00214819878682,1.01817851031883,1.01041760838193,0.992865746273862,0.986435905193857,0.98458647401963,0.991023491913339,0.992454029335163,0.983106882594741,0.969257355894925,1.00078394627756,1.00144478476014,1.01263362843061,0.996235151496925,0.996327047375814,1.01220478830273,1.01954106699605,1.02034646080153,1.02205727686427,1.0192194009953,1.02040950374462,1.02253722903988,1.01521116480988,1.01294138840301,1.01326225786743,1.0134056417153
0.267422459634705,0.309546036510815,0.437324012659844,0.543827595924814,0.641785072828439,0.733231657284959,0.787098284829424,0.814041785882169,0.851831643315199,0.864541658035221,0.877162116626305,0.904270412156405,0.927725707156795,0.916495758361682,0.928916412651937,0.945227751657079,0.956323802909471,0.95195713107486,0.972960914678602,0.97424296281497,0.973681257392734,0.956593027187212,0.973614900977333,0.986680470230191,0.997605314224167,1.00490936811471,1.00589595025854,0.989749152280918,1.0134546419125,0.991028351329735,1.00532956059656,0.996819312591729,1.00557096728599,1.01327131516762,1.00676215806115,0.99116142182371,0.984600900400233,0.986339174607913,0.995508882223227,0.982468252333834,0.950473911744881,0.959026954230441,0.969969913101396,0.973106285419856,0.971122686075844,0.946256375178485,0.974371886109987,0.947830820052857,0.960111480232923,0.96446289936689,0.983051116678958,0.987032550402028,1.00031641629036,0.991884707578392,0.999453005995522,1.00040661898032,0.983876898648254,1.00304285757085,0.990320445123836,1.00237331418593,0.993572249519621,1.00761818816835,1.01113692252217,0.994800038075153,1.00779961143797,1.01136746690611,1.01026168461275,0.98718421415651,0.997558815389758,0.987360671528624,0.998943588649803,0.991509590851466,1.00103163443042,0.993616594965815,0.990315832246873,0.99879888966313,0.996317725556322,0.989882466895,0.99098478352049,0.97616683158705,0.982204444766778,0.981038433993487,0.97689893749733,0.961471853933638,0.984200796252403,0.999276755010502,1.00552874803643,0.977800136112122,0.988198062894747,0.993690999038517,0.997997177339542,1.00663725940056,0.996627885386031,1.00375961707094,1.014038553048,1.0137593779877,1.00754394114288,1.00383960639127,1.0121863870385,1.01317026848956
0.294911596022719,0.36308566840355,0.495804050998156,0.617099583164812,0.728060058622977,0.811132636300806,0.857326747311762,0.883855333786015,0.940100907908426,0.938662957950224,0.95703001782838,0.978231633492079,0.986434318109624,0.982997444722079,0.980078861239556,0.990233797107992,0.997493404963599,0.98974286586587,0.999476161712586,1.00321866898093,1.00489946884579,0.985177816188229,1.00093505881967,1.00811337520349,1.01232501328871,1.00997333483739,1.00290455050932,0.997750943464431,1.01073785390964,0.998341392722911,1.00270903503019,0.996874427801404,1.00249550169017,1.01152041682982,1.00586930894721,0.987663486410502,0.983989606689745,0.982216439729312,0.991463889823392,0.97434830657489,0.953193612094933,0.960252609504077,0.966492895696049,0.968515300660699,0.965621404859232,0.931322688734365,0.968226683663027,0.943070694704652,0.962298249264615,0.956013956626649,0.972839390020455,0.974947622085671,0.991708811616883,0.969550082624773,0.988878819314681,0.992926737713142,0.979293933735006,0.999139788031739,0.98516060764176,0.994747101389976,0.988564283547331,1.00270421402099,1.00525356295832,0.997583437834901,1.00506463575587,1.01419890692525,1.01391163586961,1.00737570536431,1.00401012042436,1.00018756607325,1.00599111716324,1.00018719870431,1.00619244876942,1.00572755122313,0.997500037844538,0.997378382569588,0.994588190434723,0.990550508251117,0.98949458473723,0.969275359150975,0.976867443963064,0.982154316272668,0.987553549794205,0.969783626625255,0.983747542113763,0.996759362982115,1.0033758947129,0.982762223565045,0.986724843322147,0.985492498505205,0.997024557064118,1.00422636668731,0.98900852585357,1.00224035346465,1.01108904588064,1.00908686355511,1.00442911071367,1.00061445102821,1.00784214234645,1.00726873099883
0.303490751606563,0.383297285324892,0.500071206805275,0.610653030931943,0.691396746614386,0.768554222935622,0.777685937450877,0.808524503057615,0.867407586107874,0.873651182597572,0.884346550788624,0.904446852928438,0.932810510536243,0.912975664658671,0.922425457773834,0.946051135855647,0.975079621639217,0.985426936789365,0.982919960058288,0.993614218685458,0.994205238838566,0.993935743887631,1.00502143396922,1.01282964325673,1.01512488517189,1.01367357250442,1.00819446200077,1.0013637157428,1.01423039590519,1.00056714426192,1.00469896163177,0.998919132651201,1.00518127940929,1.013142517784,1.00256414573194,0.991861578936552,0.97525318714556,0.979967664716534,0.98741113544229,0.976203067651632,0.959002580037007,0.965598592396197,0.970983954052938,0.973729667510121,0.971490909398756,0.945863518956702,0.970470517691631,0.950990468191439,0.967209147828729,0.962650374161695,0.981110533973652,0.983260097526965,0.997464008387168,0.987571032095289,0.994713256770303,0.995127102018507,0.983728805713224,1.00307063420983,0.997348463269295,0.998762331616168,0.996643922560001,1.00334742559583,1.00571772813767,1.0049484230169,1.00564137289188,1.01553879619822,1.0149293056432,1.00775984429758,1.00459040554096,1.00116741222117,1.00779063447641,1.0082578924216,1.00830207040049,1.0074412180994,1.00647395893456,1.00696765217665,0.991446068374567,0.993627678642526,0.979690496472586,0.977217591313348,0.983363282068718,0.989372265354726,0.996295140456624,0.97892703792968,0.984348554530168,1.00614854874564,1.00518946951907,0.98686436220187,0.995057610184663,0.98876545097409,0.994823545137907,1.00035838501592,0.986116537508253,0.990980986023384,1.00690184607631,1.00402855840025,1.00619361837961,1.01098953206136,1.01101352211431,1.00961883023511
0.274478312313927,0.376420096189043,0.480907492414141,0.568968332722785,0.649178529507934,0.748749100664742,0.779224856970718,0.808456762770896,0.845056427429039,0.85227202323165,0.831853297862288,0.87688960594517,0.900030676226301,0.888263243455472,0.932270733685097,0.934814238908742,0.970847184526718,0.989465604837959,0.973067449878004,0.974442996522048,0.965824263034169,0.98735998515248,0.983102139531986,0.997449194132208,0.998743468445755,0.994809027165576,1.00619400292038,0.993914308805633,0.999655014767394,1.00059335545978,0.993727863381377,0.987431702664736,1.00727135455744,1.00776861522752,1.00862587698533,0.989168919943717,0.970599900209666,0.959386009701803,0.973010010277002,0.967414606165065,0.945447698472919,0.95784274461211,0.971098832131776,0.967960389246293,0.959435127258524,0.947431644612738,0.968006884839624,0.952962037880643,0.96551341923528,0.977622732756612,0.990277736328683,0.984129277350026,1.00051731228017,0.993716994725621,1.00696506897683,1.00116465365041,0.99160241650567,1.00110378826058,1.00227371123914,0.996129315137936,0.987310290800796,1.00905589347622,1.00811530718895,0.999300115557153,1.00788968269432,1.0170001394747,1.00958666935243,1.0022756581609,1.0053684519823,1.00149693054896,1.01519920182693,1.01520261866977,1.00152496490215,1.00773846494833,1.00912266325569,1.00785859737839,0.999255105261122,1.00038789992542,0.992521686816749,0.992767993415598,0.99204276834212,1.0062621837621,1.00460308974601,0.996109312127599,0.988100465350438,1.00765718866686,1.00449354621506,0.997134747316524,1.00113603417872,0.993904214249452,1.0008747925438,0.994570777669594,0.986404097449867,0.998866794666452,1.00243719527279,1.00867950510174,1.00890853083848,1.01600458679573,1.01480384606101,1.00494872678088
0.278194707396795,0.397611843447786,0.503579276450098,0.594105028644412,0.7145449887585,0.760028041362367,0.765064109454857,0.802072310687659,0.814928367810147,0.817921806994166,0.789921254862481,0.822389831962215,0.815153797875871,0.796128484516445,0.873605566436233,0.874407446436516,0.907823026285039,0.934057110806002,0.900428074021348,0.894408539773306,0.861244817457936,0.899322439837932,0.925489936347395,0.922068038713068,0.916604264266608,0.951990963269371,0.949288911142115,0.935655125159589,0.903542435156744,0.916959738809969,0.924724834032367,0.919416226622795,0.933331268783086,0.927206122579665,0.929824634337613,0.960379502760092,0.96916311307035,0.937872789568559,0.965029276944824,0.973509802862153,0.957165753580074,0.943466208845597,0.967121597770755,0.954846973385888,0.929000896223003,0.978180982740377,0.98582396638951,0.981335893883552,0.970341178644551,0.982185178041324,0.990217386483782,0.979751523119538,1.00987500442041,1.00161671624544,0.981032735872383,0.981627382077341,0.993619786427367,0.977000101843978,0.967017193817185,0.99515904915107,0.961302323148763,0.984286989290014,0.982662634041395,0.989843755753253,0.97699973798142,0.96145199869115,0.991816459947516,0.971791833904506,0.992031087692539,0.974679621289235,0.989715200212025,0.992626910498649,0.969391760950475,0.996666708206683,0.991933334682843,0.994650003206286,0.961447813251229,0.990814922147893,0.969019439264911,0.983216042982678,0.992873069324696,1.01224537648707,0.998635517584945,1.00160535179712,1.01446411839587,1.02224735645567,0.998191914321206,0.995649049540534,1.00494225885212,1.01038597818601,1.01037103885372,1.00030577687142,0.999917789524369,1.00210871526678,1.02500456692373,1.02322007517488,1.01836150718077,1.03023382828304,1.0031787852403,1.01020365447628
0.238326576916805,0.378043645338996,0.463371377797679,0.548339633905111,0.596200627272032,0.632521605500165,0.675972852195548,0.725097118403478,0.746604286284597,0.789681729695477,0.788880973206071,0.772128283015642,0.766560140109584,0.744890020862309,0.835440679351304,0.848382618849764,0.861321288980937,0.895004808007966,0.874022469156065,0.880819471932643,0.833758904340817,0.864659796730909,0.898048480728657,0.887692909350147,0.879211547506357,0.904479323897063,0.903870186214727,0.905166864380569,0.87315639934681,0.874954524811005,0.920829787480992,0.908275055917527,0.921975434036823,0.909914475358137,0.919196015961538,0.952431149182317,0.943148535566028,0.931115547039807,0.94406152324759,0.956231761421498,0.940432339915878,0.911233802073711,0.927411089913226,0.927825972142037,0.921467153114356,0.966310120024588,0.965058401513656,0.975484967323396,0.953163196713217,0.971735825268756,0.966096601759216,0.957332263733354,0.984904144412762,0.985504752595821,0.95436461902088,0.954377222380836,0.970277601111081,0.964643462087466,0.938488126352037,0.972377520346042,0.959496202706769,0.955364358935282,0.97523474537633,0.994242234713794,0.973065777764512,0.971890431272176,0.991961772998897,0.966220259868714,0.983620811236409,0.962243723672154,0.972049866244866,0.970024974837974,0.925309332792294,0.965871914663861,0.967912557631245,0.963553842101647,0.958527806570413,0.965901131776946,0.955410921175357,0.986768110442579,0.998057698043898,0.999319942167529,0.987400320005395,0.992286415369589,1.00395344064034,1.00593363165548,1.00170030615649,0.991958087989153,1.01114578298064,1.01158292200437,1.01177189164471,1.00002858510761,0.995011403909766,1.00402931312857,1.01843185181702,1.02377600243268,1.01667014400963,1.03509521000082,0.994969349514732,1.00360132316244
0.187878494917212,0.349616714320566,0.490503765792021,0.674141909332969,0.761521555310342,0.835869320016467,0.88855367619107,0.914893405001583,0.908308413840881,0.941306518844801,0.956904886252132,0.929961517121265,0.939590804589855,0.939583091557266,0.964051856410982,0.954150446533575,0.976580749078051,0.978691935466427,0.940173414068694,0.963658066243855,0.945271474167733,0.957838683214358,0.956124584700416,0.944872438432812,0.937191052719726,0.939103277688457,0.936460152281119,0.946562904100997,0.937782600904673,0.94456274406708,0.979030921274598,0.962403252795683,0.974161734861427,0.971282457760718,0.992062689230236,1.00122318670785,1.00557744751872,1.01349456659682,0.96994294356895,0.968068257260228,0.985068158023686,0.951754141758738,0.943176190589,0.941826752838475,0.957858291939161,0.943974976601455,0.953303309773975,0.972297477174785,0.958518448697651,0.986899939921304,0.974370849629844,0.987837851873854,0.984095233384273,0.992969144182767,0.963865218426757,0.949885089224502,0.962542491313744,0.96897050005578,0.952344808912071,0.969293891215447,0.995078531154276,0.988637560749433,1.00646881007589,1.00447856393701,1.00590234092485,1.01158253392235,1.00022130665817,0.98697492198897,0.988945464440616,0.975669538283221,0.963170458556461,0.962826554249955,0.942370537492444,0.959125941807908,0.965444634173872,0.983511158768897,1.00629831961248,0.991078688733555,0.995243126248504,0.998734758434146,0.994307549597846,0.960045782006877,0.963997731187072,0.981622889633045,0.981835180188193,0.996054658989677,1.02399417989686,1.00104870709021,0.995875815188049,1.01565053655595,0.989599368720285,1.00316476737132,0.999122123302047,0.98488989285678,0.987735759122563,1.0046112367419,1.01543114507942,1.00709529876745,0.985403155723374,0.978987413112551
0.239031260010321,0.411710150509439,0.558932344416212,0.687152264627467,0.758662473017658,0.84067977565816,0.88643617742044,0.916823948459978,0.946741531784922,0.953485855772469,0.968690151867819,0.968918133891531,0.97927834473389,0.985518806609794,0.978290180771644,0.995584210087927,0.990567614281848,0.996467490356673,0.990707176103779,0.99605090515948,1.00084434999705,1.00509490821964,0.998793534053594,1.00131123775968,0.999494268818741,0.994220960203402,0.981656686875524,0.997728367452541,0.983151026448968,0.982101634075462,0.980313386567316,0.986564123356967,0.983004887087457,0.98398821636777,1.00495535037664,1.0121546508927,1.0155363954512,1.01180220250205,1.00253093746272,0.991463251265166,1.00085181911945,0.984862981153984,0.991768462606297,0.993880188528517,0.992760707041073,0.993304796293742,0.987675382650998,0.993302325542999,0.996586287906634,1.00461813268096,0.999801201807458,1.01637763333161,1.01139029095642,1.00294125124192,0.998653220026684,0.991768563067045,0.996047491202977,0.995014949485892,0.998939172851869,1.00048467597851,0.997749237863097,1.00702907827446,1.0107817310787,1.00365129191784,1.00348006644286,1.00793281583801,1.00084432319741,0.999390142439949,1.00269157887435,1.00047712342346,0.986882948438509,0.99350129030531,0.994128512427823,0.997659944489838,1.00573292073783,1.00906122765632,0.996052666656665,0.993536248278593,0.995087983029372,0.993091459940565,0.994191300636261,0.993140578480017,0.995851035159312,0.999105951136524,1.00047264626309,1.01140526915728,1.00796245346324,1.0142098383273,1.00693910326416,1.01233389246332,0.99568904924459,1.00498754955973,1.00396911934474,0.990830820895019,0.993178128242894,1.00275756114724,1.00369553680948,1.00323877001747,0.990761432883386,1.00580474116216
0.220735547120438,0.382229558111567,0.492315009749868,0.621168087537649,0.668767636707282,0.750259089779341,0.811167491106258,0.824709936208253,0.837640523572303,0.859838835998905,0.883135551621061,0.906023226920672,0.917478822276998,0.927895061293081,0.932658662946884,0.94312217505469,0.954460555251627,0.940186053464608,0.953634523701961,0.953247697642966,0.951540821140918,0.954363873488892,0.954054713751302,0.955941521962218,0.959868803807003,0.948794441528815,0.952642005201146,0.959242846956457,0.961752900576687,0.97068627643246,0.97832744562426,0.977320015250503,0.983315468428936,0.973007524756394,0.971873931569189,0.960208505995437,0.977773842091696,0.99149957357374,0.995969672340832,0.988608489055665,0.990432940540365,1.00133452414768,1.00004593922451,0.987252183005889,0.987260935822162,0.992039778244078,0.996711509107395,0.996493971618587,0.984519371541596,0.983358104296469,0.992309894955283,0.99792323229843,0.998732562329065,1.0020215553738,1.00531946731543,1.00351245490505,1.00476527743306,1.00114241249437,0.996736342569244,0.998914242236861,0.997273756684173,0.990398368036813,0.996596187647687,1.00369677736033,1.0020499503622,0.995739381225259,0.999340349077621,1.01039349248373,1.00531368288271,1.00690757594755,1.0021902690459,0.999737011177107,0.985496571805213,0.985621221955447,0.987202909306309,1.00471713229772,0.991711334488282,0.999030240617714,0.999835519695545,0.992166882766732,0.993086686746879,1.00780802624481,1.00068419969318,1.00641656606686,1.00617435970408,1.00239338249539,0.998561133820327,0.99144969367464,0.993032371464608,0.996131920939806,0.992084347031606,0.994722426688663,0.99462316312725,0.986534467307777,0.986003309944897,0.985067835558943,0.98687758417456,0.976329946077237,0.986961077079764,0.993003272143587
0.172500278667538,0.318574909289945,0.462570526115871,0.553809929787329,0.607338202400915,0.68775833718381,0.731917275087442,0.73724398739375,0.780124746744407,0.785084149933119,0.813393950340662,0.846739476082041,0.862067287280836,0.861189714751236,0.871836678999681,0.856325577496755,0.874549464939783,0.872100731731501,0.880821425426797,0.876767252209894,0.884881407550096,0.892708254039053,0.88156166681433,0.878821997973271,0.899203272858241,0.867891676112833,0.898630757976974,0.915020251952979,0.92112933837326,0.928669671790074,0.920419871377871,0.900393521147803,0.914797150092369,0.904648416865704,0.915812656254724,0.933409788095781,0.951003429025726,0.941977634841855,0.926031972684426,0.937696854744288,0.939459039927562,0.938737849494072,0.949252279306727,0.939041799047411,0.94249281625849,0.954043685905253,0.965469503180905,0.968500128415744,0.95974099694968,0.969322490309723,0.971336019235447,0.969690717156874,0.991848352487144,0.978579126409443,0.973960570612222,0.983286120767502,0.998061224528754,0.998653921660938,1.00172827716657,1.00492913419001,1.00158547889155,0.975667707512282,0.987890404945775,1.0018550012431,0.990807707151965,0.997649499564418,1.00144540427418,1.00601644970041,1.00639510109358,0.997100559498744,0.990793803001826,0.981095864749238,0.98192851419173,0.982455377108612,0.998584957171333,0.996254498001652,0.994406868334043,1.00651583053807,0.999304558717019,0.990537142067784,0.997210344109221,0.999057670396384,0.987201289271705,0.996165884757622,1.00664387762366,0.997169194225119,1.00754252544223,1.01149201633231,1.0157341727157,1.0164029150102,1.01051335320995,0.992747523190133,0.984551372002426,0.987193988249883,0.993126227730094,1.00269511960491,0.986230654813533,0.988182148098549,0.989396904023358,0.99127916470952
0.298058410873848,0.448361546525693,0.574483909566303,0.667310757393068,0.748133108712756,0.796219293962196,0.81252367867789,0.851435542160428,0.866038471375944,0.881512631170623,0.902123651404722,0.926267761283145,0.935762415204019,0.94930513419834,0.957825731013536,0.951919342140527,0.941534325142292,0.944909380399263,0.961141936262055,0.966068253377854,0.976322300594056,0.980753812766356,0.980649491338488,0.977400584464447,0.976202080282529,0.978419801303594,0.982216911501574,0.989177879856361,0.984153481594643,0.989013209938578,0.974289490656707,0.970429961906195,0.970556863357444,0.966478967048998,0.976564792250806,0.974919793359473,0.979425254180747,0.975129441742157,0.959411413342602,0.97184328631053,0.97351168769083,0.967790263041642,0.974660192518823,0.968103099117081,0.97166413459966,0.968112233287619,0.971571676076591,0.969712538194804,0.967510661600341,0.958202991453462,0.973309738226537,0.967750316712946,0.980264151585537,0.974442311724508,0.967539902683792,0.968684864676209,0.970628333886422,0.967305310224369,0.973510511182128,0.967742384879619,0.96700256743088,0.968086564338656,0.968955448858229,0.964969406441628,0.957241590712284,0.97228665008114,0.969359560691124,0.979203650880549,0.981254599045146,0.973927400657233,0.978027510668778,0.976084760667948,0.977969755479533,0.985743331148311,0.992738301381824,0.985879108053102,0.990483894021177,0.990056860860383,0.993510195715143,1.00198519211466,1.00155693947343,1.00096394576361,0.991167940295984,1.00047410655107,1.00335864878397,1.00227424102472,1.00758517821213,1.00502645161575,1.00815129459917,1.00818137475441,1.01094881275165,1.00919273925056,1.00718021755999,1.00543769409661,1.00351709118079,1.00100424059406,1.00631555499,1.00597310572195,1.0028131069054,0.999382315599984
0.313943613897193,0.472167824979125,0.602170015309997,0.69377515925736,0.781530894205151,0.818357584911952,0.859915848201451,0.901061289896591,0.929422745329759,0.928251176904232,0.943205876271073,0.948618616105225,0.951944728992802,0.964331786687249,0.968468657880712,0.969284846197036,0.98340081930968,0.981198634144234,0.979631119059688,0.981109687506869,0.994324683796238,0.998278906282086,0.9951297296433,0.996086938932518,0.982348522262222,0.982861299695134,0.987528175379712,0.996536965537021,1.00417121260308,1.00259819357029,0.994373871891164,0.979951481555404,0.979605921008886,0.969796803745741,0.983351627665137,0.984831590307018,0.978694023749741,0.997000856937458,0.989753314999246,0.996145582666842,1.00042168317415,0.992091089317729,0.988754439755129,0.989595586491463,0.982832469943164,0.985515056349928,0.993040362455082,1.00499716468148,0.99979166405187,0.986641212402953,0.990771396774521,0.989950471798827,0.988218548661687,0.991049814137016,0.987946725985541,0.995662657545555,0.987890590689857,0.989725597047888,0.981966901004402,0.963374494297983,0.975945783058473,0.985377373800666,0.994423315840658,0.991161436412083,0.973495342579293,0.984125551060756,0.981026308742995,0.979174599449581,0.98236200702608,0.99119147037677,0.991595594972531,0.994256162800026,0.997377188975504,0.997692061646903,1.00258203546194,1.00038483145344,1.00232558521567,1.00792671078723,1.00829218884984,1.00325904628531,1.00740502691651,1.0000330017699,1.00409931209233,1.00370408939168,1.00267427169833,1.00307007501503,1.00170100597729,0.994989192199533,0.998187396583408,0.992950610793109,1.00548999431663,1.00125887007053,1.00732494930427,0.999989754768366,1.00010961104739,0.996042251717017,1.00163092727782,0.998009325326091,0.994707918550132,0.990112534782955
0.428791979481679,0.597972204414891,0.711189910905482,0.775310943045147,0.832296072852147,0.868002961942501,0.898863878793223,0.910922503641446,0.938898462527345,0.936308024628467,0.94641452817438,0.955470004524729,0.963583627810142,0.954588466955768,0.958754802656135,0.972592426567352,0.96951356193798,0.971456607205029,0.970732798319958,0.976653078456282,0.987178621744909,0.977461920022241,0.981197196321684,0.986247273957768,0.974079573321191,0.976608312509239,0.976669002353032,0.979566235156362,0.980339795247901,0.985261550254552,0.977589968382891,0.974674911472877,0.97853653075506,0.982504878801629,0.977796599224448,0.977610452537507,0.979839625990967,0.97741213343642,0.972585666173481,0.985090095725996,0.982754190000779,0.982164436337162,0.977617308448037,0.97440658419684,0.985096998369935,0.977579214426061,0.983879641799124,0.991755065489828,0.985077356048262,0.985705034542361,0.982154716025796,0.979070957324704,0.988984007463983,0.984560313076438,0.985114240115505,0.987779961334164,0.983558279714111,0.984861043923567,0.984432749125682,0.97804058202344,0.973735141159183,0.983416881639762,0.98728903591456,0.985098627455965,0.988943323714822,0.983314530591932,0.981485179098635,0.985229595716485,0.986841673751239,0.988392359500872,0.981013971055835,0.984834201103382,0.992972081160397,0.990309676359037,0.9930431983196,0.992814133065464,0.992808684734895,0.990186771231576,0.989980660100781,0.986869469545763,0.984664334553913,0.990883038657792,0.990691887213883,0.993297667999875,0.987262433119406,0.987204161735849,0.990429677241217,0.989382843821008,0.988561964338538,0.993073414691574,0.990030708940982,0.990478838293361,0.981842755463304,0.984213388076017,0.985616259321627,0.977275756903108,0.977299896726531,0.980298530215273,0.979772586531672,0.986506037278273
0.33506530099873,0.522924487717376,0.651132022062917,0.736954563160795,0.808465226013354,0.838067715814576,0.891182851330723,0.918928352711772,0.933034236188029,0.950877363902476,0.967280519256172,0.973946061554421,0.982118617320878,0.976807320365879,0.98211165005972,0.989998179581576,0.993347163393001,0.992009278501662,0.998077652908482,0.996421714085013,1.00295699918564,0.99913881946444,0.996036363187439,1.00094459970633,0.999346226393341,0.998740118956977,0.999786093635368,1.0045345981454,0.999963288321532,0.991450284972567,1.00059503064496,1.00529255472041,1.00296098163117,0.995137048601919,0.988696411080706,0.994170084684232,0.99351600616387,1.00316776711021,1.00643813485738,0.996154589268769,0.986693531549049,0.991614828910181,0.996053264533585,0.995123747596783,0.997046064130945,0.989790152172377,0.999946578125214,1.00198783343226,0.998609998535194,0.996104952359835,1.00035752775853,1.00412064777298,0.997665595216603,0.999625550591671,0.995521156980006,0.999671212416062,0.999527136024435,0.997330889065277,0.999065533508207,0.997208183031087,0.993538328047824,0.99596140976966,0.998158755452898,0.992008090930527,1.00124526107372,1.00446150406663,1.00372106868078,1.00458541624331,1.005491767104,0.998416219699199,1.00047977181602,0.994378558033559,0.986884727738688,0.986218710122199,0.996718101543114,1.00013854265765,1.00236128754709,1.00158791783436,0.994508448588854,0.997175371746939,1.00410555951457,1.00579523699233,1.00257308478141,1.00136898983464,0.996913905061337,0.998135570851601,0.997539308671865,0.999093618555209,0.997990279113441,0.999262992599515,0.999942662908514,0.997765902525682,0.994529058810179,0.989864310851922,0.987726823272355,0.996121035639119,0.997411006662059,0.999359082432892,0.998824601924407,1.00287744982451
0.547076553137823,0.689591564203166,0.784394388284378,0.844159390488353,0.891617746193374,0.923794384641741,0.949529479292205,0.962250298740658,0.975236457258567,0.979955432997536,0.985346570100769,0.985286797755644,0.98709981299483,0.989241407727818,0.991988468289226,0.993304954310169,0.995774255719349,0.996015009482983,0.998741157681383,0.998944023005043,0.998345833428845,0.995746758293142,0.995922115609921,0.997409612705954,0.999958853887873,0.999755904408294,0.999183804900497,0.99728508376416,0.997974641948794,0.996658761333524,0.996317850387253,0.994123356553664,0.992683234400715,0.995255858678997,0.995838420883136,0.99398998067515,0.992702039246864,0.99320081820052,0.995901233898781,0.994156429100741,0.996101364454113,0.997371660484964,0.996208877489637,0.995682462789683,0.996418095902181,0.996008696181588,0.993937283354207,0.996243360378448,0.996903363601167,0.996540323425582,0.996512043004762,0.997959574148246,0.999375336103128,0.999010295448336,0.99762461534146,0.998951356083222,0.999162036841674,1.00060418649572,0.998408575913691,0.998960742609452,0.998147677666977,1.00055454317274,1.00087554179594,1.00044678388496,1.00050584125148,0.996926714010307,0.996424441426668,0.998323631791066,0.998394440507913,0.99695672970507,0.996800136541793,0.997422113624887,0.997855042314006,0.999105279741855,0.999356873592823,0.999552097491136,0.998958496976648,1.00051934157237,0.998770968152724,0.998646978249799,0.999130366536993,0.999236419256521,0.999352487749835,0.998881263027304,1.00082658273013,0.997393563690395,0.997154602207132,0.995950284820273,0.998123837479218,0.99844653774126,0.995391042004981,0.994809288103089,0.998491987020965,0.997802317555588,0.998699255420086,1.0008006659327,1.00150297870782,0.999971315517277,1.00030913356583,0.99824055771747
0.585300732672523,0.717910412173246,0.806315904795999,0.861695142331045,0.900628426003067,0.929855774214951,0.947670056577473,0.96193368565375,0.969816695203844,0.983097159368051,0.984076790974589,0.986817685725378,0.990619234894029,0.992446322069448,0.991621965799348,0.987834964651562,0.988385453383942,0.991052180331473,0.99307835092152,0.993629555151939,0.995603238122711,0.997315017950506,0.994681858079739,0.994431122492477,0.991605171380264,0.99289111824647,0.994419371103268,0.995193396136983,0.992836782483471,0.994843581057964,0.993251904015362,0.994070255974401,0.991878679783997,0.991104546930343,0.992163119737532,0.99090872132603,0.994264892413309,0.994346188483445,0.995486047651058,0.996287615971755,0.997106895809602,0.997063576689317,0.994325574021546,0.996044448583101,0.992268379776501,0.992516511866997,0.997904611403598,0.996325497491952,0.99826024314175,0.999583535843482,0.999343758355058,0.998315012583109,0.997481728028387,0.998572599492611,0.998010414363311,0.998843139011113,0.998417400547702,0.997440000463792,0.998290003311614,0.999806544677783,0.998789829707376,0.999422743581693,1.0004697962821,0.999017687214964,0.997542734757766,0.998594436890887,1.00042082461785,1.00058718223391,1.00066181134249,0.998543809920454,0.998717305173718,0.996865326937496,0.997348988074777,0.997565231516886,0.997547677793524,0.998460972356397,0.998977789409759,1.00041509480735,1.00102154526763,0.99885097409369,0.999120410293,0.998129807128618,1.00005104301848,0.998742533419255,0.999286009192713,0.999231912620669,0.997385549105628,0.997119358053173,0.995263988518021,0.99742397968792,0.998175289634341,1.0005320376376,1.00057544110235,0.999882517678432,1.00154662461404,1.00098211073106,1.0018475880741,1.00044392913617,0.998920178896989,0.997894250511901
0.367625655791276,0.430598288052401,0.548460948443619,0.662540545101518,0.767509058494184,0.839134279454715,0.873592022002845,0.887151143558455,0.938853468067874,0.941319346076652,0.959483057028298,0.98323177689209,0.990949864875782,0.969393027244914,0.97704485068042,0.989504903727642,0.9974138157948,0.996347635711597,0.997495257696532,1.00106372648357,1.00275114761773,0.983313622789653,1.00000891990295,1.00830296918127,1.00956745372797,1.00687693629693,1.0020803314013,0.996475523471617,1.00203488935509,0.995852584442804,1.00017845852453,0.990340740611266,0.996000662966433,1.00873528202997,1.0038233298463,0.988504543767477,0.983945137812377,0.983991513262525,0.990764135165027,0.975852632410985,0.956522577388811,0.963136779880333,0.965879166095655,0.967982688193357,0.966356849852514,0.938272528354108,0.966227099976334,0.943517004985084,0.96276918828352,0.96021951615649,0.976014035398631,0.978939704920087,0.993504703966643,0.983026727489423,0.991042361628917,0.991586441427324,0.979263491975745,0.998591982642735,0.993299119222249,0.994184869046319,0.999137689723208,0.999255224598186,1.00089602900101,1.00042967406351,1.00060092092429,1.00961522029299,1.01089669307406,1.00381931858465,1.00132383025698,0.995613381177959,1.00337532152616,1.00378281940427,1.00403102959929,1.00256768680162,1.00122937768576,1.00048846285416,0.992954103570016,0.979818761675973,0.985863494408093,0.967628952697496,0.976742810820986,0.984140687739401,0.991528263749404,0.971875737829088,0.986261946529796,1.00164914339218,1.00050077271477,0.98012841551985,0.990662633579908,0.984359901880071,0.99682724232215,1.0036000901333,0.988364190160415,1.00174528150691,1.01081366912938,1.00707138988878,1.00864671530573,1.00643803775961,1.0071012677931,1.00648924336144
0.329197774410047,0.398391061494095,0.500248858332567,0.618020597756314,0.691629929372385,0.780461037442138,0.791157803689635,0.823398424351373,0.860554402283255,0.874844170258631,0.864681387589722,0.901111851925759,0.913244222993139,0.902426521208992,0.925168722828106,0.932864047727641,0.967004069670578,0.99003112486265,0.979386818365954,0.988059045591267,0.978399988449067,0.992477468902974,1.00286612596108,1.01112134532095,1.0070609582547,1.00489653014847,1.01360832370026,0.99591936605619,1.00689393774434,0.999782804047491,0.999259956653407,0.987316194580215,1.00610659510024,1.0058651545445,1.00702459580219,0.986072900921082,0.967967351338015,0.957693289440809,0.970325212453043,0.968103981739923,0.947359174021067,0.954312449700347,0.969438177215952,0.973255277678193,0.969105907648891,0.949215000281787,0.965450598757234,0.950079414027448,0.962200734175148,0.975495820814188,0.988481704818031,0.983935611744613,0.997491919737215,0.990699087993814,1.00489232208303,0.998674238098673,0.989423371829813,0.997871252219001,1.00081082522572,0.995196576235848,0.987368434235341,1.00701754540753,1.00599744094743,0.998343566415932,1.00491346573739,1.01423186539632,1.00791873476266,1.00213707713148,1.00611090577193,1.00117593078493,1.01324799869252,1.01316326723285,1.00193336249079,1.00752221597657,1.00799781743112,1.00818671150656,0.999132584194294,0.999678503219358,0.992670332050931,0.991779807623563,0.99027549594348,1.00451137801559,1.00180161493897,0.994024108777736,0.985944286735705,1.01319877770338,1.00328895273088,0.995166418598845,0.999414746198893,0.992564484165753,0.999618205529201,0.99305010987683,0.982853306429848,0.996839921612469,1.00064935971059,1.0082612689457,1.00791164134095,1.01416733112934,1.013726486752,1.00381421339858
0.366371846016045,0.441947409524654,0.522354905304921,0.600566591422548,0.694742778849566,0.758354899797898,0.740164663538458,0.80521577761956,0.803061226116657,0.808662956459897,0.799244034387663,0.839756574293772,0.839966466162595,0.817999137350424,0.877467915272772,0.881694605693873,0.919665624165342,0.940034775429078,0.907028325154743,0.891404473095004,0.875023797745279,0.912787371655369,0.939048151022256,0.939871607922448,0.929794881239482,0.96319349228015,0.960099712751113,0.944587435883149,0.914918519209338,0.923051797765474,0.930963240575514,0.923434925855019,0.948208444019094,0.936623423759934,0.938918839194906,0.949712739324704,0.961199161148817,0.930505268928348,0.965537629678859,0.974833532698699,0.947893257116882,0.927795050987162,0.956296535716252,0.953550977549976,0.943070570331878,0.960381236511806,0.982853009734522,0.965169170148061,0.970049604095501,0.979706514703288,0.98726096488131,0.972047475946954,1.00816474819088,0.99916242429516,0.979577058725589,0.98247798575701,0.994015862736384,0.978865781209966,0.971310523066582,0.994077969628779,0.974250670935087,0.990816217296998,0.99249308889908,0.995853740708967,0.977888024252391,0.972040674389798,0.997327958688944,0.979304594130025,0.998489239028611,0.97782859813648,0.994790870871508,0.998505499360127,0.971004071953986,0.993836201054155,0.993900109333255,0.995594451420222,0.965852188566489,0.978119684372105,0.975049870612296,0.971958442382103,0.999339697155121,1.01141065412519,0.999298548390016,0.993063762014389,1.00884250498668,1.0193782488867,0.993895393725225,0.986731371677285,0.996140586601502,0.999636404596282,1.00626046652778,0.995784964717668,0.99492750563319,0.997599844748607,1.0217355870315,1.02073164027906,1.01470263867284,1.0273704656745,1.00149227286042,1.01050237960261
0.346386953192903,0.440953390291556,0.576303875342579,0.660252514295783,0.733086767931505,0.792439504050046,0.798925704804651,0.842437452223628,0.866410562673688,0.895617288813364,0.888795322066388,0.899679524715459,0.912221420360116,0.910719073750938,0.939891532708085,0.963618026900048,0.972484164344896,0.98525080600911,0.960701937031642,0.967827357584292,0.937613060295501,0.961179330434211,0.981295279201839,0.981566323915763,0.978491638882199,0.983842592523595,0.987483141254156,0.982715806824466,0.973528092961389,0.983233444478977,0.995957629731881,0.976384501026097,0.994991746558292,1.00115331259417,1.00389094153296,0.994052288109282,0.983726187646577,0.98709236204324,0.99351766226321,1.0090427274767,1.00074564318013,0.994054781998061,1.00282791686353,1.0030639096369,1.00223198654129,0.988463708771935,0.995154824362156,0.988273531927747,0.996551968806751,1.00804159622999,1.01394628314404,1.00651973653607,1.01361557721198,1.01330281496563,1.01277900610257,1.00144034610785,0.991132175335459,0.992162995731164,0.988933078348958,0.985444225994457,0.990402828599407,1.00149668624329,1.017461555972,1.00672817397878,1.00058756572239,1.01019282876903,1.00375221859735,0.997340288810878,1.00873762230371,0.995994604562701,0.998341175895465,0.995536748947743,0.976554966785844,0.989359712071766,1.00226593033154,1.00991959015441,1.00195193689757,0.99548059751268,1.00074749005127,0.994953357850767,1.00754988954023,1.00869856748984,1.00527513411352,0.988854287223746,0.994512960992116,1.00203031112346,1.00702164527699,0.985350477585744,0.999880237164635,1.00255115746977,1.00034846069123,0.993180298856289,0.987729315678327,0.990943418596492,0.992557073118812,1.00690822438681,1.00706588194715,1.01751808409498,1.01678690996485,1.00718659975732
0.33213480443698,0.449417576374601,0.57422211361246,0.698539771595363,0.785068879343369,0.836628773046546,0.849054286053244,0.890623391753806,0.911940894935051,0.938433775060109,0.943095971583869,0.943430502779728,0.952844786183496,0.939513729044567,0.964774458478027,0.969595169460673,0.982426409832445,0.982440574860384,0.964911443009371,0.971981889117246,0.948686180177472,0.948640807010178,0.975534461270421,0.96759539153195,0.974988287403144,0.970871734896222,0.963320268739828,0.972302604580846,0.969170298808882,0.964135611550162,0.980450847461457,0.966703716169507,0.9891378052904,0.994384608168535,0.990941484504363,0.980446430858762,0.982702495767839,0.984822287961032,0.972631250710747,0.978098031648114,0.979608186988408,0.964709138447329,0.960842488353137,0.960632177048561,0.970355601095277,0.930491807507398,0.942150152681915,0.947248116299985,0.949451173649124,0.971485613222877,0.969876003722874,0.96821725812053,0.986425545898107,0.988314695758224,0.972216996252419,0.951775574509009,0.939070372241122,0.947181878305387,0.947853582793229,0.954166594891813,0.974891511545144,0.981192680068926,0.998868979616472,1.00239413317328,0.998985115362356,0.998396538322424,0.992089835805275,0.97720683548725,0.995153784334252,0.975120454403376,0.979546976846012,0.975538561296318,0.948662467822327,0.962302980570819,0.967945851301336,0.974997879230445,0.994299663633999,0.970122676779304,0.990728817494032,0.988252166238673,0.994614165801376,0.984625391317192,0.984997623119226,0.981077825904124,0.981706112918396,0.987839766244881,1.00415452069956,0.995858335346756,0.995920794083745,1.00551450964671,1.01118147462725,1.01002938143674,1.00990218071473,1.0073513296423,1.00447535854027,1.01088960227657,1.0112882484545,1.01351172027759,0.987550609068942,0.988975972362938
0.273646515706577,0.406360025603756,0.535561219441094,0.69703054742863,0.793940445522982,0.833268134049779,0.888688164756433,0.910110076440697,0.917435446824319,0.944429204067375,0.956628760350246,0.946853234895853,0.945911759452963,0.941404968079186,0.96818857952377,0.967369955970775,0.987411598867536,0.981962394234776,0.969389639409437,0.972758486797043,0.951291728141357,0.957160360287008,0.972974075616583,0.964238281553946,0.96800359707466,0.971341424579072,0.963417236787833,0.973334360858326,0.960170814720709,0.968106611691129,0.975952893995326,0.971118331813182,0.981413503803309,0.984317133734238,0.997218870965836,0.997019982798862,0.993218649604429,1.0003384185942,0.965355066490295,0.979412772214345,0.988318290153917,0.977122383480544,0.972601150726747,0.957366060920003,0.974970433159087,0.949915855417807,0.961882024966606,0.977073489026431,0.960524412228413,0.978673455962511,0.967492674264512,0.97511718349039,0.988560074793808,0.990665510929675,0.973308024315959,0.961223032549276,0.959571951099941,0.963145960997729,0.96912683493777,0.96550087067123,0.98205945166425,0.98379429503702,1.00177749831057,1.00592711312576,0.999721504289667,0.99931105296212,0.990312047807158,0.981828370616598,0.997915717310781,0.980086868444509,0.977638538115316,0.976881391778768,0.95610067286156,0.971218609424014,0.970672320397123,0.979926320354154,0.992777197603385,0.986443372274563,0.99266361105067,1.00449932365079,0.997435566791815,0.982409119532411,0.976146876022193,0.987308999353343,0.98589204381399,0.985887561589552,1.00682700276661,1.00656468911353,1.00654907054676,1.01611760643201,1.0060551023289,1.01018015131379,1.01245144530088,1.0084542246471,1.00513976396753,1.01056733199425,1.01265426972471,1.00685016866723,0.984062295640208,0.97080818946966
0.245537507806243,0.392145972273003,0.52009461425288,0.619284375567938,0.729538719943412,0.761028792605582,0.842686658634114,0.868876903098103,0.887472076209112,0.919608116171492,0.951062462905695,0.93082240612793,0.934069040423235,0.942070988136462,0.949076539902275,0.952123510976987,0.966847246715452,0.965358268189571,0.955362688737929,0.96004648553792,0.936601922535338,0.951812105697787,0.961394160698389,0.95875374820239,0.957975221185614,0.963633894561878,0.938910311939925,0.96342746021162,0.930122730783105,0.939911400025054,0.947581430202951,0.942200446053721,0.954820978032375,0.962245016333732,0.98735640257232,0.996750821403928,1.00048010431163,1.00695089347106,0.975441838387415,0.974863743013835,0.988958875967863,0.978277909032945,0.972677702306128,0.962143965025736,0.975155069395641,0.957581781971376,0.964827604798499,0.993838811538508,0.978306104617523,0.995648467145846,0.978634738688794,0.976419323313021,0.99241381678992,0.991116466722152,0.979040502514821,0.965115621715432,0.978279916598532,0.978794421237173,0.969146584143063,0.961470346822069,0.984404966897853,0.976906908553124,0.995190066689146,1.00052508327709,1.00201101087104,1.00345985553246,0.98026212671292,0.971526418812709,0.991841852733566,0.973476898274103,0.970969617085502,0.980840127417186,0.958311282665485,0.970813034427624,0.969982964252719,0.982192399218698,1.00200990189651,0.986554233384975,0.995532176464027,1.00019338407582,1.00100354400624,0.982573618512188,0.978582924901214,0.988491798214069,0.995549358496056,0.989180999109343,1.00777631302032,1.00798443926972,1.00736438159683,1.01649695565834,1.00777366192574,1.01156145749811,1.01149926858516,1.0076356902481,1.00724166355464,1.01017678133043,1.01245285857392,1.00642140305116,0.994920435592391,0.979768425873723
0.278582741490417,0.391230640885583,0.557774406088572,0.682708855599757,0.770950317967842,0.807561252682887,0.88086675815831,0.905743226226863,0.90951631751948,0.913200189084728,0.954701254529,0.939589719129376,0.933946852572497,0.942662169796811,0.948672548327994,0.946241607660019,0.969057355033072,0.989609784346114,0.979099925847415,0.993867645129453,0.977150725629224,0.994389850114829,0.991633161981237,0.987131563939619,0.988614113151821,0.984256896436196,0.961494486962597,0.993494097331088,0.986270914649118,0.980911040507779,0.982016760497329,0.979893458053886,0.982649890725887,0.982521173278446,0.999246476857189,0.993187034644314,0.99859087275701,1.00382338974796,0.971818035960193,0.964437299139381,0.986038593483921,0.97972739543067,0.974919669578007,0.95891985166879,0.975021405386304,0.958640892503343,0.956291432514766,0.98287631581064,0.969564250009554,0.987052028297358,0.9686125205425,0.969656644923305,0.985380323809661,0.987958648612655,0.969253973020648,0.961970546015121,0.981655764360355,0.982300126980251,0.975983974499471,0.964543893287492,0.986438854557872,0.982402977421306,0.997335245795596,1.00437877976656,1.00081657873753,1.0016694822294,0.985806204709159,0.978127988745939,0.98842310755588,0.970102399130181,0.967678193567798,0.978253403956458,0.955618040682776,0.965340601928661,0.963693165980431,0.974260621352086,0.989739659042643,0.958846544991765,0.984466393094484,0.986861387612695,0.981334858883784,0.985328102661548,0.972005124458133,0.98615651226619,0.992245764669946,0.983718765472538,1.00165545831136,1.0092790014131,1.00319242350665,1.01301895094953,0.997472342896266,1.00464241282663,1.01276416924596,1.00955043936852,1.00435489434601,1.00880417782717,1.00916947620789,1.00344500810235,0.990810398294492,0.974756636296079
0.277310812639477,0.416997593158183,0.579834785823122,0.727794906170044,0.807750982422004,0.844030260683349,0.912254348129345,0.947243503952028,0.949733455037648,0.9552110033037,0.977053708123822,0.980213583489065,0.978450432194874,0.979423160025506,0.960100435476952,0.977022778225478,0.981714608511923,1.00277224589598,0.987246589607462,1.00168735527837,0.992599960582711,1.00931723185041,1.00856944366308,1.00507152771289,1.00266998306258,0.994930071023085,0.976279683807275,1.00295184886018,1.00485083347104,1.00839462899332,1.00384862051643,0.999852500096439,0.994779830277052,0.995530841521864,1.01376722465127,1.01178588770925,1.00429338221144,1.01060075270399,0.996935388492916,0.989481891801263,1.01376159733152,1.01411619143789,1.01664152436663,1.00799267744049,1.0119450715197,1.00921704432106,0.995439477452279,1.00916620782929,1.00215318628686,1.00167098668839,1.00162176872602,0.97927454376975,0.981034179138446,1.00762308575889,1.00678400340044,1.00757597328734,1.01339584214742,1.0063124216601,0.998817745739023,0.998620713143788,1.00031410801326,1.0005299358563,1.01519070961358,1.01564653584504,1.01377589650784,1.01280433812135,1.00316465904804,1.00372208114579,1.00501195936935,1.00268687912443,0.990172185030784,0.999627893982085,0.993586781112642,0.99176349284226,0.99724341829961,1.00807098828799,1.00184173525412,0.987905409572876,0.994767168199953,0.99850873972248,1.00011549023872,1.01402982971213,0.990043989137801,0.999759869335345,1.00456415138429,1.0040318456559,1.0132727308164,1.01121803060709,1.01224490009134,1.0122514263104,0.997353879473243,1.00489415077367,1.01257300952401,1.01117749916488,1.01160637949517,1.01114015202428,1.01142684503592,1.00339605958623,0.988386771082224,0.97309984176523
0.278589611990502,0.4107099438356,0.567294231145078,0.689565787076892,0.773417170217957,0.83247080991551,0.894875147229631,0.917311616535601,0.926204085615248,0.950130801310076,0.963928711301203,0.957311185938731,0.972211116804985,0.979071857046644,0.972591571655897,0.985293059425794,0.977704406470185,0.99790180120216,0.988229612453954,1.00293107221495,0.993580911111491,1.01173504942611,1.00317316284452,0.991424137769669,0.995740848264538,0.998359412724574,0.981810615947072,1.00304438520668,1.01037874126402,1.00763889658309,1.00314806793799,1.01510362498727,1.01352477974612,1.01546574999493,0.99972712108023,0.996155953344795,0.996869561339586,1.00423205425409,1.00661040373752,0.983497401126144,1.00693649365213,1.01525483085334,1.01524011163594,1.00663822619848,0.993779603440376,0.999356840438997,0.995323941520629,1.00465520115421,0.988969733592216,0.996887505046925,1.00376146708761,0.980133301027968,0.983273012576241,1.00696716749423,1.00731387606981,1.00751520614619,1.01453030206067,1.01436778784583,1.01437629799136,1.01504907330097,1.01323679666466,1.00460378886382,1.01101006404281,1.00782507979213,1.00427610813614,1.00245227488785,1.00311677410609,1.00440950532825,1.00433230180273,1.00432383646809,1.00679829191999,1.00011816418085,0.999753943341367,0.999375497119307,0.997831884064642,0.998918576128331,0.992230704871219,0.991815536050204,0.992487018775506,0.990675149377844,0.993720990295749,0.999060614314582,0.969428680848526,0.981208647810627,0.988181393790205,0.993329274464643,1.00939696904769,1.00702839164374,1.012389980914,1.00677836930332,1.00562425717091,0.998199717250599,1.0164388929864,1.00447615895249,0.993726828895444,0.987238790980995,0.985362286380612,0.975716440444176,0.972181942964524,0.979032815020503
0.251714978541156,0.390145917157572,0.567769347888099,0.691248892031494,0.750495125577264,0.83798914680872,0.866906644271137,0.875976980671936,0.896324950544783,0.935742355996815,0.930225527556158,0.909397054708902,0.940962517032661,0.954103061323094,0.947949141891871,0.971172777984533,0.963662666810951,0.981816960366235,0.960596289774893,0.981215095842714,0.987078683997801,0.991965175142007,0.963288811684471,0.964198199761244,0.949269868351889,0.944977525670745,0.945247295800388,0.964368309788291,1.00156318893594,1.00625317102099,0.981899719771074,1.00408416468401,0.999253694417803,0.992240856731906,0.982688711329482,0.970800217164249,0.975771749497345,0.977546159695709,0.99090998925575,0.965430935256156,0.993748319309433,1.01404003731463,1.00699350952967,0.997928438720906,0.966591716187301,0.977858053397282,0.976071532361242,0.997157131171779,0.988248317693231,0.977412431502982,0.983990068340744,0.978825964584096,0.968089631837489,0.992553454907378,0.971704560859908,0.984800038729334,0.990748783308241,0.998506438492573,0.977424135021284,0.986777408524592,0.995147107898347,0.988207326593207,0.985868860127568,0.991826756015919,0.996802202220327,0.98263893834409,0.9843504091895,0.999370345131991,0.973443060669912,0.959304306051668,0.961101067224497,0.98391725854533,0.9811077709973,0.975480058987114,0.973834715149907,0.981219867683229,0.991230527072894,0.97010224101439,0.976890676295068,0.979937360622637,0.978747731571005,0.980820794743969,0.970940872238952,0.981239386402272,0.978000742394104,0.966362344312892,0.994344417587341,1.00603440071826,0.996329304969901,0.991334355552003,0.974237450585481,0.98098619173119,0.996011228024632,0.980416879021066,0.980099184693897,0.968325723305418,0.952161812390672,0.95522398225639,0.968544888961438,0.987331552633967
0.24218288403,0.393185788934075,0.559523681037088,0.661149895236082,0.746838201159224,0.837583966934255,0.861147317547988,0.892234334395764,0.904578006582096,0.930041561435877,0.915274661173736,0.891976217183507,0.931350137748124,0.9485759750918,0.951097845925259,0.966946475027709,0.954526603683269,0.980956817010767,0.973091634909169,0.977461965991144,0.992746878887286,0.976172203887889,0.949932857647567,0.944751529066137,0.936257601660515,0.924013717849539,0.921328048555753,0.954447074034919,0.994452646060901,0.99761115935946,0.978068930348325,0.997892809215042,0.999297217154095,0.982143448565127,0.972933214025415,0.967402797210102,0.968442476322842,0.971883044822929,0.990810339213518,0.96341742808396,0.993238484101288,1.01411735179039,1.00136941166112,0.998498523392107,0.972010789296524,0.980601994188535,0.975263260214014,0.996114922041799,0.994446330061452,0.986252735099657,0.994011634772455,1.00075519471855,0.998866876281976,0.999229551201866,0.971849017719817,0.979579835437097,0.989630605846544,0.99646281049793,0.98132287823116,0.988405551765969,0.998927831592579,0.991863766269567,0.991872037901915,0.993516224698377,0.998949467127066,0.981900926723259,0.988213191987825,0.999253091191086,0.970532360048308,0.961370713869346,0.965001614616469,0.980728843665726,0.97930025900791,0.976193381289991,0.979898236767239,0.985542415853803,0.99313227689769,0.978093389184444,0.993407419542523,0.98992348124928,0.988359753779258,0.984774260884449,0.984350170456935,0.992092250897793,0.981514624745951,0.967928129389565,1.00112687486595,1.00533082126203,0.997893288843988,0.991544434403944,0.981060707479048,0.98495891070454,0.995936370937983,0.979927246319841,0.976133263401306,0.961681743372742,0.945868898952848,0.955838792210044,0.965928808046493,0.985894894795019
0.229515303438014,0.368561188418569,0.531626404021201,0.654136182601254,0.767859690871768,0.857870552940702,0.894391382580076,0.895711890433782,0.926970796492135,0.95498469510619,0.91902117922491,0.902184235556783,0.938985426740537,0.967842743069792,0.973910479283086,0.983184357135078,0.982948819101843,0.993119098757664,0.988678896151965,0.987977299403491,0.991842701911403,0.965747900067274,0.938790671317531,0.935230999697374,0.93607416756446,0.920018412091806,0.931085082358749,0.951779441394014,0.997101843804119,1.00428937244041,0.981765681664834,0.991835141784435,0.998449577254259,0.982809980516636,0.970448674836335,0.978358786801989,0.961730418344421,0.954185501079577,0.984195745576151,0.972439076476713,0.985745235539101,0.99966330640997,1.00355028095377,0.994249964057982,0.97726696451249,0.984338028787474,0.975256385382952,0.986630352639438,0.994171294542033,0.985535315511929,0.996207828383423,1.00165989738512,0.99616404439019,0.99898423755861,0.979591843051927,0.987713734293031,0.988489638963666,0.996674667104055,0.980803464682147,0.988793446357065,0.998090032084618,0.994446313731028,0.996011762389166,0.994281688104252,0.996664340673112,0.978694714980688,0.991415919033534,1.00190803000762,0.972906499017317,0.958863510999234,0.959258874392397,0.975966103737593,0.970895200802106,0.969891269988526,0.97172388751992,0.975464714923862,0.989254485456644,0.996246556160606,1.0045391971614,1.00361220700295,0.983678365707747,0.962678112942261,0.969348554668424,0.968571693355526,0.969595094109315,0.949993062690518,0.999168949019429,0.999341327204915,0.995457430737126,0.987479331252874,0.991119127988345,0.9967065481395,0.999783142789681,0.983552491900412,0.974332134987412,0.959792653750846,0.950931833095461,0.959417599422819,0.971359526906292,0.995162089867473
0.200886106121358,0.330111599875813,0.455927634029197,0.607673108277524,0.697091169207395,0.751520412371667,0.818758649235038,0.854887285777229,0.875561911116363,0.891375543325388,0.908822897004505,0.92550163284525,0.924456999874094,0.931095750235397,0.95549768616922,0.960456662781957,0.953276363962324,0.97586915849396,0.981783845234366,0.955463986580812,0.97761860208789,0.938843612130715,0.933479685685272,0.946929289571604,0.958083154425739,0.961324799895187,0.949369875893302,0.958674250544769,1.00268041597562,1.0008801165473,0.99025791446926,0.948898312750829,0.979393338195129,0.983292552200439,0.965754501094066,0.986047770186242,0.959948046704806,0.933176831004368,0.969042412837773,0.954939589274413,0.962044557745658,0.967043811134086,0.967455702268792,0.953360471158408,0.944414838063856,0.969055403249266,0.96175507315475,0.967862402540821,0.992941906624906,0.997007467426533,1.01352682088895,1.00684558474907,1.00975782034093,0.97414469121955,0.987991663551275,0.995280350904024,0.997148448659912,0.997006326505163,0.983623015876836,0.994416656225324,0.98870517664403,0.982557526801212,0.999501067575735,0.986278884981328,0.998082036599303,1.00495306559493,0.980530448588421,0.98266490701188,1.00560196883757,0.986814448300615,0.967287605529531,0.986183696925839,0.985812668097262,0.996495686878669,1.00503262214734,0.997287012790495,0.997580926299594,1.01589320115886,1.02445048962956,1.02107635702853,1.02143966511429,0.993925770601964,0.994488627036073,0.983871315155747,0.986962668936719,0.993778276267026,1.00539063474487,0.993064658526029,1.00329466872095,0.989352079546908,1.00354605258785,0.976581606642133,0.981184207007941,0.997464047266503,0.986981385383671,1.01515003809002,1.02387981345019,1.01587819010071,0.997817391823059,0.990705466065419
0.164231854705112,0.255301443552911,0.39034105115917,0.490386352065685,0.622067775269552,0.647882137021391,0.766505861429752,0.800382399158217,0.832992484564611,0.871014927688201,0.881403527478764,0.908861420892508,0.915371496293068,0.924857546979597,0.945531374119644,0.943812705949171,0.933885497283356,0.956574915789463,0.966691370906503,0.943246450139482,0.97364371689038,0.947145003288682,0.94275958399049,0.963280353456854,0.977797486018698,0.970253670288435,0.961851985551955,0.955074542093677,0.975418211605504,0.983202461060669,0.982647166889425,0.962670636809095,0.97019559604955,0.974711845002901,0.972581362375239,0.982586830759956,0.980315619437814,0.976225945452926,0.982939269804355,0.967604139882565,0.977559289410614,0.980095755795449,0.963462690118868,0.940457622748979,0.914602973997892,0.95846189992793,0.975099399392872,0.961433337515959,0.984675932737156,0.973953864070023,0.998013733293936,1.00207518869151,1.00579345609251,0.965132606922287,0.981826002258114,0.986620954932088,0.986483272973486,0.977859618453147,0.951679960980159,0.96910706513348,0.973161242086264,0.967510558808652,0.998785804173525,0.978335376497082,0.990450055594658,1.00018354637711,0.97282028642536,0.969710327418712,0.993940885611314,0.99829464250305,0.974849288924238,0.978186811094694,0.972199638315448,0.986580762551456,1.00743759694329,1.00044488521531,0.997718560444933,1.01707999377425,1.01713268632826,1.00287124166681,0.999673719100598,0.977815108208649,0.983401224301711,0.970924168462185,0.962066002715582,0.973303159704969,0.974799214300312,0.975796191198114,0.970579810296264,0.974595192927462,0.975500394869668,0.963500770789972,0.961281075495595,0.977409733886263,0.964783064855941,1.01075129605445,1.0055581310962,0.99991827449924,0.971439612090965,0.964383701846303
0.262547350713174,0.418391625245865,0.534124792926283,0.627223035603355,0.693943060307661,0.746842156805243,0.799495793192911,0.842619504226586,0.885536239403609,0.912024513690278,0.925119843913254,0.926326375497831,0.938319623392475,0.93140875538979,0.943619904598898,0.950456953388207,0.94591952789627,0.959479792163359,0.948241566403482,0.958402963210746,0.958223161767972,0.962281045945815,0.980913840819116,0.988359466050452,0.965725284161119,0.952484909915816,0.965373908896141,0.974050025607602,0.976658860556587,0.982182901065373,0.978790470979809,0.972429505185908,0.976199364698746,0.980834853957326,0.990682335027798,0.991083918656414,0.993305654218994,0.984165550180821,0.987291845678015,0.982323899527114,0.977715321308951,0.974385269038351,0.975801427627214,0.983961215828956,0.982183087241169,0.988982017350133,0.97846776844619,0.989514970409221,0.995408179672872,1.0001872000244,1.00471752052043,1.00283579468855,1.00919271588476,1.0082281752579,1.00014993400672,1.00344255285476,1.00666434820647,1.00664086195994,0.999195366903021,1.00680831742606,1.01085022690729,0.999523799079826,1.00961024361268,1.00242631705776,1.00343821475085,0.993126308657868,0.99587962887876,1.00371925791124,1.00735252796392,1.00321496756572,1.00453490568348,1.0047973018595,0.996626584465147,1.00407282451714,0.999029419141738,1.00544415461731,1.00514542237662,1.00223525534346,0.999261594611663,1.00029051652744,1.00394509631935,0.998820570403413,1.00240494956825,1.00577457033446,1.00360559122812,0.999654597710836,1.00375889591513,1.0096558522534,1.00554500038903,1.0004900347566,1.0008308270552,1.00213904716669,1.00249948341533,1.00608437045011,0.997236817691848,0.994062136704031,0.99471011949785,0.997546399887595,0.996861692168475,0.99616784516699
0.189949585783578,0.32398965683544,0.43791084609822,0.528235767443703,0.633067085826887,0.757070080706234,0.779049925832367,0.815819685928513,0.843014964005194,0.838716076698573,0.887974407775,0.891552737378595,0.891827739482458,0.924923503854105,0.912215912216483,0.910994940586975,0.923584070110214,0.94363221360163,0.945884282610804,0.9425200669972,0.950398458084582,0.970465028980766,0.982239009517755,0.975413443944782,0.973661656745903,0.964416250198662,0.970344995032717,0.981328894729018,0.969282469725577,0.987649155542079,0.9856342038858,0.969970347558981,0.971122281826317,0.978429097491485,0.996474098913232,0.999984293729551,1.00727309776873,1.00648585754502,1.00786697064549,1.01413897047517,1.01656356831941,1.01505143965278,1.01570694873708,1.01292581138106,1.00641564109578,1.01874786993053,1.00096675587008,1.0096840861133,1.01690995285264,1.01078422169413,0.989527149335267,1.01522917517439,1.01351081445945,1.01733628546303,1.01149349285634,1.01825896566016,1.00901477746786,1.01651266909795,1.01690607778947,1.01484583447169,1.0158256056868,1.01388120890328,1.01732097027196,1.00012939496082,1.00041915958114,0.990972276116245,0.995528246013187,0.998889063401471,1.0021081554094,1.0004579932899,1.00632839030053,0.997332091875724,1.00422399062299,0.98409391449124,1.00162278865624,0.99736386905373,1.00434737325047,1.00569211682768,1.01413937439566,1.01606521693671,1.00108174152672,0.999094541935764,0.992032849657543,0.998614300334,0.997523256800842,1.00607660872681,1.00809260720207,1.00554216411415,1.00962387542824,1.00785718464394,1.00131745813523,1.00400855144349,1.0160582660805,1.00767930704498,1.00124253757146,1.00970865432806,1.00187018351179,1.00010015777209,1.007393369712,1.01735705770504
0.406736432450692,0.557583445393648,0.665484952686613,0.752297223766049,0.830004548954323,0.876052101771786,0.912430480221124,0.933753665210637,0.952890508168866,0.965579094273779,0.974585185550014,0.986185854039139,0.983063065664855,0.989171874771254,0.989644289997339,0.990251708453072,0.985496934823179,0.993360435930105,0.99605857139696,0.992615646638697,0.992472693373,0.992406984863753,0.990785835401165,0.993199363369415,0.998896444003724,1.00084084889724,0.998202427528824,1.00029452706358,0.999300351377497,0.999100039887782,0.993493208969916,0.998203433380386,0.99491077789774,0.996518716294081,0.993987516080911,0.994765435031333,0.993150424363442,0.995604546239912,0.994934715095697,0.995729702703897,0.996065400435219,0.998162293346397,0.998247857585057,1.00180260319074,0.998935844141092,0.99667566910952,1.00447959526251,1.00246855186308,0.999218571501493,0.994561946025272,0.995545282251166,0.994616886156311,0.997722922773609,1.00082114998573,1.00187561547934,0.997751634311544,1.00270882610085,1.00216600499955,1.00298578094551,0.998941003592286,0.997456379536029,0.997756263444894,0.997730129587382,0.993147496481399,0.992828189395125,0.9952465690521,1.0009823285748,1.00157662871305,1.00245745785718,0.99998890087888,1.0005322054905,0.997733392710964,0.996631366203666,0.994698256596051,0.994770174672938,0.996474616461849,0.998634616996702,1.0001151921548,0.999211396842302,0.999996495038334,0.996329444713038,1.00192617349014,0.997144149169626,0.995469801757031,0.998487133478205,0.998461227856064,1.00236450234732,1.00112518308744,0.99945132685309,1.00255732120684,0.999463763503739,1.00178033667606,1.00266824930902,1.00298399194505,1.0026261491435,1.00177989736456,1.00320292309804,1.00339169509214,1.00380948196445,0.998787272705263
0.455135881262716,0.599903268960311,0.681600442038724,0.790640255999152,0.842197486528,0.876736555006247,0.904092683202071,0.916178087303719,0.928892034473143,0.945125130244003,0.953165052196604,0.964942460032673,0.972181871683366,0.977601548451022,0.986291677449732,0.99291592027479,0.994910826206756,0.997631141013591,1.00065874762543,1.00567386033324,1.00367879858851,0.997581064950471,0.998324223383574,1.00295269565402,0.999958033081804,1.00105501828951,0.995683523554961,0.996226719808189,0.995703675676656,0.997977965411094,1.00024490864807,1.00264938664421,0.998081458173601,0.997578192955635,1.00211870345615,1.00307676196034,1.00253797516484,1.00383202224039,1.00555771173593,1.00392887923167,1.00173562205943,0.997550761901526,0.995685824860551,0.988192667097276,0.988143077594189,0.996278817104065,1.00074363906925,1.00077173272638,1.00061128817361,0.999620871518605,0.997854892225218,0.998481197589525,1.00093515544172,1.00124912338193,1.00109126449992,1.00129020970285,1.00228332352983,1.00398558355289,1.00314648968578,1.00314843330838,1.00316385021337,1.00037691705557,1.00110236100057,0.998706590354068,1.00419979305878,1.0057640168517,1.00338459312391,1.00528940139218,1.00206159287208,1.00014550491708,0.995119254648475,0.998266131129513,0.996402633656784,0.998033192540751,0.998684281817668,0.998400807990111,0.995154755405886,0.993265296867676,0.996153110587255,0.998814710818163,1.00253833211674,1.00177132642602,0.998609999121154,0.998615532365718,1.00106964735719,1.00079731710963,1.00030962922696,1.00346964493899,1.00450083524055,1.0000830954352,1.00099991014926,0.998811215399447,1.00169695121859,1.000620893941,0.998083685975642,0.999154888025531,0.997270027638166,0.995462338434019,1.00317121241035,1.00620738282291
