0.03204851670897,0.00622510709591982,0.00380729757115483,0.00346619581247429,0.00400292946216279,0.00500115372653671,0.00506134815453916,0.00554290357855874,0.00536733649688494,0.00670164631760587,0.00812624778033047,0.00881346750002508,0.00810116676866278,0.0101678421300802,0.0108450294451077,0.0106243165424321,0.0119134805421511,0.0118131564954804,0.0119786911724871,0.0120037721841548,0.0122194688844969,0.0126358136781805,0.0123498901451689,0.0132126769465373,0.0133731954212105,0.0124602465965067,0.0140955285572399,0.0134935842772154,0.0148730399189382,0.0167490995916811,0.0173259628600379,0.0151338824402821,0.0149282181446071,0.0166537917473439,0.0146974728372644,0.015384692556959,0.0129969802461952,0.0140804799502393,0.0135136490865496,0.0146573432185961,0.0145971487905936,0.015319481926623,0.0185800134434223,0.0127913159505202,0.0148078292886022,0.0147325862535991,0.0127762673435196,0.0121141286354926,0.01565556748297,0.0116676866278078,0.00959097886172337,0.0101226963090783,0.0112964876551261,0.0109654183011126,0.0106694623634339,0.0108600780521083,0.00943547658938371,0.0090843424260361,0.00956088164772214,0.00919469887737392,0.00875327307202263,0.00911443964003732,0.00807608575699509,0.0074992224886383,0.00756443311897429,0.00682203517361076,0.00633546354725764,0.00555293598322582,0.00601944280024479,0.00628028532158873,0.00564824382756303,0.00526701245021419,0.00565326002989657,0.00577364888590146,0.00497105651253549,0.00507138055920624,0.00500616992887025,0.00539241750855263,0.00445940387451468,0.00438416083951162,0.00379224896415422,0.00408318869949938,0.00411328591350061,0.00417849654383659,0.00402299427149694,0.00323545050513157,0.00289434874645104,0.00251813357143574,0.00310001304212607,0.0023927285130973,0.00152994171172888,0.00159013613973133,0.00149984449772766,0.001344342225388,0.0017205574004033,0.00173560600740391,0.00119385615538188,0.00124903438105079,0.000897900217703181,0.000672171112694002,0.00065712250569339,0.000697252124361688,0.000722333136029375,0.000571847066023255,0.000642073898692778,0.000476539221686046,0.000471523019352509,0.000451458210018359,0.000611976684691554,0.000466506817018971,0.000366182770348225,0.000331069354013463,0.000486571626353121,0.000391263782015911,0.000210680498008568,0.000305988342345777,0.000346117961014075,0.000321036949346389,0.00015048607000612,0.000200648093341493,0.000185599486340881,0.000346117961014075,0.000265858723677478,0.000140453665339045,0.000170550879340269,0.000220712902675642,0.000210680498008568,0.000145469867672582,0.000190615688674418,0.000115372653671358,8.02592373365972e-05,7.02268326695226e-05,0.00015048607000612,6.52106303359852e-05,9.02916420036719e-05,0.000145469867672582,0.000265858723677478,0.000100324046670747,0.000105340249004284,0.00013042126067197,0.000185599486340881,4.01296186682986e-05,6.52106303359852e-05,6.01944280024479e-05,9.53078443372092e-05,2.50810116676866e-05,3.0097214001224e-05,3.0097214001224e-05,6.01944280024479e-05,6.01944280024479e-05,3.0097214001224e-05,3.0097214001224e-05,5.01620233353733e-05,7.02268326695226e-05,4.01296186682986e-05,5.51782256689106e-05,3.0097214001224e-05,5.01620233353733e-06,8.02592373365972e-05,7.02268326695226e-05,7.52430350030599e-05,4.01296186682986e-05,4.51458210018359e-05,4.51458210018359e-05,3.51134163347613e-05,2.00648093341493e-05,2.50810116676866e-05,2.50810116676866e-05,3.0097214001224e-05,2.50810116676866e-05,4.01296186682986e-05,2.50810116676866e-05,1.00324046670747e-05,2.00648093341493e-05,0,1.5048607000612e-05,5.01620233353733e-06,1.00324046670747e-05,5.01620233353733e-06,1.5048607000612e-05,2.50810116676866e-05,2.00648093341493e-05,2.50810116676866e-05,3.0097214001224e-05,5.01620233353733e-06,0,3.51134163347613e-05,0,0,0,0,2.00648093341493e-05,0,1.00324046670747e-05,0,0,1.00324046670747e-05,1.00324046670747e-05,0,5.01620233353733e-06,5.01620233353733e-06,5.01620233353733e-06,5.01620233353733e-06,2.50810116676866e-05,1.00324046670747e-05,5.01620233353733e-06,1.00324046670747e-05,1.5048607000612e-05,1.5048607000612e-05,1.5048607000612e-05,5.01620233353733e-06,5.01620233353733e-06,0,1.00324046670747e-05,5.01620233353733e-06,5.01620233353733e-06,3.0097214001224e-05,2.00648093341493e-05,1.00324046670747e-05,1.00324046670747e-05,1.00324046670747e-05,1.5048607000612e-05,2.00648093341493e-05,5.01620233353733e-06,1.5048607000612e-05,5.01620233353733e-06,3.51134163347613e-05,2.50810116676866e-05,1.00324046670747e-05,0,5.01620233353733e-06,0,1.00324046670747e-05,0,0,2.00648093341493e-05,1.5048607000612e-05,1.5048607000612e-05,1.00324046670747e-05,2.00648093341493e-05,6.01944280024479e-05,4.51458210018359e-05,3.0097214001224e-05,0,1.00324046670747e-05,1.00324046670747e-05,5.01620233353733e-06,5.01620233353733e-06,1.00324046670747e-05,5.01620233353733e-06,2.50810116676866e-05,3.51134163347613e-05,4.51458210018359e-05,3.0097214001224e-05,1.5048607000612e-05,2.50810116676866e-05,2.00648093341493e-05,3.0097214001224e-05,2.00648093341493e-05,2.50810116676866e-05,3.0097214001224e-05,2.00648093341493e-05,2.00648093341493e-05,5.51782256689106e-05,3.51134163347613e-05,2.50810116676866e-05,2.50810116676866e-05,2.00648093341493e-05,1.5048607000612e-05,1.5048607000612e-05,2.00648093341493e-05,3.0097214001224e-05,6.52106303359852e-05,2.00648093341493e-05,2.00648093341493e-05,6.52106303359852e-05,2.50810116676866e-05,4.51458210018359e-05,0.000100324046670747,7.02268326695226e-05,4.01296186682986e-05,4.01296186682986e-05,6.01944280024479e-05,3.0097214001224e-05,7.52430350030599e-05,6.52106303359852e-05,0.000115372653671358,2.00648093341493e-05,5.01620233353733e-06,0.000100324046670747,5.01620233353733e-05,6.01944280024479e-05,0.000170550879340269,5.51782256689106e-05,0.000115372653671358,0.00015048607000612,7.52430350030599e-05,8.52754396701345e-05,5.01620233353733e-05,5.01620233353733e-05,6.52106303359852e-05,6.52106303359852e-05,4.51458210018359e-05,0.000110356451337821,0.000160518474673194,8.52754396701345e-05,0.00015048607000612,0.000155502272339657,0.000145469867672582,0.000235761509676254,0.000190615688674418,0.000220712902675642,0.000160518474673194,0.000145469867672582,0.000240777712009792,0.000230745307342717,0.000295955937678702,0.000471523019352509,0.000521685042687882,0.000622009089358628,0.000406312389016523,0.000426377198350673,0.000516668840354345,0.000521685042687882,0.000632041494025703,0.000757446552364136,0.000622009089358628,0.000476539221686046,0.000486571626353121,0.000441425805351285,0.000461490614685434,0.000486571626353121,0.000687219719694614,0.000742397945363524,0.00063705769635924,0.000727349338362912,0.00056181466135618,0.000471523019352509,0.000622009089358628,0.0007123007313623,0.00063705769635924,0.000586895673023867,0.000471523019352509,0.000692235922028151,0.000832689587367196,0.000687219719694614,0.000627025291692166,0.000546766054355569,0.000998224264373928,0.000667154910360464,0.000521685042687882,0.000697252124361688,0.000847738194367808,0.000777511361698286,0.000847738194367808,0.00100324046670747,0.00115372653671358,0.00111861312037882,0.000882851610702569,0.000762462754697673,0.000978159455039779,0.00093802983637148,0.000922981229370868,0.000907932622370256,0.00126408298805141,0.00133430982072093,0.00121392096471603,0.00170049259106915,0.00223221003842411,0.00161020094906548,0.00131926121372032,0.00153495791406242,0.00110858071571175,0.00128916399971909,0.00105841869237638,0.000782527564031823,0.000807608575699509,0.00325551531446572,0.00313011025612729,0.00174062220973745,0.0012089047623825,0.000958094645705629,0.00114871033438005,0.00106845109704345,0.000892884015369644,0.00115372653671358,0.00153997411639596,0.0011286455250459,0.00109854831104467,0.000983175657373316,0.00123900197638372,0.00132427741605385,0.00102832147837515,0.000832689587367196,0.000978159455039779,0.0011286455250459,0.000616992887025091,0.000717316933695838,0.000772495159364748,0.000616992887025091,0.000536733649688494,0.000426377198350673,0.000436409603017747,0.000531717447354956,0.000772495159364748,0.000611976684691554,0.000601944280024479,0.00043139340068421,0.000295955937678702,0.000511652638020807,0.000897900217703181,0.000611976684691554,0.000867803003701957,0.000606960482358016,0.000687219719694614,0.000521685042687882,0.000536733649688494,0.000471523019352509,0.000551782256689106,0.000667154910360464,0.00050663643568727,0.00063705769635924,0.000627025291692166,0.000642073898692778,0.000772495159364748,0.000491587828686658,0.000767478957031211,0.000556798459022643,0.000401296186682986,0.00043139340068421,0.000536733649688494,0.000391263782015911,0.000371198972681762,0.000305988342345777,0.000175567081673806,0.000120388856004896,0.00013042126067197,0.00015048607000612,0.000155502272339657,0.000115372653671358,9.02916420036719e-05,0.000110356451337821,0.000120388856004896,0.00013042126067197,0.00015048607000612,0.000105340249004284,5.01620233353733e-05,5.01620233353733e-05,1.00324046670747e-05,2.00648093341493e-05,0,1.5048607000612e-05,3.0097214001224e-05,0,0,5.01620233353733e-06,0,0,0,0,0,0,0,0,0,0,0,0,0,0,0,0,0,0,0,0,0,0,0,0,0,0,0,0,0,0,0,0,0,0,0,0,0,0,0,0,0,0,0,0,0,0,0,0,0,0,0,0,0,0,0,0,0,0,0,0,0,0,0,0,0,0,0,0,0,0,0,0,0,0,0,0,0,0,0,0,0,0,0,0,0,0,0,0,0,0,0,0,0,0,0,0,0,0,0,0,0,0,0
0.0456419157129685,0.0129630634051093,0.0118782882247654,0.0149427781092369,0.0148614199707111,0.0191462819330694,0.0157021207354776,0.0228345175462385,0.0286923035200955,0.0219666974019634,0.0226446818896784,0.0248142322503661,0.029261810489776,0.0265498725389163,0.0232413082388675,0.0241633671421598,0.0215056679503173,0.0231599501003417,0.0325432554103162,0.0259261268102186,0.0217226229863861,0.0196073113847155,0.0164072246027011,0.0172479253674676,0.0146715843141509,0.013993599826436,0.0121223626403428,0.0158648370125292,0.0113630200141021,0.0109291099419645,0.0113630200141021,0.0107121549058958,0.0105765580083528,0.00848836578619081,0.0107663936649129,0.0133156153387211,0.0124749145739545,0.0109291099419645,0.0121494820198514,0.0102511254542496,0.00878667896078538,0.00629169604599447,0.00667136735911482,0.00751206812388133,0.00938330530997451,0.00732223246732115,0.00764766502142431,0.00572218907631393,0.00520692086565059,0.00753918750338992,0.00653577046157184,0.00572218907631393,0.00705103867223518,0.00461029451646146,0.00490860769105603,0.00488148831154743,0.00669848673862342,0.00832564950913923,0.00705103867223518,0.00621033790746868,0.005179801486142,0.00607474100992569,0.00767478440093291,0.00702391929272658,0.00610186038943429,0.00680696425665781,0.00580354721483972,0.00840700764766502,0.00553235341975376,0.00412214568530672,0.00526115962466779,0.00349839995660899,0.00564083093778814,0.00631881542550306,0.00469165265498725,0.0042577425828497,0.00542387590171937,0.00737647122633834,0.0042577425828497,0.00382383251071215,0.0025763410533167,0.00241362477626512,0.00393231002874654,0.00336280305906601,0.00355263871562619,0.00178987904756739,0.00103053642132668,0.00094917828280089,0.000786462005749309,0.000623745728697727,0.00105765580083528,0.000542387590171937,0.000461029451646146,0.000786462005749309,0.000786462005749309,0.000298313174594565,0.000189835656560178,0.000108477518034387,0,0,0,0,0,0,0,0,0,0,0,0,0,0,0,0,0,0,0,0,0,0,0,0,0,0,0,0,0,0,0,0,0,0,0,0,0,0,0,0,0,0,0,0,0,0,0,0,0,0,0,0,0,0,0,0,0,0,0,0,0,0,0,0,0,0,0,0,0,0,0,0,0,0,0,0,0,0,0,0,0,0,0,0,0,0,0,0,0,0,0,0,0,0,0,0,0,0,0,0,0,0,0,0,0,0,0,0,0,0,0,0,0,0,0,0,0,0,0,0,0,0,0,0,0,0,0,0,0,0,0,0,0,0,0,0,0,0,0,0,0,0,0,0,0,0,0,0,0,0,0,0,0,0,0,0,0,0,0,0,0,0,0,0,0,0,0,0,0,0,0,0,0,0,0,0,0,0,0,0,0,0,0,0,0,0,0,0,0,0,0,0,0,0,0,0,0,0,0,0,0,0,0,0,0,0,0,0,0,0,0,0,0,0,0,0,0,0,0,0,0,0,0,0,0,0,0,0,0,0,0,0,0,0,0,0,0,0,0,0,0,0,0,0,0,0,0,0,0,0,0,0,0,0,0,0,0,0,0,0,0,0,0,0,0,0,0,0,0,0,0,0,0,0,0,0,0,0,0,0,0,0,0,0,0,0,0,0,0,0,0,0,0,0,0,0,0,0,0,0,0,0,0,0,0,0,0,0,0,0,0,0,0,0,0,0,0,0,0,0,0,0,0,0,0,0,0,0,0,0,0,0,0,0,0,0,0,0,0,0,0,0,0,0,0,0,0,0,0,0,0,0,0,0,0,0,0,0,0,0,0,0,0,0,0,0,0,0,0,0,0,0,0,0,0,0,0,0,0,0,0,0,0,0,0,0,0,0,0,0,0,0,0,0,0,0,0,0,0,0,0,0,0,0,0,0,0,0,0,0,0,0,0,0,0,0,0,0,0,0,0,0,0,0,0,0,0,0,0,0,0,0,0,0,0,0,0,0,0,0,0,0,0,0,0,0,0,0,0,0,0,0,0,0,0,0,0,0,0,0,0
0.0412243316543975,0.0124912824486633,0.0103990701278574,0.0139480821387059,0.0153583882216195,0.0139790778767919,0.0199767531964355,0.0189538938395971,0.0238512204571871,0.0250600542425417,0.0297249128244866,0.03051530414568,0.0254165052305308,0.0223944207671445,0.0193258426966292,0.0196048043394033,0.0199147617202635,0.021278574196048,0.0199612553273925,0.0206276636962418,0.018922898101511,0.0152808988764045,0.0129097249128245,0.0159473072452538,0.0152963967454475,0.0120883378535451,0.0139790778767919,0.0128787291747385,0.0119178612940721,0.0124137931034483,0.0109724912824487,0.00920573421154591,0.00931421929484696,0.0114529252227819,0.011871367686943,0.0126927547462224,0.0103525765207284,0.00981015110422317,0.00861681518791166,0.0084773343665246,0.00919023634250291,0.0109259976753196,0.00897326617590081,0.0086943045331267,0.00881828748547075,0.00765594730724525,0.0087098024021697,0.011654397520341,0.00881828748547075,0.00855482371173964,0.00725300271212708,0.00888027896164277,0.00928322355676094,0.0120883378535451,0.00878729174738473,0.00649360712901976,0.00768694304533127,0.00798140255714839,0.00849283223556761,0.00711352189074002,0.00536226268888028,0.00677256877179388,0.00576520728399845,0.00615265401007362,0.00593568384347152,0.00785741960480434,0.00649360712901976,0.00801239829523441,0.0056412243316544,0.00385896939170864,0.00413793103448276,0.00578070515304146,0.00578070515304146,0.00677256877179388,0.0072839984502131,0.00406044168926773,0.00455637349864394,0.00723750484308408,0.00545524990313832,0.00395195660596668,0.00350251840371949,0.0037659821774506,0.00413793103448276,0.00348702053467648,0.00548624564122433,0.00296009298721426,0.00246416117783805,0.00234017822549399,0.00198372723750484,0.00170476559473072,0.00130182099961255,0.00130182099961255,0.00168926772568772,0.00108485083301046,0.00068190623789229,0.000511429678419217,0.000201472297559086,6.19914761720264e-05,0,0,0,0,0,0,0,0,0,0,0,0,0,0,0,0,0,0,0,0,0,0,0,0,0,0,0,0,0,0,0,0,0,0,0,0,0,0,0,0,0,0,0,0,0,0,0,0,0,0,0,0,0,0,0,0,0,0,0,0,0,0,0,0,0,0,0,0,0,0,0,0,0,0,0,0,0,0,0,0,0,0,0,0,0,0,0,0,0,0,0,0,0,0,0,0,0,0,0,0,0,0,0,0,0,0,0,0,0,0,0,0,0,0,0,0,0,0,0,0,0,0,0,0,0,0,0,0,0,0,0,0,0,0,0,0,0,0,0,0,0,0,0,0,0,0,0,0,0,0,0,0,0,0,0,0,0,0,0,0,0,0,0,0,0,0,0,0,0,0,0,0,0,0,0,0,0,0,0,0,0,0,0,0,0,0,0,0,0,0,0,0,0,0,0,0,0,0,0,0,0,0,0,0,0,0,0,0,0,0,0,0,0,0,0,0,0,0,0,0,0,0,0,0,0,0,0,0,0,0,0,0,0,0,0,0,0,0,0,0,0,0,0,0,0,0,0,0,0,0,0,0,0,0,0,0,0,0,0,0,0,0,0,0,0,0,0,0,0,0,0,0,0,0,0,0,0,0,0,0,0,0,0,0,0,0,0,0,0,0,0,0,0,0,0,0,0,0,0,0,0,0,0,0,0,0,0,0,0,0,0,0,0,0,0,0,0,0,0,0,0,0,0,0,0,0,0,0,0,0,0,0,0,0,0,0,0,0,0,0,0,0,0,0,0,0,0,0,0,0,0,0,0,0,0,0,0,0,0,0,0,0,0,0,0,0,0,0,0,0,0,0,0,0,0,0,0,0,0,0,0,0,0,0,0,0,0,0,0,0,0,0,0,0,0,0,0,0,0,0,0,0,0,0,0,0,0,0,0,0,0,0,0,0,0,0,0,0,0,0,0,0,0,0,0,0,0,0,0,0,0,0,0,0,0,0,0,0,0,0,0,0,0,0,0,0,0,0,0,0,0,0,0,0,0,0,0,0,0,0,0
0.0330991716626241,0.0104228639421537,0.00989657223925678,0.0127110887373576,0.0161777493020914,0.0201935838176742,0.0177680655347581,0.0207885222644273,0.0239462724818086,0.0246556221683218,0.0242551828291611,0.020616905404787,0.0203652006773145,0.0199647613381539,0.0208914923802114,0.0189007368083841,0.0220928103976935,0.0185460619651275,0.0193126172715208,0.0181570637499428,0.0181456226259668,0.0150336369044895,0.0164180129055878,0.0157544277149787,0.0145073452015926,0.0168413344927006,0.0168870989886046,0.012974234588806,0.0148849022928012,0.0155942519793144,0.0133289094320626,0.0130314402086861,0.0120360624227724,0.0122992082742209,0.0109148322731225,0.0112466248684271,0.0134890851677269,0.0126310008695254,0.0112351837444511,0.0102626882064894,0.00939316278431193,0.00779140542766921,0.00965630863576038,0.0108461855292664,0.0132259393162784,0.0141869937302641,0.0127568532332616,0.0104114228181777,0.0121847970344607,0.011212301496499,0.0103656583222736,0.0115784174637316,0.0105487163058899,0.0132259393162784,0.0109033911491465,0.00940460390828795,0.00806599240309368,0.00750537732826873,0.00751681845224475,0.00713926136103611,0.0101940414626333,0.0087867832135829,0.00753970070019679,0.0061896480710265,0.00559470962427349,0.00640702942657087,0.0061896480710265,0.00548029838451329,0.00602947233536223,0.00479383094595213,0.00470230195414398,0.0046565374582399,0.00462221408631184,0.00497688892956844,0.00369548304425427,0.00304333897762116,0.00298613335774106,0.00329504370509359,0.00320351471328543,0.00275731087822068,0.00207084343965951,0.00132717038121825,0.00115555352157796,0.00146446386893048,0.00175049196833097,0.0018305798361631,0.00129284700929019,0.00104114228181777,0.00117843576953,0.000846643174225436,0.00165896297652281,0.000354674843256602,0.00038899821518466,0.000137293487712233,0.000125852363736213,2.28822479520388e-05,1.14411239760194e-05,0,0,0,0,0,0,0,0,0,0,0,0,0,0,0,0,0,0,0,0,0,0,0,0,0,0,0,0,0,0,0,0,0,0,0,0,0,0,0,0,0,0,0,0,0,0,0,0,0,0,0,0,0,0,0,0,0,0,0,0,0,0,0,0,0,0,0,0,0,0,0,0,0,0,0,0,0,0,0,0,0,0,0,0,0,0,0,0,0,0,0,0,0,0,0,0,0,0,0,0,0,0,0,0,0,0,0,0,0,0,0,0,0,0,0,0,0,0,0,0,0,0,0,0,0,0,0,0,0,0,0,0,0,0,0,0,0,0,0,0,0,0,0,0,0,0,0,0,0,0,0,0,0,0,0,0,0,0,0,0,0,0,0,0,0,0,0,0,0,0,0,0,0,0,0,0,0,0,0,0,0,0,0,0,0,0,0,0,0,0,0,0,0,0,0,0,0,0,0,0,0,0,0,0,0,0,0,0,0,0,0,0,0,0,0,0,0,0,0,0,0,0,0,0,0,0,0,0,0,0,0,0,0,0,0,0,0,0,0,0,0,0,0,0,0,0,0,0,0,0,0,0,0,0,0,0,0,0,0,0,0,0,0,0,0,0,0,0,0,0,0,0,0,0,0,0,0,0,0,0,0,0,0,0,0,0,0,0,0,0,0,0,0,0,0,0,0,0,0,0,0,0,0,0,0,0,0,0,0,0,0,0,0,0,0,0,0,0,0,0,0,0,0,0,0,0,0,0,0,0,0,0,0,0,0,0,0,0,0,0,0,0,0,0,0,0,0,0,0,0,0,0,0,0,0,0,0,0,0,0,0,0,0,0,0,0,0,0,0,0,0,0,0,0,0,0,0,0,0,0,0,0,0,0,0,0,0,0,0,0,0,0,0,0,0,0,0,0,0,0,0,0,0,0,0,0,0,0,0,0,0,0,0,0,0,0,0,0,0,0,0,0,0,0,0,0,0,0,0,0,0,0,0,0,0,0,0,0,0,0,0,0,0,0,0,0,0,0,0,0,0,0,0,0,0,0,0,0,0,0,0,0
0.040991044305046,0.0130718954248366,0.0118225694033482,0.0132034034270985,0.0159650714745992,0.0153995870648729,0.0172670006969924,0.0204231927512789,0.0217382727738983,0.0221459475809103,0.0230928051971962,0.0224878683867913,0.0249207664286372,0.0293525861048645,0.0236319880064702,0.0205020975526361,0.0203179863494694,0.0183716679159927,0.0184242711168975,0.0176746755040044,0.0159782222748254,0.0153864362646467,0.0139398482397654,0.0158861666732421,0.0150445154587657,0.0111913309924909,0.0101918701753002,0.0158598650727897,0.0158861666732421,0.0138214910377296,0.0138872450388606,0.00992885417077629,0.00869267894951408,0.0110335213897766,0.0096921397667048,0.0116253073999553,0.0125721650162412,0.00892939335358557,0.00911350455675228,0.00866637734906169,0.00954748096421667,0.00911350455675228,0.00966583816625242,0.0112439341933957,0.00962638576557383,0.00956063176444287,0.0119146250049315,0.0128614826212175,0.0094817269630857,0.00895569495403795,0.008008837337752,0.00921871095856183,0.00783787693481148,0.00827185334227588,0.0115332517983719,0.0100735129732644,0.00854802014702595,0.00938967136150235,0.00917925855788325,0.0101524177746216,0.00848226614589498,0.0102707749766573,0.0088636393524546,0.00685156691784695,0.00681211451716837,0.00647019371128733,0.00614142370563249,0.00735129732644231,0.00753540852960903,0.00523401849002512,0.00602306650359674,0.00620717770676346,0.00789048013571626,0.00658855091332308,0.0061151221051801,0.00477374048210834,0.00524716929025131,0.00433976407464394,0.00351126366039374,0.00366907326310806,0.00251180284320301,0.00385318446627477,0.00240659644139346,0.00213042963664339,0.00263016004523875,0.00195946923370287,0.00139398482397654,0.00080219881379782,0.000565484409726332,0.000407674807012007,0.000236714404071488,0.000276166804750069,5.26032009047751e-05,3.94524006785813e-05,2.63016004523875e-05,1.31508002261938e-05,0,0,0,0,0,0,0,0,0,0,0,0,0,0,0,0,0,0,0,0,0,0,0,0,0,0,0,0,0,0,0,0,0,0,0,0,0,0,0,0,0,0,0,0,0,0,0,0,0,0,0,0,0,0,0,0,0,0,0,0,0,0,0,0,0,0,0,0,0,0,0,0,0,0,0,0,0,0,0,0,0,0,0,0,0,0,0,0,0,0,0,0,0,0,0,0,0,0,0,0,0,0,0,0,0,0,0,0,0,0,0,0,0,0,0,0,0,0,0,0,0,0,0,0,0,0,0,0,0,0,0,0,0,0,0,0,0,0,0,0,0,0,0,0,0,0,0,0,0,0,0,0,0,0,0,0,0,0,0,0,0,0,0,0,0,0,0,0,0,0,0,0,0,0,0,0,0,0,0,0,0,0,0,0,0,0,0,0,0,0,0,0,0,0,0,0,0,0,0,0,0,0,0,0,0,0,0,0,0,0,0,0,0,0,0,0,0,0,0,0,0,0,0,0,0,0,0,0,0,0,0,0,0,0,0,0,0,0,0,0,0,0,0,0,0,0,0,0,0,0,0,0,0,0,0,0,0,0,0,0,0,0,0,0,0,0,0,0,0,0,0,0,0,0,0,0,0,0,0,0,0,0,0,0,0,0,0,0,0,0,0,0,0,0,0,0,0,0,0,0,0,0,0,0,0,0,0,0,0,0,0,0,0,0,0,0,0,0,0,0,0,0,0,0,0,0,0,0,0,0,0,0,0,0,0,0,0,0,0,0,0,0,0,0,0,0,0,0,0,0,0,0,0,0,0,0,0,0,0,0,0,0,0,0,0,0,0,0,0,0,0,0,0,0,0,0,0,0,0,0,0,0,0,0,0,0,0,0,0,0,0,0,0,0,0,0,0,0,0,0,0,0,0,0,0,0,0,0,0,0,0,0,0,0,0,0,0,0,0,0,0,0,0,0,0,0,0,0,0,0,0,0,0,0,0,0,0,0,0,0,0,0,0,0,0,0,0,0,0,0,0,0,0,0,0,0,0,0,0,0,0,0,0
0.0432797488823362,0.0107485969751736,0.0117632137987888,0.012746123846666,0.0108754240781255,0.0131741653191287,0.0148704778211104,0.0171692190621136,0.0184691968673706,0.0211008592536225,0.0205776974539459,0.017946035067694,0.0208313516598497,0.023034972573639,0.0234471606582327,0.0272836805225277,0.0186435841339294,0.0196582009575446,0.0200228288785313,0.0176606740860522,0.017961888455563,0.0211167126414915,0.0181204223342528,0.0131107517676527,0.0141570753670059,0.0157107073781667,0.0126192967437141,0.0136022067915914,0.0137131805066743,0.0148704778211104,0.0124132027014173,0.0117156536351818,0.0126192967437141,0.0106851834236976,0.0137290338945433,0.0130156314404388,0.0117632137987888,0.0130156314404388,0.011525412980754,0.012730270458797,0.0112400519991122,0.0100827546846761,0.0106534766479597,0.00989251403024826,0.00864009638859824,0.00919496496401281,0.0113351723263261,0.0114144392656711,0.0103998224420559,0.011477852817147,0.00822790830400457,0.0105900630964837,0.00924252512761977,0.00981324709090333,0.0105107961571388,0.00735597197121025,0.00659500935349884,0.0105107961571388,0.00944861916991661,0.0108120105266495,0.00952788610926155,0.0107327435873046,0.00781572021941089,0.00757791940137607,0.00726085164399632,0.00573892640857351,0.00615111449316719,0.00686451694727163,0.00640476869907099,0.00619867465677415,0.00791084054662481,0.00619867465677415,0.00401090713085386,0.00451821554266147,0.00466089603348236,0.00551697897840769,0.00407432068232981,0.00294873014363169,0.00237800818034814,0.00399505374298488,0.0017914328291956,0.00156948539902977,0.00182313960493357,0.00187069976854054,0.00258410222264498,0.00168045911411269,0.00120485747804306,0.00112559053869812,0.000634135514759504,0.000665842290497479,0.000967056660008244,0.00152192523542281,0.00120485747804306,0.00125241764165002,0.00045974824820064,0.000142680490820888,7.9266939344938e-05,0,0,0,0,0,0,0,0,0,0,0,0,0,0,0,0,0,0,0,0,0,0,0,0,0,0,0,0,0,0,0,0,0,0,0,0,0,0,0,0,0,0,0,0,0,0,0,0,0,0,0,0,0,0,0,0,0,0,0,0,0,0,0,0,0,0,0,0,0,0,0,0,0,0,0,0,0,0,0,0,0,0,0,0,0,0,0,0,0,0,0,0,0,0,0,0,0,0,0,0,0,0,0,0,0,0,0,0,0,0,0,0,0,0,0,0,0,0,0,0,0,0,0,0,0,0,0,0,0,0,0,0,0,0,0,0,0,0,0,0,0,0,0,0,0,0,0,0,0,0,0,0,0,0,0,0,0,0,0,0,0,0,0,0,0,0,0,0,0,0,0,0,0,0,0,0,0,0,0,0,0,0,0,0,0,0,0,0,0,0,0,0,0,0,0,0,0,0,0,0,0,0,0,0,0,0,0,0,0,0,0,0,0,0,0,0,0,0,0,0,0,0,0,0,0,0,0,0,0,0,0,0,0,0,0,0,0,0,0,0,0,0,0,0,0,0,0,0,0,0,0,0,0,0,0,0,0,0,0,0,0,0,0,0,0,0,0,0,0,0,0,0,0,0,0,0,0,0,0,0,0,0,0,0,0,0,0,0,0,0,0,0,0,0,0,0,0,0,0,0,0,0,0,0,0,0,0,0,0,0,0,0,0,0,0,0,0,0,0,0,0,0,0,0,0,0,0,0,0,0,0,0,0,0,0,0,0,0,0,0,0,0,0,0,0,0,0,0,0,0,0,0,0,0,0,0,0,0,0,0,0,0,0,0,0,0,0,0,0,0,0,0,0,0,0,0,0,0,0,0,0,0,0,0,0,0,0,0,0,0,0,0,0,0,0,0,0,0,0,0,0,0,0,0,0,0,0,0,0,0,0,0,0,0,0,0,0,0,0,0,0,0,0,0,0,0,0,0,0,0,0,0,0,0,0,0,0,0,0,0,0,0,0,0,0,0,0,0,0,0,0,0,0,0,0,0,0,0,0,0,0,0
0.0492811348112433,0.0104117534021627,0.00897926384012019,0.0124207326660028,0.0115822021906609,0.0117568960396904,0.0167880788917422,0.0220114249777265,0.0210855475778698,0.0215222822004437,0.0227276697587478,0.0214698740457348,0.0223084045210768,0.0228150166832626,0.0231644043813217,0.0208235068043254,0.0177663644463078,0.0175043236727635,0.0206138741854899,0.0174693849029576,0.0179585276802404,0.0161242422654298,0.0163862830389742,0.0171199972048984,0.0173470992086369,0.0212777108118023,0.018098282759464,0.0174344461331517,0.0149363240920287,0.0163688136540712,0.0162639973446535,0.0157224464126618,0.0146568139335814,0.0162814667295565,0.0174169767482487,0.0132068549866359,0.0133990182205685,0.010289467707842,0.0113725695718254,0.0105689778662893,0.0124032632810999,0.0140628548468808,0.0131020386772182,0.011512324651049,0.0118617123491082,0.00852505983264329,0.00976538616075328,0.00817567213458414,0.00910154953444089,0.00677812134234754,0.00880456999109061,0.0103768146323568,0.00569501947836417,0.00766905997239837,0.00899673322502315,0.00873469245147878,0.00840277413832259,0.00714497842530964,0.00663836626312388,0.00714497842530964,0.00555526439914051,0.00611428471603515,0.00520587670108136,0.00471673392379854,0.0080708558251664,0.00536310116520797,0.00548538685952868,0.00351134636549447,0.00379085652394179,0.0046119176143808,0.00289991789389096,0.00352881575039743,0.00246318327131702,0.00286497912408504,0.00319689743724123,0.00164212218087801,0.00258546896563772,0.00296979543350279,0.00227102003738448,0.0018517547997135,0.00269028527505547,0.00307461174292053,0.00412277483709799,0.00284750973918208,0.00283004035427913,0.00326677497685307,0.0016071834110721,0.00155477525636322,0.00144995894694548,0.00101322432437154,0.00143248956204252,0.00326677497685307,0.00162465279597505,0.000733714165924218,0.000157224464126618,0,0,0,0,0,0,0,0,0,0,0,0,0,0,0,0,0,0,0,0,0,0,0,0,0,0,0,0,0,0,0,0,0,0,0,0,0,0,0,0,0,0,0,0,0,0,0,0,0,0,0,0,0,0,0,0,0,0,0,0,0,0,0,0,0,0,0,0,0,0,0,0,0,0,0,0,0,0,0,0,0,0,0,0,0,0,0,0,0,0,0,0,0,0,0,0,0,0,0,0,0,0,0,0,0,0,0,0,0,0,0,0,0,0,0,0,0,0,0,0,0,0,0,0,0,0,0,0,0,0,0,0,0,0,0,0,0,0,0,0,0,0,0,0,0,0,0,0,0,0,0,0,0,0,0,0,0,0,0,0,0,0,0,0,0,0,0,0,0,0,0,0,0,0,0,0,0,0,0,0,0,0,0,0,0,0,0,0,0,0,0,0,0,0,0,0,0,0,0,0,0,0,0,0,0,0,0,0,0,0,0,0,0,0,0,0,0,0,0,0,0,0,0,0,0,0,0,0,0,0,0,0,0,0,0,0,0,0,0,0,0,0,0,0,0,0,0,0,0,0,0,0,0,0,0,0,0,0,0,0,0,0,0,0,0,0,0,0,0,0,0,0,0,0,0,0,0,0,0,0,0,0,0,0,0,0,0,0,0,0,0,0,0,0,0,0,0,0,0,0,0,0,0,0,0,0,0,0,0,0,0,0,0,0,0,0,0,0,0,0,0,0,0,0,0,0,0,0,0,0,0,0,0,0,0,0,0,0,0,0,0,0,0,0,0,0,0,0,0,0,0,0,0,0,0,0,0,0,0,0,0,0,0,0,0,0,0,0,0,0,0,0,0,0,0,0,0,0,0,0,0,0,0,0,0,0,0,0,0,0,0,0,0,0,0,0,0,0,0,0,0,0,0,0,0,0,0,0,0,0,0,0,0,0,0,0,0,0,0,0,0,0,0,0,0,0,0,0,0,0,0,0,0,0,0,0,0,0,0,0,0,0,0,0,0,0,0,0,0,0,0,0,0,0,0,0,0,0,0,0,0,0,0,0
0.056156950048699,0.0132461388618339,0.0103241964658411,0.0112703492416864,0.0111590371504105,0.0121330179490747,0.0163072213719215,0.0166689856685682,0.0202866286350355,0.0197300681786559,0.0202031445665785,0.0257965771531933,0.0242382078753305,0.0243216919437874,0.0224572144149158,0.0212606094336997,0.0190065395853625,0.0212606094336997,0.0234311952135801,0.0189230555169055,0.020898845137053,0.0152497565048003,0.0187839154028106,0.0166411576457493,0.016947265896758,0.0164185334631974,0.0201474885209406,0.0173368582162237,0.0128843745651871,0.0143036037289551,0.0123834701544455,0.0134131069987477,0.0158063169611799,0.0129956866564631,0.0108251008765827,0.0161959092806456,0.0119938778349798,0.0112703492416864,0.00996243216919438,0.00904410741616808,0.010518992625574,0.00962849589536663,0.0120217058577988,0.0101294003061083,0.0107694448309448,0.00929455962153889,0.0101850563517462,0.0116042855155141,0.0163350493947405,0.0090162793933491,0.00762487825240017,0.00553777654097676,0.00637261722554612,0.00871017114234034,0.00645610129400306,0.00751356616112425,0.0073187700013914,0.00679003756783081,0.0105746486712119,0.00985112007791846,0.00921107555308195,0.00409071935438987,0.00498121608459719,0.00395157924029498,0.00453596771949353,0.00409071935438987,0.00439682760539864,0.00495338806177821,0.00322805064700153,0.00384026714901906,0.00384026714901906,0.00289411437317379,0.00158619730068179,0.00144705718658689,0.00573257270070961,0.00704048977320161,0.00244886600807013,0.00197578962014749,0.00409071935438987,0.00364547098928621,0.00178099346041464,0.00144705718658689,0.00690134965910672,0.00768053429803812,0.000779184638931404,0.00141922916376791,0.00144705718658689,0.00183664950605259,0.00116877695839711,0.00161402532350077,0.00200361764296647,0.000723528593293446,0.000278280228189787,0.000166968136913872,2.78280228189787e-05,0.000556560456379574,0.000250452205370808,0,0,0,0,0,0,0,0,0,0,0,0,0,0,0,0,0,0,0,0,0,0,0,0,0,0,0,0,0,0,0,0,0,0,0,0,0,0,0,0,0,0,0,0,0,0,0,0,0,0,0,0,0,0,0,0,0,0,0,0,0,0,0,0,0,0,0,0,0,0,0,0,0,0,0,0,0,0,0,0,0,0,0,0,0,0,0,0,0,0,0,0,0,0,0,0,0,0,0,0,0,0,0,0,0,0,0,0,0,0,0,0,0,0,0,0,0,0,0,0,0,0,0,0,0,0,0,0,0,0,0,0,0,0,0,0,0,0,0,0,0,0,0,0,0,0,0,0,0,0,0,0,0,0,0,0,0,0,0,0,0,0,0,0,0,0,0,0,0,0,0,0,0,0,0,0,0,0,0,0,0,0,0,0,0,0,0,0,0,0,0,0,0,0,0,0,0,0,0,0,0,0,0,0,0,0,0,0,0,0,0,0,0,0,0,0,0,0,0,0,0,0,0,0,0,0,0,0,0,0,0,0,0,0,0,0,0,0,0,0,0,0,0,0,0,0,0,0,0,0,0,0,0,0,0,0,0,0,0,0,0,0,0,0,0,0,0,0,0,0,0,0,0,0,0,0,0,0,0,0,0,0,0,0,0,0,0,0,0,0,0,0,0,0,0,0,0,0,0,0,0,0,0,0,0,0,0,0,0,0,0,0,0,0,0,0,0,0,0,0,0,0,0,0,0,0,0,0,0,0,0,0,0,0,0,0,0,0,0,0,0,0,0,0,0,0,0,0,0,0,0,0,0,0,0,0,0,0,0,0,0,0,0,0,0,0,0,0,0,0,0,0,0,0,0,0,0,0,0,0,0,0,0,0,0,0,0,0,0,0,0,0,0,0,0,0,0,0,0,0,0,0,0,0,0,0,0,0,0,0,0,0,0,0,0,0,0,0,0,0,0,0,0,0,0,0,0,0,0,0,0,0,0,0,0,0,0,0,0,0,0,0,0,0,0,0,0,0,0,0,0,0,0,0,0,0,0,0,0,0,0,0
0.068998877752409,0.0111837777175806,0.0099454355481599,0.0148214078402539,0.0174141867574784,0.02244495182075,0.0234124066406099,0.0377307379745366,0.0249603343523857,0.0232963120622267,0.0261212801362176,0.0254247126659185,0.022251460856778,0.0211679114585349,0.0212840060369181,0.0187686235052823,0.0152470879609922,0.0173367903718896,0.015517975310553,0.0168337138655625,0.0179559614566,0.0133508765140668,0.0124608180797957,0.0178398668782168,0.0192330018188151,0.0166402229015905,0.0150148988042258,0.012886498200534,0.0161371463952633,0.018149452420572,0.0141635385627491,0.0138539530203939,0.0141248403699547,0.0104485120544871,0.0118416469950853,0.011609457838319,0.0127704036221508,0.0099454355481599,0.0143570295267211,0.0118416469950853,0.0116868542239077,0.00874579157153361,0.00901667892109438,0.0107193994040478,0.011222475910375,0.00986803916257111,0.0135056692852444,0.0114933632599358,0.00619171084710344,0.00623040903989784,0.00808792229402887,0.0101776247049263,0.00897798072829999,0.0107967957896366,0.00634650361828103,0.00708176928137456,0.00793312952285128,0.00650129638945861,0.0054951433768043,0.00460508494253318,0.00537904879842111,0.00390851747223405,0.00375372470105646,0.00460508494253318,0.00386981927943965,0.00356023373708448,0.0033280445803181,0.00313455361634612,0.002244495182075,0.002244495182075,0.00236058976045819,0.0043728957857668,0.00321195000193491,0.00359893192987887,0.00383112108664525,0.00189621144692543,0.00325064819472931,0.00433419759297241,0.0022057969892806,0.00263147711001896,0.00270887349560776,0.00429549940017801,0.00263147711001896,0.00123834216942069,0.0011609457838319,0.00185751325413103,0.00274757168840215,0.00100615301265431,0.000154792771177586,0.000193490963971982,0.000580472891915948,0.000154792771177586,7.7396385588793e-05,0,0,0,0,0,0,0,0,0,0,0,0,0,0,0,0,0,0,0,0,0,0,0,0,0,0,0,0,0,0,0,0,0,0,0,0,0,0,0,0,0,0,0,0,0,0,0,0,0,0,0,0,0,0,0,0,0,0,0,0,0,0,0,0,0,0,0,0,0,0,0,0,0,0,0,0,0,0,0,0,0,0,0,0,0,0,0,0,0,0,0,0,0,0,0,0,0,0,0,0,0,0,0,0,0,0,0,0,0,0,0,0,0,0,0,0,0,0,0,0,0,0,0,0,0,0,0,0,0,0,0,0,0,0,0,0,0,0,0,0,0,0,0,0,0,0,0,0,0,0,0,0,0,0,0,0,0,0,0,0,0,0,0,0,0,0,0,0,0,0,0,0,0,0,0,0,0,0,0,0,0,0,0,0,0,0,0,0,0,0,0,0,0,0,0,0,0,0,0,0,0,0,0,0,0,0,0,0,0,0,0,0,0,0,0,0,0,0,0,0,0,0,0,0,0,0,0,0,0,0,0,0,0,0,0,0,0,0,0,0,0,0,0,0,0,0,0,0,0,0,0,0,0,0,0,0,0,0,0,0,0,0,0,0,0,0,0,0,0,0,0,0,0,0,0,0,0,0,0,0,0,0,0,0,0,0,0,0,0,0,0,0,0,0,0,0,0,0,0,0,0,0,0,0,0,0,0,0,0,0,0,0,0,0,0,0,0,0,0,0,0,0,0,0,0,0,0,0,0,0,0,0,0,0,0,0,0,0,0,0,0,0,0,0,0,0,0,0,0,0,0,0,0,0,0,0,0,0,0,0,0,0,0,0,0,0,0,0,0,0,0,0,0,0,0,0,0,0,0,0,0,0,0,0,0,0,0,0,0,0,0,0,0,0,0,0,0,0,0,0,0,0,0,0,0,0,0,0,0,0,0,0,0,0,0,0,0,0,0,0,0,0,0,0,0,0,0,0,0,0,0,0,0,0,0,0,0,0,0,0,0,0,0,0,0,0,0,0,0,0,0,0,0,0,0,0,0,0,0,0,0,0,0,0,0,0
0.0663619167717528,0.019577553593947,0.0180958385876419,0.0168032786885246,0.0170870113493064,0.0169609079445145,0.0174022698612863,0.02140605296343,0.0174653215636822,0.0220996216897856,0.0230769230769231,0.0211223203026482,0.0247477931904161,0.0282471626733922,0.0223518284993695,0.0248738965952081,0.0241488020176545,0.0239911727616646,0.021343001261034,0.0190416141235813,0.0217843631778058,0.0188524590163934,0.0187894073139975,0.0177175283732661,0.0136506935687264,0.0163934426229508,0.0136506935687264,0.0175283732660782,0.0195145018915511,0.0236128625472888,0.0188209331651955,0.0154791929382093,0.0138713745271122,0.0115384615384615,0.0129571248423707,0.0113808322824716,0.00977301387137453,0.0096469104665826,0.00955233291298865,0.0115699873896595,0.0120428751576293,0.00775535939470366,0.012421185372005,0.00933165195460278,0.00769230769230769,0.00794451450189155,0.0110655737704918,0.0134930643127364,0.00974148802017654,0.00851197982345523,0.00942622950819672,0.00725094577553594,0.00602143757881463,0.00740857503152585,0.00561160151324086,0.00507566204287516,0.00378310214375788,0.00444514501891551,0.00545397225725095,0.00608448928121059,0.00567465321563682,0.00517023959646911,0.00397225725094578,0.0032156368221942,0.00359394703656999,0.00435056746532156,0.00412988650693569,0.00308953341740227,0.00494955863808323,0.00302648171500631,0.00315258511979823,0.00299495586380832,0.00324716267339218,0.00349936948297604,0.00170239596469105,0.00145018915510719,0.00119798234552333,0.00135561160151324,0.00173392181588903,0.00126103404791929,0.00094577553593947,0.000504413619167718,0.000283732660781841,0.000283732660781841,0.000788146279949559,0.000630517023959647,0.000378310214375788,9.4577553593947e-05,0.000252206809583859,0.000126103404791929,3.15258511979823e-05,6.30517023959647e-05,0,0,0,0,0,0,0,0,0,0,0,0,0,0,0,0,0,0,0,0,0,0,0,0,0,0,0,0,0,0,0,0,0,0,0,0,0,0,0,0,0,0,0,0,0,0,0,0,0,0,0,0,0,0,0,0,0,0,0,0,0,0,0,0,0,0,0,0,0,0,0,0,0,0,0,0,0,0,0,0,0,0,0,0,0,0,0,0,0,0,0,0,0,0,0,0,0,0,0,0,0,0,0,0,0,0,0,0,0,0,0,0,0,0,0,0,0,0,0,0,0,0,0,0,0,0,0,0,0,0,0,0,0,0,0,0,0,0,0,0,0,0,0,0,0,0,0,0,0,0,0,0,0,0,0,0,0,0,0,0,0,0,0,0,0,0,0,0,0,0,0,0,0,0,0,0,0,0,0,0,0,0,0,0,0,0,0,0,0,0,0,0,0,0,0,0,0,0,0,0,0,0,0,0,0,0,0,0,0,0,0,0,0,0,0,0,0,0,0,0,0,0,0,0,0,0,0,0,0,0,0,0,0,0,0,0,0,0,0,0,0,0,0,0,0,0,0,0,0,0,0,0,0,0,0,0,0,0,0,0,0,0,0,0,0,0,0,0,0,0,0,0,0,0,0,0,0,0,0,0,0,0,0,0,0,0,0,0,0,0,0,0,0,0,0,0,0,0,0,0,0,0,0,0,0,0,0,0,0,0,0,0,0,0,0,0,0,0,0,0,0,0,0,0,0,0,0,0,0,0,0,0,0,0,0,0,0,0,0,0,0,0,0,0,0,0,0,0,0,0,0,0,0,0,0,0,0,0,0,0,0,0,0,0,0,0,0,0,0,0,0,0,0,0,0,0,0,0,0,0,0,0,0,0,0,0,0,0,0,0,0,0,0,0,0,0,0,0,0,0,0,0,0,0,0,0,0,0,0,0,0,0,0,0,0,0,0,0,0,0,0,0,0,0,0,0,0,0,0,0,0,0,0,0,0,0,0,0,0,0,0,0,0,0,0,0,0,0,0,0,0,0,0,0,0,0,0,0,0,0,0,0,0,0,0,0,0
0.119191030995823,0.0200923279841723,0.0193449109694438,0.0111672895141789,0.0128819520773796,0.0196966366234337,0.0251044185535282,0.0222906133216091,0.0260276983952517,0.0313915146185975,0.0225544075621016,0.0222466476148604,0.0184216311277204,0.0236095845240712,0.0245768300725434,0.0246647614860409,0.0222906133216091,0.0262914926357441,0.0263354583424929,0.0169267970982634,0.0176302484062431,0.0173664541657507,0.0168828313915146,0.014992306001319,0.011650912288415,0.0143767861068367,0.0141129918663443,0.0134535062651132,0.0138052319191031,0.0161354143767861,0.0172785227522532,0.0153000659485601,0.0135854033853594,0.0108155638601891,0.0147285117608266,0.0147724774675753,0.0161793800835348,0.0158716201362937,0.0150802374148164,0.0115629808749176,0.0113431523411739,0.00800175862826995,0.00932072983073203,0.00800175862826995,0.0124422950098923,0.00896900417674214,0.00716641020004397,0.00571554187733568,0.00729830732029017,0.00408881072763245,0.00765003297428006,0.0120026379424049,0.00540778193009453,0.00584743899758189,0.00426467355462739,0.00457243350186854,0.00334139371290393,0.00426467355462739,0.00531985051659705,0.00452846779511981,0.00276983952517037,0.00298966805891405,0.00285777093866784,0.00180259397669818,0.00250604528467795,0.00087931413497472,0.00043965706748736,0.000967245548472192,0.00087931413497472,0.000703451307979776,0.000923279841723456,0.000703451307979776,0.000703451307979776,0.00043965706748736,0.00043965706748736,0.000967245548472192,0.000351725653989888,0.00145086832270829,0.00382501648714003,0.00136293690921082,0.000615519894482304,0.000527588480984832,0.000263794240492416,0,4.3965706748736e-05,0,8.7931413497472e-05,0,0,0,0,0,0.000131897120246208,0.000131897120246208,0,0,0,0,0,0,0,0,0,0,0,0,0,0,0,0,0,0,0,0,0,0,0,0,0,0,0,0,0,0,0,0,0,0,0,0,0,0,0,0,0,0,0,0,0,0,0,0,0,0,0,0,0,0,0,0,0,0,0,0,0,0,0,0,0,0,0,0,0,0,0,0,0,0,0,0,0,0,0,0,0,0,0,0,0,0,0,0,0,0,0,0,0,0,0,0,0,0,0,0,0,0,0,0,0,0,0,0,0,0,0,0,0,0,0,0,0,0,0,0,0,0,0,0,0,0,0,0,0,0,0,0,0,0,0,0,0,0,0,0,0,0,0,0,0,0,0,0,0,0,0,0,0,0,0,0,0,0,0,0,0,0,0,0,0,0,0,0,0,0,0,0,0,0,0,0,0,0,0,0,0,0,0,0,0,0,0,0,0,0,0,0,0,0,0,0,0,0,0,0,0,0,0,0,0,0,0,0,0,0,0,0,0,0,0,0,0,0,0,0,0,0,0,0,0,0,0,0,0,0,0,0,0,0,0,0,0,0,0,0,0,0,0,0,0,0,0,0,0,0,0,0,0,0,0,0,0,0,0,0,0,0,0,0,0,0,0,0,0,0,0,0,0,0,0,0,0,0,0,0,0,0,0,0,0,0,0,0,0,0,0,0,0,0,0,0,0,0,0,0,0,0,0,0,0,0,0,0,0,0,0,0,0,0,0,0,0,0,0,0,0,0,0,0,0,0,0,0,0,0,0,0,0,0,0,0,0,0,0,0,0,0,0,0,0,0,0,0,0,0,0,0,0,0,0,0,0,0,0,0,0,0,0,0,0,0,0,0,0,0,0,0,0,0,0,0,0,0,0,0,0,0,0,0,0,0,0,0,0,0,0,0,0,0,0,0,0,0,0,0,0,0,0,0,0,0,0,0,0,0,0,0,0,0,0,0,0,0,0,0,0,0,0,0,0,0,0,0,0,0,0,0,0,0,0,0,0,0,0,0,0,0,0,0,0,0,0,0,0,0,0,0,0,0,0,0,0,0,0,0,0,0,0,0,0
0.10071167992345,0.0136953531487351,0.0101070510136954,0.0114825668321273,0.0102266610848633,0.00986783087135937,0.00903056037318342,0.0136355481131511,0.0143532085401591,0.015728724358591,0.0166257998923509,0.0209317624543987,0.0200346869206387,0.0235631840200945,0.0227259135219185,0.0193170264936308,0.0293642724717421,0.0281681717600622,0.0284671969379822,0.0259553854434543,0.0246994796961904,0.0293044674361581,0.0431792356916452,0.0262544106213743,0.0293044674361581,0.0262544106213743,0.0193170264936308,0.0210513725255667,0.0166856049279349,0.0144130135757431,0.0142335984689911,0.0119610071167992,0.0111237366186233,0.00986783087135937,0.0166257998923509,0.015908139465343,0.0169846301058549,0.0127982776149752,0.0105256862627833,0.0113629567609593,0.00909036540876742,0.00837270498175946,0.00574128341606363,0.00956880569343939,0.00550206327372765,0.0077746546259195,0.00610011362956761,0.00825309491059147,0.00879134023084744,0.00681777405657556,0.00412654745529574,0.00639913880748759,0.00556186830931164,0.0106452963339513,0.00753543448358352,0.00424615752646373,0.00382752227737576,0.00400693738412774,0.0030500568147838,0.00299025177919981,0.00484420788230369,0.00269122660127983,0.00197356617427187,0.00233239638777585,0.00496381795347168,0.00322947192153579,0.0031098618503678,0.00203337120985587,0.00179415106751989,0.00137551581843191,0.00143532085401591,0.0016147359607679,0.00269122660127983,0.00101668560492794,0.00077746546259195,0.00131571078284792,0.00125590574726392,0.000956880569343939,0.000837270498175946,0.000717660427007954,0.000478440284671969,0.00131571078284792,0.000717660427007954,0.000598050355839962,0.000299025177919981,0.000119610071167992,0,0,0,5.98050355839962e-05,5.98050355839962e-05,0.000358830213503977,0.000418635249087973,0.000299025177919981,5.98050355839962e-05,0,0,0,0,0,0,0,0,0,0,0,0,0,0,0,0,0,0,0,0,0,0,0,0,0,0,0,0,0,0,0,0,0,0,0,0,0,0,0,0,0,0,0,0,0,0,0,0,0,0,0,0,0,0,0,0,0,0,0,0,0,0,0,0,0,0,0,0,0,0,0,0,0,0,0,0,0,0,0,0,0,0,0,0,0,0,0,0,0,0,0,0,0,0,0,0,0,0,0,0,0,0,0,0,0,0,0,0,0,0,0,0,0,0,0,0,0,0,0,0,0,0,0,0,0,0,0,0,0,0,0,0,0,0,0,0,0,0,0,0,0,0,0,0,0,0,0,0,0,0,0,0,0,0,0,0,0,0,0,0,0,0,0,0,0,0,0,0,0,0,0,0,0,0,0,0,0,0,0,0,0,0,0,0,0,0,0,0,0,0,0,0,0,0,0,0,0,0,0,0,0,0,0,0,0,0,0,0,0,0,0,0,0,0,0,0,0,0,0,0,0,0,0,0,0,0,0,0,0,0,0,0,0,0,0,0,0,0,0,0,0,0,0,0,0,0,0,0,0,0,0,0,0,0,0,0,0,0,0,0,0,0,0,0,0,0,0,0,0,0,0,0,0,0,0,0,0,0,0,0,0,0,0,0,0,0,0,0,0,0,0,0,0,0,0,0,0,0,0,0,0,0,0,0,0,0,0,0,0,0,0,0,0,0,0,0,0,0,0,0,0,0,0,0,0,0,0,0,0,0,0,0,0,0,0,0,0,0,0,0,0,0,0,0,0,0,0,0,0,0,0,0,0,0,0,0,0,0,0,0,0,0,0,0,0,0,0,0,0,0,0,0,0,0,0,0,0,0,0,0,0,0,0,0,0,0,0,0,0,0,0,0,0,0,0,0,0,0,0,0,0,0,0,0,0,0,0,0,0,0,0,0,0,0,0,0,0,0,0,0,0,0,0,0,0,0,0,0,0,0,0,0,0,0,0,0,0,0,0,0,0,0,0,0,0,0,0,0,0,0,0,0,0,0,0,0,0,0,0,0,0,0,0,0
0.0569506726457399,0.0221973094170404,0.0137331838565022,0.017432735426009,0.0130605381165919,0.0137331838565022,0.0163677130044843,0.0162556053811659,0.013677130044843,0.0152466367713004,0.0162556053811659,0.0172645739910314,0.0153026905829596,0.0191704035874439,0.0172085201793722,0.0138452914798206,0.0211322869955157,0.0209641255605381,0.0205717488789238,0.0276905829596413,0.0249439461883408,0.0276905829596413,0.0292040358744395,0.0361547085201794,0.0366031390134529,0.0197309417040359,0.0126121076233184,0.0163677130044843,0.017152466367713,0.0149663677130045,0.0173766816143498,0.0170964125560538,0.0126681614349776,0.0128923766816144,0.0132286995515695,0.0134529147982063,0.0178251121076233,0.0133968609865471,0.0109304932735426,0.0147982062780269,0.0112668161434978,0.0116591928251121,0.00795964125560538,0.0130605381165919,0.0101457399103139,0.0118273542600897,0.00992152466367713,0.0110986547085202,0.0102017937219731,0.00594170403587444,0.00414798206278027,0.00639013452914798,0.00431614349775785,0.00325112107623318,0.00599775784753363,0.00269058295964126,0.00252242152466368,0.00442825112107623,0.00353139013452915,0.0031390134529148,0.00269058295964126,0.00241031390134529,0.00274663677130045,0.00285874439461883,0.00280269058295964,0.00532511210762332,0.00739910313901345,0.00526905829596413,0.00353139013452915,0.00493273542600897,0.00448430493273543,0.00358744394618834,0.00437219730941704,0.00207399103139013,0.0015695067264574,0.00252242152466368,0.00196188340807175,0.00162556053811659,0.00173766816143498,0.00184977578475336,0.000952914798206278,0.0023542600896861,0.00112107623318386,0.00151345291479821,0.00128923766816143,0.00140134529147982,0.00145739910313901,0.000616591928251121,0.0007847533632287,0.000952914798206278,0.00112107623318386,0.000448430493273543,0.00117713004484305,0.000672645739910314,0.00106502242152466,0.000728699551569507,0.00229820627802691,0.00117713004484305,0.000672645739910314,5.60538116591928e-05,5.60538116591928e-05,5.60538116591928e-05,0.000280269058295964,0.000336322869955157,5.60538116591928e-05,0.000168161434977578,0.000504484304932735,0.000224215246636771,5.60538116591928e-05,0,0,0,0,0,0,0,0,0,0,0,0,0,0,0,0,0,0,0,0,0,0,0,0,0,0,0,0,0,0,0,0,0,0,0,0,0,0,0,0,0,0,0,0,0,0,0,0,0,0,0,0,0,0,0,0,0,0,0,0,0,0,0,0,0,0,0,0,0,0,0,0,0,0,0,0,0,0,0,0,0,0,0,0,0,0,0,0,0,0,0,0,0,0,0,0,0,0,0,0,0,0,0,0,0,0,0,0,0,0,0,0,0,0,0,0,0,0,0,0,0,0,0,0,0,0,0,0,0,0,0,0,0,0,0,0,0,0,0,0,0,0,0,0,0,0,0,0,0,0,0,0,0,0,0,0,0,0,0,0,0,0,0,0,0,0,0,0,0,0,0,0,0,0,0,0,0,0,0,0,0,0,0,0,0,0,0,0,0,0,0,0,0,0,0,0,0,0,0,0,0,0,0,0,0,0,0,0,0,0,0,0,0,0,0,0,0,0,0,0,0,0,0,0,0,0,0,0,0,0,0,0,0,0,0,0,0,0,0,0,0,0,0,0,0,0,0,0,0,0,0,0,0,0,0,0,0,0,0,0,0,0,0,0,0,0,0,0,0,0,0,0,0,0,0,0,0,0,0,0,0,0,0,0,0,0,0,0,0,0,0,0,0,0,0,0,0,0,0,0,0,0,0,0,0,0,0,0,0,0,0,0,0,0,0,0,0,0,0,0,0,0,0,0,0,0,0,0,0,0,0,0,0,0,0,0,0,0,0,0,0,0,0,0,0,0,0,0,0,0,0,0,0,0,0,0,0,0,0,0,0,0,0,0,0,0,0,0,0,0,0,0,0,0,0,0,0,0,0,0,0,0,0,0,0,0,0,0,0,0,0,0,0,0,0,0,0,0,0,0,0,0,0,0,0,0,0,0,0,0,0,0,0,0,0,0,0,0,0,0,0,0,0,0,0,0,0,0,0,0,0,0,0,0,0,0,0,0,0,0,0,0,0,0,0,0,0,0,0,0
0.0491635575881574,0.0220243109880852,0.0134191840173306,0.0107714526417138,0.0115537369117824,0.0131784811650018,0.0170297268022626,0.0169695510891804,0.0137200625827416,0.015946563966783,0.0199181610302082,0.0229871223974004,0.0132988325911662,0.0140209411481526,0.0131784811650018,0.0143218197135636,0.02106149957877,0.0205199181610302,0.0142616440004814,0.01805271392466,0.0216030809965098,0.021663256709592,0.0213022024310988,0.0181730653508244,0.018955349620893,0.0164279696714406,0.0129979540257552,0.0167890239499338,0.016548321097605,0.0164881453845228,0.0199783367432904,0.0203393910217836,0.0175713082200024,0.0182332410639066,0.0157660368275364,0.0170899025153448,0.01504392827055,0.0124563726080154,0.011132506920207,0.0158262125406186,0.0145023468528102,0.0130581297388374,0.0112528583463714,0.0089661812492478,0.0126970754603442,0.0134793597304128,0.0090865326754122,0.0098086412323986,0.010229871223974,0.010530749789385,0.0083042484053436,0.0107112769286316,0.007822842700686,0.0070405584306174,0.008424599831508,0.0064989770128776,0.0053556384643158,0.0064388012997954,0.005114935611987,0.004212299915754,0.0040919484895896,0.0030689613671922,0.0034901913587676,0.0027680828017812,0.0034901913587676,0.0059573955951378,0.0066795041521242,0.0047538813334938,0.0040317727765074,0.0014442171139728,0.0016247442532194,0.0022265013840414,0.0027680828017812,0.0040919484895896,0.0036707184980142,0.0041521242026718,0.0033698399326032,0.003610542784932,0.0032494885064388,0.0028282585148634,0.001805271392466,0.0031291370802744,0.0012636899747262,0.0025875556625346,0.0021663256709592,0.0021663256709592,0.0029486099410278,0.0016247442532194,0.0022866770971236,0.002106149957877,0.0021663256709592,0.000902635696233,0.0019256228186304,0.0015645685401372,0.0018654471055482,0.001203514261644,0.0019256228186304,0.0019857985317126,0.0010229871223974,0.0009628114093152,0.0009628114093152,0.0010229871223974,0.0011433385485618,0.0006619328439042,0.0004814057046576,0.0004212299915754,0.0004814057046576,0.0007822842700686,0.0003610542784932,0.0003610542784932,0.000300878565411,6.01757130822e-05,6.01757130822e-05,6.01757130822e-05,0.0001203514261644,0.000300878565411,0,6.01757130822e-05,0,6.01757130822e-05,0,0,0,0,0,0,0,0,0,0,0,0,0,0,0,0,0,0,0,0,0,0,0,0,0,0,0,0,0,0,0,0,0,0,0,0,0,0,0,0,0,0,0,0,0,0,0,0,0,0,0,0,0,0,0,0,0,0,0,0,0,0,0,0,0,0,0,0,0,0,0,0,0,0,0,0,0,0,0,0,0,0,0,0,0,0,0,0,0,0,0,0,0,0,0,0,0,0,0,0,0,0,0,0,0,0,0,0,0,0,0,0,0,0,0,0,0,0,0,0,0,0,0,0,0,0,0,0,0,0,0,0,0,0,0,0,0,0,0,0,0,0,0,0,0,0,0,0,0,0,0,0,0,0,0,0,0,0,0,0,0,0,0,0,0,0,0,0,0,0,0,0,0,0,0,0,0,0,0,0,0,0,0,0,0,0,0,0,0,0,0,0,0,0,0,0,0,0,0,0,0,0,0,0,0,0,0,0,0,0,0,0,0,0,0,0,0,0,0,0,0,0,0,0,0,0,0,0,0,0,0,0,0,0,0,0,0,0,0,0,0,0,0,0,0,0,0,0,0,0,0,0,0,0,0,0,0,0,0,0,0,0,0,0,0,0,0,0,0,0,0,0,0,0,0,0,0,0,0,0,0,0,0,0,0,0,0,0,0,0,0,0,0,0,0,0,0,0,0,0,0,0,0,0,0,0,0,0,0,0,0,0,0,0,0,0,0,0,0,0,0,0,0,0,0,0,0,0,0,0,0,0,0,0,0,0,0,0,0,0,0,0,0,0,0,0,0,0,0,0,0,0,0,0,0,0,0,0,0,0,0,0,0,0,0,0,0,0,0,0,0,0,0,0,0,0,0,0,0,0,0,0,0,0,0,0,0,0,0,0,0,0,0,0,0,0,0,0,0,0,0,0,0,0,0,0,0,0,0,0,0,0,0,0,0,0,0,0,0,0,0,0,0,0,0,0,0,0,0,0,0,0,0,0,0,0,0,0,0
0.0402634593356243,0.0191867124856816,0.0131156930126002,0.00887743413516609,0.00904925544100802,0.0127720504009164,0.0162084765177549,0.0144329896907217,0.0126002290950745,0.0170103092783505,0.0189576174112257,0.018270332187858,0.0116838487972509,0.0126002290950745,0.011454753722795,0.0121420389461627,0.0120274914089347,0.0140320733104238,0.0142038946162658,0.0152348224513173,0.0160366552119129,0.0131156930126002,0.0166093928980527,0.0184994272623139,0.0195303550973654,0.0148339060710195,0.0109965635738832,0.0135166093928981,0.0134593356242841,0.0139747995418099,0.0138029782359679,0.0154066437571592,0.0140320733104238,0.0131729667812142,0.0120274914089347,0.0140320733104238,0.0128293241695304,0.0115120274914089,0.00990836197021764,0.0153493699885452,0.0152348224513173,0.0131156930126002,0.0129438717067583,0.0102520045819015,0.00893470790378007,0.00979381443298969,0.0100801832760596,0.0103665521191294,0.00996563573883161,0.0105956471935853,0.00962199312714777,0.0106529209621993,0.00847651775486827,0.00933562428407789,0.00927835051546392,0.00893470790378007,0.0103092783505155,0.0116838487972509,0.0102520045819015,0.00830469644902635,0.00721649484536083,0.00715922107674685,0.00761741122565865,0.00996563573883161,0.0116265750286369,0.00807560137457045,0.00693012600229095,0.00675830469644903,0.0058991981672394,0.00624284077892325,0.00624284077892325,0.00446735395189003,0.00332187857961054,0.00504009163802978,0.00435280641466208,0.00504009163802978,0.00441008018327606,0.00326460481099656,0.00412371134020619,0.00423825887743413,0.00343642611683849,0.00475372279495991,0.00252004581901489,0.00446735395189003,0.00257731958762887,0.00315005727376861,0.00349369988545246,0.00211912943871707,0.00343642611683849,0.00223367697594502,0.00269186712485682,0.00143184421534937,0.00211912943871707,0.00217640320733104,0.00240549828178694,0.00200458190148912,0.00217640320733104,0.00229095074455899,0.00183276059564719,0.00166093928980527,0.00189003436426117,0.00183276059564719,0.00148911798396334,0.00120274914089347,0.00229095074455899,0.00183276059564719,0.00120274914089347,0.00166093928980527,0.00103092783505155,0.00126002290950745,0.00126002290950745,0.000973654066437572,0.00160366552119129,0.000859106529209622,0.000916380297823597,0.00206185567010309,0.000973654066437572,0.000973654066437572,0.000687285223367698,0.000515463917525773,0.000744558991981672,0.000572737686139748,0.00011454753722795,0.000229095074455899,0.000286368843069874,0.000572737686139748,0.00011454753722795,0.000229095074455899,0.000458190148911798,0.00011454753722795,0,5.72737686139748e-05,5.72737686139748e-05,0,0,5.72737686139748e-05,0,0,0,0,0,0,0,0,0,0,0,0,0,0,0,0,0,0,0,0,0,0,0,0,0,0,0,0,0,0,0,0,0,0,0,0,0,0,0,0,0,0,0,0,0,0,0,0,0,0,0,0,0,0,0,0,0,0,0,0,0,0,0,0,0,0,0,0,0,0,0,0,0,0,0,0,0,0,0,0,0,0,0,0,0,0,0,0,0,0,0,0,0,0,0,0,0,0,0,0,0,0,0,0,0,0,0,0,0,0,0,0,0,0,0,0,0,0,0,0,0,0,0,0,0,0,0,0,0,0,0,0,0,0,0,0,0,0,0,0,0,0,0,0,0,0,0,0,0,0,0,0,0,0,0,0,0,0,0,0,0,0,0,0,0,0,0,0,0,0,0,0,0,0,0,0,0,0,0,0,0,0,0,0,0,0,0,0,0,0,0,0,0,0,0,0,0,0,0,0,0,0,0,0,0,0,0,0,0,0,0,0,0,0,0,0,0,0,0,0,0,0,0,0,0,0,0,0,0,0,0,0,0,0,0,0,0,0,0,0,0,0,0,0,0,0,0,0,0,0,0,0,0,0,0,0,0,0,0,0,0,0,0,0,0,0,0,0,0,0,0,0,0,0,0,0,0,0,0,0,0,0,0,0,0,0,0,0,0,0,0,0,0,0,0,0,0,0,0,0,0,0,0,0,0,0,0,0,0,0,0,0,0,0,0,0,0,0,0,0,0,0,0,0,0,0,0,0,0,0,0,0,0,0,0,0,0,0,0,0,0,0,0,0,0,0,0,0,0,0,0,0,0,0,0,0,0,0,0,0,0,0,0,0,0,0,0,0,0,0,0,0,0,0,0,0,0,0,0,0,0,0,0,0,0,0,0,0,0,0,0,0,0,0,0,0,0,0,0,0,0,0,0,0,0,0,0,0,0,0,0,0,0,0,0,0,0,0,0,0,0,0,0
0.0367750266689125,0.0183032957161305,0.0127449329066307,0.00847790691145921,0.00786031104373702,0.0100499691202066,0.0115097411711863,0.0119027567233732,0.0125764976699792,0.015720622087474,0.0188647465049688,0.016057492560777,0.0107237100668126,0.0102184043568581,0.0083094716748077,0.00932008309471675,0.00920779293694908,0.010611419909045,0.0127449329066307,0.0117904665656055,0.0132502386165853,0.0117904665656055,0.0158329122452417,0.0162820728763124,0.0152153163775195,0.0119027567233732,0.0101622592779743,0.0103868395935096,0.0104429846723935,0.0123519173544439,0.0144854303520296,0.011958901802257,0.0115658862500702,0.0124080624333277,0.00960080848913593,0.0104429846723935,0.0097130986469036,0.00915164785806524,0.00651282915052496,0.00786031104373702,0.00926393801583291,0.0108921453034642,0.0117904665656055,0.00898321262141373,0.00741115041266633,0.00555836280949975,0.00802874628038852,0.0104429846723935,0.0101061141990905,0.0104991297512773,0.0081410364381562,0.00774802088596935,0.00713042501824715,0.00926393801583291,0.0101061141990905,0.00976924372578743,0.0097130986469036,0.0110044354612318,0.00943237325248442,0.00701813486047948,0.007523440570434,0.00735500533378249,0.00724271517601482,0.00774802088596935,0.0112290157767672,0.00808489135927236,0.00589523328280276,0.00656897422940879,0.00662511930829263,0.00780416596485318,0.00741115041266633,0.00797260120150469,0.00606366851945427,0.00757958564931784,0.00600752344057043,0.00741115041266633,0.00527763741508057,0.00415473583740385,0.00578294312503509,0.00791645612262085,0.00527763741508057,0.00645668407164112,0.00482847678400988,0.00499691202066139,0.00466004154735837,0.00628824883498961,0.00606366851945427,0.00538992757284824,0.00651282915052496,0.00589523328280276,0.00437931615293919,0.00404244567963618,0.00353713996968166,0.00387401044298467,0.0045477513895907,0.00449160631070687,0.00466004154735837,0.00510920217842906,0.00432317107405536,0.003761720285217,0.00398630060075234,0.00370557520633316,0.00320026949637864,0.00387401044298467,0.00415473583740385,0.00336870473303015,0.00263881870754028,0.00252652854977261,0.00426702599517152,0.00308797933861097,0.00280725394419179,0.00224580315535343,0.00387401044298467,0.0014036269720959,0.00258267362865645,0.00364943012744933,0.00151591712986357,0.00291954410195946,0.00325641457526248,0.00151591712986357,0.00202122283981809,0.00230194823423727,0.000954466341025209,0.00112290157767672,0.00123519173544439,0.00202122283981809,0.000729886025489866,0.00123519173544439,0.00162820728763124,0.00129133681432822,0.00123519173544439,0.000393015552186851,0.000617595867722194,0.000224580315535343,0.000393015552186851,0.000842176183257537,0.000336870473303015,0.000393015552186851,0.000617595867722194,0.000224580315535343,0.000561450788838358,0.000224580315535343,0.000112290157767672,0.000224580315535343,0.000168435236651508,0,0,5.61450788838358e-05,0,0,0.000112290157767672,0,0,0,0,0,0,0,0,0,0,0,0,0,0,0,0,0,0,0,0,0,0,0,0,0,0,0,0,0,0,0,0,0,0,0,0,0,0,0,0,0,0,0,0,0,0,0,0,0,0,0,0,0,0,0,0,0,0,0,0,0,0,0,0,0,0,0,0,0,0,0,0,0,0,0,0,0,0,0,0,0,0,0,0,0,0,0,0,0,0,0,0,0,0,0,0,0,0,0,0,0,0,0,0,0,0,0,0,0,0,0,0,0,0,0,0,0,0,0,0,0,0,0,0,0,0,0,0,0,0,0,0,0,0,0,0,0,0,0,0,0,0,0,0,0,0,0,0,0,0,0,0,0,0,0,0,0,0,0,0,0,0,0,0,0,0,0,0,0,0,0,0,0,0,0,0,0,0,0,0,0,0,0,0,0,0,0,0,0,0,0,0,0,0,0,0,0,0,0,0,0,0,0,0,0,0,0,0,0,0,0,0,0,0,0,0,0,0,0,0,0,0,0,0,0,0,0,0,0,0,0,0,0,0,0,0,0,0,0,0,0,0,0,0,0,0,0,0,0,0,0,0,0,0,0,0,0,0,0,0,0,0,0,0,0,0,0,0,0,0,0,0,0,0,0,0,0,0,0,0,0,0,0,0,0,0,0,0,0,0,0,0,0,0,0,0,0,0,0,0,0,0,0,0,0,0,0,0,0,0,0,0,0,0,0,0,0,0,0,0,0,0,0,0,0,0,0,0,0,0,0,0,0,0,0,0,0,0,0,0,0,0,0,0,0,0,0,0,0,0,0,0,0,0,0,0,0,0,0,0,0,0,0,0,0,0,0,0,0,0,0,0,0,0,0,0,0,0,0,0,0,0,0,0,0,0,0,0,0,0,0,0,0,0,0,0,0,0,0,0,0,0,0,0,0,0,0,0
0.046926673508952,0.0121450564488539,0.00638613296841145,0.00501767590375185,0.00444748546014369,0.0055308473029992,0.00376325692781389,0.00416239023833961,0.0075835328999886,0.00878093283156574,0.00895198996464819,0.0102064089405862,0.00889497092028738,0.00467556163758695,0.00701334245638043,0.00986429467442126,0.00507469494811267,0.00564488539172084,0.00798266621051431,0.0058729615691641,0.00604401870224655,0.00661420914585472,0.00866689474284411,0.00752651385562778,0.00741247576690615,0.0065571901014939,0.00638613296841145,0.0068993043676588,0.0072414186338237,0.00900900900900901,0.0108336184285551,0.00946516136389554,0.00735545672254533,0.00769757098871023,0.00632911392405063,0.00615805679096818,0.00575892348044247,0.00615805679096818,0.00741247576690615,0.00558786634736002,0.00678526627893716,0.00781160907743186,0.00918006614209146,0.00707036150074125,0.0065571901014939,0.00507469494811267,0.00672824723457635,0.00889497092028738,0.00712738054510206,0.00889497092028738,0.00638613296841145,0.00570190443608165,0.0055308473029992,0.00798266621051431,0.00895198996464819,0.00803968525487513,0.00963621849697799,0.0141407230014825,0.0104915041623902,0.00963621849697799,0.0055308473029992,0.00963621849697799,0.00632911392405063,0.00832478047667921,0.00764055194434941,0.00935112327517391,0.00764055194434941,0.0075835328999886,0.0100923708518645,0.00855285665412248,0.00729843767818451,0.00918006614209146,0.00992131371878207,0.00661420914585472,0.0055308473029992,0.00547382825863839,0.0058729615691641,0.00592998061352492,0.006215075835329,0.00735545672254533,0.00564488539172084,0.00764055194434941,0.00741247576690615,0.00615805679096818,0.00672824723457635,0.00667122819021553,0.00541680921427757,0.00439046641578287,0.00650017105713308,0.00530277112555594,0.00473258068194777,0.00581594252480328,0.00513171399247349,0.00507469494811267,0.00564488539172084,0.00610103774660737,0.00638613296841145,0.0065571901014939,0.00678526627893716,0.0072414186338237,0.00592998061352492,0.00632911392405063,0.00427642832706124,0.00490363781503022,0.00456152354886532,0.00558786634736002,0.00524575208119512,0.00764055194434941,0.00638613296841145,0.00627209487968982,0.00638613296841145,0.00855285665412248,0.00627209487968982,0.0045045045045045,0.00632911392405063,0.00672824723457635,0.0051887330368343,0.00399133310525716,0.00718439958946288,0.0055308473029992,0.00507469494811267,0.00393431406089634,0.00535979016991675,0.00541680921427757,0.00667122819021553,0.00473258068194777,0.00399133310525716,0.00456152354886532,0.00325008552856654,0.00416239023833961,0.00399133310525716,0.00410537119397879,0.0048466187706694,0.00319306648420572,0.00399133310525716,0.00382027597217471,0.00256585699623674,0.00193864750826776,0.00222374273007184,0.00250883795187593,0.00228076177443266,0.00216672368571103,0.00205268559698939,0.00245181890751511,0.00296499030676246,0.00153951419774205,0.00188162846390694,0.00182460941954613,0.00131143802029878,0.00535979016991675,0.00188162846390694,0.000399133310525716,0.00148249515338123,0.0017105713308245,0.000969323754133881,0.00108336184285551,0.000684228532329798,0.00342114266164899,0.00165355228646368,0.000798266621051431,0.000399133310525716,0.000741247576690615,0.000342114266164899,0.00017105713308245,0.000399133310525716,0.000684228532329798,0.000855285665412248,0.000456152354886532,0.000285095221804083,0.000285095221804083,0.000969323754133881,5.70190443608165e-05,0.000228076177443266,0.00017105713308245,0.000399133310525716,0,0,0.000114038088721633,0.000114038088721633,0,0,0,0.000513171399247349,0.000228076177443266,5.70190443608165e-05,0.000342114266164899,5.70190443608165e-05,0,0,0,0,0,0,0,0,0,0,0,0,0,0,0,0,0,0,0,0,0,0,0,0,0,0,0,0,0,0,0,0,0,0,0,0,0,0,0,0,0,0,0,0,0,0,0,0,0,0,0,0,0,0,0,0,0,0,0,0,0,0,0,0,0,0,0,0,0,0,0,0,0,0,0,0,0,0,0,0,0,0,0,0,0,0,0,0,0,0,0,0,0,0,0,0,0,0,0,0,0,0,0,0,0,0,0,0,0,0,0,0,0,0,0,0,0,0,0,0,0,0,0,0,0,0,0,0,0,0,0,0,0,0,0,0,0,0,0,0,0,0,0,0,0,0,0,0,0,0,0,0,0,0,0,0,0,0,0,0,0,0,0,0,0,0,0,0,0,0,0,0,0,0,0,0,0,0,0,0,0,0,0,0,0,0,0,0,0,0,0,0,0,0,0,0,0,0,0,0,0,0,0,0,0,0,0,0,0,0,0,0,0,0,0,0,0,0,0,0,0,0,0,0,0,0,0,0,0,0,0,0,0,0,0,0,0,0,0,0,0,0,0,0,0,0,0,0,0,0,0,0,0,0,0,0,0,0,0,0,0,0,0,0,0,0,0,0,0,0,0,0,0,0,0,0,0,0,0,0,0,0,0,0,0,0,0,0,0,0,0,0,0,0,0,0,0,0,0,0,0,0,0,0,0,0,0,0,0,0,0,0,0,0,0,0,0,0,0,0,0,0,0,0,0,0,0,0,0,0,0,0,0,0,0,0,0,0,0,0,0,0,0,0,0,0,0,0,0,0,0,0,0,0,0,0,0,0,0,0,0,0,0,0,0,0,0,0,0,0,0,0
0.0397018128423787,0.00717230473823911,0.00282374202292879,0.0023154684588016,0.00197661941605015,0.00310611622522166,0.00248489298017733,0.00265431750155306,0.00361438978934884,0.00655108149319478,0.00801942734511775,0.0114643926130909,0.00954424803749929,0.00530863500310612,0.00649460665273621,0.00559100920539899,0.00338849042751454,0.0044050375557689,0.00547805952448184,0.00576043372677472,0.00496978596035466,0.00519568532218896,0.00881007511153781,0.00559100920539899,0.0044050375557689,0.00655108149319478,0.00412266335347603,0.00519568532218896,0.00711582989778054,0.00705935505732196,0.00592985824815045,0.00496978596035466,0.00536510984356469,0.00530863500310612,0.00598633308860902,0.00451798723668606,0.00378381431072457,0.00570395888631615,0.00519568532218896,0.00491331111989609,0.00525216016264754,0.00672050601457051,0.00666403117411193,0.0060428079290676,0.00592985824815045,0.00463093691760321,0.00694640537640481,0.00638165697181905,0.00502626080081324,0.00835827638786921,0.00700288021686339,0.00559100920539899,0.00508273564127181,0.00638165697181905,0.00796295250465917,0.00677698085502908,0.00536510984356469,0.0062687072909019,0.00694640537640481,0.00660755633365336,0.00592985824815045,0.00824532670695205,0.0060428079290676,0.00660755633365336,0.00638165697181905,0.00672050601457051,0.00722877957869769,0.00847122606878636,0.00943129835658214,0.00830180154741063,0.00824532670695205,0.00931834867566499,0.00926187383520641,0.00609928276952618,0.00536510984356469,0.00502626080081324,0.00643813181227763,0.00677698085502908,0.0079064776642006,0.00739820410007342,0.00598633308860902,0.00587338340769187,0.00598633308860902,0.00728525441915627,0.00739820410007342,0.00801942734511775,0.00632518213136048,0.00564748404585757,0.00779352798328345,0.00722877957869769,0.00525216016264754,0.00660755633365336,0.00542158468402327,0.00677698085502908,0.00824532670695205,0.00926187383520641,0.00773705314282487,0.00739820410007342,0.00734172925961484,0.00751115378099057,0.00621223245044333,0.00547805952448184,0.00519568532218896,0.00751115378099057,0.00570395888631615,0.00519568532218896,0.00609928276952618,0.00903597447337211,0.00643813181227763,0.00649460665273621,0.00592985824815045,0.00801942734511775,0.00728525441915627,0.00536510984356469,0.0060428079290676,0.00621223245044333,0.00536510984356469,0.00429208787485175,0.00615575760998475,0.00621223245044333,0.00587338340769187,0.00451798723668606,0.00621223245044333,0.00434856271531033,0.0058169085672333,0.00547805952448184,0.00513921048173039,0.00338849042751454,0.0039532388321003,0.00333201558705597,0.00412266335347603,0.0041791381939346,0.0039532388321003,0.00446151239622748,0.00485683627943751,0.00468741175806178,0.00316259106568024,0.00451798723668606,0.00536510984356469,0.00559100920539899,0.0041791381939346,0.00587338340769187,0.00502626080081324,0.00446151239622748,0.00570395888631615,0.00547805952448184,0.00508273564127181,0.00338849042751454,0.00530863500310612,0.00926187383520641,0.00282374202292879,0.00361438978934884,0.00367086462980742,0.00265431750155306,0.0023154684588016,0.00304964138476309,0.00304964138476309,0.00609928276952618,0.00338849042751454,0.00225899361834303,0.00129892133054724,0.00146834585192297,0.00124244649008867,0.00220251877788445,0.00254136782063591,0.00259784266109448,0.00141187101146439,0.00141187101146439,0.00192014457559157,0.00169424521375727,0.00259784266109448,0.00129892133054724,0.000677698085502908,0.000508273564127181,0.000847122606878636,0.000734172925961484,0.000960072287795787,0.000564748404585757,0.00101654712825436,0.000734172925961484,0.00169424521375727,0.00129892133054724,0.000564748404585757,0.000508273564127181,0.000621223245044333,0.000112949680917151,0.000338849042751454,0.000169424521375727,0.000282374202292879,0.000282374202292879,0.000169424521375727,0.000112949680917151,5.64748404585757e-05,0,5.64748404585757e-05,0.000225899361834303,0.000112949680917151,0.000169424521375727,0.000169424521375727,0,5.64748404585757e-05,0.000225899361834303,0.000112949680917151,0.000169424521375727,0.00152482069238154,0,5.64748404585757e-05,0,0,0,0,0.000451798723668606,5.64748404585757e-05,0,0,0,0,0,0,0,0,0,0,0,0,0,0,0,0,0,0,0,0,0,0,0,0,0,0,0,0,0,0,0,0,0,0,0,0,0,0,0,0,0,0,0,0,0,0,0,0,0,0,0,0,0,0,0,0,0,0,0,0,0,0,0,0,0,0,0,0,0,0,0,0,0,0,0,0,0,0,0,0,0,0,0,0,0,0,0,0,0,0,0,0,0,0,0,0,0,0,0,0,0,0,0,0,0,0,0,0,0,0,0,0,0,0,0,0,0,0,0,0,0,0,0,0,0,0,0,0,0,0,0,0,0,0,0,0,0,0,0,0,0,0,0,0,0,0,0,0,0,0,0,0,0,0,0,0,0,0,0,0,0,0,0,0,0,0,0,0,0,0,0,0,0,0,0,0,0,0,0,0,0,0,0,0,0,0,0,0,0,0,0,0,0,0,0,0,0,0,0,0,0,0,0,0,0,0,0,0,0,0,0,0,0,0,0,0,0,0,0,0,0,0,0,0,0,0,0,0,0,0,0,0,0,0,0,0,0,0,0,0,0,0,0,0,0,0,0,0,0,0,0,0,0,0,0,0,0,0,0,0,0,0,0,0,0,0,0,0,0,0,0,0,0,0,0,0,0,0,0,0,0,0,0,0,0,0,0,0,0,0,0,0,0,0,0,0,0,0,0,0,0,0,0,0,0,0,0,0,0,0,0,0,0,0,0,0,0,0,0,0,0,0,0,0,0,0,0,0,0,0,0,0,0,0,0,0,0,0,0,0,0,0,0,0,0,0
0.0184190330007675,0.00383729854182655,0.00165299014109452,0.00218430840073204,0.00123974260582089,0.00183009622764036,0.00194816695200425,0.00247948521164177,0.00206623767636814,0.00466379361237381,0.00726134954837948,0.00903241041383789,0.00749749099710727,0.00466379361237381,0.00519511187201134,0.00360115709309877,0.00277466202255151,0.00425054607710018,0.00401440462837239,0.00377826317964461,0.0030108034712793,0.00306983883346124,0.00430958143928213,0.00242044984945983,0.0028927327469154,0.00395536926619045,0.00484089969891965,0.00425054607710018,0.00377826317964461,0.00318790955782514,0.00318790955782514,0.00419151071491824,0.00519511187201134,0.00336501564437098,0.00425054607710018,0.00466379361237381,0.00442765216364602,0.00525414723419328,0.00425054607710018,0.00383729854182655,0.00360115709309877,0.00383729854182655,0.00454572288800992,0.00448668752582797,0.00466379361237381,0.0038963339040085,0.00330598028218903,0.0038963339040085,0.00407343999055434,0.00425054607710018,0.00519511187201134,0.00354212173091682,0.00383729854182655,0.00419151071491824,0.00460475825019187,0.00401440462837239,0.00419151071491824,0.00430958143928213,0.00472282897455576,0.00425054607710018,0.00608064230474054,0.00348308636873487,0.00525414723419328,0.00401440462837239,0.0057854654938308,0.00495897042328355,0.00513607650982939,0.00613967766692249,0.00466379361237381,0.00430958143928213,0.00454572288800992,0.00513607650982939,0.00560835940728496,0.00401440462837239,0.00377826317964461,0.00295176810909735,0.00330598028218903,0.00336501564437098,0.00472282897455576,0.00472282897455576,0.00371922781746266,0.00425054607710018,0.00336501564437098,0.00484089969891965,0.0038963339040085,0.00501800578546549,0.00395536926619045,0.00442765216364602,0.00436861680146408,0.00442765216364602,0.0048999350611016,0.00478186433673771,0.00360115709309877,0.00419151071491824,0.00478186433673771,0.00366019245528071,0.00430958143928213,0.00501800578546549,0.00466379361237381,0.00360115709309877,0.00377826317964461,0.00318790955782514,0.00478186433673771,0.00460475825019187,0.00430958143928213,0.00407343999055434,0.00360115709309877,0.00253852057382372,0.00218430840073204,0.00348308636873487,0.00230237912509593,0.00224334376291399,0.00295176810909735,0.00247948521164177,0.00224334376291399,0.00283369738473346,0.00224334376291399,0.00224334376291399,0.00218430840073204,0.00247948521164177,0.00230237912509593,0.0018891315898223,0.00277466202255151,0.00153491941673062,0.00171202550327646,0.00177106086545841,0.00183009622764036,0.00141684869236673,0.00165299014109452,0.00324694492000708,0.00135781333018478,0.000944565794911152,0.00171202550327646,0.00141684869236673,0.00194816695200425,0.00123974260582089,0.00129877796800283,0.00123974260582089,0.00135781333018478,0.000944565794911152,0.000885530432729205,0.000708424346183364,0.0010036011570931,0.00112167188145699,0.000649388984001417,0.00112167188145699,0.00177106086545841,0.00165299014109452,0.00165299014109452,0.000708424346183364,0.000708424346183364,0.00129877796800283,0.000767459708365311,0.00112167188145699,0.00147588405454867,0.00129877796800283,0.00112167188145699,0.00123974260582089,0.000767459708365311,0.00147588405454867,0.000885530432729205,0.00112167188145699,0.00059035362181947,0.00112167188145699,0.00135781333018478,0.00129877796800283,0.00129877796800283,0.00123974260582089,0.000649388984001417,0.00135781333018478,0.000944565794911152,0.000944565794911152,0.000649388984001417,0.00123974260582089,0.00129877796800283,0.00106263651927505,0.000885530432729205,0.000826495070547258,0.00135781333018478,0.00165299014109452,0.00153491941673062,0.00112167188145699,0.000649388984001417,0.000708424346183364,0.000826495070547258,0.00141684869236673,0.000767459708365311,0.00141684869236673,0.00159395477891257,0.00106263651927505,0.00135781333018478,0.00123974260582089,0.00123974260582089,0.0010036011570931,0.00147588405454867,0.000944565794911152,0.00129877796800283,0.0010036011570931,0.00171202550327646,0.00106263651927505,0.00218430840073204,0.000885530432729205,0.000708424346183364,0.00106263651927505,0.00141684869236673,0.000944565794911152,0.00153491941673062,0.0010036011570931,0.00106263651927505,0.000944565794911152,0.0010036011570931,0.000944565794911152,0.00236141448727788,0.00153491941673062,0.00059035362181947,0.000826495070547258,0.00165299014109452,0.00106263651927505,0.00147588405454867,0.00147588405454867,0.000826495070547258,0.000826495070547258,0.000826495070547258,0.000826495070547258,0.000767459708365311,0.00106263651927505,0.00106263651927505,0.00118070724363894,0.00112167188145699,0.0010036011570931,0.0018891315898223,0.0018891315898223,0.00206623767636814,0.00129877796800283,0.00165299014109452,0.00141684869236673,0.0010036011570931,0.00123974260582089,0.00147588405454867,0.00171202550327646,0.00153491941673062,0.00177106086545841,0.0010036011570931,0.00147588405454867,0.00153491941673062,0.000767459708365311,0.000649388984001417,0.00159395477891257,0.00153491941673062,0.00165299014109452,0.00118070724363894,0.00112167188145699,0.00106263651927505,0.00112167188145699,0.00135781333018478,0.000708424346183364,0.00147588405454867,0.00106263651927505,0.00106263651927505,0.00135781333018478,0.00177106086545841,0.00123974260582089,0.00118070724363894,0.000944565794911152,0.00123974260582089,0.00112167188145699,0.00135781333018478,0.00129877796800283,0.00212527303855009,0.00242044984945983,0.000885530432729205,0.00165299014109452,0.000885530432729205,0.00147588405454867,0.00247948521164177,0.00147588405454867,0.00135781333018478,0.00123974260582089,0.00171202550327646,0.0010036011570931,0.00153491941673062,0.00129877796800283,0.00147588405454867,0.00224334376291399,0.0020072023141862,0.0020072023141862,0.00206623767636814,0.00129877796800283,0.00165299014109452,0.00165299014109452,0.0020072023141862,0.00277466202255151,0.00236141448727788,0.00247948521164177,0.00206623767636814,0.00230237912509593,0.00253852057382372,0.00236141448727788,0.00123974260582089,0.00194816695200425,0.00242044984945983,0.00165299014109452,0.00336501564437098,0.00283369738473346,0.00206623767636814,0.0030108034712793,0.00253852057382372,0.00224334376291399,0.00159395477891257,0.00183009622764036,0.0018891315898223,0.00218430840073204,0.00194816695200425,0.00366019245528071,0.00253852057382372,0.00253852057382372,0.00348308636873487,0.00312887419564319,0.00224334376291399,0.00224334376291399,0.00336501564437098,0.00259755593600567,0.00342405100655293,0.00407343999055434,0.00383729854182655,0.00330598028218903,0.00236141448727788,0.00283369738473346,0.00253852057382372,0.00242044984945983,0.00224334376291399,0.00318790955782514,0.00242044984945983,0.00247948521164177,0.00265659129818761,0.00242044984945983,0.00206623767636814,0.00206623767636814,0.00212527303855009,0.00360115709309877,0.00212527303855009,0.00342405100655293,0.00236141448727788,0.00259755593600567,0.00259755593600567,0.00242044984945983,0.00324694492000708,0.00283369738473346,0.0020072023141862,0.00295176810909735,0.00242044984945983,0.0028927327469154,0.0020072023141862,0.00312887419564319,0.00141684869236673,0.00224334376291399,0.0020072023141862,0.00165299014109452,0.00265659129818761,0.00224334376291399,0.00218430840073204,0.0028927327469154,0.00212527303855009,0.0020072023141862,0.00218430840073204,0.00259755593600567,0.0018891315898223,0.00129877796800283,0.00165299014109452,0.00218430840073204,0.00242044984945983,0.00123974260582089,0.00141684869236673,0.00171202550327646,0.00118070724363894,0.00277466202255151,0.00259755593600567,0.00153491941673062,0.000944565794911152,0.00177106086545841,0.00206623767636814,0.00141684869236673,0.00230237912509593,0.00348308636873487,0.00242044984945983,0.00118070724363894,0.00159395477891257,0.00194816695200425,0.00153491941673062,0.00147588405454867,0.00171202550327646,0.0020072023141862,0.00230237912509593,0.00271562666036956,0.00177106086545841,0.00118070724363894,0.00165299014109452,0.00135781333018478,0.00194816695200425,0.00147588405454867,0.00135781333018478,0.00123974260582089,0.00106263651927505,0.000708424346183364,0.00177106086545841,0.00118070724363894,0.00183009622764036,0.00106263651927505,0.00171202550327646,0.00129877796800283,0.00141684869236673,0.000826495070547258,0.000708424346183364,0.000944565794911152,0.000531318259637523,0.000826495070547258,0.000767459708365311,0.00106263651927505,0.000885530432729205,0.000472282897455576,0.000472282897455576,0.000413247535273629,0.000472282897455576,0.000767459708365311,0.000826495070547258,0.000826495070547258,0.000649388984001417,0.000413247535273629,0.000413247535273629,0.000413247535273629,0.000826495070547258,0.000413247535273629,0.000295176810909735,0.000649388984001417,0.000413247535273629,0.000236141448727788,0.000295176810909735,0.000354212173091682,0,0,5.9035362181947e-05,0.000177106086545841,0,5.9035362181947e-05,0.000295176810909735,5.9035362181947e-05,5.9035362181947e-05,5.9035362181947e-05,0.000177106086545841,0.000177106086545841,0,0,5.9035362181947e-05,5.9035362181947e-05,0,5.9035362181947e-05,0,0,0,0,0,0,0,0,0,0,0,0,0,0,0,0,0,0,0,0,0,0,0,0,0,0,0,0,0,0,0,0,0,0,0,0,0,0,0,0,0,0,0,0,0,0,0,0,0,0,0,0,0,0,0,0,0,0,0,0,0,0,0,0,0,0,0,0,0,0,0,0,0,0,0,0,0,0,0,0,0,0,0,0,0,0,0,0,0,0,0,0,0,0,0,0,0,0,0,0,0,0,0
0.0347127264003838,0.0085802247011315,0.00655711486945744,0.00998760545360042,0.0101875174923034,0.0105473591619687,0.0122026308424293,0.0134180960377434,0.0144336491943545,0.0207348766542721,0.0219823277757787,0.019783295350046,0.0213426092519291,0.0228619407460717,0.0242453320538963,0.0245491983527248,0.0227819759305905,0.0223341729638959,0.0260845228099636,0.0261564911438967,0.0273319739314702,0.0248210787253608,0.025908600215905,0.0253168605813442,0.0244372476110511,0.0249090400223901,0.0277078085642317,0.0241653672384151,0.0261404981808004,0.023757546679461,0.0234136979728919,0.0223981448162808,0.0213026268441886,0.0191435768261965,0.0209507816560713,0.0179281116308824,0.0179281116308824,0.0185598336731838,0.0141377793770741,0.0154971812402543,0.0154651953140618,0.0145216104913838,0.0119947223221782,0.0123705569549398,0.0122186238055256,0.0118028067650234,0.0106593099036424,0.0111311023149814,0.00953980248690576,0.00834832673623606,0.00626924153372516,0.00623725560753269,0.0053496461556915,0.00559753708368318,0.00614929431050338,0.00374235336451961,0.00427811762824357,0.00379033225380832,0.0029746911359002,0.00241493742753189,0.00250289872456119,0.00188716964535604,0.00143936667866139,0.00117548278757347,0.000607732597657031,0.000575746671464556,0.000335852225020991,0.000295869817280397,0.000303866298828515,0.000263883891087921,0.00027188037263604,0.000311862780376634,0.000319859261924753,0.000111950741673664,8.79612970293071e-05,0.000127943704769901,0.000223901483347327,6.39718523849506e-05,7.19683339330695e-05,0.000111950741673664,8.79612970293071e-05,0,0,0,1.59929630962377e-05,7.99648154811883e-06,2.39894446443565e-05,1.59929630962377e-05,0,0,7.99648154811883e-06,7.99648154811883e-06,0,0,0,7.99648154811883e-06,3.19859261924753e-05,0,0,0,7.99648154811883e-06,0,0,7.99648154811883e-06,0,0,7.99648154811883e-06,0,3.99824077405941e-05,7.99648154811883e-06,4.7978889288713e-05,7.99648154811883e-06,3.99824077405941e-05,0,7.99648154811883e-06,3.19859261924753e-05,0,0,0,4.7978889288713e-05,3.19859261924753e-05,3.19859261924753e-05,0,7.99648154811883e-06,3.19859261924753e-05,2.39894446443565e-05,1.59929630962377e-05,0,1.59929630962377e-05,0,7.99648154811883e-06,0,7.99648154811883e-06,7.99648154811883e-06,7.99648154811883e-06,7.99648154811883e-06,3.99824077405941e-05,7.99648154811883e-06,1.59929630962377e-05,1.59929630962377e-05,3.99824077405941e-05,2.39894446443565e-05,6.39718523849506e-05,3.99824077405941e-05,7.99648154811883e-06,6.39718523849506e-05,7.99648154811883e-06,3.99824077405941e-05,3.19859261924753e-05,1.59929630962377e-05,1.59929630962377e-05,1.59929630962377e-05,7.99648154811883e-06,7.99648154811883e-06,5.59753708368318e-05,3.99824077405941e-05,7.99648154811883e-06,2.39894446443565e-05,7.99648154811883e-06,7.99648154811883e-06,1.59929630962377e-05,1.59929630962377e-05,7.99648154811883e-06,7.99648154811883e-06,7.99648154811883e-06,0,0,7.99648154811883e-06,1.59929630962377e-05,7.99648154811883e-06,0,0,2.39894446443565e-05,3.99824077405941e-05,1.59929630962377e-05,0,0,3.19859261924753e-05,0,3.19859261924753e-05,0,1.59929630962377e-05,7.99648154811883e-06,7.99648154811883e-06,0,4.7978889288713e-05,7.99648154811883e-06,7.99648154811883e-06,1.59929630962377e-05,0,0,6.39718523849506e-05,0,0,0,0,0,0,0,0,0,0,0,0,0,0,0,0,0,0,0,0,0,0,0,0,0,0,0,0,0,0,0,0,0,0,0,0,0,0,0,0,0,0,0,0,0,0,0,0,0,0,0,0,0,0,0,0,0,0,0,0,0,0,0,7.99648154811883e-06,0,0,0,0,0,7.99648154811883e-06,0,0,0,0,0,0,0,7.99648154811883e-06,4.7978889288713e-05,1.59929630962377e-05,2.39894446443565e-05,1.59929630962377e-05,3.99824077405941e-05,7.99648154811883e-06,1.59929630962377e-05,3.99824077405941e-05,7.99648154811883e-06,4.7978889288713e-05,7.19683339330695e-05,1.59929630962377e-05,3.99824077405941e-05,7.99648154811883e-06,0,2.39894446443565e-05,1.59929630962377e-05,1.59929630962377e-05,3.19859261924753e-05,3.19859261924753e-05,7.99648154811883e-06,2.39894446443565e-05,2.39894446443565e-05,9.59577785774259e-05,1.59929630962377e-05,8.79612970293071e-05,1.59929630962377e-05,0.000127943704769901,1.59929630962377e-05,1.59929630962377e-05,1.59929630962377e-05,1.59929630962377e-05,1.59929630962377e-05,1.59929630962377e-05,7.19683339330695e-05,3.99824077405941e-05,3.19859261924753e-05,0,3.19859261924753e-05,3.19859261924753e-05,1.59929630962377e-05,1.59929630962377e-05,0,7.99648154811883e-06,4.7978889288713e-05,9.59577785774259e-05,3.99824077405941e-05,3.19859261924753e-05,4.7978889288713e-05,3.19859261924753e-05,6.39718523849506e-05,8.79612970293071e-05,7.19683339330695e-05,3.19859261924753e-05,0.000111950741673664,6.39718523849506e-05,2.39894446443565e-05,2.39894446443565e-05,1.59929630962377e-05,7.99648154811883e-06,2.39894446443565e-05,7.99648154811883e-06,2.39894446443565e-05,5.59753708368318e-05,7.99648154811883e-06,0,7.99648154811883e-06,2.39894446443565e-05,0,3.99824077405941e-05,3.19859261924753e-05,0,1.59929630962377e-05,0,2.39894446443565e-05,1.59929630962377e-05,0,1.59929630962377e-05,0,0,0,0,0,0,0,0,0,0,0,0,0,0,0,0,0,0,0,0,0,0,0,0,0,1.59929630962377e-05,0,0,0,1.59929630962377e-05,0,0,0,0,0,0,0,7.99648154811883e-06,0,0,0,7.99648154811883e-06,0,1.59929630962377e-05,0,7.99648154811883e-06,0,5.59753708368318e-05,1.59929630962377e-05,7.99648154811883e-06,0.000119947223221782,7.19683339330695e-05,4.7978889288713e-05,7.99648154811883e-06,6.39718523849506e-05,2.39894446443565e-05,5.59753708368318e-05,3.99824077405941e-05,7.99648154811883e-06,7.99648154811883e-06,0,0,0,7.99648154811883e-06,1.59929630962377e-05,3.19859261924753e-05,1.59929630962377e-05,1.59929630962377e-05,2.39894446443565e-05,0,2.39894446443565e-05,0,0,1.59929630962377e-05,0,0,0,0,0,0,0,0,0,0,0,0,0,0,0,0,0,0,0,0,0,0,0,0,0,0,0,0,0,0,0,0,0,0,0,0,0,0,0,0,0,0,0,0,0,0,0,0,0,0,0,0,0,0,0,0,0,0,0,0,0,0,0,0,0,0,0,0,0,0,0,0,0,0,0,0,0,0,0,0,0,0,0,0,0,0,0,0,0,0,0,0,0,0,0,0,0,0,0,0,0,0,0,0,0,0,0,0,0,0,0,0,0,0,0,0,0,0,0,0,0,0,0,0,0,0,0,0,0,0,0,0,0,0,0,0,0
0.0393673822013979,0.0126243364829315,0.0116280879811958,0.0177768092028455,0.0222132283121371,0.0219952989523824,0.0243302563783254,0.0244859202067216,0.0257623635995704,0.0260892576392024,0.0293114988870036,0.0341059448016065,0.0338724490590122,0.0323625099235691,0.0267119129527872,0.0240033623386934,0.0215127410843542,0.0259335938108062,0.0228358836257219,0.0254354695599384,0.0231783440481935,0.0228358836257219,0.0203141296057035,0.0227580517115238,0.0227580517115238,0.0189598542986566,0.0182593670708737,0.0233807070251086,0.0172475521862985,0.0155819492224592,0.0164225338957986,0.0157064802851761,0.016406967512959,0.0136517177503464,0.0143055058296104,0.0138229479615822,0.0149281611431952,0.0115035569184789,0.0119549820208278,0.0147880636976386,0.0152083560343083,0.0105540075652621,0.00943322800080945,0.0104294765025451,0.0125153718030541,0.0131224607337993,0.0133092573278747,0.0116436543640354,0.00840584673339456,0.00719166887190424,0.00737846546597967,0.00684920844943261,0.00656901355831945,0.00440528634361234,0.00283308167681076,0.00284864805965038,0.00291091359100886,0.00188353232359397,0.000949549353216793,0.000280194891113152,0.000140097445556576,1.55663828396196e-05,0,0,0,0,0,0,0,0,0,0,0,0,0,0,0,0,0,0,0,0,0,0,0,0,0,0,0,0,0,0,0,0,0,0,0,0,0,0,0,0,0,0,0,0,0,0,0,0,0,0,0,0,0,0,0,0,0,0,0,0,0,0,0,0,0,0,0,0,0,0,0,0,0,0,0,0,0,0,0,0,0,0,0,0,0,0,0,0,0,0,0,0,0,0,0,0,0,0,0,0,0,0,0,0,0,0,0,0,0,0,0,0,0,0,0,0,0,0,0,0,0,0,0,0,0,0,0,0,0,0,0,0,0,0,0,0,0,0,0,0,0,0,0,0,0,0,0,0,0,0,0,0,0,0,0,0,0,0,0,0,0,0,0,0,0,0,0,0,0,0,0,0,0,0,0,0,0,0,0,0,0,0,0,0,0,0,0,0,0,0,0,0,0,0,0,0,0,0,0,0,0,0,0,0,0,0,0,0,0,0,0,0,0,0,0,0,0,0,0,0,0,0,0,0,0,0,0,0,0,0,0,0,0,0,0,0,0,0,0,0,0,0,0,0,0,0,0,0,0,0,0,0,0,0,0,0,0,0,0,0,0,0,0,0,0,0,0,0,0,0,0,0,0,0,0,0,0,0,0,0,0,0,0,0,0,0,0,0,0,0,0,0,0,0,0,0,0,0,0,0,0,0,0,0,0,0,0,0,0,0,0,0,0,0,0,0,0,0,0,0,0,0,0,0,0,0,0,0,0,0,0,0,0,0,0,0,0,0,0,0,0,0,0,0,0,0,0,0,0,0,0,0,0,0,0,0,0,0,0,0,0,0,0,0,0,0,0,0,0,0,0,0,0,0,0,0,0,0,0,0,0,0,0,0,0,0,0,0,0,0,0,0,0,0,0,0,0,0,0,0,0,0,0,0,0,0,0,0,0,0,0,0,0,0,0,0,0,0,0,0,0,0,0,0,0,0,0,0,0,0,0,0,0,0,0,0,0,0,0,0,0,0,0,0,0,0,0,0,0,0,0,0,0,0,0,0,0,0,0,0,0,0,0,0,0,0,0,0,0,0,0,0,0,0,0,0,0,0,0,0,0,0,0,0,0,0,0,0,0,0,0,0,0,0,0,0,0
0.0279960041989773,0.0125884663573872,0.0121651823507501,0.0164488164979174,0.0200128678338018,0.0224086553113677,0.0258457214452609,0.0277166367545969,0.028072195320172,0.029875385188446,0.0305441739189326,0.0321526531441536,0.0336595442077817,0.0322034472249501,0.0317547661779147,0.0318563543395076,0.0290457485354373,0.035420405675392,0.0320764620229589,0.0273356811486235,0.0252023297551725,0.0253970403982256,0.0257187362432698,0.0269039314618536,0.0241779824591108,0.0253631776776946,0.0209948867291998,0.0212319257729166,0.0216382784192882,0.0194456672649081,0.0180318986827402,0.0157461650468999,0.0152043615184044,0.0131979953269446,0.0124022213944668,0.0129948190037588,0.0116657072229183,0.00968473807185669,0.00856726829433477,0.00997257119636992,0.00860113101486574,0.00793234228437913,0.00738207307575091,0.00738207307575091,0.00893975822017541,0.00727201923402526,0.00560428024787511,0.00730588195455623,0.00536724120415834,0.00433442822796383,0.00513020216044157,0.00369103653787545,0.00428363414716738,0.00289526260539772,0.00262436084114998,0.00286139988486675,0.00226880227557482,0.00181165554840676,0.00099895025566354,0.000321695845044191,0.00022857336358403,4.23284006637093e-05,0,0,0,0,0,0,0,0,0,0,0,0,0,0,0,0,0,0,0,0,0,0,0,0,0,0,0,0,0,0,0,0,0,0,0,0,0,0,0,0,0,0,0,0,0,0,0,0,0,0,0,0,0,0,0,0,0,0,0,0,0,0,0,0,0,0,0,0,0,0,0,0,0,0,0,0,0,0,0,0,0,0,0,0,0,0,0,0,0,0,0,0,0,0,0,0,0,0,0,0,0,0,0,0,0,0,0,0,0,0,0,0,0,0,0,0,0,0,0,0,0,0,0,0,0,0,0,0,0,0,0,0,0,0,0,0,0,0,0,0,0,0,0,0,0,0,0,0,0,0,0,0,0,0,0,0,0,0,0,0,0,0,0,0,0,0,0,0,0,0,0,0,0,0,0,0,0,0,0,0,0,0,0,0,0,0,0,0,0,0,0,0,0,0,0,0,0,0,0,0,0,0,0,0,0,0,0,0,0,0,0,0,0,0,0,0,0,0,0,0,0,0,0,0,0,0,0,0,0,0,0,0,0,0,0,0,0,0,0,0,0,0,0,0,0,0,0,0,0,0,0,0,0,0,0,0,0,0,0,0,0,0,0,0,0,0,0,0,0,0,0,0,0,0,0,0,0,0,0,0,0,0,0,0,0,0,0,0,0,0,0,0,0,0,0,0,0,0,0,0,0,0,0,0,0,0,0,0,0,0,0,0,0,0,0,0,0,0,0,0,0,0,0,0,0,0,0,0,0,0,0,0,0,0,0,0,0,0,0,0,0,0,0,0,0,0,0,0,0,0,0,0,0,0,0,0,0,0,0,0,0,0,0,0,0,0,0,0,0,0,0,0,0,0,0,0,0,0,0,0,0,0,0,0,0,0,0,0,0,0,0,0,0,0,0,0,0,0,0,0,0,0,0,0,0,0,0,0,0,0,0,0,0,0,0,0,0,0,0,0,0,0,0,0,0,0,0,0,0,0,0,0,0,0,0,0,0,0,0,0,0,0,0,0,0,0,0,0,0,0,0,0,0,0,0,0,0,0,0,0,0,0,0,0,0,0,0,0,0,0,0,0,0,0,0,0,0,0,0,0,0,0,0,0,0,0,0,0,0,0,0,0,0,0,0,0,0
0.0816738770835984,0.0123743478814098,0.0103702761165543,0.016080290113246,0.0161757221020486,0.0192772617381346,0.0231899732790431,0.0230945412902405,0.033353480086525,0.0326854561649065,0.0268481995164779,0.0291385672477414,0.0296316325232218,0.0325582135131696,0.0314607456419392,0.0283433006743861,0.0315561776307418,0.0292499045680112,0.0283592060058532,0.0253530983585698,0.0252735717012343,0.0200248123170887,0.0188637231199898,0.0231422572846418,0.0267686728591424,0.0194522203842728,0.0225060440259575,0.019929380328286,0.0208518895533783,0.0222356533910167,0.0177980659116936,0.0168437460236671,0.0131696144547652,0.0112291640157781,0.0101476014760148,0.0128674131568902,0.00930461890825805,0.00827077236289604,0.00811171904822497,0.00749141112100776,0.0145215676294694,0.00989311617254104,0.00809581371675786,0.00898651227891589,0.00725283114900115,0.00733235780633668,0.00709377783433007,0.00640984858124443,0.00596449930016542,0.00421491283878356,0.00351507825423082,0.00248123170886881,0.00278343300674386,0.00248123170886881,0.00297429698434915,0.00314925563048734,0.00240170505153327,0.002656190355007,0.0018450184501845,0.000763455910421173,7.95266573355389e-05,4.77159944013233e-05,0,0,0,0,0,0,0,0,0,0,0,0,0,0,0,0,0,0,0,0,0,0,0,0,0,0,0,0,0,0,0,0,0,0,0,0,0,0,0,0,0,0,0,0,0,0,0,0,0,0,0,0,0,0,0,0,0,0,0,0,0,0,0,0,0,0,0,0,0,0,0,0,0,0,0,0,0,0,0,0,0,0,0,0,0,0,0,0,0,0,0,0,0,0,0,0,0,0,0,0,0,0,0,0,0,0,0,0,0,0,0,0,0,0,0,0,0,0,0,0,0,0,0,0,0,0,0,0,0,0,0,0,0,0,0,0,0,0,0,0,0,0,0,0,0,0,0,0,0,0,0,0,0,0,0,0,0,0,0,0,0,0,0,0,0,0,0,0,0,0,0,0,0,0,0,0,0,0,0,0,0,0,0,0,0,0,0,0,0,0,0,0,0,0,0,0,0,0,0,0,0,0,0,0,0,0,0,0,0,0,0,0,0,0,0,0,0,0,0,0,0,0,0,0,0,0,0,0,0,0,0,0,0,0,0,0,0,0,0,0,0,0,0,0,0,0,0,0,0,0,0,0,0,0,0,0,0,0,0,0,0,0,0,0,0,0,0,0,0,0,0,0,0,0,0,0,0,0,0,0,0,0,0,0,0,0,0,0,0,0,0,0,0,0,0,0,0,0,0,0,0,0,0,0,0,0,0,0,0,0,0,0,0,0,0,0,0,0,0,0,0,0,0,0,0,0,0,0,0,0,0,0,0,0,0,0,0,0,0,0,0,0,0,0,0,0,0,0,0,0,0,0,0,0,0,0,0,0,0,0,0,0,0,0,0,0,0,0,0,0,0,0,0,0,0,0,0,0,0,0,0,0,0,0,0,0,0,0,0,0,0,0,0,0,0,0,0,0,0,0,0,0,0,0,0,0,0,0,0,0,0,0,0,0,0,0,0,0,0,0,0,0,0,0,0,0,0,0,0,0,0,0,0,0,0,0,0,0,0,0,0,0,0,0,0,0,0,0,0,0,0,0,0,0,0,0,0,0,0,0,0,0,0,0,0,0,0,0,0,0,0,0,0,0,0,0,0,0,0,0,0,0,0,0,0,0,0,0,0,0,0,0,0,0,0,0,0
0.0601821629519102,0.0158537722652243,0.0129938760918897,0.0147035966302962,0.024402374957257,0.0248375765488514,0.027697472722186,0.0282881034536355,0.0279150735179832,0.0280394168298673,0.0299045665081289,0.0336348658646523,0.0382977400603065,0.0433958158475551,0.0404426621903074,0.0345674407037831,0.027759644378128,0.0256147222481271,0.0234698001181261,0.0265783829152289,0.0212316205042121,0.0238117442258075,0.020019273213342,0.021107277192328,0.0180608660511673,0.0212005346762411,0.0190556125462402,0.0168796045882682,0.0184338959868196,0.0170039479001523,0.0160092014050794,0.0162889738568187,0.0148590257701514,0.0129317044359477,0.0112841555534832,0.00966769249898971,0.00979203581087382,0.0138331934471075,0.0126208461562374,0.00864186017594579,0.00926357673536635,0.0085486026920327,0.00674562466971308,0.00708756877739439,0.0079890577885542,0.00615499393826355,0.00631042307811869,0.00780254282072803,0.0046628741956542,0.00416550094811775,0.00335726942087103,0.00438310174391495,0.00379247101246542,0.0028909820013056,0.00118126146289906,0.000839317355217756,0.00093257483913084,0.00102583232304392,0.000839317355217756,0.000683888215362616,0,3.1085827971028e-05,0,0,0,0,0,0,0,0,0,0,0,0,0,0,0,0,0,0,0,0,0,0,0,0,0,0,0,0,0,0,0,0,0,0,0,0,0,0,0,0,0,0,0,0,0,0,0,0,0,0,0,0,0,0,0,0,0,0,0,0,0,0,0,0,0,0,0,0,0,0,0,0,0,0,0,0,0,0,0,0,0,0,0,0,0,0,0,0,0,0,0,0,0,0,0,0,0,0,0,0,0,0,0,0,0,0,0,0,0,0,0,0,0,0,0,0,0,0,0,0,0,0,0,0,0,0,0,0,0,0,0,0,0,0,0,0,0,0,0,0,0,0,0,0,0,0,0,0,0,0,0,0,0,0,0,0,0,0,0,0,0,0,0,0,0,0,0,0,0,0,0,0,0,0,0,0,0,0,0,0,0,0,0,0,0,0,0,0,0,0,0,0,0,0,0,0,0,0,0,0,0,0,0,0,0,0,0,0,0,0,0,0,0,0,0,0,0,0,0,0,0,0,0,0,0,0,0,0,0,0,0,0,0,0,0,0,0,0,0,0,0,0,0,0,0,0,0,0,0,0,0,0,0,0,0,0,0,0,0,0,0,0,0,0,0,0,0,0,0,0,0,0,0,0,0,0,0,0,0,0,0,0,0,0,0,0,0,0,0,0,0,0,0,0,0,0,0,0,0,0,0,0,0,0,0,0,0,0,0,0,0,0,0,0,0,0,0,0,0,0,0,0,0,0,0,0,0,0,0,0,0,0,0,0,0,0,0,0,0,0,0,0,0,0,0,0,0,0,0,0,0,0,0,0,0,0,0,0,0,0,0,0,0,0,0,0,0,0,0,0,0,0,0,0,0,0,0,0,0,0,0,0,0,0,0,0,0,0,0,0,0,0,0,0,0,0,0,0,0,0,0,0,0,0,0,0,0,0,0,0,0,0,0,0,0,0,0,0,0,0,0,0,0,0,0,0,0,0,0,0,0,0,0,0,0,0,0,0,0,0,0,0,0,0,0,0,0,0,0,0,0,0,0,0,0,0,0,0,0,0,0,0,0,0,0,0,0,0,0,0,0,0,0,0,0,0,0,0,0,0,0,0,0,0,0,0,0,0,0,0,0,0,0,0,0,0,0
0.0476379954462055,0.015761434224197,0.014081393549528,0.0176404270840241,0.0180825430510423,0.0200941707009749,0.0271459203749143,0.0297101929836196,0.0326723699626412,0.0279638349138979,0.0307491655061123,0.032009196012114,0.0310365408846741,0.0336450250900811,0.034153458452152,0.0341092468554502,0.0351703251762937,0.0304175785308486,0.025311139111789,0.0210889316267657,0.0220173751575038,0.0239405796140328,0.0210889316267657,0.0210668258284148,0.0243384839843491,0.0220836925525565,0.0192541503636404,0.0168667241417424,0.0207131330548003,0.0189225633883768,0.0187236112032186,0.0137055949775626,0.017198311117006,0.0164025023763733,0.0131087384220881,0.0127329398501227,0.0135729601874572,0.0121139774962973,0.0101465614430665,0.0116276499325773,0.0106328890067865,0.00888653093706479,0.0071401728673431,0.00667595110197405,0.00678648009372858,0.00557066118442868,0.00526118000751597,0.00674226849702677,0.00570329597453412,0.0032716581559343,0.00420010168667241,0.00382430311470699,0.00234321462519619,0.00252006101200345,0.00528328580586688,0.00364745672789973,0.00203373344828348,0.000397904370316334,0.000817914538983575,0.000132634790105445,2.21057983509074e-05,0,0,0,0,0,0,0,0,0,0,0,0,0,0,0,0,0,0,0,0,0,0,0,0,0,0,0,0,0,0,0,0,0,0,0,0,0,0,0,0,0,0,0,0,0,0,0,0,0,0,0,0,0,0,0,0,0,0,0,0,0,0,0,0,0,0,0,0,0,0,0,0,0,0,0,0,0,0,0,0,0,0,0,0,0,0,0,0,0,0,0,0,0,0,0,0,0,0,0,0,0,0,0,0,0,0,0,0,0,0,0,0,0,0,0,0,0,0,0,0,0,0,0,0,0,0,0,0,0,0,0,0,0,0,0,0,0,0,0,0,0,0,0,0,0,0,0,0,0,0,0,0,0,0,0,0,0,0,0,0,0,0,0,0,0,0,0,0,0,0,0,0,0,0,0,0,0,0,0,0,0,0,0,0,0,0,0,0,0,0,0,0,0,0,0,0,0,0,0,0,0,0,0,0,0,0,0,0,0,0,0,0,0,0,0,0,0,0,0,0,0,0,0,0,0,0,0,0,0,0,0,0,0,0,0,0,0,0,0,0,0,0,0,0,0,0,0,0,0,0,0,0,0,0,0,0,0,0,0,0,0,0,0,0,0,0,0,0,0,0,0,0,0,0,0,0,0,0,0,0,0,0,0,0,0,0,0,0,0,0,0,0,0,0,0,0,0,0,0,0,0,0,0,0,0,0,0,0,0,0,0,0,0,0,0,0,0,0,0,0,0,0,0,0,0,0,0,0,0,0,0,0,0,0,0,0,0,0,0,0,0,0,0,0,0,0,0,0,0,0,0,0,0,0,0,0,0,0,0,0,0,0,0,0,0,0,0,0,0,0,0,0,0,0,0,0,0,0,0,0,0,0,0,0,0,0,0,0,0,0,0,0,0,0,0,0,0,0,0,0,0,0,0,0,0,0,0,0,0,0,0,0,0,0,0,0,0,0,0,0,0,0,0,0,0,0,0,0,0,0,0,0,0,0,0,0,0,0,0,0,0,0,0,0,0,0,0,0,0,0,0,0,0,0,0,0,0,0,0,0,0,0,0,0,0,0,0,0,0,0,0,0,0,0,0,0,0,0,0,0,0,0,0,0,0,0,0,0,0,0,0,0,0,0,0,0,0,0
0.0467091727607912,0.0164795991118535,0.0144221955144528,0.0157055264712473,0.016153673789493,0.0190462610254425,0.0261147664541362,0.0285592063718401,0.0283758733780123,0.0254221751441201,0.0270314314232751,0.0283351327127172,0.0251573608197022,0.0307592022977735,0.0270925424212177,0.029781426330692,0.0331832718828298,0.0305554989712982,0.0286406877024302,0.0244036585117435,0.0207166283025402,0.0232425495508342,0.0233444012140718,0.0203907029801797,0.0217351449349168,0.0168666354321566,0.0173962640809924,0.0177018190707054,0.0183944103807215,0.0172129310871647,0.0223258845816952,0.0157055264712473,0.0145240471776904,0.0122425699211668,0.0140555295267972,0.0172333014198122,0.0173962640809924,0.0111833126234951,0.010449980648184,0.0079851703978326,0.00961479700963517,0.00884072436902895,0.00930924201992219,0.00851479904666843,0.00674258010633314,0.0078629484019474,0.0183536697154265,0.0124462732476421,0.00745554174899676,0.00666109877574301,0.00472591717422745,0.00539813815159602,0.00484813917011265,0.00382962253773604,0.00562221181071887,0.00448147318245707,0.00348332688272799,0.00478702817217005,0.0027907355727119,0.00167036727709764,0.000529628648835836,0,0,0,0,0,0,0,0,0,0,0,0,0,0,0,0,0,0,0,0,0,0,0,0,0,0,0,0,0,0,0,0,0,0,0,0,0,0,0,0,0,0,0,0,0,0,0,0,0,0,0,0,0,0,0,0,0,0,0,0,0,0,0,0,0,0,0,0,0,0,0,0,0,0,0,0,0,0,0,0,0,0,0,0,0,0,0,0,0,0,0,0,0,0,0,0,0,0,0,0,0,0,0,0,0,0,0,0,0,0,0,0,0,0,0,0,0,0,0,0,0,0,0,0,0,0,0,0,0,0,0,0,0,0,0,0,0,0,0,0,0,0,0,0,0,0,0,0,0,0,0,0,0,0,0,0,0,0,0,0,0,0,0,0,0,0,0,0,0,0,0,0,0,0,0,0,0,0,0,0,0,0,0,0,0,0,0,0,0,0,0,0,0,0,0,0,0,0,0,0,0,0,0,0,0,0,0,0,0,0,0,0,0,0,0,0,0,0,0,0,0,0,0,0,0,0,0,0,0,0,0,0,0,0,0,0,0,0,0,0,0,0,0,0,0,0,0,0,0,0,0,0,0,0,0,0,0,0,0,0,0,0,0,0,0,0,0,0,0,0,0,0,0,0,0,0,0,0,0,0,0,0,0,0,0,0,0,0,0,0,0,0,0,0,0,0,0,0,0,0,0,0,0,0,0,0,0,0,0,0,0,0,0,0,0,0,0,0,0,0,0,0,0,0,0,0,0,0,0,0,0,0,0,0,0,0,0,0,0,0,0,0,0,0,0,0,0,0,0,0,0,0,0,0,0,0,0,0,0,0,0,0,0,0,0,0,0,0,0,0,0,0,0,0,0,0,0,0,0,0,0,0,0,0,0,0,0,0,0,0,0,0,0,0,0,0,0,0,0,0,0,0,0,0,0,0,0,0,0,0,0,0,0,0,0,0,0,0,0,0,0,0,0,0,0,0,0,0,0,0,0,0,0,0,0,0,0,0,0,0,0,0,0,0,0,0,0,0,0,0,0,0,0,0,0,0,0,0,0,0,0,0,0,0,0,0,0,0,0,0,0,0,0,0,0,0,0,0,0,0,0,0,0,0,0,0,0,0,0,0,0,0,0,0,0,0,0,0
0.0523718560967845,0.0135989448310365,0.0172829399190431,0.015304498112521,0.0176695319961796,0.020261972984036,0.0219220448446809,0.0246054486742166,0.0279255923955064,0.0299267749124483,0.0322235866648474,0.0314731432209942,0.0351116568881612,0.0315413653522536,0.0327011415836631,0.0304725519625233,0.0296993678082503,0.0241278937554009,0.0260153727202438,0.0255378178014281,0.025992632009824,0.0265156683494792,0.0228089325510529,0.0223313776322372,0.0236275981261655,0.02092145358621,0.0184199754400327,0.0230818210760904,0.0189657524901078,0.0178969391003775,0.0178514576795379,0.0172147177877837,0.0151680538500023,0.0118024287078728,0.0138490926456543,0.0130076863601219,0.0132805748851594,0.0165552371856097,0.0120298358120708,0.0121207986537499,0.0130759084913813,0.00870969209078092,0.0105062082139446,0.00752717514895165,0.00604902897166507,0.00750443443853186,0.00732250875517351,0.00445717924227953,0.00432073497976077,0.00297903306499295,0.0049119934506754,0.005616955473689,0.00227407104197935,0.00147814617728658,0.00311547732751171,0.00229681175239914,0.00252421885659708,0.00118251694182926,0.000659480602174012,0.000159184972938555,6.82221312593805e-05,4.5481420839587e-05,0,0,0,0,0,0,0,0,0,0,0,0,0,0,0,0,0,0,0,0,0,0,0,0,0,0,0,0,0,0,0,0,0,0,0,0,0,0,0,0,0,0,0,0,0,0,0,0,0,0,0,0,0,0,0,0,0,0,0,0,0,0,0,0,0,0,0,0,0,0,0,0,0,0,0,0,0,0,0,0,0,0,0,0,0,0,0,0,0,0,0,0,0,0,0,0,0,0,0,0,0,0,0,0,0,0,0,0,0,0,0,0,0,0,0,0,0,0,0,0,0,0,0,0,0,0,0,0,0,0,0,0,0,0,0,0,0,0,0,0,0,0,0,0,0,0,0,0,0,0,0,0,0,0,0,0,0,0,0,0,0,0,0,0,0,0,0,0,0,0,0,0,0,0,0,0,0,0,0,0,0,0,0,0,0,0,0,0,0,0,0,0,0,0,0,0,0,0,0,0,0,0,0,0,0,0,0,0,0,0,0,0,0,0,0,0,0,0,0,0,0,0,0,0,0,0,0,0,0,0,0,0,0,0,0,0,0,0,0,0,0,0,0,0,0,0,0,0,0,0,0,0,0,0,0,0,0,0,0,0,0,0,0,0,0,0,0,0,0,0,0,0,0,0,0,0,0,0,0,0,0,0,0,0,0,0,0,0,0,0,0,0,0,0,0,0,0,0,0,0,0,0,0,0,0,0,0,0,0,0,0,0,0,0,0,0,0,0,0,0,0,0,0,0,0,0,0,0,0,0,0,0,0,0,0,0,0,0,0,0,0,0,0,0,0,0,0,0,0,0,0,0,0,0,0,0,0,0,0,0,0,0,0,0,0,0,0,0,0,0,0,0,0,0,0,0,0,0,0,0,0,0,0,0,0,0,0,0,0,0,0,0,0,0,0,0,0,0,0,0,0,0,0,0,0,0,0,0,0,0,0,0,0,0,0,0,0,0,0,0,0,0,0,0,0,0,0,0,0,0,0,0,0,0,0,0,0,0,0,0,0,0,0,0,0,0,0,0,0,0,0,0,0,0,0,0,0,0,0,0,0,0,0,0,0,0,0,0,0,0,0,0,0,0,0,0,0,0,0,0,0,0,0,0,0,0,0,0,0,0,0,0,0,0,0,0,0
0.0606244801330859,0.0153880606564719,0.0219463817262781,0.0237059312815919,0.0278968584042485,0.0253695054066159,0.0286966536566639,0.0333354661206731,0.0319918100966153,0.0292405144283064,0.0355109092072429,0.0232900377503359,0.0299763260605285,0.0294004734787894,0.0282167765052147,0.02901657175763,0.0277049075436688,0.0228741442190799,0.0198989058800947,0.0199628895002879,0.0237379230916885,0.0264572269499008,0.0249856036854565,0.017211593831979,0.019291061488259,0.0165397658199501,0.0194510205387421,0.0182353317550707,0.0143323309232836,0.017627487363235,0.0184912662358436,0.015963913238211,0.0174355365026553,0.0146522490242498,0.0119649369761341,0.0148122080747329,0.0127967240386461,0.0114210762044916,0.011804977925651,0.00822189519483012,0.011804977925651,0.0083818542453132,0.00710218184144859,0.00828587881502335,0.00505470599526521,0.00886173139676243,0.00563055857700429,0.00636637020922644,0.00489474694478214,0.00639836201932305,0.00550259133661783,0.0050227141851686,0.00409495169236675,0.00339113187024122,0.00223942670676307,0.00262332842792245,0.00156759869473415,0.00102373792309169,0.0018875167957003,0.000383901721159383,0,0,0,0,0,0,0,0,0,0,0,0,0,0,0,0,0,0,0,0,0,0,0,0,0,0,0,0,0,0,0,0,0,0,0,0,0,0,0,0,0,0,0,0,0,0,0,0,0,0,0,0,0,0,0,0,0,0,0,0,0,0,0,0,0,0,0,0,0,0,0,0,0,0,0,0,0,0,0,0,0,0,0,0,0,0,0,0,0,0,0,0,0,0,0,0,0,0,0,0,0,0,0,0,0,0,0,0,0,0,0,0,0,0,0,0,0,0,0,0,0,0,0,0,0,0,0,0,0,0,0,0,0,0,0,0,0,0,0,0,0,0,0,0,0,0,0,0,0,0,0,0,0,0,0,0,0,0,0,0,0,0,0,0,0,0,0,0,0,0,0,0,0,0,0,0,0,0,0,0,0,0,0,0,0,0,0,0,0,0,0,0,0,0,0,0,0,0,0,0,0,0,0,0,0,0,0,0,0,0,0,0,0,0,0,0,0,0,0,0,0,0,0,0,0,0,0,0,0,0,0,0,0,0,0,0,0,0,0,0,0,0,0,0,0,0,0,0,0,0,0,0,0,0,0,0,0,0,0,0,0,0,0,0,0,0,0,0,0,0,0,0,0,0,0,0,0,0,0,0,0,0,0,0,0,0,0,0,0,0,0,0,0,0,0,0,0,0,0,0,0,0,0,0,0,0,0,0,0,0,0,0,0,0,0,0,0,0,0,0,0,0,0,0,0,0,0,0,0,0,0,0,0,0,0,0,0,0,0,0,0,0,0,0,0,0,0,0,0,0,0,0,0,0,0,0,0,0,0,0,0,0,0,0,0,0,0,0,0,0,0,0,0,0,0,0,0,0,0,0,0,0,0,0,0,0,0,0,0,0,0,0,0,0,0,0,0,0,0,0,0,0,0,0,0,0,0,0,0,0,0,0,0,0,0,0,0,0,0,0,0,0,0,0,0,0,0,0,0,0,0,0,0,0,0,0,0,0,0,0,0,0,0,0,0,0,0,0,0,0,0,0,0,0,0,0,0,0,0,0,0,0,0,0,0,0,0,0,0,0,0,0,0,0,0,0,0,0,0,0,0,0,0,0,0,0,0,0,0,0,0,0,0,0,0,0,0,0,0
0.05356572971646,0.0118816742359151,0.0153430710691052,0.016545967840923,0.0165705167546336,0.0209893212225359,0.0214802994967473,0.0225850006137228,0.025874555050939,0.033951147661716,0.0356941205351663,0.0341229900576899,0.0342457346262428,0.0340247944028477,0.0359150607585614,0.0340493433165582,0.0375843868908801,0.035203142260955,0.0313735117221063,0.026046397446913,0.0246716582791211,0.0266846692033877,0.0218976310298269,0.0232723701976188,0.020130109242666,0.0232478212839082,0.020130109242666,0.0160795384804222,0.0200073646741132,0.0172578863385295,0.0145329569166564,0.0141156253835768,0.0168160058917393,0.0144102123481036,0.0135755492819443,0.0115134405302565,0.0129127286117589,0.0111206579108874,0.00859211979869891,0.00567079906714128,0.00954952743341107,0.00915674481404198,0.00716828280348595,0.00638271756474776,0.00768380999140788,0.00726647845832822,0.00586719037682583,0.00557260341229901,0.00515527187921934,0.00564625015343071,0.00324045660979502,0.00336320117834786,0.00250398919847797,0.0029458696452682,0.00176752178716092,0.000736467411317049,0.000785565238738186,0.00122744568552842,0.000196391309684546,9.81956548422732e-05,0,0,0,0,0,0,0,0,0,0,0,0,0,0,0,0,0,0,0,0,0,0,0,0,0,0,0,0,0,0,0,0,0,0,0,0,0,0,0,0,0,0,0,0,0,0,0,0,0,0,0,0,0,0,0,0,0,0,0,0,0,0,0,0,0,0,0,0,0,0,0,0,0,0,0,0,0,0,0,0,0,0,0,0,0,0,0,0,0,0,0,0,0,0,0,0,0,0,0,0,0,0,0,0,0,0,0,0,0,0,0,0,0,0,0,0,0,0,0,0,0,0,0,0,0,0,0,0,0,0,0,0,0,0,0,0,0,0,0,0,0,0,0,0,0,0,0,0,0,0,0,0,0,0,0,0,0,0,0,0,0,0,0,0,0,0,0,0,0,0,0,0,0,0,0,0,0,0,0,0,0,0,0,0,0,0,0,0,0,0,0,0,0,0,0,0,0,0,0,0,0,0,0,0,0,0,0,0,0,0,0,0,0,0,0,0,0,0,0,0,0,0,0,0,0,0,0,0,0,0,0,0,0,0,0,0,0,0,0,0,0,0,0,0,0,0,0,0,0,0,0,0,0,0,0,0,0,0,0,0,0,0,0,0,0,0,0,0,0,0,0,0,0,0,0,0,0,0,0,0,0,0,0,0,0,0,0,0,0,0,0,0,0,0,0,0,0,0,0,0,0,0,0,0,0,0,0,0,0,0,0,0,0,0,0,0,0,0,0,0,0,0,0,0,0,0,0,0,0,0,0,0,0,0,0,0,0,0,0,0,0,0,0,0,0,0,0,0,0,0,0,0,0,0,0,0,0,0,0,0,0,0,0,0,0,0,0,0,0,0,0,0,0,0,0,0,0,0,0,0,0,0,0,0,0,0,0,0,0,0,0,0,0,0,0,0,0,0,0,0,0,0,0,0,0,0,0,0,0,0,0,0,0,0,0,0,0,0,0,0,0,0,0,0,0,0,0,0,0,0,0,0,0,0,0,0,0,0,0,0,0,0,0,0,0,0,0,0,0,0,0,0,0,0,0,0,0,0,0,0,0,0,0,0,0,0,0,0,0,0,0,0,0,0,0,0,0,0,0,0,0,0,0,0,0,0,0,0,0,0,0,0,0,0,0,0,0,0,0
0.0526749140610527,0.0132767954550133,0.0126386859060126,0.0167143533480167,0.0223338342150223,0.0223955867520224,0.0227661019740228,0.0275004631440275,0.0251744509170252,0.0302793273090303,0.031967229987032,0.0336551326650337,0.0331405281900331,0.0342109054980342,0.0360840657870361,0.02994998044503,0.0331611123690332,0.0309380210370309,0.022971943764023,0.0181140775200181,0.0211193676540211,0.0245775097260246,0.0255449661390255,0.0193079599020193,0.0195755542290196,0.0192050390070192,0.0145530145530146,0.0161997488730162,0.0191432864700191,0.017990572446018,0.0121652497890122,0.0127416068010127,0.0113830509870114,0.0159115703670159,0.0159115703670159,0.0141207467940141,0.012000576357012,0.0126181017270126,0.013029785307013,0.00796607727300797,0.0132562112760133,0.00887178114900887,0.0096951483090097,0.0109096148700109,0.0108684465120109,0.00998332681500998,0.00973631666700974,0.00395216236800395,0.00543422325600543,0.00374632057800375,0.00356106296700356,0.00477552952800478,0.0104155945740104,0.00862477100100863,0.00471377699100471,0.00343755789300344,0.00121446656100121,0.0012968032770013,0.000288178506000288,0.000144089253000144,6.17525370000618e-05,0,0,0,0,0,0,0,0,0,0,0,0,0,0,0,0,0,0,0,0,0,0,0,0,0,0,0,0,0,0,0,0,0,0,0,0,0,0,0,0,0,0,0,0,0,0,0,0,0,0,0,0,0,0,0,0,0,0,0,0,0,0,0,0,0,0,0,0,0,0,0,0,0,0,0,0,0,0,0,0,0,0,0,0,0,0,0,0,0,0,0,0,0,0,0,0,0,0,0,0,0,0,0,0,0,0,0,0,0,0,0,0,0,0,0,0,0,0,0,0,0,0,0,0,0,0,0,0,0,0,0,0,0,0,0,0,0,0,0,0,0,0,0,0,0,0,0,0,0,0,0,0,0,0,0,0,0,0,0,0,0,0,0,0,0,0,0,0,0,0,0,0,0,0,0,0,0,0,0,0,0,0,0,0,0,0,0,0,0,0,0,0,0,0,0,0,0,0,0,0,0,0,0,0,0,0,0,0,0,0,0,0,0,0,0,0,0,0,0,0,0,0,0,0,0,0,0,0,0,0,0,0,0,0,0,0,0,0,0,0,0,0,0,0,0,0,0,0,0,0,0,0,0,0,0,0,0,0,0,0,0,0,0,0,0,0,0,0,0,0,0,0,0,0,0,0,0,0,0,0,0,0,0,0,0,0,0,0,0,0,0,0,0,0,0,0,0,0,0,0,0,0,0,0,0,0,0,0,0,0,0,0,0,0,0,0,0,0,0,0,0,0,0,0,0,0,0,0,0,0,0,0,0,0,0,0,0,0,0,0,0,0,0,0,0,0,0,0,0,0,0,0,0,0,0,0,0,0,0,0,0,0,0,0,0,0,0,0,0,0,0,0,0,0,0,0,0,0,0,0,0,0,0,0,0,0,0,0,0,0,0,0,0,0,0,0,0,0,0,0,0,0,0,0,0,0,0,0,0,0,0,0,0,0,0,0,0,0,0,0,0,0,0,0,0,0,0,0,0,0,0,0,0,0,0,0,0,0,0,0,0,0,0,0,0,0,0,0,0,0,0,0,0,0,0,0,0,0,0,0,0,0,0,0,0,0,0,0,0,0,0,0,0,0,0,0,0,0,0,0,0,0,0,0,0,0,0,0,0,0,0,0,0,0,0,0,0,0
0.0877888836004019,0.01713469776297,0.0107885134063145,0.0136971812364483,0.0212068327251573,0.0282405203871172,0.0245914643820403,0.0333703527420805,0.0220529906393781,0.0251731979480671,0.0338992014384685,0.0331588132635253,0.0356972870061875,0.0356444021365487,0.0343751652652176,0.0270770532550637,0.0316251520440002,0.0263366650801206,0.0243799249034851,0.0245385795124015,0.0186154741128563,0.0227404939446824,0.0294039875191708,0.0215770268126289,0.0160770003701941,0.0236924215981808,0.0200433655931038,0.0127981384525887,0.013750066106087,0.0167645036754984,0.0134856417578931,0.0144375694113914,0.0130625628007827,0.0158654608916389,0.00787984557618066,0.00999524036173251,0.00877888836004019,0.00655772383521075,0.00735099687979269,0.0103125495795653,0.00851446401184621,0.00941350679570575,0.00856734888148501,0.00661060870484954,0.00904331270823417,0.00846157914220741,0.00629329948701676,0.00645195409593315,0.00729811201015389,0.00814426992437464,0.00343751652652176,0.00253847374266222,0.00497117774604686,0.00269712835157861,0.00195674017663546,0.00153366121952509,0.00349040139616056,0.002855782960495,0.00327886191760537,0.000370194087471574,0.000105769739277593,0,0,0,0,0,0,0,0,0,0,0,0,0,0,0,0,0,0,0,0,0,0,0,0,0,0,0,0,0,0,0,0,0,0,0,0,0,0,0,0,0,0,0,0,0,0,0,0,0,0,0,0,0,0,0,0,0,0,0,0,0,0,0,0,0,0,0,0,0,0,0,0,0,0,0,0,0,0,0,0,0,0,0,0,0,0,0,0,0,0,0,0,0,0,0,0,0,0,0,0,0,0,0,0,0,0,0,0,0,0,0,0,0,0,0,0,0,0,0,0,0,0,0,0,0,0,0,0,0,0,0,0,0,0,0,0,0,0,0,0,0,0,0,0,0,0,0,0,0,0,0,0,0,0,0,0,0,0,0,0,0,0,0,0,0,0,0,0,0,0,0,0,0,0,0,0,0,0,0,0,0,0,0,0,0,0,0,0,0,0,0,0,0,0,0,0,0,0,0,0,0,0,0,0,0,0,0,0,0,0,0,0,0,0,0,0,0,0,0,0,0,0,0,0,0,0,0,0,0,0,0,0,0,0,0,0,0,0,0,0,0,0,0,0,0,0,0,0,0,0,0,0,0,0,0,0,0,0,0,0,0,0,0,0,0,0,0,0,0,0,0,0,0,0,0,0,0,0,0,0,0,0,0,0,0,0,0,0,0,0,0,0,0,0,0,0,0,0,0,0,0,0,0,0,0,0,0,0,0,0,0,0,0,0,0,0,0,0,0,0,0,0,0,0,0,0,0,0,0,0,0,0,0,0,0,0,0,0,0,0,0,0,0,0,0,0,0,0,0,0,0,0,0,0,0,0,0,0,0,0,0,0,0,0,0,0,0,0,0,0,0,0,0,0,0,0,0,0,0,0,0,0,0,0,0,0,0,0,0,0,0,0,0,0,0,0,0,0,0,0,0,0,0,0,0,0,0,0,0,0,0,0,0,0,0,0,0,0,0,0,0,0,0,0,0,0,0,0,0,0,0,0,0,0,0,0,0,0,0,0,0,0,0,0,0,0,0,0,0,0,0,0,0,0,0,0,0,0,0,0,0,0,0,0,0,0,0,0,0,0,0,0,0,0,0,0,0,0,0,0,0,0,0,0,0,0,0,0,0,0,0,0,0,0,0,0,0,0
0.0775440591245026,0.0273450824332007,0.0228538942581012,0.0191586128482092,0.021716884593519,0.0226264923251848,0.0310403638430927,0.0287094940306993,0.0240477544059125,0.0277998862990335,0.0324616259238204,0.0337123365548607,0.0242751563388289,0.0284820920977828,0.0222853894258101,0.0208072768618533,0.0191017623649801,0.020636725412166,0.0210346787947698,0.0183627060830017,0.0197839681637294,0.0233086981239341,0.0172825469016487,0.0247299602046617,0.0200682205798749,0.0150653780557135,0.00920977828311541,0.0107447413303013,0.00938032973280273,0.0122797043774872,0.0136441159749858,0.0108015918135304,0.0108015918135304,0.0126208072768619,0.0108584422967595,0.00966458214894827,0.013246162592382,0.0126208072768619,0.0166003411028994,0.0118817509948835,0.0121091529277999,0.0105173393973849,0.011085844229676,0.010574189880614,0.00682205798749289,0.00903922683342808,0.010062535531552,0.00739056281978397,0.0091529277998863,0.00875497441728255,0.00903922683342808,0.012677657760091,0.0107447413303013,0.014269471290506,0.0122228538942581,0.00477544059124503,0.00284252416145537,0.00170551449687322,0.00130756111426947,0.00187606594656055,0.00250142126208073,0.00142126208072769,0.00045480386583286,5.68504832291074e-05,0,0,0,0,0,0,0,0,0,0,0,0,0,0,0,0,0,0,0,0,0,0,0,0,0,0,0,0,0,0,0,0,0,0,0,0,0,0,0,0,0,0,0,0,0,0,0,0,0,0,0,0,0,0,0,0,0,0,0,0,0,0,0,0,0,0,0,0,0,0,0,0,0,0,0,0,0,0,0,0,0,0,0,0,0,0,0,0,0,0,0,0,0,0,0,0,0,0,0,0,0,0,0,0,0,0,0,0,0,0,0,0,0,0,0,0,0,0,0,0,0,0,0,0,0,0,0,0,0,0,0,0,0,0,0,0,0,0,0,0,0,0,0,0,0,0,0,0,0,0,0,0,0,0,0,0,0,0,0,0,0,0,0,0,0,0,0,0,0,0,0,0,0,0,0,0,0,0,0,0,0,0,0,0,0,0,0,0,0,0,0,0,0,0,0,0,0,0,0,0,0,0,0,0,0,0,0,0,0,0,0,0,0,0,0,0,0,0,0,0,0,0,0,0,0,0,0,0,0,0,0,0,0,0,0,0,0,0,0,0,0,0,0,0,0,0,0,0,0,0,0,0,0,0,0,0,0,0,0,0,0,0,0,0,0,0,0,0,0,0,0,0,0,0,0,0,0,0,0,0,0,0,0,0,0,0,0,0,0,0,0,0,0,0,0,0,0,0,0,0,0,0,0,0,0,0,0,0,0,0,0,0,0,0,0,0,0,0,0,0,0,0,0,0,0,0,0,0,0,0,0,0,0,0,0,0,0,0,0,0,0,0,0,0,0,0,0,0,0,0,0,0,0,0,0,0,0,0,0,0,0,0,0,0,0,0,0,0,0,0,0,0,0,0,0,0,0,0,0,0,0,0,0,0,0,0,0,0,0,0,0,0,0,0,0,0,0,0,0,0,0,0,0,0,0,0,0,0,0,0,0,0,0,0,0,0,0,0,0,0,0,0,0,0,0,0,0,0,0,0,0,0,0,0,0,0,0,0,0,0,0,0,0,0,0,0,0,0,0,0,0,0,0,0,0,0,0,0,0,0,0,0,0,0,0,0,0,0,0,0,0,0,0,0,0,0,0,0,0,0,0,0,0,0,0,0,0,0,0,0,0,0,0,0,0
0.0794447725930301,0.0251033668044891,0.016597755463674,0.0123449497932664,0.0157708210277614,0.0174246898995865,0.0159480212640284,0.0200236266981689,0.0203780271707029,0.0198464264619019,0.022740696987596,0.0202598936798582,0.0183106910809214,0.0174837566450089,0.0275841701122268,0.02563496751329,0.0209096278795038,0.0196101594802126,0.0158298877731837,0.0170112226816302,0.0234494979326639,0.0219728292971057,0.028883638511518,0.0242173656231542,0.0183106910809214,0.0145894861193148,0.012463083284111,0.0141760189013585,0.0144713526284702,0.0180744240992321,0.0173656231541642,0.0142941523922032,0.0154754873006497,0.0150029533372711,0.0115770821027761,0.0137034849379799,0.0125221500295334,0.0142941523922032,0.0203189604252806,0.00927347903130537,0.0112817483756645,0.0175428233904312,0.0173656231541642,0.0125812167749557,0.0148848198464265,0.00962787950383934,0.0103366804489073,0.00714707619610159,0.00578854105138807,0.00856467808623745,0.00767867690490254,0.012817483756645,0.0106320141760189,0.0105138806851742,0.0111636148848198,0.00720614294152392,0.00502067336089781,0.00342587123449498,0.00307147076196102,0.00643827525103367,0.00472533963378618,0.00425280567040756,0.00330773774365032,0.00283520378027171,0.00265800354400473,0.00135853514471353,0.00106320141760189,0.000826934435912581,0.000826934435912581,5.90667454223272e-05,0.000531600708800945,0.000295333727111636,0.00100413467217956,0.000354400472533963,0,0,0,5.90667454223272e-05,5.90667454223272e-05,0,0,0,0,0,0,0,0,0,0,0,0,0,0,0,0,0,0,0,0,0,0,0,0,0,0,0,0,0,0,0,0,0,0,0,0,0,0,0,0,0,0,0,0,0,0,0,0,0,0,0,0,0,0,0,0,0,0,0,0,0,0,0,0,0,0,0,0,0,0,0,0,0,0,0,0,0,0,0,0,0,0,0,0,0,0,0,0,0,0,0,0,0,0,0,0,0,0,0,0,0,0,0,0,0,0,0,0,0,0,0,0,0,0,0,0,0,0,0,0,0,0,0,0,0,0,0,0,0,0,0,0,0,0,0,0,0,0,0,0,0,0,0,0,0,0,0,0,0,0,0,0,0,0,0,0,0,0,0,0,0,0,0,0,0,0,0,0,0,0,0,0,0,0,0,0,0,0,0,0,0,0,0,0,0,0,0,0,0,0,0,0,0,0,0,0,0,0,0,0,0,0,0,0,0,0,0,0,0,0,0,0,0,0,0,0,0,0,0,0,0,0,0,0,0,0,0,0,0,0,0,0,0,0,0,0,0,0,0,0,0,0,0,0,0,0,0,0,0,0,0,0,0,0,0,0,0,0,0,0,0,0,0,0,0,0,0,0,0,0,0,0,0,0,0,0,0,0,0,0,0,0,0,0,0,0,0,0,0,0,0,0,0,0,0,0,0,0,0,0,0,0,0,0,0,0,0,0,0,0,0,0,0,0,0,0,0,0,0,0,0,0,0,0,0,0,0,0,0,0,0,0,0,0,0,0,0,0,0,0,0,0,0,0,0,0,0,0,0,0,0,0,0,0,0,0,0,0,0,0,0,0,0,0,0,0,0,0,0,0,0,0,0,0,0,0,0,0,0,0,0,0,0,0,0,0,0,0,0,0,0,0,0,0,0,0,0,0,0,0,0,0,0,0,0,0,0,0,0,0,0,0,0,0,0,0,0,0,0,0,0,0,0,0,0,0,0,0,0,0,0,0,0,0,0,0,0,0,0,0,0,0,0,0,0,0,0,0,0,0,0,0,0,0,0,0,0,0,0,0,0,0,0,0,0,0,0,0,0,0,0,0,0,0,0,0,0,0,0,0
0.0669238305167769,0.0176953220671075,0.0132255694342395,0.0113886847905952,0.0110213078618663,0.0136541758510899,0.0113886847905952,0.0158584374234631,0.017634092578986,0.0151849130541269,0.0159808963997061,0.0120009796718099,0.0122458976242959,0.0140827822679402,0.0227773695811903,0.026573597844722,0.0167768797452853,0.0121846681361744,0.0145113886847906,0.0154910604947343,0.0210629439137889,0.0207567964731815,0.0260837619397502,0.0156135194709772,0.0175116336027431,0.014939995101641,0.0170217976977712,0.0228998285574333,0.0172054861621357,0.0173891746265001,0.0206343374969385,0.0150012245897624,0.0136541758510899,0.011756061719324,0.0110213078618663,0.0104090129806515,0.0114499142787166,0.0148787656135195,0.0126132745530247,0.00930688219446485,0.0088782757776145,0.00949057065882929,0.0127357335292677,0.0111437668381092,0.0110213078618663,0.00808229243203527,0.0101640950281656,0.0104090129806515,0.0085721283370071,0.00844966936076414,0.0085721283370071,0.00906196424197894,0.00795983345579231,0.00863335782512858,0.00936811168258633,0.007408768062699,0.00814352192015675,0.0123683566005388,0.00924565270634337,0.00869458731325006,0.00900073475385746,0.0102865540044085,0.00765368601518491,0.00783737447954935,0.00728630908645604,0.0071026206220916,0.00606171932402645,0.00557188341905462,0.00483712956159687,0.00606171932402645,0.00434729365662503,0.00489835904971834,0.00520450649032574,0.00397991672789615,0.00293901542983101,0.00330639235855988,0.00263286798922361,0.00269409747734509,0.00336762184668136,0.00195934361988734,0.00300024491795249,0.00300024491795249,0.00183688464364438,0.00202057310800882,0.00226549106049473,0.00397991672789615,0.00300024491795249,0.00189811413176586,0.0014695077149155,0.00153073720303698,0.00110213078618663,0.000612294881214793,0.000673524369336272,0.000183688464364438,6.12294881214793e-05,0,0.000122458976242959,0,0,0,0,0,0,0,0,0,0,0,0,0,0,0,0,0,0,0,0,0,0,0,0,0,0,0,0,0,0,0,0,0,0,0,0,0,0,0,0,0,0,0,0,0,0,0,0,0,0,0,0,0,0,0,0,0,0,0,0,0,0,0,0,0,0,0,0,0,0,0,0,0,0,0,0,0,0,0,0,0,0,0,0,0,0,0,0,0,0,0,0,0,0,0,0,0,0,0,0,0,0,0,0,0,0,0,0,0,0,0,0,0,0,0,0,0,0,0,0,0,0,0,0,0,0,0,0,0,0,0,0,0,0,0,0,0,0,0,0,0,0,0,0,0,0,0,0,0,0,0,0,0,0,0,0,0,0,0,0,0,0,0,0,0,0,0,0,0,0,0,0,0,0,0,0,0,0,0,0,0,0,0,0,0,0,0,0,0,0,0,0,0,0,0,0,0,0,0,0,0,0,0,0,0,0,0,0,0,0,0,0,0,0,0,0,0,0,0,0,0,0,0,0,0,0,0,0,0,0,0,0,0,0,0,0,0,0,0,0,0,0,0,0,0,0,0,0,0,0,0,0,0,0,0,0,0,0,0,0,0,0,0,0,0,0,0,0,0,0,0,0,0,0,0,0,0,0,0,0,0,0,0,0,0,0,0,0,0,0,0,0,0,0,0,0,0,0,0,0,0,0,0,0,0,0,0,0,0,0,0,0,0,0,0,0,0,0,0,0,0,0,0,0,0,0,0,0,0,0,0,0,0,0,0,0,0,0,0,0,0,0,0,0,0,0,0,0,0,0,0,0,0,0,0,0,0,0,0,0,0,0,0,0,0,0,0,0,0,0,0,0,0,0,0,0,0,0,0,0,0,0,0,0,0,0,0,0,0,0,0,0,0,0,0,0,0,0,0,0,0,0,0,0,0,0,0,0,0,0,0,0,0,0,0,0,0,0,0,0,0,0,0,0,0,0,0,0,0,0,0,0,0,0,0,0,0,0,0,0,0,0,0,0,0,0,0,0,0,0,0,0,0,0,0,0,0,0,0,0,0,0
0.0662668847295415,0.0101156944696832,0.00533042582833606,0.00611787509843116,0.00751105457629172,0.00841964988793991,0.00799563874250409,0.0116300199890969,0.0123568962384154,0.0159307044642316,0.0129020534254043,0.0127203343630747,0.0119934581137561,0.0121146041553092,0.0151432551941365,0.0192016475861651,0.0127203343630747,0.0135683566539463,0.0159912774850082,0.0156884123811254,0.0149009631110303,0.0131443455085105,0.0187776364407293,0.0125991883215216,0.010539705615119,0.0133866375916167,0.0107819976982252,0.0142346598824883,0.013750075716276,0.0168998727966564,0.0167787267551033,0.0106608516566721,0.0109637167605548,0.0107214246774487,0.00987340238657702,0.0224120176873221,0.0156278393603489,0.0148403900902538,0.00950996426191774,0.00914652613725847,0.00817735780483373,0.00963111030347083,0.0119934581137561,0.00999454842813011,0.00981282936580047,0.0094493912411412,0.00908595311648192,0.0094493912411412,0.00751105457629172,0.0110848628021079,0.0154461202980193,0.0111454358228845,0.00884366103337573,0.00848022290871646,0.0110242897813314,0.0101156944696832,0.00914652613725847,0.011872312072203,0.00896480707492883,0.0086619419710461,0.00623902113998425,0.011872312072203,0.00745048155551517,0.00848022290871646,0.00757162759706827,0.0094493912411412,0.00860136895026955,0.00999454842813011,0.0103579865527894,0.0100551214489067,0.00720818947240899,0.0070870434308559,0.00781391968017445,0.00533042582833606,0.00442183051668787,0.00557271791144224,0.00526985280755951,0.00454297655824096,0.00678417832697317,0.00381610030892241,0.00363438124659277,0.00490641468290024,0.00545157186988915,0.00545157186988915,0.00502756072445333,0.00575443697377188,0.00751105457629172,0.00369495426736931,0.0055121448906657,0.00466412259979405,0.00442183051668787,0.00430068447513478,0.00375552728814586,0.00248349385183839,0.00308922405960385,0.00417953843358168,0.00308922405960385,0.00163547156096675,0.000848022290871646,0.00102974135320128,0.00109031437397783,0.0015748985401902,0.00109031437397783,0.000848022290871646,0.000605730207765461,0.000605730207765461,0.000363438124659277,0.000545157186988915,0.000605730207765461,0.000121146041553092,0.000302865103882731,0.000302865103882731,6.05730207765461e-05,6.05730207765461e-05,0,0,0,6.05730207765461e-05,0,0,0.000121146041553092,0,0.000121146041553092,0,0,0,0,0,0,0,0,0,0,0,0,0,0,0,0,0,0,0,0,0,0,0,0,0,0,0,0,0,0,0,0,0,0,0,0,0,0,0,0,0,0,0,0,0,0,0,0,0,0,0,0,0,0,0,0,0,0,0,0,0,0,0,0,0,0,0,0,0,0,0,0,0,0,0,0,0,0,0,0,0,0,0,0,0,0,0,0,0,0,0,0,0,0,0,0,0,0,0,0,0,0,0,0,0,0,0,0,0,0,0,0,0,0,0,0,0,0,0,0,0,0,0,0,0,0,0,0,0,0,0,0,0,0,0,0,0,0,0,0,0,0,0,0,0,0,0,0,0,0,0,0,0,0,0,0,0,0,0,0,0,0,0,0,0,0,0,0,0,0,0,0,0,0,0,0,0,0,0,0,0,0,0,0,0,0,0,0,0,0,0,0,0,0,0,0,0,0,0,0,0,0,0,0,0,0,0,0,0,0,0,0,0,0,0,0,0,0,0,0,0,0,0,0,0,0,0,0,0,0,0,0,0,0,0,0,0,0,0,0,0,0,0,0,0,0,0,0,0,0,0,0,0,0,0,0,0,0,0,0,0,0,0,0,0,0,0,0,0,0,0,0,0,0,0,0,0,0,0,0,0,0,0,0,0,0,0,0,0,0,0,0,0,0,0,0,0,0,0,0,0,0,0,0,0,0,0,0,0,0,0,0,0,0,0,0,0,0,0,0,0,0,0,0,0,0,0,0,0,0,0,0,0,0,0,0,0,0,0,0,0,0,0,0,0,0,0,0,0,0,0,0,0,0,0,0,0,0,0,0,0,0,0,0,0,0,0,0,0,0,0,0,0,0,0,0,0,0,0,0,0,0,0,0,0,0,0,0,0,0,0,0,0,0,0,0,0,0,0,0,0,0,0,0,0,0,0,0,0,0,0,0,0,0,0,0,0,0,0,0,0,0,0,0,0,0,0,0,0,0,0,0,0,0,0,0
0.0426875181002027,0.00880393860411237,0.00417028670721112,0.00469157254561251,0.00249058789458442,0.00498117578916884,0.00567622357370403,0.00752968433246452,0.00729800173761946,0.0104836374167391,0.0104257167680278,0.0132638285548798,0.011120764552563,0.00909354184766869,0.0101361135244715,0.0101940341731827,0.0106573993628729,0.0117578916883869,0.0126267014190559,0.0119316536345207,0.0106573993628729,0.0109470026064292,0.020503909643788,0.0133217492035911,0.00909354184766869,0.0126267014190559,0.00897770055024616,0.00909354184766869,0.0100781928757602,0.0103098754706053,0.00868809730668984,0.00712423979148566,0.00613958876339415,0.0072400810889082,0.00822473211699971,0.0109470026064292,0.00584998551983782,0.00915146249637996,0.00758760498117579,0.00671879525050681,0.00886185925282363,0.00961482768607008,0.0144801621778164,0.00845641471184477,0.00845641471184477,0.00839849406313351,0.00915146249637996,0.00654503330437301,0.00741384303504199,0.0112945264986968,0.010251954821894,0.00851433536055604,0.00851433536055604,0.0087460179554011,0.00961482768607008,0.00920938314509123,0.00770344627859832,0.012221256878077,0.00747176368375326,0.00822473211699971,0.00944106573993629,0.0137271937445699,0.00764552562988706,0.00886185925282363,0.00747176368375326,0.00973066898349262,0.010251954821894,0.0100781928757602,0.00909354184766869,0.00932522444251376,0.00863017665797857,0.00735592238633073,0.0072400810889082,0.00816681146828844,0.00683463654792934,0.0068925571966406,0.0070663191427744,0.00637127135823921,0.00654503330437301,0.00631335070952795,0.00671879525050681,0.0072400810889082,0.00718216044019693,0.00695047784535187,0.00602374746597162,0.00666087460179554,0.00584998551983782,0.00752968433246452,0.0103098754706053,0.00793512887344338,0.00758760498117579,0.00486533449174631,0.00474949319432378,0.00341731827396467,0.00324355632783087,0.00515493773530264,0.00422820735592239,0.0052128583840139,0.00445988995076745,0.00347523892267593,0.00428612800463365,0.00382276281494353,0.003706921517521,0.00469157254561251,0.00428612800463365,0.00399652476107732,0.00301187373298581,0.00393860411236606,0.00417028670721112,0.00393860411236606,0.00376484216623226,0.00376484216623226,0.00260642919200695,0.00341731827396467,0.00237474659716189,0.00202722270489429,0.00243266724587315,0.00272227048942948,0.00330147697654214,0.00179554011004923,0.00260642919200695,0.00208514335360556,0.00347523892267593,0.00301187373298581,0.00260642919200695,0.00324355632783087,0.00214306400231683,0.00283811178685201,0.0016796988126267,0.00295395308427454,0.00306979438169707,0.00278019113814075,0.00202722270489429,0.00156385751520417,0.00156385751520417,0.00162177816391544,0.00208514335360556,0.00191138140747176,0.0015059368664929,0.00104257167680278,0.0018534607587605,0.000984651028091515,0.00115841297422531,0.00144801621778164,0.00121633362293658,0.000115841297422531,0.000115841297422531,0.000115841297422531,0.000810889081957718,0.000752968433246452,0.000695047784535187,0.000289603243556328,0.000752968433246452,0.000579206487112656,0.000405444540978859,5.79206487112656e-05,0.00127425427164784,0,0.000289603243556328,0.00052128583840139,0.000405444540978859,0,0,0,0,0,0,0,0,0,0,0,0,0,0,0,0,0,0,0,0,0,0,0,0,0,0,0,0,0,0,0,0,0,0,0,0,0,0,0,0,0,0,0,0,0,0,0,0,0,0,0,0,0,0,0,0,0,0,0,0,0,0,0,0,0,0,0,0,0,0,0,0,0,0,0,0,0,0,0,0,0,0,0,0,0,0,0,0,0,0,0,0,0,0,0,0,0,0,0,0,0,0,0,0,0,0,0,0,0,0,0,0,0,0,0,0,0,0,0,0,0,0,0,0,0,0,0,0,0,0,0,0,0,0,0,0,0,0,0,0,0,0,0,0,0,0,0,0,0,0,0,0,0,0,0,0,0,0,0,0,0,0,0,0,0,0,0,0,0,0,0,0,0,0,0,0,0,0,0,0,0,0,0,0,0,0,0,0,0,0,0,0,0,0,0,0,0,0,0,0,0,0,0,0,0,0,0,0,0,0,0,0,0,0,0,0,0,0,0,0,0,0,0,0,0,0,0,0,0,0,0,0,0,0,0,0,0,0,0,0,0,0,0,0,0,0,0,0,0,0,0,0,0,0,0,0,0,0,0,0,0,0,0,0,0,0,0,0,0,0,0,0,0,0,0,0,0,0,0,0,0,0,0,0,0,0,0,0,0,0,0,0,0,0,0,0,0,0,0,0,0,0,0,0,0,0,0,0,0,0,0,0,0,0,0,0,0,0,0,0,0,0,0,0,0,0,0,0,0,0,0,0,0,0,0,0,0,0,0,0,0,0,0,0,0,0,0,0,0,0,0,0,0,0,0,0,0,0,0,0,0,0,0,0,0,0,0,0,0,0,0,0,0,0,0,0,0,0,0,0,0,0,0,0,0,0,0,0,0,0,0,0,0,0,0,0,0,0
0.0386801302212658,0.00888373889532638,0.0045798157038018,0.00695249130938586,0.00402803067924737,0.00546267174308889,0.00518677923081168,0.00684213430447498,0.00540749324063345,0.00893891739778182,0.0104287369640788,0.0110357004910887,0.00960105942724714,0.00546267174308889,0.00689731280693042,0.00695249130938586,0.00733874082657397,0.00811123986095017,0.00805606135849473,0.00590409976273244,0.00513160072835623,0.00579374275782155,0.0128014125696629,0.00849748937813828,0.00689731280693042,0.00651106328974232,0.00595927826518788,0.00739391932902941,0.00656624179219776,0.00524195773326712,0.00507642222590079,0.00524195773326712,0.00474535121116813,0.00502124372344535,0.00606963527009877,0.00551785024554434,0.00540749324063345,0.00557302874799978,0.00402803067924737,0.00424874468906914,0.0066214202946532,0.00755945483639574,0.00838713237322739,0.00540749324063345,0.00667659879710865,0.00711802681675219,0.00540749324063345,0.00651106328974232,0.0066214202946532,0.00800088285603929,0.00711802681675219,0.00612481377255421,0.00684213430447498,0.00629034927992054,0.00893891739778182,0.00579374275782155,0.00551785024554434,0.00816641836340562,0.00568338575291067,0.00579374275782155,0.00860784638304916,0.0109253434861778,0.00590409976273244,0.00684213430447498,0.00678695580201953,0.00595927826518788,0.00822159686586106,0.00800088285603929,0.00733874082657397,0.00733874082657397,0.005848921260277,0.00689731280693042,0.0066214202946532,0.00706284831429675,0.00601445676764333,0.00579374275782155,0.00590409976273244,0.00518677923081168,0.00640070628483143,0.00606963527009877,0.00590409976273244,0.00656624179219776,0.00717320531920764,0.00634552778237599,0.00689731280693042,0.00755945483639574,0.00640070628483143,0.00502124372344535,0.0066214202946532,0.00904927440269271,0.0078905258511284,0.00573856425536611,0.00529713623572256,0.00595927826518788,0.0049660652209899,0.00866302488550461,0.00629034927992054,0.00629034927992054,0.00761463333885118,0.00562820725045522,0.00612481377255421,0.005848921260277,0.00546267174308889,0.00689731280693042,0.00590409976273244,0.0066214202946532,0.00408320918170281,0.00772499034376207,0.00684213430447498,0.00684213430447498,0.00562820725045522,0.00833195387077195,0.00761463333885118,0.00551785024554434,0.00502124372344535,0.00518677923081168,0.00717320531920764,0.00711802681675219,0.0078905258511284,0.00518677923081168,0.00386249517188104,0.00446945869889091,0.005848921260277,0.00435910169398003,0.00568338575291067,0.00766981184130663,0.00540749324063345,0.00391767367433648,0.00380731666942559,0.00601445676764333,0.00717320531920764,0.00551785024554434,0.00446945869889091,0.0045798157038018,0.00424874468906914,0.00529713623572256,0.00463499420625724,0.00424874468906914,0.00402803067924737,0.00706284831429675,0.00629034927992054,0.00408320918170281,0.00524195773326712,0.00358660265960382,0.00375213816697015,0.00231749710312862,0.00137946256138608,0.00171053357611874,0.00187606908348507,0.0016553550736633,0.00198642608839596,0.00264856811786128,0.00463499420625724,0.00336588864978205,0.00226231860067318,0.000938034541742537,0.00253821111295039,0.000993213044197981,0.000772499034376207,0.00110357004910887,0.0012691055564752,0.00137946256138608,0.00148981956629697,0.000551785024554434,0.000386249517188104,0.00137946256138608,0.00104839154665342,0.00115874855156431,0.00143464106384153,0.000606963527009877,0.00110357004910887,0.000551785024554434,0.000772499034376207,0.00033107101473266,0.000938034541742537,0.00033107101473266,0.000441428019643547,0.000441428019643547,0.000220714009821773,0.00033107101473266,0.000220714009821773,0.000110357004910887,0,0,0,5.51785024554434e-05,0.00016553550736633,0.000110357004910887,0,5.51785024554434e-05,0,0,0,0,0,0,0,0,0,0,0,0,0,0,0,0,0,0,0,0,0,0,0,0,0,0,0,0,0,0,0,0,0,0,0,0,0,0,0,0,0,0,0,0,0,0,0,0,0,0,0,0,0,0,0,0,0,0,0,0,0,0,0,0,0,0,0,0,0,0,0,0,0,0,0,0,0,0,0,0,0,0,0,0,0,0,0,0,0,0,0,0,0,0,0,0,0,0,0,0,0,0,0,0,0,0,0,0,0,0,0,0,0,0,0,0,0,0,0,0,0,0,0,0,0,0,0,0,0,0,0,0,0,0,0,0,0,0,0,0,0,0,0,0,0,0,0,0,0,0,0,0,0,0,0,0,0,0,0,0,0,0,0,0,0,0,0,0,0,0,0,0,0,0,0,0,0,0,0,0,0,0,0,0,0,0,0,0,0,0,0,0,0,0,0,0,0,0,0,0,0,0,0,0,0,0,0,0,0,0,0,0,0,0,0,0,0,0,0,0,0,0,0,0,0,0,0,0,0,0,0,0,0,0,0,0,0,0,0,0,0,0,0,0,0,0,0,0,0,0,0,0,0,0,0,0,0,0,0,0,0,0,0,0,0,0,0,0,0,0,0,0,0,0,0,0,0,0,0,0,0,0,0,0,0,0,0,0,0,0,0,0,0,0,0,0,0,0,0,0,0,0,0,0,0,0,0,0,0,0,0,0,0,0,0,0,0,0,0,0,0,0,0,0,0,0,0,0,0,0,0,0,0,0,0,0,0,0,0,0,0,0,0,0,0,0,0,0,0,0,0,0,0,0,0,0,0,0,0,0,0,0,0,0,0,0,0,0,0
0.0184146845304846,0.00383639261051762,0.00118042849554388,0.00206574986720179,0.00141651419465266,0.00147553561942985,0.00165259989376144,0.00206574986720179,0.00165259989376144,0.0050168211060615,0.00708257097326329,0.00820397804402998,0.00714159239804049,0.00407247830962639,0.00472171398217553,0.00354128548663165,0.00253792126541935,0.00265596411497374,0.00330519978752287,0.00348226406185445,0.00247889984064215,0.00271498553975093,0.00289204981408251,0.0020067284424246,0.00241987841586496,0.00277400696452812,0.00430856400873517,0.00360030691140884,0.00342324263707726,0.00194770701764741,0.00247889984064215,0.00389541403529481,0.00507584253083869,0.00236085699108776,0.00247889984064215,0.00336422121230006,0.00383639261051762,0.00419052115918078,0.00365932833618604,0.00383639261051762,0.00424954258395798,0.00306911408841409,0.00265596411497374,0.00318715693796848,0.00360030691140884,0.00365932833618604,0.00271498553975093,0.00259694269019654,0.00265596411497374,0.00306911408841409,0.00365932833618604,0.00395443546007201,0.00365932833618604,0.00360030691140884,0.00377737118574042,0.00342324263707726,0.0030100926636369,0.00407247830962639,0.00436758543351237,0.00348226406185445,0.00572507820338783,0.00306911408841409,0.0040134568848492,0.00395443546007201,0.00495779968128431,0.00407247830962639,0.00472171398217553,0.00566605677861064,0.00383639261051762,0.00360030691140884,0.00430856400873517,0.0050168211060615,0.00566605677861064,0.00330519978752287,0.00330519978752287,0.00342324263707726,0.00336422121230006,0.00430856400873517,0.00513486395561589,0.00578409962816502,0.00419052115918078,0.0040134568848492,0.00348226406185445,0.00395443546007201,0.00442660685828956,0.00537094965472466,0.00318715693796848,0.00419052115918078,0.00460367113262114,0.00489877825650711,0.00460367113262114,0.00436758543351237,0.00336422121230006,0.00389541403529481,0.00472171398217553,0.00513486395561589,0.00348226406185445,0.00513486395561589,0.00531192822994747,0.00436758543351237,0.00483975683172992,0.00454464970784395,0.0050168211060615,0.00472171398217553,0.00354128548663165,0.00478073540695272,0.00430856400873517,0.00330519978752287,0.00312813551319129,0.00661039957504574,0.00265596411497374,0.0030100926636369,0.00365932833618604,0.00495779968128431,0.00265596411497374,0.00259694269019654,0.00354128548663165,0.00318715693796848,0.00336422121230006,0.00271498553975093,0.00212477129197899,0.00306911408841409,0.00206574986720179,0.00277400696452812,0.00259694269019654,0.00236085699108776,0.00241987841586496,0.00153455704420705,0.00277400696452812,0.00318715693796848,0.0020067284424246,0.00224281414153338,0.00236085699108776,0.00218379271675618,0.00147553561942985,0.00182966416809302,0.000826299946880718,0.00141651419465266,0.00177064274331582,0.00182966416809302,0.00218379271675618,0.00318715693796848,0.00147553561942985,0.00123944992032108,0.00141651419465266,0.00147553561942985,0.00112140707076669,0.000826299946880718,0.00123944992032108,0.00129847134509827,0.00141651419465266,0.00070825709732633,0.000590214247771941,0.00159357846898424,0.00118042849554388,0.000944342796435106,0.00129847134509827,0.00123944992032108,0.000885321371657912,0.000885321371657912,0.0010033642212123,0.000885321371657912,0.00112140707076669,0.00112140707076669,0.000767278522103524,0.00123944992032108,0.00070825709732633,0.000767278522103524,0.000531192822994747,0.00118042849554388,0.000885321371657912,0.000767278522103524,0.000472171398217553,0.00135749276987546,0.000590214247771941,0.0010033642212123,0.000767278522103524,0.000826299946880718,0.000767278522103524,0.00123944992032108,0.0010033642212123,0.000472171398217553,0.000472171398217553,0.000354128548663165,0.000590214247771941,0.000531192822994747,0.000354128548663165,0.000531192822994747,0.00206574986720179,0.000531192822994747,0.00112140707076669,0.000885321371657912,0.000767278522103524,0.000885321371657912,0.000944342796435106,0.000767278522103524,0.000944342796435106,0.000767278522103524,0.00147553561942985,0.00141651419465266,0.00212477129197899,0.000649235672549135,0.000413149973440359,0.00112140707076669,0.00153455704420705,0.00129847134509827,0.00129847134509827,0.00129847134509827,0.00141651419465266,0.00165259989376144,0.00123944992032108,0.00118042849554388,0.0020067284424246,0.00188868559287021,0.00070825709732633,0.00106238564598949,0.00118042849554388,0.000885321371657912,0.000885321371657912,0.00118042849554388,0.000531192822994747,0.00106238564598949,0.000944342796435106,0.000885321371657912,0.00112140707076669,0.00153455704420705,0.00106238564598949,0.00135749276987546,0.00171162131853863,0.00070825709732633,0.00165259989376144,0.00188868559287021,0.00153455704420705,0.000826299946880718,0.00182966416809302,0.00135749276987546,0.00159357846898424,0.00118042849554388,0.00147553561942985,0.00182966416809302,0.00159357846898424,0.00206574986720179,0.00141651419465266,0.00159357846898424,0.00165259989376144,0.0010033642212123,0.00123944992032108,0.00147553561942985,0.00123944992032108,0.00123944992032108,0.000944342796435106,0.00123944992032108,0.00182966416809302,0.00118042849554388,0.00141651419465266,0.00141651419465266,0.00153455704420705,0.00123944992032108,0.00171162131853863,0.00194770701764741,0.00212477129197899,0.00159357846898424,0.00159357846898424,0.00123944992032108,0.00188868559287021,0.00165259989376144,0.00212477129197899,0.0020067284424246,0.00236085699108776,0.00295107123885971,0.00182966416809302,0.00153455704420705,0.00123944992032108,0.00188868559287021,0.00241987841586496,0.00159357846898424,0.00112140707076669,0.00147553561942985,0.00171162131853863,0.00135749276987546,0.00224281414153338,0.00241987841586496,0.00194770701764741,0.00253792126541935,0.00265596411497374,0.00218379271675618,0.00177064274331582,0.00135749276987546,0.00182966416809302,0.00218379271675618,0.00212477129197899,0.00236085699108776,0.00218379271675618,0.00295107123885971,0.0020067284424246,0.00188868559287021,0.00271498553975093,0.00277400696452812,0.00153455704420705,0.00253792126541935,0.00206574986720179,0.00188868559287021,0.00306911408841409,0.00295107123885971,0.00182966416809302,0.00348226406185445,0.00253792126541935,0.00265596411497374,0.00230183556631057,0.00230183556631057,0.00236085699108776,0.00224281414153338,0.0030100926636369,0.00336422121230006,0.00265596411497374,0.00241987841586496,0.00342324263707726,0.00324617836274568,0.00348226406185445,0.00265596411497374,0.00312813551319129,0.00241987841586496,0.00289204981408251,0.00389541403529481,0.00483975683172992,0.00413149973440359,0.00241987841586496,0.00265596411497374,0.00265596411497374,0.00218379271675618,0.00236085699108776,0.00236085699108776,0.00230183556631057,0.00206574986720179,0.00206574986720179,0.00265596411497374,0.00277400696452812,0.00212477129197899,0.00206574986720179,0.00188868559287021,0.0020067284424246,0.00218379271675618,0.00194770701764741,0.00194770701764741,0.00283302838930532,0.00230183556631057,0.0030100926636369,0.00212477129197899,0.00218379271675618,0.00247889984064215,0.00236085699108776,0.00224281414153338,0.00218379271675618,0.00247889984064215,0.00182966416809302,0.00259694269019654,0.0020067284424246,0.0020067284424246,0.00188868559287021,0.00188868559287021,0.00165259989376144,0.00218379271675618,0.00165259989376144,0.00177064274331582,0.00188868559287021,0.00283302838930532,0.00230183556631057,0.00141651419465266,0.00230183556631057,0.00177064274331582,0.00259694269019654,0.00112140707076669,0.0020067284424246,0.00182966416809302,0.00123944992032108,0.00236085699108776,0.00324617836274568,0.00147553561942985,0.00153455704420705,0.00147553561942985,0.00206574986720179,0.00118042849554388,0.00159357846898424,0.00247889984064215,0.00218379271675618,0.00194770701764741,0.00147553561942985,0.00283302838930532,0.00159357846898424,0.00165259989376144,0.00106238564598949,0.00153455704420705,0.00188868559287021,0.00177064274331582,0.00188868559287021,0.00112140707076669,0.00129847134509827,0.00129847134509827,0.00236085699108776,0.00147553561942985,0.00123944992032108,0.000826299946880718,0.00123944992032108,0.00129847134509827,0.00177064274331582,0.00147553561942985,0.00147553561942985,0.00129847134509827,0.00177064274331582,0.00123944992032108,0.00135749276987546,0.00118042849554388,0.00165259989376144,0.00106238564598949,0.00118042849554388,0.00135749276987546,0.00106238564598949,0.00165259989376144,0.00118042849554388,0.00070825709732633,0.000649235672549135,0.000590214247771941,0.000531192822994747,0.00070825709732633,0.000826299946880718,0.00141651419465266,0.000767278522103524,0.00106238564598949,0.00070825709732633,0.000590214247771941,0.000826299946880718,0.000885321371657912,0.000236085699108776,0.000649235672549135,0.000472171398217553,0.000413149973440359,0.000767278522103524,0.000295107123885971,0.000590214247771941,0.000472171398217553,0.000118042849554388,0.000177064274331582,0.000177064274331582,0.000236085699108776,0.000236085699108776,0.000236085699108776,5.90214247771941e-05,0.000177064274331582,0.000236085699108776,0,5.90214247771941e-05,0.000118042849554388,0,5.90214247771941e-05,0.000118042849554388,0,0,5.90214247771941e-05,0,0,0,0,0,0,0,0,0,0,0,0,0,0,0,0,0,0,0,0,0,0,0,0,0,0,0,0,0,0,0,0,0,0,0,0,0,0,0,0,0,0,0,0,0,0,0,0,0,0,0,0,0,0,0,0,0,0,0,0,0,0,0,0,0,0,0,0,0,0,0,0,0,0,0,0,0,0,0,0,0,0,0,0,0,0,0,0,0,0,0,0,0,0,0,0,0,0,0,0,0
0.0423337568826768,0.0102287166454892,0.00952986022871665,0.0161584074544684,0.0160736975857687,0.0176831850910631,0.0189114781872088,0.0238670055061415,0.025434138077086,0.0237822956374418,0.0281024989411266,0.0303684879288437,0.0284201609487505,0.0278060144006777,0.028843710292249,0.0301355357899195,0.0292672596357476,0.0305379076662431,0.0333756882676832,0.031702668360864,0.0318297331639136,0.03284625158831,0.0325074121135112,0.0316179584921643,0.0275942397289284,0.0259847522236341,0.0267471410419314,0.0246717492587886,0.0248199915290131,0.0240364252435409,0.0242481999152901,0.0203515459551038,0.0194832698009318,0.0189961880559085,0.0156713257094452,0.016581956797967,0.011414654807285,0.0107157983905125,0.0116264294790343,0.0131935620499788,0.00982634476916561,0.00999576450656501,0.00717916137229987,0.00550614146548073,0.00364252435408725,0.00283778060144007,0.00247776365946633,0.00152477763659466,0.00141889030072003,0.000550614146548073,0.000190597204574333,0.000847098686997035,0.000635324015247776,0.000254129606099111,6.35324015247776e-05,0,0,0,0,0,0,0,0,0,0,0,0,0,0,0,0,0,0,0,0,0,0,0,0,0,0,0,0,0,0,0,0,4.23549343498518e-05,0,0,2.11774671749259e-05,0,2.11774671749259e-05,0,4.23549343498518e-05,0,2.11774671749259e-05,0,0,0,4.23549343498518e-05,0,0,4.23549343498518e-05,2.11774671749259e-05,2.11774671749259e-05,8.47098686997035e-05,4.23549343498518e-05,2.11774671749259e-05,0.000105887335874629,0,4.23549343498518e-05,2.11774671749259e-05,4.23549343498518e-05,0.000148242270224481,2.11774671749259e-05,0.000127064803049555,4.23549343498518e-05,0,0.000127064803049555,0,2.11774671749259e-05,6.35324015247776e-05,2.11774671749259e-05,2.11774671749259e-05,6.35324015247776e-05,2.11774671749259e-05,0,2.11774671749259e-05,0.000127064803049555,6.35324015247776e-05,4.23549343498518e-05,8.47098686997035e-05,2.11774671749259e-05,2.11774671749259e-05,8.47098686997035e-05,0,0,0,0,0,0,0,0,0,0,0,0,0,0,0,0,0,0,0,0,0,0,0,0,0,0,0,0,0,0,0,0,0,0,0,0,0,0,0,0,0,0,0,0,0,0,0,0,0,0,0,0,0,0,0,0,0,0,0,0,0,0,0,0,0,0,0,0,0,0,0,0,0,0,0,0,0,0,0,0,0,0,0,0,0,0,0,0,0,0,0,0,0,0,0,0,0,0,0,0,0,0,0,0,0,0,0,0,0,0,0,0,0,0,0,0,0,0,0,0,0,0,0,0,0,0,0,0,0,0,0,0,0,0,0,0,0,0,0,0,0,0,0,0,0,0,0,0,0,2.11774671749259e-05,2.11774671749259e-05,0,0,0,0,2.11774671749259e-05,2.11774671749259e-05,2.11774671749259e-05,0,0,2.11774671749259e-05,0.000254129606099111,2.11774671749259e-05,0,0,8.47098686997035e-05,8.47098686997035e-05,2.11774671749259e-05,2.11774671749259e-05,0.000169419737399407,4.23549343498518e-05,0,2.11774671749259e-05,2.11774671749259e-05,0,0.000127064803049555,0.000190597204574333,8.47098686997035e-05,4.23549343498518e-05,2.11774671749259e-05,0.000105887335874629,6.35324015247776e-05,8.47098686997035e-05,0.000127064803049555,6.35324015247776e-05,6.35324015247776e-05,6.35324015247776e-05,4.23549343498518e-05,0.000105887335874629,4.23549343498518e-05,0.000296484540448962,0.000105887335874629,0.000211774671749259,6.35324015247776e-05,0,2.11774671749259e-05,2.11774671749259e-05,0,0,2.11774671749259e-05,2.11774671749259e-05,8.47098686997035e-05,2.11774671749259e-05,0,0,0,2.11774671749259e-05,2.11774671749259e-05,4.23549343498518e-05,8.47098686997035e-05,6.35324015247776e-05,4.23549343498518e-05,6.35324015247776e-05,2.11774671749259e-05,0.000169419737399407,6.35324015247776e-05,0.000169419737399407,0,0,2.11774671749259e-05,0,2.11774671749259e-05,0,0,0,0,0,0,0,0,0,0,0,0,0,0,0,0,0,0,0,0,0,0,0,0,0,0,0,0,0,0,0,0,0,0,0,0,0,0,0,0,0,0,0,0,0,0,0,0,0,0,0,0,0,0,0,0,0,0,0,0,0,0,0,0,0,0,0,0,0,0,0,0,0,0,0,0,0,0,0,0,0,0,0,0,0,0,0,0,0,0,0,0,0,0,0,0,0,0,0,0,0,0,0,0,0,0,0,0,0,0,0,0,0,0,0,0,0,0,0,0,0,0,0,0,0,0,0,0,0,0,0,0,0,0,0,0,0,0,0,0,0,0,0,0,0,0,0,0,0,0,0,0,0,0,0,0,0,0,0,0,0,0,0,0,0,0,0,0,0,0,0,0,0,0,0,0,0,0,0,0,0,0,0,0,0,0,0,0,0,0,0,0,0,0,0,0,0,0,0,0,0
0.0498041264037608,0.0207364847218595,0.0145468790806999,0.0185688169234787,0.0222512405327762,0.0251762862366153,0.0289370592844085,0.0336119091146513,0.0339514233481327,0.0354400626795508,0.0363019065030034,0.0361974405850091,0.0378427787934186,0.0393575346043353,0.0433794724471141,0.0418386001566989,0.0395403499608253,0.0323583180987203,0.0300339514233481,0.0327500652911987,0.0325150169757117,0.0368764690519718,0.0310263776442935,0.0281535648994516,0.0240532776181771,0.0180987202925046,0.0179420214155132,0.016035518412118,0.0149908592321755,0.0157743536171324,0.0135283363802559,0.0148341603551841,0.00971533037346566,0.00948028205797859,0.0127187255158005,0.0108122225124053,0.00843562287803604,0.00793940976756333,0.0119613476103421,0.00522329589971272,0.00339514233481327,0.00203708540088796,0.00156698876991382,0.000156698876991382,0.000104465917994254,0,0,0,0,0,0,0,0,0,0,0,0,0,0,0,0,0,0,0,0,0,0,0,0,0,0,0,0,0,0,0,0,0,0,0,0,0,0,0,0,0,0,0,0,0,0,0,0,0,0,0,0,0,0,0,0,0,0,0,0,0,0,0,0,0,0,0,0,0,0,0,0,0,0,0,0,0,0,0,0,0,0,0,0,0,0,0,0,0,0,0,0,0,0,0,0,0,0,0,0,0,0,0,0,0,0,0,0,0,0,0,0,0,0,0,0,0,0,0,0,0,0,0,0,0,0,0,0,0,0,0,0,0,0,0,0,0,0,0,0,0,0,0,0,0,0,0,0,0,0,0,0,0,0,0,0,0,0,0,0,0,0,0,0,0,0,0,0,0,0,0,0,0,0,0,0,0,0,0,0,0,0,0,0,0,0,0,0,0,0,0,0,0,0,0,0,0,0,0,0,0,0,0,0,0,0,0,0,0,0,0,0,0,0,0,0,0,0,0,0,0,0,0,0,0,0,0,0,0,0,0,0,0,0,0,0,0,0,0,0,0,0,0,0,0,0,0,0,0,0,0,0,0,0,0,0,0,0,0,0,0,0,0,0,0,0,0,0,0,0,0,0,0,0,0,0,0,0,0,0,0,0,0,0,0,0,0,0,0,0,0,0,0,0,0,0,0,0,0,0,0,0,0,0,0,0,0,0,0,0,0,0,0,0,0,0,0,0,0,0,0,0,0,0,0,0,0,0,0,0,0,0,0,0,0,0,0,0,0,0,0,0,0,0,0,0,0,0,0,0,0,0,0,0,0,0,0,0,0,0,0,0,0,0,0,0,0,0,0,0,0,0,0,0,0,0,0,0,0,0,0,0,0,0,0,0,0,0,0,0,0,0,0,0,0,0,0,0,0,0,0,0,0,0,0,0,0,0,0,0,0,0,0,0,0,0,0,0,0,0,0,0,0,0,0,0,0,0,0,0,0,0,0,0,0,0,0,0,0,0,0,0,0,0,0,0,0,0,0,0,0,0,0,0,0,0,0,0,0,0,0,0,0,0,0,0,0,0,0,0,0,0,0,0,0,0,0,0,0,0,0,0,0,0,0,0,0,0,0,0,0,0,0,0,0,0,0,0,0,0,0,0,0,0,0,0,0,0,0,0,0,0,0,0
0.0472639194314307,0.0193772508525353,0.0199190489849253,0.0235522835197756,0.027185518054626,0.0273767409248813,0.0340058004270644,0.0362048634350002,0.0402842846671129,0.0466583803422889,0.0470726965611754,0.0434713325047009,0.0425789591101762,0.0380852216591771,0.0435988144182044,0.0416865857156516,0.035726806259362,0.0350575262134685,0.0321254422028875,0.0284603371896612,0.0283328552761577,0.0234248016062721,0.0240940816521656,0.0211938681199605,0.0209389042929534,0.0193772508525353,0.0204289766389394,0.0156165344041814,0.0143417152691462,0.0118558179558275,0.0157440163176849,0.0140230104853874,0.0120470408260828,0.0107084807342958,0.00825445389935303,0.00694776428594193,0.00615100232654492,0.00382445740510565,0.00369697549160213,0.00213532205118399,0.00229467444306339,0.00245402683494279,0.0016253943971699,0.000669280045893489,0.000127481913503522,0,0,0,0,0,0,0,0,0,0,0,0,0,0,0,0,0,0,0,0,0,0,0,0,0,0,0,0,0,0,0,0,0,0,0,0,0,0,0,0,0,0,0,0,0,0,0,0,0,0,0,0,0,0,0,0,0,0,0,0,0,0,0,0,0,0,0,0,0,0,0,0,0,0,0,0,0,0,0,0,0,0,0,0,0,0,0,0,0,0,0,0,0,0,0,0,0,0,0,0,0,0,0,0,0,0,0,0,0,0,0,0,0,0,0,0,0,0,0,0,0,0,0,0,0,0,0,0,0,0,0,0,0,0,0,0,0,0,0,0,0,0,0,0,0,0,0,0,0,0,0,0,0,0,0,0,0,0,0,0,0,0,0,0,0,0,0,0,0,0,0,0,0,0,0,0,0,0,0,0,0,0,0,0,0,0,0,0,0,0,0,0,0,0,0,0,0,0,0,0,0,0,0,0,0,0,0,0,0,0,0,0,0,0,0,0,0,0,0,0,0,0,0,0,0,0,0,0,0,0,0,0,0,0,0,0,0,0,0,0,0,0,0,0,0,0,0,0,0,0,0,0,0,0,0,0,0,0,0,0,0,0,0,0,0,0,0,0,0,0,0,0,0,0,0,0,0,0,0,0,0,0,0,0,0,0,0,0,0,0,0,0,0,0,0,0,0,0,0,0,0,0,0,0,0,0,0,0,0,0,0,0,0,0,0,0,0,0,0,0,0,0,0,0,0,0,0,0,0,0,0,0,0,0,0,0,0,0,0,0,0,0,0,0,0,0,0,0,0,0,0,0,0,0,0,0,0,0,0,0,0,0,0,0,0,0,0,0,0,0,0,0,0,0,0,0,0,0,0,0,0,0,0,0,0,0,0,0,0,0,0,0,0,0,0,0,0,0,0,0,0,0,0,0,0,0,0,0,0,0,0,0,0,0,0,0,0,0,0,0,0,0,0,0,0,0,0,0,0,0,0,0,0,0,0,0,0,0,0,0,0,0,0,0,0,0,0,0,0,0,0,0,0,0,0,0,0,0,0,0,0,0,0,0,0,0,0,0,0,0,0,0,0,0,0,0,0,0,0,0,0,0,0,0,0,0,0,0,0,0,0,0,0,0,0,0,0,0,0,0,0,0,0,0,0,0,0,0,0,0,0,0,0,0
0.0586300082246505,0.0160968158853249,0.0206399561351976,0.0257314064152274,0.0204832961265813,0.0253789213958407,0.0320369717620334,0.0346218619042024,0.0318411467512631,0.0331727568245016,0.0372067520463714,0.0347785219128187,0.0348568519171269,0.0369325970312928,0.0383425371088395,0.038577527121764,0.0355618219559002,0.0305487016801786,0.0322719617749579,0.039086672149767,0.0349743469235891,0.032859436807269,0.0227157012493636,0.0226765362472095,0.0201308111071946,0.0184858810167235,0.0186817060274938,0.0144518857948537,0.0152743508400893,0.0202483061136568,0.0199349860964242,0.010966200603141,0.00998707554928916,0.0104570555751381,0.0140210707711589,0.00806799044373947,0.0107312105902166,0.00759801041789057,0.00634473034896017,0.00646222535542239,0.00469980025848901,0.00395566521756159,0.00505228527787569,0.00289821015940156,0.00137077507539263,0.0001566600086163,0,0,0,0,0,0,0,0,0,0,0,0,0,0,0,0,0,0,0,0,0,0,0,0,0,0,0,0,0,0,0,0,0,0,0,0,0,0,0,0,0,0,0,0,0,0,0,0,0,0,0,0,0,0,0,0,0,0,0,0,0,0,0,0,0,0,0,0,0,0,0,0,0,0,0,0,0,0,0,0,0,0,0,0,0,0,0,0,0,0,0,0,0,0,0,0,0,0,0,0,0,0,0,0,0,0,0,0,0,0,0,0,0,0,0,0,0,0,0,0,0,0,0,0,0,0,0,0,0,0,0,0,0,0,0,0,0,0,0,0,0,0,0,0,0,0,0,0,0,0,0,0,0,0,0,0,0,0,0,0,0,0,0,0,0,0,0,0,0,0,0,0,0,0,0,0,0,0,0,0,0,0,0,0,0,0,0,0,0,0,0,0,0,0,0,0,0,0,0,0,0,0,0,0,0,0,0,0,0,0,0,0,0,0,0,0,0,0,0,0,0,0,0,0,0,0,0,0,0,0,0,0,0,0,0,0,0,0,0,0,0,0,0,0,0,0,0,0,0,0,0,0,0,0,0,0,0,0,0,0,0,0,0,0,0,0,0,0,0,0,0,0,0,0,0,0,0,0,0,0,0,0,0,0,0,0,0,0,0,0,0,0,0,0,0,0,0,0,0,0,0,0,0,0,0,0,0,0,0,0,0,0,0,0,0,0,0,0,0,0,0,0,0,0,0,0,0,0,0,0,0,0,0,0,0,0,0,0,0,0,0,0,0,0,0,0,0,0,0,0,0,0,0,0,0,0,0,0,0,0,0,0,0,0,0,0,0,0,0,0,0,0,0,0,0,0,0,0,0,0,0,0,0,0,0,0,0,0,0,0,0,0,0,0,0,0,0,0,0,0,0,0,0,0,0,0,0,0,0,0,0,0,0,0,0,0,0,0,0,0,0,0,0,0,0,0,0,0,0,0,0,0,0,0,0,0,0,0,0,0,0,0,0,0,0,0,0,0,0,0,0,0,0,0,0,0,0,0,0,0,0,0,0,0,0,0,0,0,0,0,0,0,0,0,0,0,0,0,0,0,0,0,0,0,0,0,0,0,0,0,0,0,0,0,0,0,0,0,0,0,0,0,0,0,0,0,0,0,0,0,0,0,0
0.493641567828895,0.171185446405092,0.0363334164941641,0.0119920165602433,0.0064831734173033,0.00569426931972193,0.00528970311583405,0.00653037280775688,0.0103198095841734,0.0138968491035487,0.011449223570027,0.0095207913314948,0.0152116892661843,0.0172850910611097,0.0124876101600059,0.0113143681687311,0.00858691767752028,0.00703608056261673,0.00670568482944163,0.00573135455507832,0.00678996945525161,0.00758898770793017,0.00769350064393454,0.0156668262455582,0.00668208513421484,0.00487165137181657,0.0154645431436143,0.0145003270243481,0.0141126177456223,0.018343705961283,0.00975341689873034,0.00583923887611509,0.00258585231985004,0.000532678835119044,0.000431537284147073,0.000367480968531492,0.000283196342721517,0.000397823433823083,0.000445022824276669,0.00037422373859629,0.000313538808013108,0.000144969556393157,7.41704707127782e-05,4.38280054211871e-05,3.37138503239901e-06,0,0,0,0,0,0,0,0,0,0,0,0,0,0,0,0,0,0,0,0,0,0,0,0,0,0,0,0,0,0,0,0,0,0,0,0,0,0,0,0,0,0,0,0,0,0,0,0,0,0,0,0,0,0,0,0,0,0,0,0,0,0,0,0,0,0,0,0,0,0,0,0,0,0,0,0,0,0,0,0,0,0,0,0,0,0,0,0,0,0,0,0,0,0,0,0,0,0,0,0,0,0,0,0,0,0,0,0,0,0,0,0,0,0,0,0,0,0,0,0,0,0,0,0,0,0,0,0,0,0,0,0,0,0,0,0,0,0,0,0,0,0,0,0,0,0,0,0,0,0,0,0,0,0,0,0,0,0,0,0,0,0,0,0,0,0,0,0,0,0,0,0,0,0,0,0,0,0,0,0,0,0,0,0,0,0,0,0,0,0,0,0,0,0,0,0,0,0,0,0,0,0,0,0,0,0,0,0,0,0,0,0,0,0,0,0,0,0,0,0,0,0,0,0,0,0,0,0,0,0,0,0,0,0,0,0,0,0,0,0,0,0,0,0,0,0,0,0,0,0,0,0,0,0,0,0,0,0,0,0,0,0,0,0,0,0,0,0,0,0,0,0,0,0,0,0,0,0,0,0,0,0,0,0,0,0,0,0,0,0,0,0,0,0,0,0,0,0,0,0,0,0,0,0,0,0,0,0,0,0,0,0,0,0,0,0,0,0,0,0,0,0,0,0,0,0,0,0,0,0,0,0,0,0,0,0,0,0,0,0,0,0,0,0,0,0,0,0,0,0,0,0,0,0,0,0,0,0,0,0,0,0,0,0,0,0,0,0,0,0,0,0,0,0,0,0,0,0,0,0,0,0,0,0,0,0,0,0,0,0,0,0,0,0,0,0,0,0,0,0,0,0,0,0,0,0,0,0,0,0,0,0,0,0,0,0,0,0,0,0,0,0,0,0,0,0,0,0,0,0,0,0,0,0,0,0,0,0,0,0,0,0,0,0,0,0,0,0,0,0,0,0,0,0,0,0,0,0,0,0,0,0,0,0,0,0,0,0,0,0,0,0,0,0,0,0,0,0,0,0,0,0,0,0,0,0,0,0,0,0,0,0,0,0,0,0,0,0,0,0,0,0,0,0,0,0,0,0,0,0,0,0,0,0
0.0474519377479402,0.0260527921879768,0.024641440341776,0.0357415318889228,0.0390982606042112,0.0446292340555386,0.0485581324382057,0.0530210558437595,0.0475663716814159,0.0464220323466585,0.0481385413487946,0.0448581019224901,0.038716814159292,0.0376869087580104,0.0326518156850778,0.0312023191943851,0.0324992371071102,0.0263198046994202,0.0249465974977113,0.0221238938053097,0.0248321635642356,0.0218950259383583,0.0208651205370766,0.0217805920048825,0.0147238327738785,0.0137320720170888,0.0179279829111993,0.0147619774183705,0.0107186451022276,0.00896399145559963,0.00907842538907537,0.00842996643271285,0.00667531278608483,0.00709490387549588,0.00648458956362527,0.00606499847421422,0.00648458956362527,0.00774336283185841,0.00766707354287458,0.00408147696063473,0.00301342691486115,0.00270826975892585,0.00125877326823314,0.000648458956362527,3.81446444919133e-05,0,0,0,0,0,0,0,0,0,0,0,0,0,0,0,0,0,0,0,0,0,0,0,0,0,0,0,0,0,0,0,0,0,0,0,0,0,0,0,0,0,0,0,0,0,0,0,0,0,0,0,0,0,0,0,0,0,0,0,0,0,0,0,0,0,0,0,0,0,0,0,0,0,0,0,0,0,0,0,0,0,0,0,0,0,0,0,0,0,0,0,0,0,0,0,0,0,0,0,0,0,0,0,0,0,0,0,0,0,0,0,0,0,0,0,0,0,0,0,0,0,0,0,0,0,0,0,0,0,0,0,0,0,0,0,0,0,0,0,0,0,0,0,0,0,0,0,0,0,0,0,0,0,0,0,0,0,0,0,0,0,0,0,0,0,0,0,0,0,0,0,0,0,0,0,0,0,0,0,0,0,0,0,0,0,0,0,0,0,0,0,0,0,0,0,0,0,0,0,0,0,0,0,0,0,0,0,0,0,0,0,0,0,0,0,0,0,0,0,0,0,0,0,0,0,0,0,0,0,0,0,0,0,0,0,0,0,0,0,0,0,0,0,0,0,0,0,0,0,0,0,0,0,0,0,0,0,0,0,0,0,0,0,0,0,0,0,0,0,0,0,0,0,0,0,0,0,0,0,0,0,0,0,0,0,0,0,0,0,0,0,0,0,0,0,0,0,0,0,0,0,0,0,0,0,0,0,0,0,0,0,0,0,0,0,0,0,0,0,0,0,0,0,0,0,0,0,0,0,0,0,0,0,0,0,0,0,0,0,0,0,0,0,0,0,0,0,0,0,0,0,0,0,0,0,0,0,0,0,0,0,0,0,0,0,0,0,0,0,0,0,0,0,0,0,0,0,0,0,0,0,0,0,0,0,0,0,0,0,0,0,0,0,0,0,0,0,0,0,0,0,0,0,0,0,0,0,0,0,0,0,0,0,0,0,0,0,0,0,0,0,0,0,0,0,0,0,0,0,0,0,0,0,0,0,0,0,0,0,0,0,0,0,0,0,0,0,0,0,0,0,0,0,0,0,0,0,0,0,0,0,0,0,0,0,0,0,0,0,0,0,0,0,0,0,0,0,0,0,0,0,0,0,0,0,0,0,0,0,0,0,0,0,0,0,0,0,0,0,0,0,0,0,0,0,0,0,0,0,0,0,0,0,0
0.0453156511642119,0.0240176006844711,0.0248426327690521,0.0335818615168368,0.0357513903318462,0.0383181568172096,0.0434211330440628,0.0421683065452545,0.0395404265721445,0.0418321823626474,0.0452850944203386,0.0406099126077125,0.0390209619262971,0.0366069791603007,0.0322984782741551,0.0288761229603373,0.0283872150583634,0.0275927397176557,0.0225203202346758,0.0196785430544521,0.022459206746929,0.0199229970054391,0.0192813053840983,0.0199229970054391,0.0180590356291634,0.0167450956426083,0.0169589928497219,0.0185173867872639,0.0178145816781764,0.0170812198252154,0.0208091425777669,0.0181201491169101,0.0181507058607835,0.0154311556560533,0.0110309845382876,0.00971704455173257,0.00696693760312901,0.00773085619996333,0.00553077064108049,0.00568355436044735,0.00284177718022368,0.0010083725478213,0.000305567438733729,0.000152783719366864,9.16702316201186e-05,0,0,0,0,0,0,0,0,0,0,0,0,0,0,0,0,0,0,0,0,0,0,0,0,0,0,0,0,0,0,0,0,0,0,0,0,0,0,0,0,0,0,0,0,0,0,0,0,0,0,0,0,0,0,0,0,0,0,0,0,0,0,0,0,0,0,0,0,0,0,0,0,0,0,0,0,0,0,0,0,0,0,0,0,0,0,0,0,0,0,0,0,0,0,0,0,0,0,0,0,0,0,0,0,0,0,0,0,0,0,0,0,0,0,0,0,0,0,0,0,0,0,0,0,0,0,0,0,0,0,0,0,0,0,0,0,0,0,0,0,0,0,0,0,0,0,0,0,0,0,0,0,0,0,0,0,0,0,0,0,0,0,0,0,0,0,0,0,0,0,0,0,0,0,0,0,0,0,0,0,0,0,0,0,0,0,0,0,0,0,0,0,0,0,0,0,0,0,0,0,0,0,0,0,0,0,0,0,0,0,0,0,0,0,0,0,0,0,0,0,0,0,0,0,0,0,0,0,0,0,0,0,0,0,0,0,0,0,0,0,0,0,0,0,0,0,0,0,0,0,0,0,0,0,0,0,0,0,0,0,0,0,0,0,0,0,0,0,0,0,0,0,0,0,0,0,0,0,0,0,0,0,0,0,0,0,0,0,0,0,0,0,0,0,0,0,0,0,0,0,0,0,0,0,0,0,0,0,0,0,0,0,0,0,0,0,0,0,0,0,0,0,0,0,0,0,0,0,0,0,0,0,0,0,0,0,0,0,0,0,0,0,0,0,0,0,0,0,0,0,0,0,0,0,0,0,0,0,0,0,0,0,0,0,0,0,0,0,0,0,0,0,0,0,0,0,0,0,0,0,0,0,0,0,0,0,0,0,0,0,0,0,0,0,0,0,0,0,0,0,0,0,0,0,0,0,0,0,0,0,0,0,0,0,0,0,0,0,0,0,0,0,0,0,0,0,0,0,0,0,0,0,0,0,0,0,0,0,0,0,0,0,0,0,0,0,0,0,0,0,0,0,0,0,0,0,0,0,0,0,0,0,0,0,0,0,0,0,0,0,0,0,0,0,0,0,0,0,0,0,0,0,0,0,0,0,0,0,0,0,0,0,0,0,0,0,0,0,0,0,0,0,0,0,0,0,0,0,0,0,0,0,0,0
0.0523882896764253,0.0207877165950315,0.0214364879842132,0.0262482091206444,0.0283026518530533,0.0347903657448706,0.0365744870651204,0.0393587976103587,0.0405482118238586,0.0400616332819723,0.0350606871570297,0.0348984943097343,0.039277701186711,0.0379531262671316,0.0341415943556889,0.0353850728516206,0.0293839375016895,0.024382991376747,0.0225988700564972,0.0184629524504636,0.0182737274619523,0.0242478306706674,0.0234098342929743,0.0233287378693266,0.0243018949530992,0.0205173951828724,0.021490552266645,0.0210850701484065,0.0193820452518044,0.0171654096721001,0.0186792095801908,0.0176519882139864,0.0142189062795664,0.0141918741383505,0.0151109669396913,0.0146784526802368,0.0106506636390669,0.00800151379990809,0.00965047441407834,0.00532533181953343,0.00278431054523829,0.00148676776687481,0.00113534993106804,0.000513610683102209,0.000513610683102209,0.000162192847295434,0,0,0,0,0,0,0,0,0,0,0,0,0,0,0,0,0,0,0,0,0,0,0,0,0,0,0,0,0,0,0,0,0,0,0,0,0,0,0,0,0,0,0,0,0,0,0,0,0,0,0,0,0,0,0,0,0,0,0,0,0,0,0,0,0,0,0,0,0,0,0,0,0,0,0,0,0,0,0,0,0,0,0,0,0,0,0,0,0,0,0,0,0,0,0,0,0,0,0,0,0,0,0,0,0,0,0,0,0,0,0,0,0,0,0,0,0,0,0,0,0,0,0,0,0,0,0,0,0,0,0,0,0,0,0,0,0,0,0,0,0,0,0,0,0,0,0,0,0,0,0,0,0,0,0,0,0,0,0,0,0,0,0,0,0,0,0,0,0,0,0,0,0,0,0,0,0,0,0,0,0,0,0,0,0,0,0,0,0,0,0,0,0,0,0,0,0,0,0,0,0,0,0,0,0,0,0,0,0,0,0,0,0,0,0,0,0,0,0,0,0,0,0,0,0,0,0,0,0,0,0,0,0,0,0,0,0,0,0,0,0,0,0,0,0,0,0,0,0,0,0,0,0,0,0,0,0,0,0,0,0,0,0,0,0,0,0,0,0,0,0,0,0,0,0,0,0,0,0,0,0,0,0,0,0,0,0,0,0,0,0,0,0,0,0,0,0,0,0,0,0,0,0,0,0,0,0,0,0,0,0,0,0,0,0,0,0,0,0,0,0,0,0,0,0,0,0,0,0,0,0,0,0,0,0,0,0,0,0,0,0,0,0,0,0,0,0,0,0,0,0,0,0,0,0,0,0,0,0,0,0,0,0,0,0,0,0,0,0,0,0,0,0,0,0,0,0,0,0,0,0,0,0,0,0,0,0,0,0,0,0,0,0,0,0,0,0,0,0,0,0,0,0,0,0,0,0,0,0,0,0,0,0,0,0,0,0,0,0,0,0,0,0,0,0,0,0,0,0,0,0,0,0,0,0,0,0,0,0,0,0,0,0,0,0,0,0,0,0,0,0,0,0,0,0,0,0,0,0,0,0,0,0,0,0,0,0,0,0,0,0,0,0,0,0,0,0,0,0,0,0,0,0,0,0,0,0,0,0,0,0,0,0,0,0,0,0,0,0,0,0,0,0,0,0,0,0,0,0,0,0,0,0
0.0730851569933397,0.0219433872502379,0.0251546146527117,0.0319338725023787,0.0310418648905804,0.0278901046622264,0.0341936251189343,0.0491793529971456,0.0449571836346337,0.0486441484300666,0.0434110371075166,0.0380589914367269,0.0387725975261656,0.0217649857278782,0.0247383444338725,0.0200404376784015,0.022419124643197,0.0212892483349191,0.0246194100856327,0.0250951474785918,0.0235490009514748,0.0259871550903901,0.019802568981922,0.0189105613701237,0.0164129400570885,0.0165318744053283,0.0157588011417697,0.0217055185537583,0.0201593720266413,0.0206945765937203,0.0217649857278782,0.0142721217887726,0.0146289248334919,0.0096336822074215,0.0157588011417697,0.0110014272121789,0.0092174119885823,0.00618458610846813,0.0148667935299715,0.00303282588011418,0.00481684110371075,0.00279495718363463,0.00380589914367269,0.000356803044719315,0.000118934348239772,0,0,0,0,0,0,0,0,0,0,0,0,0,0,0,0,0,0,0,0,0,0,0,0,0,0,0,0,0,0,0,0,0,0,0,0,0,0,0,0,0,0,0,0,0,0,0,0,0,0,0,0,0,0,0,0,0,0,0,0,0,0,0,0,0,0,0,0,0,0,0,0,0,0,0,0,0,0,0,0,0,0,0,0,0,0,0,0,0,0,0,0,0,0,0,0,0,0,0,0,0,0,0,0,0,0,0,0,0,0,0,0,0,0,0,0,0,0,0,0,0,0,0,0,0,0,0,0,0,0,0,0,0,0,0,0,0,0,0,0,0,0,0,0,0,0,0,0,0,0,0,0,0,0,0,0,0,0,0,0,0,0,0,0,0,0,0,0,0,0,0,0,0,0,0,0,0,0,0,0,0,0,0,0,0,0,0,0,0,0,0,0,0,0,0,0,0,0,0,0,0,0,0,0,0,0,0,0,0,0,0,0,0,0,0,0,0,0,0,0,0,0,0,0,0,0,0,0,0,0,0,0,0,0,0,0,0,0,0,0,0,0,0,0,0,0,0,0,0,0,0,0,0,0,0,0,0,0,0,0,0,0,0,0,0,0,0,0,0,0,0,0,0,0,0,0,0,0,0,0,0,0,0,0,0,0,0,0,0,0,0,0,0,0,0,0,0,0,0,0,0,0,0,0,0,0,0,0,0,0,0,0,0,0,0,0,0,0,0,0,0,0,0,0,0,0,0,0,0,0,0,0,0,0,0,0,0,0,0,0,0,0,0,0,0,0,0,0,0,0,0,0,0,0,0,0,0,0,0,0,0,0,0,0,0,0,0,0,0,0,0,0,0,0,0,0,0,0,0,0,0,0,0,0,0,0,0,0,0,0,0,0,0,0,0,0,0,0,0,0,0,0,0,0,0,0,0,0,0,0,0,0,0,0,0,0,0,0,0,0,0,0,0,0,0,0,0,0,0,0,0,0,0,0,0,0,0,0,0,0,0,0,0,0,0,0,0,0,0,0,0,0,0,0,0,0,0,0,0,0,0,0,0,0,0,0,0,0,0,0,0,0,0,0,0,0,0,0,0,0,0,0,0,0,0,0,0,0,0,0,0,0,0,0,0,0,0,0,0,0,0,0,0,0,0,0,0,0,0,0,0,0,0,0
0.046231974320893,0.0183490633833182,0.0162889857710918,0.0229722608154075,0.0307574378383558,0.031476069563551,0.0309251185742347,0.0332247400948594,0.0404110573468117,0.0423513630048388,0.0362669477315192,0.040506874910171,0.0400277870933742,0.0351410913620467,0.0364106740765582,0.0329612417956211,0.0302304412398793,0.0293920375604848,0.0268768265223015,0.0247209313467159,0.0227566712978489,0.0249604752551143,0.021391271019978,0.0252718823360322,0.0232118047238059,0.0212235902840991,0.0242897523115987,0.0214391798016576,0.0173669333588847,0.0165045752886504,0.0210319551573803,0.0171513438413261,0.0166722560245293,0.017319024577205,0.0126000095817563,0.00955780194509654,0.00582091697408135,0.00716236286111244,0.00725818042447181,0.00610836966415944,0.00500646768552676,0.00392852009773391,0.00318593398169885,0.0019882144397068,0.00117376515115221,9.58175633593638e-05,0,0,0,0,0,0,0,0,0,0,0,0,0,0,0,0,0,0,0,0,0,0,0,0,0,0,0,0,0,0,0,0,0,0,0,0,0,0,0,0,0,0,0,0,0,0,0,0,0,0,0,0,0,0,0,0,0,0,0,0,0,0,0,0,0,0,0,0,0,0,0,0,0,0,0,0,0,0,0,0,0,0,0,0,0,0,0,0,0,0,0,0,0,0,0,0,0,0,0,0,0,0,0,0,0,0,0,0,0,0,0,0,0,0,0,0,0,0,0,0,0,0,0,0,0,0,0,0,0,0,0,0,0,0,0,0,0,0,0,0,0,0,0,0,0,0,0,0,0,0,0,0,0,0,0,0,0,0,0,0,0,0,0,0,0,0,0,0,0,0,0,0,0,0,0,0,0,0,0,0,0,0,0,0,0,0,0,0,0,0,0,0,0,0,0,0,0,0,0,0,0,0,0,0,0,0,0,0,0,0,0,0,0,0,0,0,0,0,0,0,0,0,0,0,0,0,0,0,0,0,0,0,0,0,0,0,0,0,0,0,0,0,0,0,0,0,0,0,0,0,0,0,0,0,0,0,0,0,0,0,0,0,0,0,0,0,0,0,0,0,0,0,0,0,0,0,0,0,0,0,0,0,0,0,0,0,0,0,0,0,0,0,0,0,0,0,0,0,0,0,0,0,0,0,0,0,0,0,0,0,0,0,0,0,0,0,0,0,0,0,0,0,0,0,0,0,0,0,0,0,0,0,0,0,0,0,0,0,0,0,0,0,0,0,0,0,0,0,0,0,0,0,0,0,0,0,0,0,0,0,0,0,0,0,0,0,0,0,0,0,0,0,0,0,0,0,0,0,0,0,0,0,0,0,0,0,0,0,0,0,0,0,0,0,0,0,0,0,0,0,0,0,0,0,0,0,0,0,0,0,0,0,0,0,0,0,0,0,0,0,0,0,0,0,0,0,0,0,0,0,0,0,0,0,0,0,0,0,0,0,0,0,0,0,0,0,0,0,0,0,0,0,0,0,0,0,0,0,0,0,0,0,0,0,0,0,0,0,0,0,0,0,0,0,0,0,0,0,0,0,0,0,0,0,0,0,0,0,0,0,0,0,0,0,0,0,0,0,0,0,0,0,0,0,0,0,0,0,0,0,0,0,0
0.0396754949115455,0.018681749685197,0.0227483846995438,0.0233057407674999,0.0273310901471833,0.0310261544495593,0.0294366575150176,0.0358359308878476,0.0374667134570526,0.0431434882232727,0.0386227112276283,0.0397993518155358,0.0360010734265012,0.0317899386908325,0.0378382841690234,0.0327188654707595,0.0270214478872076,0.0266705199925686,0.0220878145449291,0.0214891728423095,0.0235947402101439,0.0245030241727391,0.0224387424395682,0.0219020291889437,0.0189501063105093,0.020457031975724,0.0190326775798361,0.0150073282001528,0.0157917552587577,0.014780257209504,0.0150279710174845,0.0180831079825775,0.0193010342051483,0.0231818838635097,0.0238218112007927,0.0150486138348162,0.0128811180149867,0.0120141196870549,0.0096195528765766,0.00881448300063993,0.00821584129802035,0.00778234213405446,0.00511941869826394,0.00142435439588795,0.000454141981297607,6.19284519951283e-05,0,0,0,0,0,0,0,0,0,0,0,0,0,0,0,0,0,0,0,0,0,0,0,0,0,0,0,0,0,0,0,0,0,0,0,0,0,0,0,0,0,0,0,0,0,0,0,0,0,0,0,0,0,0,0,0,0,0,0,0,0,0,0,0,0,0,0,0,0,0,0,0,0,0,0,0,0,0,0,0,0,0,0,0,0,0,0,0,0,0,0,0,0,0,0,0,0,0,0,0,0,0,0,0,0,0,0,0,0,0,0,0,0,0,0,0,0,0,0,0,0,0,0,0,0,0,0,0,0,0,0,0,0,0,0,0,0,0,0,0,0,0,0,0,0,0,0,0,0,0,0,0,0,0,0,0,0,0,0,0,0,0,0,0,0,0,0,0,0,0,0,0,0,0,0,0,0,0,0,0,0,0,0,0,0,0,0,0,0,0,0,0,0,0,0,0,0,0,0,0,0,0,0,0,0,0,0,0,0,0,0,0,0,0,0,0,0,0,0,0,0,0,0,0,0,0,0,0,0,0,0,0,0,0,0,0,0,0,0,0,0,0,0,0,0,0,0,0,0,0,0,0,0,0,0,0,0,0,0,0,0,0,0,0,0,0,0,0,0,0,0,0,0,0,0,0,0,0,0,0,0,0,0,0,0,0,0,0,0,0,0,0,0,0,0,0,0,0,0,0,0,0,0,0,0,0,0,0,0,0,0,0,0,0,0,0,0,0,0,0,0,0,0,0,0,0,0,0,0,0,0,0,0,0,0,0,0,0,0,0,0,0,0,0,0,0,0,0,0,0,0,0,0,0,0,0,0,0,0,0,0,0,0,0,0,0,0,0,0,0,0,0,0,0,0,0,0,0,0,0,0,0,0,0,0,0,0,0,0,0,0,0,0,0,0,0,0,0,0,0,0,0,0,0,0,0,0,0,0,0,0,0,0,0,0,0,0,0,0,0,0,0,0,0,0,0,0,0,0,0,0,0,0,0,0,0,0,0,0,0,0,0,0,0,0,0,0,0,0,0,0,0,0,0,0,0,0,0,0,0,0,0,0,0,0,0,0,0,0,0,0,0,0,0,0,0,0,0,0,0,0,0,0,0,0,0,0,0,0,0,0,0,0,0,0,0,0,0,0,0,0,0,0,0,0,0,0,0,0,0,0,0,0
0.0600780868716447,0.0189360663738409,0.0189360663738409,0.0227916056612982,0.0269887750122011,0.0266959492435334,0.0283552952659834,0.0342606149341142,0.0367496339677892,0.0423133235724744,0.0366520253782333,0.0342606149341142,0.0353831137140068,0.029477794045876,0.0388970229380185,0.0324548560273304,0.0354807223035627,0.0294289897510981,0.0289897510980966,0.0275744265495364,0.0252318204001952,0.0249877989263055,0.0209370424597365,0.0234748657881894,0.0185944363103953,0.0206442166910688,0.0186920448999512,0.0187408491947291,0.0151293313811615,0.013079551000488,0.0143972669594924,0.0144948755490483,0.0207906295754026,0.0123474865788189,0.0109321620302587,0.00966325036603221,0.0122498779892631,0.0141044411908248,0.0149829184968277,0.0105905319668131,0.0118106393362616,0.0066373840897999,0.00234260614934114,0.000292825768667643,0.000146412884333821,0,0,0,0,0,0,0,0,0,0,0,0,0,0,0,0,0,0,0,0,0,0,0,0,0,0,0,0,0,0,0,0,0,0,0,0,0,0,0,0,0,0,0,0,0,0,0,0,0,0,0,0,0,0,0,0,0,0,0,0,0,0,0,0,0,0,0,0,0,0,0,0,0,0,0,0,0,0,0,0,0,0,0,0,0,0,0,0,0,0,0,0,0,0,0,0,0,0,0,0,0,0,0,0,0,0,0,0,0,0,0,0,0,0,0,0,0,0,0,0,0,0,0,0,0,0,0,0,0,0,0,0,0,0,0,0,0,0,0,0,0,0,0,0,0,0,0,0,0,0,0,0,0,0,0,0,0,0,0,0,0,0,0,0,0,0,0,0,0,0,0,0,0,0,0,0,0,0,0,0,0,0,0,0,0,0,0,0,0,0,0,0,0,0,0,0,0,0,0,0,0,0,0,0,0,0,0,0,0,0,0,0,0,0,0,0,0,0,0,0,0,0,0,0,0,0,0,0,0,0,0,0,0,0,0,0,0,0,0,0,0,0,0,0,0,0,0,0,0,0,0,0,0,0,0,0,0,0,0,0,0,0,0,0,0,0,0,0,0,0,0,0,0,0,0,0,0,0,0,0,0,0,0,0,0,0,0,0,0,0,0,0,0,0,0,0,0,0,0,0,0,0,0,0,0,0,0,0,0,0,0,0,0,0,0,0,0,0,0,0,0,0,0,0,0,0,0,0,0,0,0,0,0,0,0,0,0,0,0,0,0,0,0,0,0,0,0,0,0,0,0,0,0,0,0,0,0,0,0,0,0,0,0,0,0,0,0,0,0,0,0,0,0,0,0,0,0,0,0,0,0,0,0,0,0,0,0,0,0,0,0,0,0,0,0,0,0,0,0,0,0,0,0,0,0,0,0,0,0,0,0,0,0,0,0,0,0,0,0,0,0,0,0,0,0,0,0,0,0,0,0,0,0,0,0,0,0,0,0,0,0,0,0,0,0,0,0,0,0,0,0,0,0,0,0,0,0,0,0,0,0,0,0,0,0,0,0,0,0,0,0,0,0,0,0,0,0,0,0,0,0,0,0,0,0,0,0,0,0,0,0,0,0,0,0,0,0,0,0,0,0,0,0,0,0,0,0,0,0,0,0,0,0,0
0.455895413691428,0.0896301822444847,0.0392696010515471,0.0181533979892714,0.010934669082383,0.00969128565846034,0.0127677715016519,0.0197378237237557,0.0148708657501155,0.0242068990017407,0.0288891257238268,0.0387083022487477,0.0231766670219191,0.0146079789690575,0.0275746918185371,0.0140822054069416,0.0214359302284273,0.0244484706383886,0.00844079718640094,0.010174428931756,0.0115243880777292,0.00423460868947387,0.00559167288358379,0.0106717823013251,0.0119080606771111,0.0111122952858006,0.010792568119649,0.0132295996305375,0.00330384738356602,0.00130732885715301,0.00150627020498064,0.00143521972361363,0.00131443390528971,0.0012575935201961,0.000710504813670113,0.000937866354044549,0.0006323492841664,0.000561298802799389,0.000483143273295677,0.000341042310561654,0.000333937262424953,7.81555295037124e-05,2.13151444101034e-05,1.42100962734023e-05,0,0,0,0,0,0,0,0,0,0,0,0,0,0,0,0,0,0,0,0,0,0,0,0,0,0,0,0,0,0,0,0,0,0,0,0,0,0,0,0,0,0,0,0,0,0,0,0,0,0,0,0,0,0,0,0,0,0,0,0,0,0,0,0,0,0,0,0,0,0,0,0,0,0,0,0,0,0,0,0,0,0,0,0,0,0,0,0,0,0,0,0,0,0,0,0,0,0,0,0,0,0,0,0,0,0,0,0,0,0,0,0,0,0,0,0,0,0,0,0,0,0,0,0,0,0,0,0,0,0,0,0,0,0,0,0,0,0,0,0,0,0,0,0,0,0,0,0,0,0,0,0,0,0,0,0,0,0,0,0,0,0,0,0,0,0,0,0,0,0,0,0,0,0,0,0,0,0,0,0,0,0,0,0,0,0,0,0,0,0,0,0,0,0,0,0,0,0,0,0,0,0,0,0,0,0,0,0,0,0,0,0,0,0,0,0,0,0,0,0,0,0,0,0,0,0,0,0,0,0,0,0,0,0,0,0,0,0,0,0,0,0,0,0,0,0,0,0,0,0,0,0,0,0,0,0,0,0,0,0,0,0,0,0,0,0,0,0,0,0,0,0,0,0,0,0,0,0,0,0,0,0,0,0,0,0,0,0,0,0,0,0,0,0,0,0,0,0,0,0,0,0,0,0,0,0,0,0,0,0,0,0,0,0,0,0,0,0,0,0,0,0,0,0,0,0,0,0,0,0,0,0,0,0,0,0,0,0,0,0,0,0,0,0,0,0,0,0,0,0,0,0,0,0,0,0,0,0,0,0,0,0,0,0,0,0,0,0,0,0,0,0,0,0,0,0,0,0,0,0,0,0,0,0,0,0,0,0,0,0,0,0,0,0,0,0,0,0,0,0,0,0,0,0,0,0,0,0,0,0,0,0,0,0,0,0,0,0,0,0,0,0,0,0,0,0,0,0,0,0,0,0,0,0,0,0,0,0,0,0,0,0,0,0,0,0,0,0,0,0,0,0,0,0,0,0,0,0,0,0,0,0,0,0,0,0,0,0,0,0,0,0,0,0,0,0,0,0,0,0,0,0,0,0,0,0,0,0,0,0,0,0,0,0,0,0,0,0,0,0,0,0,0,0,0,0,0,0,0,0,0,0,0,0,0
0.211330757733848,0.0660161867967626,0.0322607935478413,0.0168353966329207,0.0184145963170807,0.0217985956402809,0.0278333944333211,0.0336989932602014,0.0290177941964412,0.0309071938185612,0.0375059924988015,0.0640703871859226,0.0420179915964017,0.0301175939764812,0.0412283917543216,0.0456275908744818,0.023998195200361,0.0300611939877612,0.024985195002961,0.024844195031161,0.0217985956402809,0.0181889963622007,0.0214883957023209,0.0104903979019204,0.0121259975748005,0.0116465976706805,0.0113081977383605,0.00583739883252023,0.00406079918784016,0.00338399932320014,0.00341219931756014,0.00366599926680015,0.00710639857872028,0.00437099912580017,0.00183299963340007,0.00152279969544006,0.00140999971800006,0.00172019965596007,0.00050759989848002,0.000281999943600011,0.000479399904120019,0.000310199937960012,0.000394799921040016,8.45999830800034e-05,0,0,0,0,0,0,0,0,0,0,0,0,0,0,0,0,0,0,0,0,0,0,0,0,0,0,0,0,0,0,0,0,0,0,0,0,0,0,0,0,0,0,0,0,0,0,0,0,0,0,0,0,0,0,0,0,0,0,0,0,0,0,0,0,0,0,0,0,0,0,0,0,0,0,0,0,0,0,0,0,0,0,0,0,0,0,0,0,0,0,0,0,0,0,0,0,0,0,0,0,0,0,0,0,0,0,0,0,0,0,0,0,0,0,0,0,0,0,0,0,0,0,0,0,0,0,0,0,0,0,0,0,0,0,0,0,0,0,0,0,0,0,0,0,0,0,0,0,0,0,0,0,0,0,0,0,0,0,0,0,0,0,0,0,0,0,0,0,0,0,0,0,0,0,0,0,0,0,0,0,0,0,0,0,0,0,0,0,0,0,0,0,0,0,0,0,0,0,0,0,0,0,0,0,0,0,0,0,0,0,0,0,0,0,0,0,0,0,0,0,0,0,0,0,0,0,0,0,0,0,0,0,0,0,0,0,0,0,0,0,0,0,0,0,0,0,0,0,0,0,0,0,0,0,0,0,0,0,0,0,0,0,0,0,0,0,0,0,0,0,0,0,0,0,0,0,0,0,0,0,0,0,0,0,0,0,0,0,0,0,0,0,0,0,0,0,0,0,0,0,0,0,0,0,0,0,0,0,0,0,0,0,0,0,0,0,0,0,0,0,0,0,0,0,0,0,0,0,0,0,0,0,0,0,0,0,0,0,0,0,0,0,0,0,0,0,0,0,0,0,0,0,0,0,0,0,0,0,0,0,0,0,0,0,0,0,0,0,0,0,0,0,0,0,0,0,0,0,0,0,0,0,0,0,0,0,0,0,0,0,0,0,0,0,0,0,0,0,0,0,0,0,0,0,0,0,0,0,0,0,0,0,0,0,0,0,0,0,0,0,0,0,0,0,0,0,0,0,0,0,0,0,0,0,0,0,0,0,0,0,0,0,0,0,0,0,0,0,0,0,0,0,0,0,0,0,0,0,0,0,0,0,0,0,0,0,0,0,0,0,0,0,0,0,0,0,0,0,0,0,0,0,0,0,0,0,0,0,0,0,0,0,0,0,0,0,0,0,0,0,0,0,0,0,0,0,0,0,0,0,0,0,0,0,0
0.0659086649590804,0.0119947522958706,0.00943337289935653,0.0143687136877616,0.014118823014931,0.0148684950334229,0.0144936590241769,0.0209283438495658,0.0183669644530518,0.0169300930842756,0.0181170737802212,0.0189292184669207,0.0182420191166365,0.0218654338726807,0.0238020865871181,0.0330480414818517,0.0259886299743862,0.0278003373524083,0.03336040482289,0.0224901605547573,0.0189292184669207,0.0223027425501343,0.0316736427812832,0.0262385206472168,0.0229899419004186,0.0309864434309989,0.0249890672830637,0.0271756106703317,0.0238020865871181,0.0240519772599488,0.0284875367026926,0.0271756106703317,0.0236146685824952,0.019241581807959,0.022365215218342,0.0178047104391829,0.0121821703004935,0.0144311863559693,0.0118698069594552,0.00999562691322546,0.0103079902542638,0.0101830449178484,0.0143062410195539,0.0124320609733242,0.0126819516461548,0.00506028612482039,0.00599737614793528,0.00805897419878803,0.00418566876991316,0.00637221215718123,0.00705941150746548,0.00431061410632848,0.00262385206472168,0.00237396139189105,0.00324857874679828,0.00156181670519148,0.0016867620416068,0.000937090023114887,0.000562254013868932,0.000312363341038296,0.000187418004622977,0.000124945336415318,0,0,6.24726682076591e-05,0,0,0,0,0,0,0,0,0,0,0,0,0,0,0,0,0,0,0,0,0,0,0,0,0,0,0,0,0,0,0,0,0,0,0,0,0,0,0,0,0,0,0,0,0,0,0,0,0,0,0,0,0,0,0,0,0,0,0,0,0,0,0,0,0,0,0,0,0,0,0,0,0,0,0,0,0,0,0,0,0,0,0,0,0,0,0,0,0,0,0,0,0,0,0,0,0,0,0,0,0,0,0,0,0,0,0,0,0,0,0,0,0,0,0,0,0,0,0,0,0,0,0,0,0,0,0,0,0,0,0,0,0,0,0,0,0,0,0,0,0,0,0,0,0,0,0,0,0,0,0,0,0,0,0,0,0,0,0,0,0,0,0,0,0,0,0,0,0,0,0,0,0,0,0,0,0,0,0,0,0,0,0,0,0,0,0,0,0,0,0,0,0,0,0,0,0,0,0,0,0,0,0,0,0,0,0,0,0,0,0,0,0,0,0,0,0,0,0,0,0,0,0,0,0,0,0,0,0,0,0,0,0,0,0,0,0,0,0,0,0,0,0,0,0,0,0,0,0,0,0,0,0,0,0,0,0,0,0,0,0,0,0,0,0,0,0,0,0,0,0,0,0,0,0,0,0,0,0,0,0,0,0,0,0,0,0,0,0,0,0,0,0,0,0,0,0,0,0,0,0,0,0,0,0,0,0,0,0,0,0,0,0,0,0,0,0,0,0,0,0,0,0,0,0,0,0,0,0,0,0,0,0,0,0,0,0,0,0,0,0,0,0,0,0,0,0,0,0,0,0,0,0,0,0,0,0,0,0,0,0,0,0,0,0,0,0,0,0,0,0,0,0,0,0,0,0,0,0,0,0,0,0,0,0,0,0,0,0,0,0,0,0,0,0,0,0,0,0,0,0,0,0,0,0,0,0,0,0,0,0,0,0,0,0,0,0,0,0,0,0,0,0,0,0,0,0,0,0,0,0,0,0,0,0,0,0,0,0,0,0,0,0,0,0,0,0,0,0,0,0,0,0,0,0,0,0,0,0,0,0,0,0,0,0,0,0,0,0,0,0,0,0,0,0,0,0,0,0,0,0,0,0,0,0,0,0,0,0,0,0,0,0,0
0.0601197456947102,0.0135176840935745,0.00857971730140115,0.012221467810629,0.00814764520708598,0.0116659465465095,0.0143201036973026,0.0201222146781063,0.0203073884328128,0.0148756249614221,0.0193197950743781,0.0190728967347695,0.0222825751496821,0.0248132831306709,0.0226529226590951,0.0240725881118449,0.0253688043947904,0.0204308376026171,0.0204925621875193,0.0274057156965619,0.0213567063761496,0.0204925621875193,0.0260477748287143,0.0215418801308561,0.0190111721498673,0.0198135917535955,0.017776680451824,0.0175915066971175,0.0189494475649651,0.0187642738102586,0.0172828837726066,0.0201839392630085,0.0174680575273131,0.0195049688290846,0.0242577618665514,0.0182087525461391,0.0141349299425961,0.0138880316029875,0.0110487006974878,0.0154928708104438,0.014073205357694,0.00932041232022715,0.0143201036973026,0.0124683661502376,0.0132707857539658,0.00888834022591198,0.00716005184865132,0.00901178939571631,0.0102462810937596,0.00876489105610765,0.0108018023578791,0.00759212394296648,0.00765384852786865,0.00629590766002099,0.00438244552805382,0.00499969137707549,0.00901178939571631,0.00851799271649898,0.00685142892414049,0.00376519967903216,0.00351830133942349,0.00432072094315166,0.00370347509412999,0.00277760632059749,0.00296278007530399,0.00296278007530399,0.00240725881118449,0.00320967841491266,0.00179001296216283,0.00141966545274983,0.001111042528239,0.0016665637923585,0.001481390037652,0.00191346213196716,0.001481390037652,0.000246898339608666,0.000493796679217332,0.000864144188630331,0.000493796679217332,0,0.000308622924510833,0.000246898339608666,0.000308622924510833,6.17245849021665e-05,0,0,0,0,0,0.000246898339608666,0,0,0,0,0,0,0,0,0,0,0,0,0,0,0,0,0,0,0,0,0,0,0,0,0,0,0,0,0,0,0,0,0,0,0,0,0,0,0,0,0,0,0,0,0,0,0,0,0,0,0,0,0,0,0,0,0,0,0,0,0,0,0,0,0,0,0,0,0,0,0,0,0,0,0,0,0,0,0,0,0,0,0,0,0,0,0,0,0,0,0,0,0,0,0,0,0,0,0,0,0,0,0,0,0,0,0,0,0,0,0,0,0,0,0,0,0,0,0,0,0,0,0,0,0,0,0,0,0,0,0,0,0,0,0,0,0,0,0,0,0,0,0,0,0,0,0,0,0,0,0,0,0,0,0,0,0,0,0,0,0,0,0,0,0,0,0,0,0,0,0,0,0,0,0,0,0,0,0,0,0,0,0,0,0,0,0,0,0,0,0,0,0,0,0,0,0,0,0,0,0,0,0,0,0,0,0,0,0,0,0,0,0,0,0,0,0,0,0,0,0,0,0,0,0,0,0,0,0,0,0,0,0,0,0,0,0,0,0,0,0,0,0,0,0,0,0,0,0,0,0,0,0,0,0,0,0,0,0,0,0,0,0,0,0,0,0,0,0,0,0,0,0,0,0,0,0,0,0,0,0,0,0,0,0,0,0,0,0,0,0,0,0,0,0,0,0,0,0,0,0,0,0,0,0,0,0,0,0,0,0,0,0,0,0,0,0,0,0,0,0,0,0,0,0,0,0,0,0,0,0,0,0,0,0,0,0,0,0,0,0,0,0,0,0,0,0,0,0,0,0,0,0,0,0,0,0,0,0,0,0,0,0,0,0,0,0,0,0,0,0,0,0,0,0,0,0,0,0,0,0,0,0,0,0,0,0,0,0,0,0,0,0,0,0,0,0,0,0,0,0,0,0,0,0,0,0,0,0,0,0,0,0,0,0,0,0,0,0,0,0,0,0,0,0,0,0,0,0,0,0,0,0,0,0,0,0,0,0,0,0,0,0,0,0,0,0,0,0,0,0,0,0,0,0,0,0,0,0,0,0,0,0,0,0,0,0,0,0
0.0514745308310992,0.0125111706881144,0.0103663985701519,0.0154304438486744,0.00935358951444742,0.0126303246946679,0.0138814417634793,0.017098599940423,0.0167411379207626,0.0178135239797438,0.0180518319928508,0.017098599940423,0.0194816800714924,0.0198987190944295,0.0158474828716116,0.0174560619600834,0.0187071790288948,0.0161453678879952,0.0168007149240393,0.0185284480190646,0.0185284480190646,0.0157283288650581,0.0236520703008639,0.0196604110813226,0.0135239797438189,0.0138218647602026,0.0128090557044981,0.0136431337503724,0.0157283288650581,0.0141197497765862,0.0127494787012213,0.0176943699731903,0.0164432529043789,0.0132856717307119,0.0186476020256181,0.0153708668453977,0.0137027107536491,0.0114983616324099,0.0137622877569258,0.0118558236520703,0.012153708668454,0.0128686327077748,0.010128090557045,0.00959189752755436,0.0120345546619005,0.0127494787012213,0.00768543342269884,0.00631516234733393,0.00798331843908251,0.00822162645218946,0.00887697348823354,0.00726839439976169,0.0064343163538874,0.00595770032767352,0.00732797140303843,0.00375335120643432,0.00530235329162943,0.00917485850461722,0.00458742925230861,0.00607685433422699,0.0108430145963658,0.0104855525767054,0.00691093238010128,0.00708966338993149,0.00685135537682455,0.00506404527852249,0.0052427762883527,0.00577896931784331,0.00667262436699434,0.00661304736371761,0.00571939231456658,0.00482573726541555,0.00452785224903187,0.00577896931784331,0.00560023830801311,0.00494489127196902,0.00446827524575514,0.00434912123920167,0.00363419719988085,0.00405123622281799,0.00577896931784331,0.00482573726541555,0.00470658325886208,0.00494489127196902,0.00297885016383676,0.00285969615728329,0.00482573726541555,0.00393208221626452,0.00178731009830206,0.00214477211796247,0.00244265713434614,0.00238308013106941,0.00160857908847185,0.000893655049151028,0.000774501042597557,0.00142984807864164,0.00190646410485553,0.00137027107536491,0.000893655049151028,0.000714924039320822,0.000476616026213881,0.000357462019660411,0.00011915400655347,0,0,0.000178731009830206,0,0,0,5.95770032767352e-05,5.95770032767352e-05,5.95770032767352e-05,0,0,0,0,0,0,0,0,0,0,0,0,0,0,0,0,0,0,0,0,0,0,0,0,0,0,0,0,0,0,0,0,0,0,0,0,0,0,0,0,0,0,0,0,0,0,0,0,0,0,0,0,0,0,0,0,0,0,0,0,0,0,0,0,0,0,0,0,0,0,0,0,0,0,0,0,0,0,0,0,0,0,0,0,0,0,0,0,0,0,0,0,0,0,0,0,0,0,0,0,0,0,0,0,0,0,0,0,0,0,0,0,0,0,0,0,0,0,0,0,0,0,0,0,0,0,0,0,0,0,0,0,0,0,0,0,0,0,0,0,0,0,0,0,0,0,0,0,0,0,0,0,0,0,0,0,0,0,0,0,0,0,0,0,0,0,0,0,0,0,0,0,0,0,0,0,0,0,0,0,0,0,0,0,0,0,0,0,0,0,0,0,0,0,0,0,0,0,0,0,0,0,0,0,0,0,0,0,0,0,0,0,0,0,0,0,0,0,0,0,0,0,0,0,0,0,0,0,0,0,0,0,0,0,0,0,0,0,0,0,0,0,0,0,0,0,0,0,0,0,0,0,0,0,0,0,0,0,0,0,0,0,0,0,0,0,0,0,0,0,0,0,0,0,0,0,0,0,0,0,0,0,0,0,0,0,0,0,0,0,0,0,0,0,0,0,0,0,0,0,0,0,0,0,0,0,0,0,0,0,0,0,0,0,0,0,0,0,0,0,0,0,0,0,0,0,0,0,0,0,0,0,0,0,0,0,0,0,0,0,0,0,0,0,0,0,0,0,0,0,0,0,0,0,0,0,0,0,0,0,0,0,0,0,0,0,0,0,0,0,0,0,0,0,0,0,0,0,0,0,0,0,0,0,0,0,0,0,0,0,0,0,0,0,0,0,0,0,0,0,0,0,0,0,0,0,0,0,0,0,0,0,0,0,0,0,0,0,0,0,0,0,0,0,0,0,0,0,0,0,0,0,0,0,0,0,0,0,0,0,0,0,0,0,0,0,0
0.0483901455484847,0.0136727364375276,0.00686787221977191,0.0083170562661458,0.00642681620565812,0.010837376346796,0.00995526431856846,0.00907315229034087,0.00938819230042215,0.0156889925020478,0.0145548484657552,0.0148068804738202,0.0139247684455926,0.0190284166089093,0.0144288324617226,0.0158780165080965,0.0178942725726167,0.0146808644697877,0.0147438724718039,0.0138617604435763,0.0154369604939827,0.0161300485161616,0.0186503685968118,0.0195954886270556,0.0148698884758364,0.0112154243588936,0.012538592401235,0.0149959044798689,0.010333312330666,0.00957721630647092,0.00982924831453595,0.0163820805242266,0.012538592401235,0.0129796484153488,0.018713376598828,0.0136727364375276,0.0118455043790561,0.0133576964274463,0.0123495683951862,0.00938819230042215,0.00844307227017831,0.00787600025203201,0.0083170562661458,0.00724592023186945,0.00661584021170689,0.00655283220969063,0.0057337281834793,0.00466259214920295,0.00686787221977191,0.00667884821372314,0.00768697624598324,0.00762396824396698,0.00636380820364186,0.0057337281834793,0.00447356814315418,0.00378048012097536,0.00434755213912167,0.00724592023186945,0.00567072018146305,0.00579673618549556,0.00579673618549556,0.00787600025203201,0.00617478419759309,0.00541868817339802,0.00485161615525172,0.00585974418751181,0.00522966416734925,0.00491462415726797,0.00585974418751181,0.00434755213912167,0.00365446411694285,0.00485161615525172,0.00428454413710541,0.00466259214920295,0.0047256001512192,0.00434755213912167,0.00522966416734925,0.00491462415726797,0.00403251212904039,0.00491462415726797,0.00636380820364186,0.00548169617541428,0.00554470417743053,0.00548169617541428,0.00478860815323546,0.00485161615525172,0.00554470417743053,0.00636380820364186,0.00585974418751181,0.00642681620565812,0.00478860815323546,0.0057337281834793,0.00724592023186945,0.00478860815323546,0.00459958414718669,0.00466259214920295,0.00485161615525172,0.00617478419759309,0.00422153613508916,0.00447356814315418,0.00560771217944679,0.00648982420767438,0.00422153613508916,0.00441056014113792,0.00560771217944679,0.0047256001512192,0.00302438409678029,0.00264633608468275,0.00453657614517044,0.00283536009073152,0.00283536009073152,0.00384348812299162,0.00321340810282906,0.00346544011089408,0.00302438409678029,0.00182723205847143,0.00264633608468275,0.00226828807258522,0.00126016004032512,0.00214227206855271,0.00126016004032512,0.00119715203830887,0.00233129607460147,0.00138617604435763,0.00132316804234138,0.000819104026211329,0.0010081280322601,0.000819104026211329,0.000819104026211329,0.00132316804234138,0.00163820805242266,0.000945120030243841,0.00107113603427635,0.000693088022178817,0.00132316804234138,0.000504064016130048,0.000882112028227585,0.000630080020162561,0.00107113603427635,0.000630080020162561,0.000378048012097536,0.000756096024195073,0.00031504001008128,0.000378048012097536,6.30080020162561e-05,0.000126016004032512,0.000504064016130048,0.000252032008065024,0,0,0,6.30080020162561e-05,0,0,0,6.30080020162561e-05,0,6.30080020162561e-05,0,0,0,0,0,0,0,0,0,0,0,0,0,0,0,0,0,0,0,0,0,0,0,0,0,0,0,0,0,0,0,0,0,0,0,0,0,0,0,0,0,0,0,0,0,0,0,0,0,0,0,0,0,0,0,0,0,0,0,0,0,0,0,0,0,0,0,0,0,0,0,0,0,0,0,0,0,0,0,0,0,0,0,0,0,0,0,0,0,0,0,0,0,0,0,0,0,0,0,0,0,0,0,0,0,0,0,0,0,0,0,0,0,0,0,0,0,0,0,0,0,0,0,0,0,0,0,0,0,0,0,0,0,0,0,0,0,0,0,0,0,0,0,0,0,0,0,0,0,0,0,0,0,0,0,0,0,0,0,0,0,0,0,0,0,0,0,0,0,0,0,0,0,0,0,0,0,0,0,0,0,0,0,0,0,0,0,0,0,0,0,0,0,0,0,0,0,0,0,0,0,0,0,0,0,0,0,0,0,0,0,0,0,0,0,0,0,0,0,0,0,0,0,0,0,0,0,0,0,0,0,0,0,0,0,0,0,0,0,0,0,0,0,0,0,0,0,0,0,0,0,0,0,0,0,0,0,0,0,0,0,0,0,0,0,0,0,0,0,0,0,0,0,0,0,0,0,0,0,0,0,0,0,0,0,0,0,0,0,0,0,0,0,0,0,0,0,0,0,0,0,0,0,0,0,0,0,0,0,0,0,0,0,0,0,0,0,0,0,0,0,0,0,0,0,0,0,0,0,0,0,0,0,0,0,0,0,0,0,0,0,0,0,0,0,0,0,0,0,0,0,0,0,0,0,0,0,0,0,0,0,0,0,0,0,0,0,0,0,0,0,0,0,0,0,0,0,0,0,0,0,0,0,0,0,0,0,0,0,0,0,0,0,0,0,0,0,0,0,0,0
0.0180429864253394,0.0041289592760181,0.00203619909502262,0.00294117647058824,0.00248868778280543,0.00175339366515837,0.00226244343891403,0.00147058823529412,0.00226244343891403,0.00548642533936652,0.00463800904977376,0.00774886877828054,0.00661764705882353,0.00395927601809955,0.00288461538461538,0.00316742081447964,0.00203619909502262,0.00282805429864253,0.003789592760181,0.00350678733031674,0.00282805429864253,0.00231900452488688,0.00220588235294118,0.00282805429864253,0.00220588235294118,0.00214932126696833,0.00322398190045249,0.00277149321266968,0.003789592760181,0.00316742081447964,0.00237556561085973,0.00452488687782805,0.00384615384615385,0.00237556561085973,0.00248868778280543,0.00271493212669683,0.00248868778280543,0.00237556561085973,0.00265837104072398,0.00356334841628959,0.00356334841628959,0.00367647058823529,0.00345022624434389,0.00254524886877828,0.00356334841628959,0.003789592760181,0.00260180995475113,0.00209276018099548,0.00282805429864253,0.00282805429864253,0.00299773755656109,0.0043552036199095,0.0039027149321267,0.0041289592760181,0.00237556561085973,0.00254524886877828,0.00322398190045249,0.00345022624434389,0.00407239819004525,0.00350678733031674,0.00395927601809955,0.00254524886877828,0.00339366515837104,0.00407239819004525,0.00418552036199095,0.00373303167420814,0.00316742081447964,0.00367647058823529,0.00316742081447964,0.00299773755656109,0.00345022624434389,0.0042420814479638,0.00418552036199095,0.00407239819004525,0.00328054298642534,0.00429864253393665,0.00418552036199095,0.00452488687782805,0.00373303167420814,0.00475113122171946,0.00345022624434389,0.00384615384615385,0.00288461538461538,0.00322398190045249,0.00350678733031674,0.00367647058823529,0.00384615384615385,0.00480769230769231,0.00452488687782805,0.00429864253393665,0.00463800904977376,0.00350678733031674,0.00429864253393665,0.00429864253393665,0.00311085972850679,0.0043552036199095,0.00475113122171946,0.00509049773755656,0.00395927601809955,0.00339366515837104,0.00475113122171946,0.003789592760181,0.00480769230769231,0.0039027149321267,0.00384615384615385,0.00576923076923077,0.00452488687782805,0.00458144796380091,0.00339366515837104,0.00650452488687783,0.00361990950226244,0.00480769230769231,0.0042420814479638,0.00395927601809955,0.00345022624434389,0.00328054298642534,0.0041289592760181,0.0039027149321267,0.00520361990950226,0.00537330316742081,0.00356334841628959,0.0042420814479638,0.00384615384615385,0.00367647058823529,0.00305429864253394,0.00282805429864253,0.00361990950226244,0.0041289592760181,0.00311085972850679,0.0043552036199095,0.00316742081447964,0.00265837104072398,0.00333710407239819,0.00231900452488688,0.00164027149321267,0.00164027149321267,0.00220588235294118,0.00271493212669683,0.00226244343891403,0.00226244343891403,0.00322398190045249,0.00316742081447964,0.00192307692307692,0.00180995475113122,0.00260180995475113,0.00158371040723982,0.00135746606334842,0.00118778280542986,0.00169683257918552,0.00180995475113122,0.00203619909502262,0.00113122171945701,0.00158371040723982,0.00101809954751131,0.00135746606334842,0.00158371040723982,0.000961538461538462,0.00124434389140271,0.00158371040723982,0.00164027149321267,0.00084841628959276,0.000904977375565611,0.00124434389140271,0.00079185520361991,0.00147058823529412,0.00243212669683258,0.00135746606334842,0.00152714932126697,0.00107466063348416,0.00152714932126697,0.00135746606334842,0.00101809954751131,0.00124434389140271,0.00509049773755656,0.00226244343891403,0.00152714932126697,0.00141402714932127,0.00130090497737557,0.000961538461538462,0.00180995475113122,0.00113122171945701,0.00084841628959276,0.00164027149321267,0.00084841628959276,0.000622171945701357,0.000735294117647059,0.000282805429864253,0.000282805429864253,0.00158371040723982,0.000565610859728507,0.000735294117647059,0.000904977375565611,0.000509049773755656,0.00130090497737557,0.000735294117647059,0.000509049773755656,0.00084841628959276,0.000622171945701357,0.000565610859728507,0.00084841628959276,0.00164027149321267,0.000565610859728507,0.000509049773755656,0.00084841628959276,0.000735294117647059,0.00113122171945701,0.00079185520361991,0.000622171945701357,0.000904977375565611,0.00203619909502262,0.00141402714932127,0.00118778280542986,0.00101809954751131,0.00113122171945701,0.00135746606334842,0.00107466063348416,0.00118778280542986,0.000735294117647059,0.000339366515837104,0.000678733031674208,0.000509049773755656,0.000509049773755656,0.00084841628959276,0.000678733031674208,0.00152714932126697,0.00107466063348416,0.00084841628959276,0.00141402714932127,0.00237556561085973,0.00107466063348416,0.00113122171945701,0.00118778280542986,0.00124434389140271,0.00101809954751131,0.000735294117647059,0.00101809954751131,0.00113122171945701,0.00152714932126697,0.00130090497737557,0.00124434389140271,0.000961538461538462,0.00147058823529412,0.00113122171945701,0.00118778280542986,0.00118778280542986,0.00084841628959276,0.00169683257918552,0.00141402714932127,0.00107466063348416,0.000904977375565611,0.00124434389140271,0.00118778280542986,0.00192307692307692,0.00141402714932127,0.00152714932126697,0.00135746606334842,0.00135746606334842,0.00175339366515837,0.00226244343891403,0.00169683257918552,0.00169683257918552,0.00175339366515837,0.00180995475113122,0.00214932126696833,0.00237556561085973,0.00248868778280543,0.00158371040723982,0.00175339366515837,0.00209276018099548,0.00271493212669683,0.00192307692307692,0.00169683257918552,0.00147058823529412,0.00214932126696833,0.00197963800904977,0.00192307692307692,0.00164027149321267,0.00186651583710407,0.00180995475113122,0.00130090497737557,0.00209276018099548,0.00248868778280543,0.00265837104072398,0.00220588235294118,0.00243212669683258,0.00130090497737557,0.00152714932126697,0.00197963800904977,0.00192307692307692,0.00243212669683258,0.00169683257918552,0.00175339366515837,0.00231900452488688,0.00209276018099548,0.00158371040723982,0.00180995475113122,0.00271493212669683,0.00237556561085973,0.00260180995475113,0.00186651583710407,0.00152714932126697,0.00226244343891403,0.00197963800904977,0.00197963800904977,0.00141402714932127,0.00254524886877828,0.00214932126696833,0.00282805429864253,0.00203619909502262,0.00220588235294118,0.00197963800904977,0.00288461538461538,0.00248868778280543,0.00271493212669683,0.00277149321266968,0.00248868778280543,0.00231900452488688,0.00180995475113122,0.00339366515837104,0.00345022624434389,0.00311085972850679,0.00271493212669683,0.00277149321266968,0.00316742081447964,0.00367647058823529,0.00226244343891403,0.00152714932126697,0.00254524886877828,0.00243212669683258,0.00209276018099548,0.00203619909502262,0.00243212669683258,0.00248868778280543,0.00203619909502262,0.00147058823529412,0.00203619909502262,0.00175339366515837,0.00152714932126697,0.00152714932126697,0.00180995475113122,0.00231900452488688,0.00237556561085973,0.00192307692307692,0.00152714932126697,0.00203619909502262,0.00147058823529412,0.00141402714932127,0.00180995475113122,0.00175339366515837,0.00197963800904977,0.00214932126696833,0.00141402714932127,0.00164027149321267,0.00147058823529412,0.00113122171945701,0.00124434389140271,0.00197963800904977,0.00135746606334842,0.00169683257918552,0.00231900452488688,0.00141402714932127,0.00180995475113122,0.00084841628959276,0.00209276018099548,0.00214932126696833,0.00203619909502262,0.00203619909502262,0.00214932126696833,0.00197963800904977,0.00203619909502262,0.00220588235294118,0.00180995475113122,0.00203619909502262,0.00226244343891403,0.00214932126696833,0.00197963800904977,0.00164027149321267,0.00186651583710407,0.00158371040723982,0.00192307692307692,0.00214932126696833,0.00231900452488688,0.00192307692307692,0.00113122171945701,0.00254524886877828,0.00209276018099548,0.00180995475113122,0.00248868778280543,0.00203619909502262,0.00214932126696833,0.00197963800904977,0.00186651583710407,0.00192307692307692,0.00214932126696833,0.00203619909502262,0.00164027149321267,0.00214932126696833,0.00186651583710407,0.00192307692307692,0.00141402714932127,0.00135746606334842,0.00169683257918552,0.00175339366515837,0.00124434389140271,0.00186651583710407,0.00135746606334842,0.00175339366515837,0.00175339366515837,0.00220588235294118,0.00118778280542986,0.00118778280542986,0.00158371040723982,0.00147058823529412,0.00214932126696833,0.00113122171945701,0.00147058823529412,0.00203619909502262,0.00147058823529412,0.00164027149321267,0.00113122171945701,0.000622171945701357,0.00079185520361991,0.000735294117647059,0.00079185520361991,0.00107466063348416,0.00113122171945701,0.000961538461538462,0.000622171945701357,0.000904977375565611,0.00107466063348416,0.000678733031674208,0.00118778280542986,0.000339366515837104,0.000622171945701357,0.000282805429864253,0.000509049773755656,0.000904977375565611,0.000565610859728507,0.000678733031674208,0.000735294117647059,0.00152714932126697,0.000622171945701357,0.000169683257918552,0.000169683257918552,0.000452488687782805,0.000509049773755656,0.000452488687782805,0.000452488687782805,0.000678733031674208,0.000565610859728507,0.000339366515837104,0.000226244343891403,0.000113122171945701,5.65610859728507e-05,0,0,0,0,0,0,0,0,0,0,0,0,0,0,0,0,0,0,0,0,0,0,0,0,0,0,0,0,0,0,0,0,0,0,0,0,0,0,0,0,0,0,0,0,0,0,0,0,0,0,0,0,0,0,0,0,0,0,0,0,0,0,0,0,0,0,0,0,0,0,0,0,0,0,0,0,0,0,0,0,0,0,0,0,0,0,0,0,0,0,0,0,0,0,0,0,0,0,0,0,0,0,0,0,0
0.0504714525365882,0.0151558974952276,0.0152426679007347,0.0213165962862266,0.0226759993058368,0.0261178920576155,0.0298200960259154,0.029617631746399,0.0277086828252444,0.0257708104355874,0.0279111471047608,0.0330016775611731,0.0278243766992538,0.0310059582345115,0.0292705501243709,0.029530861340892,0.0319025857580841,0.0327124428761497,0.0333487591832013,0.0375137386475386,0.0328281367501591,0.034505697923295,0.0343032336437786,0.0330884479666802,0.0341296928327645,0.0287499276913287,0.0273326777347139,0.0247295655695031,0.0209405911956962,0.014346040377162,0.0108463006883786,0.0125238618615144,0.0108463006883786,0.00549545901544513,0.00465667842887719,0.00668132122404119,0.00425174986984439,0.00474344883438422,0.00552438248394748,0.00465667842887719,0.00503268351940765,0.00370220396829988,0.00477237230288656,0.00659455081853416,0.00370220396829988,0.00214033666917337,0.00254526522820617,0.00219818360617805,0.00118586220859605,0.002024642795164,0.00124370914560074,0.000404928559032799,0.000347081622028114,0.000260311216521085,0.000115693874009371,0,0,5.78469370046856e-05,0,2.89234685023428e-05,0.000173540811014057,2.89234685023428e-05,0.000289234685023428,0.000173540811014057,2.89234685023428e-05,0.000144617342511714,2.89234685023428e-05,0.000173540811014057,8.67704055070284e-05,0,0,0,0,0,2.89234685023428e-05,0,0,0,0,0,2.89234685023428e-05,2.89234685023428e-05,2.89234685023428e-05,2.89234685023428e-05,0,0,8.67704055070284e-05,2.89234685023428e-05,0,2.89234685023428e-05,0,0,0.000144617342511714,2.89234685023428e-05,0,0,2.89234685023428e-05,2.89234685023428e-05,8.67704055070284e-05,0.000144617342511714,0,0.000144617342511714,8.67704055070284e-05,0.000115693874009371,0.000376005090530456,2.89234685023428e-05,5.78469370046856e-05,5.78469370046856e-05,0.000115693874009371,0.000260311216521085,5.78469370046856e-05,0,0.000231387748018742,2.89234685023428e-05,2.89234685023428e-05,2.89234685023428e-05,0.000115693874009371,8.67704055070284e-05,5.78469370046856e-05,2.89234685023428e-05,0.000115693874009371,0,8.67704055070284e-05,0.000115693874009371,5.78469370046856e-05,0.000173540811014057,2.89234685023428e-05,0.000173540811014057,0.000260311216521085,0.000173540811014057,2.89234685023428e-05,0.000318158153525771,0.000289234685023428,0.000231387748018742,0.000260311216521085,0.000144617342511714,0.000115693874009371,0.000115693874009371,2.89234685023428e-05,2.89234685023428e-05,2.89234685023428e-05,2.89234685023428e-05,0,5.78469370046856e-05,2.89234685023428e-05,2.89234685023428e-05,0,2.89234685023428e-05,0.000144617342511714,2.89234685023428e-05,2.89234685023428e-05,0,0,2.89234685023428e-05,8.67704055070284e-05,0,0,0,0,5.78469370046856e-05,0,0,2.89234685023428e-05,0.000144617342511714,0,0,0,0,2.89234685023428e-05,0,0,2.89234685023428e-05,2.89234685023428e-05,0,0.000115693874009371,5.78469370046856e-05,2.89234685023428e-05,0,0,5.78469370046856e-05,0,5.78469370046856e-05,0.000260311216521085,0,8.67704055070284e-05,5.78469370046856e-05,2.89234685023428e-05,8.67704055070284e-05,2.89234685023428e-05,5.78469370046856e-05,8.67704055070284e-05,0.000260311216521085,0.000115693874009371,0.000318158153525771,0,0.000347081622028114,5.78469370046856e-05,0.000289234685023428,0.000115693874009371,2.89234685023428e-05,8.67704055070284e-05,5.78469370046856e-05,0.000173540811014057,0.000115693874009371,0.0002024642795164,0.000115693874009371,0,0,5.78469370046856e-05,0,0,0,0,0.000115693874009371,0,0,0,0,0,2.89234685023428e-05,5.78469370046856e-05,0,0,0,5.78469370046856e-05,2.89234685023428e-05,2.89234685023428e-05,0,0.000115693874009371,2.89234685023428e-05,0,0.000173540811014057,0,0,0,2.89234685023428e-05,0,0.000144617342511714,2.89234685023428e-05,5.78469370046856e-05,0.000115693874009371,0,2.89234685023428e-05,0,0,0,0,0,0,0,0,0,0,0,0,0,0,0,0,0,0,0,0,0,0,0,0,0,0,0,0,0,0,0,0,0,0,0,0,0,0,2.89234685023428e-05,0,0,0.000144617342511714,0,0,0,0,5.78469370046856e-05,0,0,0,0.000144617342511714,2.89234685023428e-05,0,0,0,8.67704055070284e-05,0,0,0.000115693874009371,2.89234685023428e-05,0,0.000173540811014057,0.000144617342511714,0.000144617342511714,0,0,5.78469370046856e-05,0.000115693874009371,2.89234685023428e-05,0.000144617342511714,0.000115693874009371,0.000144617342511714,0.000115693874009371,0,0,0.0002024642795164,0.0002024642795164,0.000231387748018742,0.000347081622028114,0.000173540811014057,5.78469370046856e-05,0.000115693874009371,0.000231387748018742,2.89234685023428e-05,0.000173540811014057,0.000144617342511714,0.000462775496037485,8.67704055070284e-05,8.67704055070284e-05,0.000144617342511714,0.000260311216521085,0.000144617342511714,0.000433852027535142,8.67704055070284e-05,8.67704055070284e-05,0.000260311216521085,0.000115693874009371,0.000318158153525771,0.000173540811014057,0.0002024642795164,0.000231387748018742,0.000376005090530456,0.000694163244056227,8.67704055070284e-05,0.000231387748018742,0.000260311216521085,0.000752010181060913,0.000578469370046856,0.000549545901544513,0.000636316307051542,0.000694163244056227,0.000694163244056227,0.000260311216521085,8.67704055070284e-05,5.78469370046856e-05,0.000260311216521085,8.67704055070284e-05,0.00052062243304217,0.000780933649563256,0.000318158153525771,0.000636316307051542,0.000404928559032799,0.000115693874009371,0,0.000144617342511714,8.67704055070284e-05,2.89234685023428e-05,0,5.78469370046856e-05,0.000231387748018742,2.89234685023428e-05,0.000173540811014057,0.000231387748018742,2.89234685023428e-05,0.000115693874009371,5.78469370046856e-05,0,0,0,0,0,5.78469370046856e-05,8.67704055070284e-05,0,0,0,0,0,0,0,0,0,0,2.89234685023428e-05,2.89234685023428e-05,0,0,5.78469370046856e-05,0,0,2.89234685023428e-05,0,0,2.89234685023428e-05,0.000231387748018742,0,0,0,0,0,0,2.89234685023428e-05,0,0,0,2.89234685023428e-05,5.78469370046856e-05,0.000231387748018742,0.000144617342511714,0.000173540811014057,2.89234685023428e-05,2.89234685023428e-05,2.89234685023428e-05,5.78469370046856e-05,0,2.89234685023428e-05,0.000115693874009371,0.000144617342511714,2.89234685023428e-05,0,0,0,0,0,0,0,0,0,0,0,0,0,0,0,0,0,0,0,0,0,0,0,0,0,0,0,0,0,0,0,0,0,0,0,0,0,0,0,0,0,0,0,0,0,0,0,0,0,0,0,0,0,0,0,0,0,0,0,0,0,0,0,0,0,0,0,0,0,0,0,0,0,0,0,0,0,0,0,0,0,0,0,0,0,0,0,0,0,0,0,0,0,0,0,0,0,0,0,0,0,0,0,0,0,0,0,0,0,0,0,0,0,0,0,0,0,0,0,0,0,0,0,0,0,0,0
0.109268670858816,0.0162804720475493,0.0145146007408045,0.0236023774657593,0.0233439572745284,0.0274356103023516,0.0379877681109484,0.0435868722542855,0.044189852700491,0.0437591523817728,0.0571539322939099,0.0541821000947541,0.0635282970109398,0.0616762856404514,0.0553449909552933,0.0477215953139805,0.0375570677922302,0.036867947282281,0.035877336549229,0.0237746575932466,0.0255405288999914,0.022697906796451,0.0181755534499096,0.0129640795934189,0.0129210095615471,0.01464381083642,0.00999224739426307,0.00689120509949177,0.00680506503574813,0.00624515462141442,0.00258420191230942,0.000990610733051943,0.00111982082866741,0.000387630286846412,0.000344560254974589,4.30700318718236e-05,0,0,0,0,0,0,0,0,0,0,0,0,0,0,0,0,0,0,0,0,0,0,0,0,0,0,0,0,0,0,0,0,0,0,0,0,0,0,0,0,0,0,0,0,0,0,0,0,0,0,0,0,0,0,0,0,0,0,0,0,0,0,0,0,0,0,0,0,0,0,0,0,0,0,0,0,0,0,0,0,0,0,0,0,0,0,0,0,0,0,0,0,0,0,0,0,0,0,0,0,0,0,0,0,0,0,0,0,0,0,0,0,0,0,0,0,0,0,0,0,0,0,0,0,0,0,0,0,0,0,0,0,0,0,0,0,0,0,0,0,0,0,0,0,0,0,0,0,0,0,0,0,0,0,0,0,0,0,0,0,0,0,0,0,0,0,0,0,0,0,0,0,0,0,0,0,0,0,0,0,0,0,0,0,0,0,0,0,0,0,0,0,0,0,0,0,0,0,0,0,0,0,0,0,0,0,0,0,0,0,0,0,0,0,0,0,0,0,0,0,0,0,0,0,0,0,0,0,0,0,0,0,0,0,0,0,0,0,0,0,0,0,0,0,0,0,0,0,0,0,0,0,0,0,0,0,0,0,0,0,0,0,0,0,0,0,0,0,0,0,0,0,0,0,0,0,0,0,0,0,0,0,0,0,0,0,0,0,0,0,0,0,0,0,0,0,0,0,0,0,0,0,0,0,0,0,0,0,0,0,0,0,0,0,0,0,0,0,0,0,0,0,0,0,0,0,0,0,0,0,0,0,0,0,0,0,0,0,0,0,0,0,0,0,0,0,0,0,0,0,0,0,0,0,0,0,0,0,0,0,0,0,0,0,0,0,0,0,0,0,0,0,0,0,0,0,0,0,0,0,0,0,0,0,0,0,0,0,0,0,0,0,0,0,0,0,0,0,0,0,0,0,0,0,0,0,0,0,0,0,0,0,0,0,0,0,0,0,0,0,0,0,0,0,0,0,0,0,0,0,0,0,0,0,0,0,0,0,0,0,0,0,0,0,0,0,0,0,0,0,0,0,0,0,0,0,0,0,0,0,0,0,0,0,0,0,0,0,0,0,0,0,0,0,0,0,0,0,0,0,0,0,0,0,0,0,0,0,0,0,0,0,0,0,0,0,0,0,0,0,0,0,0,0,0,0,0,0,0,0,0,0,0,0,0,0,0,0,0,0,0,0,0
0.0827668488665686,0.0231125662439999,0.0241669210066313,0.0257484531505785,0.0275797008962015,0.0365694625565328,0.0453095086151883,0.0447823312338725,0.0461696401320718,0.0520240836824727,0.0488055270386504,0.0488055270386504,0.0399544962681391,0.0521350683943287,0.0518021142587609,0.0562415027329985,0.0547154629449793,0.0398712577342471,0.0409256124968786,0.0385116950140118,0.0292722177520047,0.0205044255153853,0.0170084070919231,0.0142615354734885,0.0137343580921728,0.0101828473127827,0.00682555977914042,0.00416192669459782,0.00183124774562304,0.00119308565245137,0.000638162093171666,0.000194223245747898,0.000166477067783913,2.77461779639855e-05,0,0,0,0,0,0,0,0,0,0,0,0,0,0,0,0,0,0,0,0,0,0,0,0,0,0,0,0,0,0,0,0,0,0,0,0,0,0,0,0,0,0,0,0,0,0,0,0,0,0,0,0,0,0,0,0,0,0,0,0,0,0,0,0,0,0,0,0,0,0,0,0,0,0,0,0,0,0,0,0,0,0,0,0,0,0,0,0,0,0,0,0,0,0,0,0,0,0,0,0,0,0,0,0,0,0,0,0,0,0,0,0,0,0,0,0,0,0,0,0,0,0,0,0,0,0,0,0,0,0,0,0,0,0,0,0,0,0,0,0,0,0,0,0,0,0,0,0,0,0,0,0,0,0,0,0,0,0,0,0,0,0,0,0,0,0,0,0,0,0,0,0,0,0,0,0,0,0,0,0,0,0,0,0,0,0,0,0,0,0,0,0,0,0,0,0,0,0,0,0,0,0,0,0,0,0,0,0,0,0,0,0,0,0,0,0,0,0,0,0,0,0,0,0,0,0,0,0,0,0,0,0,0,0,0,0,0,0,0,0,0,0,0,0,0,0,0,0,0,0,0,0,0,0,0,0,0,0,0,0,0,0,0,0,0,0,0,0,0,0,0,0,0,0,0,0,0,0,0,0,0,0,0,0,0,0,0,0,0,0,0,0,0,0,0,0,0,0,0,0,0,0,0,0,0,0,0,0,0,0,0,0,0,0,0,0,0,0,0,0,0,0,0,0,0,0,0,0,0,0,0,0,0,0,0,0,0,0,0,0,0,0,0,0,0,0,0,0,0,0,0,0,0,0,0,0,0,0,0,0,0,0,0,0,0,0,0,0,0,0,0,0,0,0,0,0,0,0,0,0,0,0,0,0,0,0,0,0,0,0,0,0,0,0,0,0,0,0,0,0,0,0,0,0,0,0,0,0,0,0,0,0,0,0,0,0,0,0,0,0,0,0,0,0,0,0,0,0,0,0,0,0,0,0,0,0,0,0,0,0,0,0,0,0,0,0,0,0,0,0,0,0,0,0,0,0,0,0,0,0,0,0,0,0,0,0,0,0,0,0,0,0,0,0,0,0,0,0,0,0,0,0,0,0,0,0,0,0,0,0,0,0,0,0,0,0,0,0,0,0,0,0,0,0,0,0,0,0,0,0,0,0,0,0,0,0,0,0,0,0,0,0,0,0,0
0.0391364393354726,0.028737966611154,0.0285754904748365,0.0365571306714326,0.0384865347902027,0.0435029854990048,0.043299890328608,0.050002030951704,0.0484788171737276,0.0502660546732199,0.0538405296722044,0.0504082212924977,0.0514440066615216,0.053414029814371,0.0535358869166091,0.0458588894756083,0.0477882935943783,0.0398472724318616,0.0364555830862342,0.0288395141963524,0.0253462772655266,0.0214265404768675,0.0201064218692879,0.0204313741419229,0.0155977090864779,0.0107640440310329,0.00731142613428653,0.00471180795320687,0.00272147528331776,0.00164507088021447,0.000913928266785816,0.000324952272634957,0.000203095170396848,2.03095170396848e-05,0,0,0,0,0,0,0,0,0,0,0,0,0,0,0,0,0,0,0,0,0,0,0,0,0,0,0,0,0,0,0,0,0,0,0,0,0,0,0,0,0,0,0,0,0,0,0,0,0,0,0,0,0,0,0,0,0,0,0,0,0,0,0,0,0,0,0,0,0,0,0,0,0,0,0,0,0,0,0,0,0,0,0,0,0,0,0,0,0,0,0,0,0,0,0,0,0,0,0,0,0,0,0,0,0,0,0,0,0,0,0,0,0,0,0,0,0,0,0,0,0,0,0,0,0,0,0,0,0,0,0,0,0,0,0,0,0,0,0,0,0,0,0,0,0,0,0,0,0,0,0,0,0,0,0,0,0,0,0,0,0,0,0,0,0,0,0,0,0,0,0,0,0,0,0,0,0,0,0,0,0,0,0,0,0,0,0,0,0,0,0,0,0,0,0,0,0,0,0,0,0,0,0,0,0,0,0,0,0,0,0,0,0,0,0,0,0,0,0,0,0,0,0,0,0,0,0,0,0,0,0,0,0,0,0,0,0,0,0,0,0,0,0,0,0,0,0,0,0,0,0,0,0,0,0,0,0,0,0,0,0,0,0,0,0,0,0,0,0,0,0,0,0,0,0,0,0,0,0,0,0,0,0,0,0,0,0,0,0,0,0,0,0,0,0,0,0,0,0,0,0,0,0,0,0,0,0,0,0,0,0,0,0,0,0,0,0,0,0,0,0,0,0,0,0,0,0,0,0,0,0,0,0,0,0,0,0,0,0,0,0,0,0,0,0,0,0,0,0,0,0,0,0,0,0,0,0,0,0,0,0,0,0,0,0,0,0,0,0,0,0,0,0,0,0,0,0,0,0,0,0,0,0,0,0,0,0,0,0,0,0,0,0,0,0,0,0,0,0,0,0,0,0,0,0,0,0,0,0,0,0,0,0,0,0,0,0,0,0,0,0,0,0,0,0,0,0,0,0,0,0,0,0,0,0,0,0,0,0,0,0,0,0,0,0,0,0,0,0,0,0,0,0,0,0,0,0,0,0,0,0,0,0,0,0,0,0,0,0,0,0,0,0,0,0,0,0,0,0,0,0,0,0,0,0,0,0,0,0,0,0,0,0,0,0,0,0,0,0,0,0,0,0,0,0,0,0,0,0,0,0,0,0,0,0,0,0,0,0,0,0,0,0,0,0
0.0385315313129352,0.0260112100550797,0.0283163079610802,0.0389925508941353,0.039623419794725,0.0510275883823066,0.0545944240894863,0.0524834396913595,0.0560017470215709,0.0556863125712761,0.0569965787494237,0.0547400092203916,0.051076116759275,0.0473394317327057,0.048940868172664,0.0427049717322204,0.0360808482760294,0.0354985077524082,0.0306699342440492,0.0271273627253537,0.0211826365467207,0.0205275034576469,0.0192415014679834,0.0179069711013515,0.01145269696455,0.0105063936136656,0.0108218280639604,0.00638148157134885,0.00410064785383253,0.00281464586416907,0.00169849319389513,0.000339698638779026,0.000558076335136971,2.42641884842161e-05,0,0,0,0,0,0,0,0,0,0,0,0,0,0,0,0,0,0,0,0,0,0,0,0,0,0,0,0,0,0,0,0,0,0,0,0,0,0,0,0,0,0,0,0,0,0,0,0,0,0,0,0,0,0,0,0,0,0,0,0,0,0,0,0,0,0,0,0,0,0,0,0,0,0,0,0,0,0,0,0,0,0,0,0,0,0,0,0,0,0,0,0,0,0,0,0,0,0,0,0,0,0,0,0,0,0,0,0,0,0,0,0,0,0,0,0,0,0,0,0,0,0,0,0,0,0,0,0,0,0,0,0,0,0,0,0,0,0,0,0,0,0,0,0,0,0,0,0,0,0,0,0,0,0,0,0,0,0,0,0,0,0,0,0,0,0,0,0,0,0,0,0,0,0,0,0,0,0,0,0,0,0,0,0,0,0,0,0,0,0,0,0,0,0,0,0,0,0,0,0,0,0,0,0,0,0,0,0,0,0,0,0,0,0,0,0,0,0,0,0,0,0,0,0,0,0,0,0,0,0,0,0,0,0,0,0,0,0,0,0,0,0,0,0,0,0,0,0,0,0,0,0,0,0,0,0,0,0,0,0,0,0,0,0,0,0,0,0,0,0,0,0,0,0,0,0,0,0,0,0,0,0,0,0,0,0,0,0,0,0,0,0,0,0,0,0,0,0,0,0,0,0,0,0,0,0,0,0,0,0,0,0,0,0,0,0,0,0,0,0,0,0,0,0,0,0,0,0,0,0,0,0,0,0,0,0,0,0,0,0,0,0,0,0,0,0,0,0,0,0,0,0,0,0,0,0,0,0,0,0,0,0,0,0,0,0,0,0,0,0,0,0,0,0,0,0,0,0,0,0,0,0,0,0,0,0,0,0,0,0,0,0,0,0,0,0,0,0,0,0,0,0,0,0,0,0,0,0,0,0,0,0,0,0,0,0,0,0,0,0,0,0,0,0,0,0,0,0,0,0,0,0,0,0,0,0,0,0,0,0,0,0,0,0,0,0,0,0,0,0,0,0,0,0,0,0,0,0,0,0,0,0,0,0,0,0,0,0,0,0,0,0,0,0,0,0,0,0,0,0,0,0,0,0,0,0,0,0,0,0,0,0,0,0,0,0,0,0,0,0,0,0,0,0,0,0,0,0,0,0,0,0,0,0,0,0,0,0,0,0,0,0,0,0,0
0.0332283960333701,0.0250432866362349,0.0260506847158823,0.0291673225247914,0.0412875806705493,0.0424051629151582,0.0492838029277507,0.053848575476153,0.0574846529198804,0.0594207461042027,0.0616559105934204,0.0560522587753817,0.0533763576263183,0.0531087675114119,0.0488273256729104,0.0440894065795687,0.0362663308673068,0.0341413505430505,0.0300487958444829,0.0249173618762789,0.0263340154257831,0.0212025814575791,0.0181174248386589,0.0166692900991657,0.0153155989296395,0.0134582087202896,0.0107193451912482,0.00856288367700299,0.005131433968204,0.00300645364394774,0.00099165748465292,0.000487958444829215,0.000251849519911853,4.72217849834724e-05,0,0,0,0,0,0,0,0,0,0,0,0,0,0,0,0,0,0,0,0,0,0,0,0,0,0,0,0,0,0,0,0,0,0,0,0,0,0,0,0,0,0,0,0,0,0,0,0,0,0,0,0,0,0,0,0,0,0,0,0,0,0,0,0,0,0,0,0,0,0,0,0,0,0,0,0,0,0,0,0,0,0,0,0,0,0,0,0,0,0,0,0,0,0,0,0,0,0,0,0,0,0,0,0,0,0,0,0,0,0,0,0,0,0,0,0,0,0,0,0,0,0,0,0,0,0,0,0,0,0,0,0,0,0,0,0,0,0,0,0,0,0,0,0,0,0,0,0,0,0,0,0,0,0,0,0,0,0,0,0,0,0,0,0,0,0,0,0,0,0,0,0,0,0,0,0,0,0,0,0,0,0,0,0,0,0,0,0,0,0,0,0,0,0,0,0,0,0,0,0,0,0,0,0,0,0,0,0,0,0,0,0,0,0,0,0,0,0,0,0,0,0,0,0,0,0,0,0,0,0,0,0,0,0,0,0,0,0,0,0,0,0,0,0,0,0,0,0,0,0,0,0,0,0,0,0,0,0,0,0,0,0,0,0,0,0,0,0,0,0,0,0,0,0,0,0,0,0,0,0,0,0,0,0,0,0,0,0,0,0,0,0,0,0,0,0,0,0,0,0,0,0,0,0,0,0,0,0,0,0,0,0,0,0,0,0,0,0,0,0,0,0,0,0,0,0,0,0,0,0,0,0,0,0,0,0,0,0,0,0,0,0,0,0,0,0,0,0,0,0,0,0,0,0,0,0,0,0,0,0,0,0,0,0,0,0,0,0,0,0,0,0,0,0,0,0,0,0,0,0,0,0,0,0,0,0,0,0,0,0,0,0,0,0,0,0,0,0,0,0,0,0,0,0,0,0,0,0,0,0,0,0,0,0,0,0,0,0,0,0,0,0,0,0,0,0,0,0,0,0,0,0,0,0,0,0,0,0,0,0,0,0,0,0,0,0,0,0,0,0,0,0,0,0,0,0,0,0,0,0,0,0,0,0,0,0,0,0,0,0,0,0,0,0,0,0,0,0,0,0,0,0,0,0,0,0,0,0,0,0,0,0,0,0,0,0,0,0,0,0,0,0,0,0,0,0,0,0,0,0,0,0,0,0,0,0,0,0,0,0,0,0,0,0,0
0.0352375130637115,0.0216512531303611,0.0265217991442037,0.031352907538501,0.0359473902155266,0.0413897817127758,0.0441701338907184,0.0480153017963836,0.0459645455800288,0.0481138958452468,0.0489420858556978,0.0528661290004535,0.05410841401613,0.0537731942499951,0.0538520694890856,0.0480744582257015,0.0425137538698164,0.0404235600339164,0.0395559324039201,0.0331473192278114,0.0306824680062311,0.0263837674757952,0.0205075621635478,0.01873286928401,0.0157553290083411,0.0117326918147221,0.00938615345177765,0.0072565219963323,0.00810443081655591,0.00289866503657839,0.00140003549385759,0.000788752390905685,0.0003746573856802,0.000354938575907558,1.97188097726421e-05,0,0,0,0,0,0,0,0,0,0,0,0,0,0,0,0,0,0,0,0,0,0,0,0,0,0,0,0,0,0,0,0,0,0,0,0,0,0,0,0,0,0,0,0,0,0,0,0,0,0,0,0,0,0,0,0,0,0,0,0,0,0,0,0,0,0,0,0,0,0,0,0,0,0,0,0,0,0,0,0,0,0,0,0,0,0,0,0,0,0,0,0,0,0,0,0,0,0,0,0,0,0,0,0,0,0,0,0,0,0,0,0,0,0,0,0,0,0,0,0,0,0,0,0,0,0,0,0,0,0,0,0,0,0,0,0,0,0,0,0,0,0,0,0,0,0,0,0,0,0,0,0,0,0,0,0,0,0,0,0,0,0,0,0,0,0,0,0,0,0,0,0,0,0,0,0,0,0,0,0,0,0,0,0,0,0,0,0,0,0,0,0,0,0,0,0,0,0,0,0,0,0,0,0,0,0,0,0,0,0,0,0,0,0,0,0,0,0,0,0,0,0,0,0,0,0,0,0,0,0,0,0,0,0,0,0,0,0,0,0,0,0,0,0,0,0,0,0,0,0,0,0,0,0,0,0,0,0,0,0,0,0,0,0,0,0,0,0,0,0,0,0,0,0,0,0,0,0,0,0,0,0,0,0,0,0,0,0,0,0,0,0,0,0,0,0,0,0,0,0,0,0,0,0,0,0,0,0,0,0,0,0,0,0,0,0,0,0,0,0,0,0,0,0,0,0,0,0,0,0,0,0,0,0,0,0,0,0,0,0,0,0,0,0,0,0,0,0,0,0,0,0,0,0,0,0,0,0,0,0,0,0,0,0,0,0,0,0,0,0,0,0,0,0,0,0,0,0,0,0,0,0,0,0,0,0,0,0,0,0,0,0,0,0,0,0,0,0,0,0,0,0,0,0,0,0,0,0,0,0,0,0,0,0,0,0,0,0,0,0,0,0,0,0,0,0,0,0,0,0,0,0,0,0,0,0,0,0,0,0,0,0,0,0,0,0,0,0,0,0,0,0,0,0,0,0,0,0,0,0,0,0,0,0,0,0,0,0,0,0,0,0,0,0,0,0,0,0,0,0,0,0,0,0,0,0,0,0,0,0,0,0,0,0,0,0,0,0,0,0,0,0,0,0,0,0,0,0,0,0,0,0,0,0,0,0,0,0,0,0,0,0,0,0
0.0321839588257383,0.0220891961741512,0.024099313025999,0.0303947339356321,0.033884826931148,0.0410196372953988,0.0427205054008085,0.0488392127410484,0.0501866537076716,0.0510702215546376,0.0544056901769345,0.0578736939762762,0.0540743522343222,0.0534116763490977,0.0516887190475139,0.0524618409136092,0.0489496587219191,0.0425437918314153,0.0307702502705927,0.0262419650548917,0.0248945240882684,0.0205429524419606,0.0206313092266572,0.0173179298005346,0.0162797375803495,0.0139161935897153,0.0125466634269179,0.00916701641227276,0.00611870734023989,0.00466082039274591,0.00313666585672947,0.00141370855514568,0.000198802765567361,0.000242981157915663,2.20891961741512e-05,0,0,0,0,0,0,0,0,0,0,0,0,0,0,0,0,0,0,0,0,0,0,0,0,0,0,0,0,0,0,0,0,0,0,0,0,0,0,0,0,0,0,0,0,0,0,0,0,0,0,0,0,0,0,0,0,0,0,0,0,0,0,0,0,0,0,0,0,0,0,0,0,0,0,0,0,0,0,0,0,0,0,0,0,0,0,0,0,0,0,0,0,0,0,0,0,0,0,0,0,0,0,0,0,0,0,0,0,0,0,0,0,0,0,0,0,0,0,0,0,0,0,0,0,0,0,0,0,0,0,0,0,0,0,0,0,0,0,0,0,0,0,0,0,0,0,0,0,0,0,0,0,0,0,0,0,0,0,0,0,0,0,0,0,0,0,0,0,0,0,0,0,0,0,0,0,0,0,0,0,0,0,0,0,0,0,0,0,0,0,0,0,0,0,0,0,0,0,0,0,0,0,0,0,0,0,0,0,0,0,0,0,0,0,0,0,0,0,0,0,0,0,0,0,0,0,0,0,0,0,0,0,0,0,0,0,0,0,0,0,0,0,0,0,0,0,0,0,0,0,0,0,0,0,0,0,0,0,0,0,0,0,0,0,0,0,0,0,0,0,0,0,0,0,0,0,0,0,0,0,0,0,0,0,0,0,0,0,0,0,0,0,0,0,0,0,0,0,0,0,0,0,0,0,0,0,0,0,0,0,0,0,0,0,0,0,0,0,0,0,0,0,0,0,0,0,0,0,0,0,0,0,0,0,0,0,0,0,0,0,0,0,0,0,0,0,0,0,0,0,0,0,0,0,0,0,0,0,0,0,0,0,0,0,0,0,0,0,0,0,0,0,0,0,0,0,0,0,0,0,0,0,0,0,0,0,0,0,0,0,0,0,0,0,0,0,0,0,0,0,0,0,0,0,0,0,0,0,0,0,0,0,0,0,0,0,0,0,0,0,0,0,0,0,0,0,0,0,0,0,0,0,0,0,0,0,0,0,0,0,0,0,0,0,0,0,0,0,0,0,0,0,0,0,0,0,0,0,0,0,0,0,0,0,0,0,0,0,0,0,0,0,0,0,0,0,0,0,0,0,0,0,0,0,0,0,0,0,0,0,0,0,0,0,0,0,0,0,0,0,0,0,0,0,0,0,0,0,0,0,0,0,0,0,0,0,0,0,0,0,0,0,0,0
0.0467803494520116,0.0286774747014952,0.038656815714836,0.0473405931580237,0.0500717812248328,0.0601561679330509,0.0577051017192479,0.0694001890822508,0.0637277215588781,0.0583703911201373,0.0561294162960888,0.0490913547393116,0.0499667355299555,0.0456248468083616,0.0382716481669526,0.0339297594453587,0.0284323680801148,0.028992611786127,0.022934976714871,0.0228299310199937,0.0240204488952694,0.0159319303897195,0.013410833712665,0.0130256661647817,0.0112398893518681,0.00910396022269687,0.00696803109352568,0.00395672117371056,0.00241605098217725,0.00168073111803635,0.000945411253895445,0.000210091389754543,0,0,0,0,0,0,0,0,0,0,0,0,0,0,0,0,0,0,0,0,0,0,0,0,0,0,0,0,0,0,0,0,0,0,0,0,0,0,0,0,0,0,0,0,0,0,0,0,0,0,0,0,0,0,0,0,0,0,0,0,0,0,0,0,0,0,0,0,0,0,0,0,0,0,0,0,0,0,0,0,0,0,0,0,0,0,0,0,0,0,0,0,0,0,0,0,0,0,0,0,0,0,0,0,0,0,0,0,0,0,0,0,0,0,0,0,0,0,0,0,0,0,0,0,0,0,0,0,0,0,0,0,0,0,0,0,0,0,0,0,0,0,0,0,0,0,0,0,0,0,0,0,0,0,0,0,0,0,0,0,0,0,0,0,0,0,0,0,0,0,0,0,0,0,0,0,0,0,0,0,0,0,0,0,0,0,0,0,0,0,0,0,0,0,0,0,0,0,0,0,0,0,0,0,0,0,0,0,0,0,0,0,0,0,0,0,0,0,0,0,0,0,0,0,0,0,0,0,0,0,0,0,0,0,0,0,0,0,0,0,0,0,0,0,0,0,0,0,0,0,0,0,0,0,0,0,0,0,0,0,0,0,0,0,0,0,0,0,0,0,0,0,0,0,0,0,0,0,0,0,0,0,0,0,0,0,0,0,0,0,0,0,0,0,0,0,0,0,0,0,0,0,0,0,0,0,0,0,0,0,0,0,0,0,0,0,0,0,0,0,0,0,0,0,0,0,0,0,0,0,0,0,0,0,0,0,0,0,0,0,0,0,0,0,0,0,0,0,0,0,0,0,0,0,0,0,0,0,0,0,0,0,0,0,0,0,0,0,0,0,0,0,0,0,0,0,0,0,0,0,0,0,0,0,0,0,0,0,0,0,0,0,0,0,0,0,0,0,0,0,0,0,0,0,0,0,0,0,0,0,0,0,0,0,0,0,0,0,0,0,0,0,0,0,0,0,0,0,0,0,0,0,0,0,0,0,0,0,0,0,0,0,0,0,0,0,0,0,0,0,0,0,0,0,0,0,0,0,0,0,0,0,0,0,0,0,0,0,0,0,0,0,0,0,0,0,0,0,0,0,0,0,0,0,0,0,0,0,0,0,0,0,0,0,0,0,0,0,0,0,0,0,0,0,0,0,0,0,0,0,0,0,0,0,0,0,0,0,0,0,0,0,0,0,0,0,0
0.0350736511810337,0.0251547110607513,0.0262703739213806,0.0304366774165432,0.0376884860106337,0.0445916499607775,0.0471193236293907,0.0517214329294866,0.0495772683692147,0.0556785496382812,0.0565850257125425,0.0548418024928092,0.0517040006972893,0.0482524187222174,0.0446613788895668,0.0435631482611348,0.0418373572735989,0.0392399546761963,0.037235247973503,0.0314826113483832,0.0283796740172579,0.0240041837357274,0.0213021877451408,0.0163688660332956,0.0143118626340103,0.0123768848601063,0.011627298875621,0.0076353177024318,0.0048287283186612,0.00325982742090125,0.00184781661291728,0.00108079839623464,0.000226619018565327,3.48644643946657e-05,0,0,0,0,0,0,0,0,0,0,0,0,0,0,0,0,0,0,0,0,0,0,0,0,0,0,0,0,0,0,0,0,0,0,0,0,0,0,0,0,0,0,0,0,0,0,0,0,0,0,0,0,0,0,0,0,0,0,0,0,0,0,0,0,0,0,0,0,0,0,0,0,0,0,0,0,0,0,0,0,0,0,0,0,0,0,0,0,0,0,0,0,0,0,0,0,0,0,0,0,0,0,0,0,0,0,0,0,0,0,0,0,0,0,0,0,0,0,0,0,0,0,0,0,0,0,0,0,0,0,0,0,0,0,0,0,0,0,0,0,0,0,0,0,0,0,0,0,0,0,0,0,0,0,0,0,0,0,0,0,0,0,0,0,0,0,0,0,0,0,0,0,0,0,0,0,0,0,0,0,0,0,0,0,0,0,0,0,0,0,0,0,0,0,0,0,0,0,0,0,0,0,0,0,0,0,0,0,0,0,0,0,0,0,0,0,0,0,0,0,0,0,0,0,0,0,0,0,0,0,0,0,0,0,0,0,0,0,0,0,0,0,0,0,0,0,0,0,0,0,0,0,0,0,0,0,0,0,0,0,0,0,0,0,0,0,0,0,0,0,0,0,0,0,0,0,0,0,0,0,0,0,0,0,0,0,0,0,0,0,0,0,0,0,0,0,0,0,0,0,0,0,0,0,0,0,0,0,0,0,0,0,0,0,0,0,0,0,0,0,0,0,0,0,0,0,0,0,0,0,0,0,0,0,0,0,0,0,0,0,0,0,0,0,0,0,0,0,0,0,0,0,0,0,0,0,0,0,0,0,0,0,0,0,0,0,0,0,0,0,0,0,0,0,0,0,0,0,0,0,0,0,0,0,0,0,0,0,0,0,0,0,0,0,0,0,0,0,0,0,0,0,0,0,0,0,0,0,0,0,0,0,0,0,0,0,0,0,0,0,0,0,0,0,0,0,0,0,0,0,0,0,0,0,0,0,0,0,0,0,0,0,0,0,0,0,0,0,0,0,0,0,0,0,0,0,0,0,0,0,0,0,0,0,0,0,0,0,0,0,0,0,0,0,0,0,0,0,0,0,0,0,0,0,0,0,0,0,0,0,0,0,0,0,0,0,0,0,0,0,0,0,0,0,0,0,0,0,0,0,0,0,0,0,0,0,0,0,0,0,0,0,0,0,0
0.0308614704954244,0.0221047649100663,0.0276112338277059,0.0335279267907857,0.0406279583464815,0.0429157462922057,0.0459135373934995,0.0488797727989902,0.0529977911012938,0.0555538024613443,0.0601767118964973,0.0610760492268855,0.0617544966866519,0.0511202272010098,0.0490691069738088,0.0429946355317135,0.0396339539286841,0.0396181760807826,0.033796150205112,0.0290943515304512,0.0244714420952982,0.0227989902177343,0.0181603029346797,0.0170558535815715,0.0137740612180499,0.0107131587251499,0.00781003471126538,0.00556958030924582,0.00467024297885768,0.00340801514673399,0.00142000631113916,0.000646891763963395,0.000142000631113916,3.15556958030925e-05,0,0,0,0,0,0,0,0,0,0,0,0,0,0,0,0,0,0,0,0,0,0,0,0,0,0,0,0,0,0,0,0,0,0,0,0,0,0,0,0,0,0,0,0,0,0,0,0,0,0,0,0,0,0,0,0,0,0,0,0,0,0,0,0,0,0,0,0,0,0,0,0,0,0,0,0,0,0,0,0,0,0,0,0,0,0,0,0,0,0,0,0,0,0,0,0,0,0,0,0,0,0,0,0,0,0,0,0,0,0,0,0,0,0,0,0,0,0,0,0,0,0,0,0,0,0,0,0,0,0,0,0,0,0,0,0,0,0,0,0,0,0,0,0,0,0,0,0,0,0,0,0,0,0,0,0,0,0,0,0,0,0,0,0,0,0,0,0,0,0,0,0,0,0,0,0,0,0,0,0,0,0,0,0,0,0,0,0,0,0,0,0,0,0,0,0,0,0,0,0,0,0,0,0,0,0,0,0,0,0,0,0,0,0,0,0,0,0,0,0,0,0,0,0,0,0,0,0,0,0,0,0,0,0,0,0,0,0,0,0,0,0,0,0,0,0,0,0,0,0,0,0,0,0,0,0,0,0,0,0,0,0,0,0,0,0,0,0,0,0,0,0,0,0,0,0,0,0,0,0,0,0,0,0,0,0,0,0,0,0,0,0,0,0,0,0,0,0,0,0,0,0,0,0,0,0,0,0,0,0,0,0,0,0,0,0,0,0,0,0,0,0,0,0,0,0,0,0,0,0,0,0,0,0,0,0,0,0,0,0,0,0,0,0,0,0,0,0,0,0,0,0,0,0,0,0,0,0,0,0,0,0,0,0,0,0,0,0,0,0,0,0,0,0,0,0,0,0,0,0,0,0,0,0,0,0,0,0,0,0,0,0,0,0,0,0,0,0,0,0,0,0,0,0,0,0,0,0,0,0,0,0,0,0,0,0,0,0,0,0,0,0,0,0,0,0,0,0,0,0,0,0,0,0,0,0,0,0,0,0,0,0,0,0,0,0,0,0,0,0,0,0,0,0,0,0,0,0,0,0,0,0,0,0,0,0,0,0,0,0,0,0,0,0,0,0,0,0,0,0,0,0,0,0,0,0,0,0,0,0,0,0,0,0,0,0,0,0,0,0,0,0,0,0,0,0,0,0,0,0,0,0,0,0,0,0,0,0,0,0,0,0,0,0,0
0.0344429550193625,0.0231605600238308,0.0275171283884421,0.034908400357462,0.0355600238308013,0.0440125111706881,0.0457998212689902,0.0543081620494489,0.0494302949061662,0.0494489127196902,0.048685582365207,0.0513851653261841,0.0485366398570152,0.0434725945784927,0.0429699136133452,0.0435843014596366,0.0398607387548406,0.0371797736073875,0.0368818885910039,0.0320598748882931,0.0288389931486446,0.0244638069705094,0.0253946976467084,0.0206657730116175,0.0206099195710456,0.0184502532022639,0.0152479892761394,0.0112079237414358,0.00595770032767352,0.00338844206136431,0.00121015787905868,0.00068885910038725,0.000409591897527554,0.000242031575811737,1.86178135239797e-05,0,0,0,0,0,0,0,0,0,0,0,0,0,0,0,0,0,0,0,0,0,0,0,0,0,0,0,0,0,0,0,0,0,0,0,0,0,0,0,0,0,0,0,0,0,0,0,0,0,0,0,0,0,0,0,0,0,0,0,0,0,0,0,0,0,0,0,0,0,0,0,0,0,0,0,0,0,0,0,0,0,0,0,0,0,0,0,0,0,0,0,0,0,0,0,0,0,0,0,0,0,0,0,0,0,0,0,0,0,0,0,0,0,0,0,0,0,0,0,0,0,0,0,0,0,0,0,0,0,0,0,0,0,0,0,0,0,0,0,0,0,0,0,0,0,0,0,0,0,0,0,0,0,0,0,0,0,0,0,0,0,0,0,0,0,0,0,0,0,0,0,0,0,0,0,0,0,0,0,0,0,0,0,0,0,0,0,0,0,0,0,0,0,0,0,0,0,0,0,0,0,0,0,0,0,0,0,0,0,0,0,0,0,0,0,0,0,0,0,0,0,0,0,0,0,0,0,0,0,0,0,0,0,0,0,0,0,0,0,0,0,0,0,0,0,0,0,0,0,0,0,0,0,0,0,0,0,0,0,0,0,0,0,0,0,0,0,0,0,0,0,0,0,0,0,0,0,0,0,0,0,0,0,0,0,0,0,0,0,0,0,0,0,0,0,0,0,0,0,0,0,0,0,0,0,0,0,0,0,0,0,0,0,0,0,0,0,0,0,0,0,0,0,0,0,0,0,0,0,0,0,0,0,0,0,0,0,0,0,0,0,0,0,0,0,0,0,0,0,0,0,0,0,0,0,0,0,0,0,0,0,0,0,0,0,0,0,0,0,0,0,0,0,0,0,0,0,0,0,0,0,0,0,0,0,0,0,0,0,0,0,0,0,0,0,0,0,0,0,0,0,0,0,0,0,0,0,0,0,0,0,0,0,0,0,0,0,0,0,0,0,0,0,0,0,0,0,0,0,0,0,0,0,0,0,0,0,0,0,0,0,0,0,0,0,0,0,0,0,0,0,0,0,0,0,0,0,0,0,0,0,0,0,0,0,0,0,0,0,0,0,0,0,0,0,0,0,0,0,0,0,0,0,0,0,0,0,0,0,0,0,0,0,0,0,0,0,0,0,0,0,0,0,0,0,0,0,0,0,0,0,0,0,0,0,0,0,0,0,0,0,0,0,0
0.0441000654169768,0.02936996684036,0.0323475671651891,0.0385283435970314,0.0449798109674945,0.0510703570864632,0.0508673388824976,0.0521305632627281,0.0614242854887099,0.0622363583045724,0.0597775822787666,0.0642439827660102,0.0583113396945704,0.0496943448151406,0.0428368410367463,0.0370621010128353,0.0351221492860527,0.0326633732602468,0.0244975299451851,0.0211138932124247,0.0217229478243216,0.0213845841510455,0.0173242200717331,0.0160609956915026,0.00976743136856827,0.00760190385960163,0.00674471588730234,0.00281969727730031,0.00169181836638019,0.00166926078816178,0.000654169768333672,4.51151564368049e-05,0.000135345469310415,0,0,0,0,0,0,0,0,0,0,0,0,0,0,0,0,0,0,0,0,0,0,0,0,0,0,0,0,0,0,0,0,0,0,0,0,0,0,0,0,0,0,0,0,0,0,0,0,0,0,0,0,0,0,0,0,0,0,0,0,0,0,0,0,0,0,0,0,0,0,0,0,0,0,0,0,0,0,0,0,0,0,0,0,0,0,0,0,0,0,0,0,0,0,0,0,0,0,0,0,0,0,0,0,0,0,0,0,0,0,0,0,0,0,0,0,0,0,0,0,0,0,0,0,0,0,0,0,0,0,0,0,0,0,0,0,0,0,0,0,0,0,0,0,0,0,0,0,0,0,0,0,0,0,0,0,0,0,0,0,0,0,0,0,0,0,0,0,0,0,0,0,0,0,0,0,0,0,0,0,0,0,0,0,0,0,0,0,0,0,0,0,0,0,0,0,0,0,0,0,0,0,0,0,0,0,0,0,0,0,0,0,0,0,0,0,0,0,0,0,0,0,0,0,0,0,0,0,0,0,0,0,0,0,0,0,0,0,0,0,0,0,0,0,0,0,0,0,0,0,0,0,0,0,0,0,0,0,0,0,0,0,0,0,0,0,0,0,0,0,0,0,0,0,0,0,0,0,0,0,0,0,0,0,0,0,0,0,0,0,0,0,0,0,0,0,0,0,0,0,0,0,0,0,0,0,0,0,0,0,0,0,0,0,0,0,0,0,0,0,0,0,0,0,0,0,0,0,0,0,0,0,0,0,0,0,0,0,0,0,0,0,0,0,0,0,0,0,0,0,0,0,0,0,0,0,0,0,0,0,0,0,0,0,0,0,0,0,0,0,0,0,0,0,0,0,0,0,0,0,0,0,0,0,0,0,0,0,0,0,0,0,0,0,0,0,0,0,0,0,0,0,0,0,0,0,0,0,0,0,0,0,0,0,0,0,0,0,0,0,0,0,0,0,0,0,0,0,0,0,0,0,0,0,0,0,0,0,0,0,0,0,0,0,0,0,0,0,0,0,0,0,0,0,0,0,0,0,0,0,0,0,0,0,0,0,0,0,0,0,0,0,0,0,0,0,0,0,0,0,0,0,0,0,0,0,0,0,0,0,0,0,0,0,0,0,0,0,0,0,0,0,0,0,0,0,0,0,0,0,0,0,0,0,0,0,0,0,0,0,0,0,0,0,0,0
0.0514976542764345,0.0286539155539516,0.0295922049801516,0.0409238542042584,0.051389390111873,0.0590039696860339,0.0556477805846265,0.0544568747744497,0.0598339949476723,0.0623962468422952,0.0610249007578492,0.0626849512811259,0.0509924215084807,0.0491158426560808,0.0475279682425117,0.0468783832551425,0.0310357271743053,0.0232046192710213,0.0253338145073981,0.0192710212919524,0.0218332731865752,0.0143269577769758,0.0111151208949838,0.01014074341393,0.00866113316492241,0.00602670516059184,0.00429447852760736,0.00335618910140743,0.00443883074702274,0.00346445326596896,0.000757849151930711,0.000505232767953807,0.000577408877661494,3.60880548538434e-05,0,0,0,0,0,0,0,0,0,0,0,0,0,0,0,0,0,0,0,0,0,0,0,0,0,0,0,0,0,0,0,0,0,0,0,0,0,0,0,0,0,0,0,0,0,0,0,0,0,0,0,0,0,0,0,0,0,0,0,0,0,0,0,0,0,0,0,0,0,0,0,0,0,0,0,0,0,0,0,0,0,0,0,0,0,0,0,0,0,0,0,0,0,0,0,0,0,0,0,0,0,0,0,0,0,0,0,0,0,0,0,0,0,0,0,0,0,0,0,0,0,0,0,0,0,0,0,0,0,0,0,0,0,0,0,0,0,0,0,0,0,0,0,0,0,0,0,0,0,0,0,0,0,0,0,0,0,0,0,0,0,0,0,0,0,0,0,0,0,0,0,0,0,0,0,0,0,0,0,0,0,0,0,0,0,0,0,0,0,0,0,0,0,0,0,0,0,0,0,0,0,0,0,0,0,0,0,0,0,0,0,0,0,0,0,0,0,0,0,0,0,0,0,0,0,0,0,0,0,0,0,0,0,0,0,0,0,0,0,0,0,0,0,0,0,0,0,0,0,0,0,0,0,0,0,0,0,0,0,0,0,0,0,0,0,0,0,0,0,0,0,0,0,0,0,0,0,0,0,0,0,0,0,0,0,0,0,0,0,0,0,0,0,0,0,0,0,0,0,0,0,0,0,0,0,0,0,0,0,0,0,0,0,0,0,0,0,0,0,0,0,0,0,0,0,0,0,0,0,0,0,0,0,0,0,0,0,0,0,0,0,0,0,0,0,0,0,0,0,0,0,0,0,0,0,0,0,0,0,0,0,0,0,0,0,0,0,0,0,0,0,0,0,0,0,0,0,0,0,0,0,0,0,0,0,0,0,0,0,0,0,0,0,0,0,0,0,0,0,0,0,0,0,0,0,0,0,0,0,0,0,0,0,0,0,0,0,0,0,0,0,0,0,0,0,0,0,0,0,0,0,0,0,0,0,0,0,0,0,0,0,0,0,0,0,0,0,0,0,0,0,0,0,0,0,0,0,0,0,0,0,0,0,0,0,0,0,0,0,0,0,0,0,0,0,0,0,0,0,0,0,0,0,0,0,0,0,0,0,0,0,0,0,0,0,0,0,0,0,0,0,0,0,0,0,0,0,0,0,0,0,0,0,0,0,0,0,0,0,0,0,0,0,0,0
0.0649250864387245,0.0213215520553208,0.0206812652068127,0.027084133691894,0.022602125752337,0.034255346395185,0.0337431169163785,0.0298373671404789,0.0351517479830964,0.0337431169163785,0.0364963503649635,0.0315021129466001,0.0312459982071968,0.0350877192982456,0.0367524651043668,0.0434754770137021,0.0440517351773595,0.0377769240619798,0.0360481495710078,0.0408503009348188,0.0441157638622103,0.0456524522986298,0.0337431169163785,0.0306057113586887,0.0239467281342041,0.0221539249583814,0.0225380970674862,0.0176719170188244,0.0109489051094891,0.00857984377000896,0.0122935074913561,0.00704315533358945,0.00717121270329107,0.00525035215776668,0.00416186451530286,0.0033935202970931,0.00192086054552439,0.000384172109104879,0.00140863106671789,6.40286848508132e-05,0.000320143424254066,0,0,0,0,0,0,0,0,0,0,0,0,0,0,0,0,0,0,0,0,0,0,0,0,0,0,0,0,0,0,0,0,0,0,0,0,0,0,0,0,0,0,0,0,0,0,0,0,0,0,0,0,0,0,0,0,0,0,0,0,0,0,0,0,0,0,0,0,0,0,0,0,0,0,0,0,0,0,0,0,0,0,0,0,0,0,0,0,0,0,0,0,0,0,0,0,0,0,0,0,0,0,0,0,0,0,0,0,0,0,0,0,0,0,0,0,0,0,0,0,0,0,0,0,0,0,0,0,0,0,0,0,0,0,0,0,0,0,0,0,0,0,0,0,0,0,0,0,0,0,0,0,0,0,0,0,0,0,0,0,0,0,0,0,0,0,0,0,0,0,0,0,0,0,0,0,0,0,0,0,0,0,0,0,0,0,0,0,0,0,0,0,0,0,0,0,0,0,0,0,0,0,0,0,0,0,0,0,0,0,0,0,0,0,0,0,0,0,0,0,0,0,0,0,0,0,0,0,0,0,0,0,0,0,0,0,0,0,0,0,0,0,0,0,0,0,0,0,0,0,0,0,0,0,0,0,0,0,0,0,0,0,0,0,0,0,0,0,0,0,0,0,0,0,0,0,0,0,0,0,0,0,0,0,0,0,0,0,0,0,0,0,0,0,0,0,0,0,0,0,0,0,0,0,0,0,0,0,0,0,0,0,0,0,0,0,0,0,0,0,0,0,0,0,0,0,0,0,0,0,0,0,0,0,0,0,0,0,0,0,0,0,0,0,0,0,0,0,0,0,0,0,0,0,0,0,0,0,0,0,0,0,0,0,0,0,0,0,0,0,0,0,0,0,0,0,0,0,0,0,0,0,0,0,0,0,0,0,0,0,0,0,0,0,0,0,0,0,0,0,0,0,0,0,0,0,0,0,0,0,0,0,0,0,0,0,0,0,0,0,0,0,0,0,0,0,0,0,0,0,0,0,0,0,0,0,0,0,0,0,0,0,0,0,0,0,0,0,0,0,0,0,0,0,0,0,0,0,0,0,0,0,0,0,0,0,0,0,0,0,0,0,0,0,0,0,0,0,0,0,0,0,0,0,0,0,0,0,0,0,0,0,0,0,0,0,0,0,0,0,0,0,0,0,0,0,0,0,0,0,0,0,0,0,0,0,0,0
0.068339865975471,0.0148564926033633,0.0132127955493741,0.0180174484764193,0.0137817676065242,0.0197243646478695,0.0208623087621697,0.0253508661019092,0.0261094955114427,0.0257933999241371,0.0286382602098875,0.0250979896320647,0.0293336705019598,0.0324314072575547,0.0307244910861044,0.028891136679732,0.0348969528385384,0.0299026425591099,0.0338854469591605,0.0376785940068277,0.0339486660766216,0.0269313440384372,0.0330635984321659,0.0308509293210267,0.0225060058161588,0.0179542293589582,0.0229485396383866,0.0264888102162094,0.0241497028701479,0.0152990264255911,0.0192818308256417,0.0237703881653812,0.0242129219876091,0.0151725881906689,0.0147932734859021,0.0146668352509799,0.0159312176002023,0.0129599190795297,0.0116955367303072,0.00568972057150082,0.00613225439372866,0.00537362498419522,0.00297129852067265,0.00417246175243394,0.00341383234290049,0.00170691617145025,0.00151725881906689,0.000568972057150082,0.00101150587937792,0.00107472499683904,0.000442533822227842,6.32191174611202e-05,0.00012643823492224,0.000189657352383361,0.000758629409533443,0,0.000252876469844481,0,6.32191174611202e-05,0.000252876469844481,6.32191174611202e-05,0,0,0,0,0,0,0,0,0,0,0,0,0,0,0,0,0,0,0,0,0,0,0,0,0,0,0,0,0,0,0,0,0,0,0,0,0,0,0,0,0,0,0,0,0,0,0,0,0,0,0,0,0,0,0,0,0,0,0,0,0,0,0,0,0,0,0,0,0,0,0,0,0,0,0,0,0,0,0,0,0,0,0,0,0,0,0,0,0,0,0,0,0,0,0,0,0,0,0,0,0,0,0,0,0,0,0,0,0,0,0,0,0,0,0,0,0,0,0,0,0,0,0,0,0,0,0,0,0,0,0,0,0,0,0,0,0,0,0,0,0,0,0,0,0,0,0,0,0,0,0,0,0,0,0,0,0,0,0,0,0,0,0,0,0,0,0,0,0,0,0,0,0,0,0,0,0,0,0,0,0,0,0,0,0,0,0,0,0,0,0,0,0,0,0,0,0,0,0,0,0,0,0,0,0,0,0,0,0,0,0,0,0,0,0,0,0,0,0,0,0,0,0,0,0,0,0,0,0,0,0,0,0,0,0,0,0,0,0,0,0,0,0,0,0,0,0,0,0,0,0,0,0,0,0,0,0,0,0,0,0,0,0,0,0,0,0,0,0,0,0,0,0,0,0,0,0,0,0,0,0,0,0,0,0,0,0,0,0,0,0,0,0,0,0,0,0,0,0,0,0,0,0,0,0,0,0,0,0,0,0,0,0,0,0,0,0,0,0,0,0,0,0,0,0,0,0,0,0,0,0,0,0,0,0,0,0,0,0,0,0,0,0,0,0,0,0,0,0,0,0,0,0,0,0,0,0,0,0,0,0,0,0,0,0,0,0,0,0,0,0,0,0,0,0,0,0,0,0,0,0,0,0,0,0,0,0,0,0,0,0,0,0,0,0,0,0,0,0,0,0,0,0,0,0,0,0,0,0,0,0,0,0,0,0,0,0,0,0,0,0,0,0,0,0,0,0,0,0,0,0,0,0,0,0,0,0,0,0,0,0,0,0,0,0,0,0,0,0,0,0,0,0,0,0,0,0,0,0,0,0,0,0,0,0,0,0,0,0,0,0,0,0,0,0,0,0,0,0,0,0,0,0,0,0,0,0,0,0,0,0,0,0,0,0,0,0,0
0.0606060606060606,0.0183635065862047,0.00791642333398222,0.0104470832522224,0.0105119719680748,0.0138212964765427,0.0122639672960872,0.0113555252741548,0.0105768606839271,0.014080851339952,0.0145350723509182,0.0146648497826228,0.0150541820777367,0.0250470443189929,0.022581273116605,0.0231003828434235,0.023814158717799,0.020504834209331,0.0198559470508079,0.0196612809032509,0.0212834987995588,0.0221919408214911,0.0249172668872883,0.0261501524884823,0.021543053662968,0.0157679579521121,0.0194017260398417,0.0256310427616637,0.0199208357666602,0.0203101680617741,0.0249172668872883,0.0299136980079164,0.0182986178703523,0.0171306209850107,0.0227110505483096,0.0203101680617741,0.0181039517227954,0.019466614755694,0.0179092855752385,0.0199208357666602,0.0201155019142171,0.0147946272143274,0.0118746350009733,0.00973330737784699,0.0103173058205178,0.0123288560119395,0.0111608591265979,0.00707287002790215,0.00953864123029005,0.00804620076568685,0.00999286224125625,0.0117448575692687,0.0083057556290961,0.005385763415742,0.00519109726818506,0.00493154240477581,0.00532087469988969,0.00369865680358186,0.00532087469988969,0.00428265524625268,0.00259554863409253,0.00428265524625268,0.00473687625721887,0.00337421322432029,0.00233599377068328,0.00240088248653559,0.00162221789630783,0.00110310816948933,0.000713775874375446,0.000843553306080073,0.000454221010966193,0.000324443579261566,0.000454221010966193,0.000259554863409253,0.000259554863409253,0.000259554863409253,0.000129777431704627,0,6.48887158523133e-05,6.48887158523133e-05,0,0,0,0,0,0,0,0,0,0,0,0,0,0,0,0,0,0,0,0,0,0,0,0,0,0,0,0,0,0,0,0,0,0,0,0,0,0,0,0,0,0,0,0,0,0,0,0,0,0,0,0,0,0,0,0,0,0,0,0,0,0,0,0,0,0,0,0,0,0,0,0,0,0,0,0,0,0,0,0,0,0,0,0,0,0,0,0,0,0,0,0,0,0,0,0,0,0,0,0,0,0,0,0,0,0,0,0,0,0,0,0,0,0,0,0,0,0,0,0,0,0,0,0,0,0,0,0,0,0,0,0,0,0,0,0,0,0,0,0,0,0,0,0,0,0,0,0,0,0,0,0,0,0,0,0,0,0,0,0,0,0,0,0,0,0,0,0,0,0,0,0,0,0,0,0,0,0,0,0,0,0,0,0,0,0,0,0,0,0,0,0,0,0,0,0,0,0,0,0,0,0,0,0,0,0,0,0,0,0,0,0,0,0,0,0,0,0,0,0,0,0,0,0,0,0,0,0,0,0,0,0,0,0,0,0,0,0,0,0,0,0,0,0,0,0,0,0,0,0,0,0,0,0,0,0,0,0,0,0,0,0,0,0,0,0,0,0,0,0,0,0,0,0,0,0,0,0,0,0,0,0,0,0,0,0,0,0,0,0,0,0,0,0,0,0,0,0,0,0,0,0,0,0,0,0,0,0,0,0,0,0,0,0,0,0,0,0,0,0,0,0,0,0,0,0,0,0,0,0,0,0,0,0,0,0,0,0,0,0,0,0,0,0,0,0,0,0,0,0,0,0,0,0,0,0,0,0,0,0,0,0,0,0,0,0,0,0,0,0,0,0,0,0,0,0,0,0,0,0,0,0,0,0,0,0,0,0,0,0,0,0,0,0,0,0,0,0,0,0,0,0,0,0,0,0,0,0,0,0,0,0,0,0,0,0,0,0,0,0,0,0,0,0,0,0,0,0,0,0,0,0,0,0,0,0,0,0,0,0,0,0,0,0,0,0,0,0,0,0,0,0,0,0,0,0,0,0,0,0,0,0,0,0,0,0,0,0,0,0,0,0,0,0,0,0,0,0,0
0.0648601110317155,0.0250096190842632,0.0119276644863409,0.0118177320947617,0.00720057164843621,0.0067608420821195,0.00538668718737976,0.00994888143791568,0.0123673940526576,0.0126971912273952,0.00873962513054471,0.0124773264442368,0.0130269884021327,0.0187984389600396,0.01874347276425,0.0147859066673995,0.0146210080800308,0.012312427856868,0.0159951629747705,0.0203374924421481,0.0211070191832023,0.0180289122189853,0.0157752981916122,0.0174242840652998,0.0178640136316166,0.0192381685263563,0.0170395206947727,0.0204474248337273,0.0189633375474083,0.0163249601495081,0.0196229318968834,0.021546748749519,0.0140163799263453,0.0161600615621393,0.0208321882042544,0.0150607376463475,0.0141263123179245,0.019952729071621,0.018468641785302,0.0185236079810916,0.0155004672126642,0.0112680701368658,0.00846479415159677,0.00720057164843621,0.00599131534106525,0.00698070686527785,0.00692574066948826,0.00604628153685483,0.008299895564228,0.00857472654317595,0.0115978673116034,0.0129720222063431,0.0103336448084428,0.00687077447369868,0.00808003078106964,0.00687077447369868,0.00846479415159677,0.00884955752212389,0.00808003078106964,0.0072555378442258,0.00599131534106525,0.00698070686527785,0.00654097729896114,0.00478205903369428,0.0036277689221129,0.00538668718737976,0.00494695762106305,0.00472709283790469,0.00395756609685044,0.00346287033474413,0.00329797174737536,0.00533172099159017,0.00434232946737756,0.00489199142527346,0.0031330731600066,0.00203374924421481,0.00230858022316275,0.00203374924421481,0.00175891826526686,0.0025834112021107,0.00252844500632111,0.00203374924421481,0.00126422250316056,0.0025834112021107,0.00175891826526686,0.0020887154400044,0.00181388446105645,0.00181388446105645,0.00230858022316275,0.00252844500632111,0.00186885065684604,0.00109932391579179,0.00126422250316056,0.00269334359368988,0.00137415489473974,0.00170395206947727,0.00148408728631891,0.00186885065684604,0.00181388446105645,0.00109932391579179,0.00115429011158138,0.00126422250316056,0.00175891826526686,0.00192381685263563,0.0031330731600066,0.00148408728631891,0.00087945913263343,0.00137415489473974,0.00296817457263783,0.00263837739790029,0.00137415489473974,0.00186885065684604,0.00131918869895015,0.00093442532842302,0.000164898587368768,0.000439729566316715,0.000769526741054252,0.000989391524212609,0,0.000384763370527126,0.000274830978947947,0.000384763370527126,0.000219864783158358,0,0,5.49661957895894e-05,0.000164898587368768,0,0,0,0,0,0,0,0,0,0,0,0,0,0,0,0,0,0,0,0,0,0,0,0,0,0,0,0,0,0,0,0,0,0,0,0,0,0,0,0,0,0,0,0,0,0,0,0,0,0,0,0,0,0,0,0,0,0,0,0,0,0,0,0,0,0,0,0,0,0,0,0,0,0,0,0,0,0,0,0,0,0,0,0,0,0,0,0,0,0,0,0,0,0,0,0,0,0,0,0,0,0,0,0,0,0,0,0,0,0,0,0,0,0,0,0,0,0,0,0,0,0,0,0,0,0,0,0,0,0,0,0,0,0,0,0,0,0,0,0,0,0,0,0,0,0,0,0,0,0,0,0,0,0,0,0,0,0,0,0,0,0,0,0,0,0,0,0,0,0,0,0,0,0,0,0,0,0,0,0,0,0,0,0,0,0,0,0,0,0,0,0,0,0,0,0,0,0,0,0,0,0,0,0,0,0,0,0,0,0,0,0,0,0,0,0,0,0,0,0,0,0,0,0,0,0,0,0,0,0,0,0,0,0,0,0,0,0,0,0,0,0,0,0,0,0,0,0,0,0,0,0,0,0,0,0,0,0,0,0,0,0,0,0,0,0,0,0,0,0,0,0,0,0,0,0,0,0,0,0,0,0,0,0,0,0,0,0,0,0,0,0,0,0,0,0,0,0,0,0,0,0,0,0,0,0,0,0,0,0,0,0,0,0,0,0,0,0,0,0,0,0,0,0,0,0,0,0,0,0,0,0,0,0,0,0,0,0,0,0,0,0,0,0,0,0,0,0,0,0,0,0,0,0,0,0,0,0,0,0,0,0,0,0,0,0,0,0,0,0,0,0,0,0,0,0,0,0,0,0,0,0,0,0,0,0,0,0,0,0,0,0,0,0,0,0,0,0,0,0,0,0,0,0,0,0,0,0,0,0,0,0,0,0,0,0,0,0,0,0,0,0,0,0,0,0,0,0,0,0,0,0
0.0133219470538002,0.00466837460859664,0.00227725590663251,0.00239111870196413,0.00216339311130088,0.00182180472530601,0.00227725590663251,0.00125249074864788,0.00256191289496157,0.00409906063193851,0.00483916880159408,0.00512382578992314,0.00500996299459152,0.00466837460859664,0.00409906063193851,0.00347281525761457,0.00318815826928551,0.00375747224594364,0.00540848277825221,0.0044975804155992,0.00438371762026758,0.00409906063193851,0.00284656988329063,0.00421292342727014,0.00330202106461714,0.0031312268716197,0.0044975804155992,0.00392826643894108,0.00540848277825221,0.00597779675491033,0.00472530600626245,0.00523768858525477,0.00472530600626245,0.00318815826928551,0.00415599202960433,0.00375747224594364,0.00392826643894108,0.0040421292342727,0.00426985482493595,0.00506689439225733,0.00421292342727014,0.0049530315969257,0.0044975804155992,0.00307429547395389,0.00392826643894108,0.00370054084827783,0.00364360945061201,0.00301736407628807,0.00335895246228295,0.00364360945061201,0.00341588385994876,0.00518075718758896,0.00461144321093083,0.00466837460859664,0.00301736407628807,0.00387133504127526,0.00352974665528039,0.00330202106461714,0.00557927697124964,0.00421292342727014,0.00364360945061201,0.00364360945061201,0.00387133504127526,0.00347281525761457,0.0035866780529462,0.00381440364360945,0.0031312268716197,0.00409906063193851,0.00330202106461714,0.00392826643894108,0.00364360945061201,0.00381440364360945,0.00307429547395389,0.00421292342727014,0.00364360945061201,0.00392826643894108,0.00364360945061201,0.00335895246228295,0.00426985482493595,0.00330202106461714,0.00438371762026758,0.00387133504127526,0.0026757756902932,0.00392826643894108,0.00335895246228295,0.0031312268716197,0.00347281525761457,0.00392826643894108,0.00409906063193851,0.00398519783660689,0.00415599202960433,0.00278963848562482,0.00278963848562482,0.0040421292342727,0.00284656988329063,0.00296043267862226,0.0035866780529462,0.00364360945061201,0.00421292342727014,0.00324508966695132,0.00370054084827783,0.00261884429262738,0.00244805009962995,0.00387133504127526,0.00347281525761457,0.00426985482493595,0.00318815826928551,0.00426985482493595,0.00370054084827783,0.00563620836891546,0.00370054084827783,0.00409906063193851,0.00341588385994876,0.00398519783660689,0.00301736407628807,0.00273270708795901,0.00324508966695132,0.00273270708795901,0.00296043267862226,0.00421292342727014,0.00347281525761457,0.00330202106461714,0.00296043267862226,0.00250498149729576,0.00296043267862226,0.00187873612297182,0.00227725590663251,0.0035866780529462,0.00239111870196413,0.0022203245089667,0.00347281525761457,0.0035866780529462,0.00278963848562482,0.00244805009962995,0.00187873612297182,0.00176487332764019,0.0022203245089667,0.0022203245089667,0.00159407913464276,0.000967833760318816,0.00187873612297182,0.00193566752063763,0.00250498149729576,0.00170794192997438,0.0022203245089667,0.00153714773697694,0.00119555935098207,0.00130942214631369,0.00193566752063763,0.00170794192997438,0.00153714773697694,0.00148021633931113,0.00108169655565044,0.00085397096498719,0.00119555935098207,0.00204953031596926,0.00153714773697694,0.00210646171363507,0.00233418730429832,0.00142328494164532,0.00153714773697694,0.00125249074864788,0.00148021633931113,0.00125249074864788,0.00182180472530601,0.00193566752063763,0.00148021633931113,0.00108169655565044,0.00199259891830344,0.00182180472530601,0.00130942214631369,0.00182180472530601,0.000740108169655565,0.000569313976658127,0.000910902362653003,0.00108169655565044,0.000797039567321378,0.00119555935098207,0.00130942214631369,0.00187873612297182,0.0013663535439795,0.00113862795331625,0.0022203245089667,0.00130942214631369,0.00113862795331625,0.000740108169655565,0.000398519783660689,0.000569313976658127,0.000284656988329063,0.00062624537432394,0.000910902362653003,0.000569313976658127,0.000797039567321378,0.00125249074864788,0.00085397096498719,0.000683176771989752,0.00085397096498719,0.000341588385994876,0.000512382578992314,0.00062624537432394,0.000797039567321378,0.00062624537432394,0.000797039567321378,0.000967833760318816,0.00085397096498719,0.000797039567321378,0.000740108169655565,0.000512382578992314,0.00062624537432394,0.00125249074864788,0.0013663535439795,0.00085397096498719,0.000797039567321378,0.000967833760318816,0.00125249074864788,0.00085397096498719,0.000910902362653003,0.000740108169655565,0.000740108169655565,0.000967833760318816,0.00062624537432394,0.000967833760318816,0.000740108169655565,0.00108169655565044,0.00130942214631369,0.000740108169655565,0.00130942214631369,0.00125249074864788,0.0013663535439795,0.00125249074864788,0.000910902362653003,0.00102476515798463,0.00119555935098207,0.00102476515798463,0.00102476515798463,0.00119555935098207,0.00130942214631369,0.00130942214631369,0.00119555935098207,0.00182180472530601,0.00108169655565044,0.0013663535439795,0.00130942214631369,0.00108169655565044,0.00119555935098207,0.00085397096498719,0.00148021633931113,0.00153714773697694,0.00119555935098207,0.00165101053230857,0.00176487332764019,0.00125249074864788,0.00182180472530601,0.00125249074864788,0.00142328494164532,0.00142328494164532,0.00170794192997438,0.00159407913464276,0.0026757756902932,0.0013663535439795,0.0013663535439795,0.00113862795331625,0.0013663535439795,0.00176487332764019,0.00153714773697694,0.00193566752063763,0.00113862795331625,0.00165101053230857,0.00204953031596926,0.00130942214631369,0.00170794192997438,0.00165101053230857,0.00142328494164532,0.00159407913464276,0.00142328494164532,0.00170794192997438,0.00170794192997438,0.00148021633931113,0.00125249074864788,0.00148021633931113,0.00148021633931113,0.00159407913464276,0.00204953031596926,0.00159407913464276,0.00170794192997438,0.0013663535439795,0.00108169655565044,0.00187873612297182,0.00148021633931113,0.00153714773697694,0.00204953031596926,0.00204953031596926,0.00199259891830344,0.00233418730429832,0.00159407913464276,0.00170794192997438,0.00165101053230857,0.00176487332764019,0.00284656988329063,0.00130942214631369,0.00182180472530601,0.00284656988329063,0.00182180472530601,0.00210646171363507,0.00176487332764019,0.00125249074864788,0.00193566752063763,0.0013663535439795,0.00165101053230857,0.00182180472530601,0.00130942214631369,0.00244805009962995,0.00278963848562482,0.00341588385994876,0.00227725590663251,0.00210646171363507,0.00159407913464276,0.00187873612297182,0.00227725590663251,0.00307429547395389,0.00307429547395389,0.00307429547395389,0.00227725590663251,0.00256191289496157,0.00199259891830344,0.00165101053230857,0.00204953031596926,0.00244805009962995,0.00176487332764019,0.00261884429262738,0.00165101053230857,0.00199259891830344,0.00170794192997438,0.00204953031596926,0.00176487332764019,0.00233418730429832,0.00125249074864788,0.00159407913464276,0.00148021633931113,0.00176487332764019,0.00193566752063763,0.0022203245089667,0.00239111870196413,0.00199259891830344,0.00165101053230857,0.00244805009962995,0.00176487332764019,0.00227725590663251,0.00170794192997438,0.00199259891830344,0.00193566752063763,0.00159407913464276,0.0022203245089667,0.00193566752063763,0.00227725590663251,0.00153714773697694,0.00216339311130088,0.00153714773697694,0.00301736407628807,0.0022203245089667,0.00102476515798463,0.00204953031596926,0.00142328494164532,0.00216339311130088,0.0022203245089667,0.00193566752063763,0.00256191289496157,0.00233418730429832,0.00193566752063763,0.00233418730429832,0.00187873612297182,0.00216339311130088,0.00216339311130088,0.00370054084827783,0.00256191289496157,0.0022203245089667,0.00182180472530601,0.00256191289496157,0.00244805009962995,0.00187873612297182,0.00159407913464276,0.00273270708795901,0.0022203245089667,0.00239111870196413,0.00398519783660689,0.00290350128095645,0.00250498149729576,0.00284656988329063,0.0031312268716197,0.00227725590663251,0.00204953031596926,0.00227725590663251,0.00159407913464276,0.00273270708795901,0.00216339311130088,0.00227725590663251,0.00301736407628807,0.00153714773697694,0.00130942214631369,0.00204953031596926,0.00193566752063763,0.00165101053230857,0.00176487332764019,0.00130942214631369,0.00216339311130088,0.00148021633931113,0.0022203245089667,0.00210646171363507,0.0022203245089667,0.00204953031596926,0.00148021633931113,0.00159407913464276,0.00142328494164532,0.00239111870196413,0.00176487332764019,0.00204953031596926,0.00199259891830344,0.00233418730429832,0.00130942214631369,0.00182180472530601,0.000797039567321378,0.00085397096498719,0.00125249074864788,0.000967833760318816,0.00102476515798463,0.000683176771989752,0.00113862795331625,0.000797039567321378,0.00085397096498719,0.000910902362653003,0.000910902362653003,0.00153714773697694,0.000683176771989752,0.00108169655565044,0.000170794192997438,0.000341588385994876,0.00085397096498719,0.00102476515798463,0.00102476515798463,0.00108169655565044,0.00119555935098207,0.000740108169655565,5.69313976658127e-05,0.000227725590663251,0.000512382578992314,0.000227725590663251,0.000740108169655565,0.00062624537432394,0.00085397096498719,0.000341588385994876,0.000170794192997438,0.000227725590663251,0.000113862795331625,0.000113862795331625,0,0,0,0,0,0,0,0,0,0,0,0,0,0,0,0,0,0,0,0,0,0,0,0,0,0,0,0,0,0,0,0,0,0,0,0,0,0,0,0,0,0,0,0,0,0,0,0,0,0,0,0,0,0,0,0,0,0,0,0,0,0,0,0,0,0,0,0,0,0,0,0,0,0,0,0,0,0,0,0,0,0,0,0,0,0,0,0,0,0,0,0,0,0,0,0,0,0,0,0,0,0,0,0,0
0.0679545839688188,0.0218042139750325,0.0207309495565723,0.0184149579167373,0.0203920239507428,0.0246850816245834,0.0277354120770491,0.0365474778286166,0.033892560582952,0.0362085522227871,0.0387504942665085,0.0450206179743546,0.0430435519403491,0.0342879737897532,0.0280743376828786,0.0321414449528329,0.0300514037168841,0.0241766932158391,0.0315200813421454,0.0265491724566458,0.0245721064226402,0.0279048748799638,0.0260407840479015,0.0298819409139694,0.0227080155905779,0.019544709936169,0.0192622719313111,0.0184714455177089,0.0156470654691295,0.0179630571089646,0.0172852058973055,0.0160424786759306,0.00813421453990849,0.00830367734282325,0.00480144608258487,0.00497090888549963,0.00643958651076089,0.00378466926509631,0.00615714850590295,0.00559227249618709,0.00536632209230074,0.00485793368355646,0.00237247924080664,0.0016946280291476,0.0021465288369203,0.0025419420437214,0.00129921482234649,0.00350223126023838,0.00152516522623284,0.00203355363497712,0.00361520646218155,0.000903801615545388,0.000282438004857934,0.000282438004857934,0,0,0,0,0,0,0,0,0,0,0,0,0,0,0,0,0,0,0.000282438004857934,0,0,0,0,0,0,0,0,0,0,0,0,0,0,0.000225950403886347,5.64876009715867e-05,0,0,0,0.000112975201943173,0.00016946280291476,0,0,0,0.000112975201943173,0,5.64876009715867e-05,0,0,0,0.00016946280291476,0.000734338812630628,0,0,5.64876009715867e-05,0.000112975201943173,0.00016946280291476,5.64876009715867e-05,5.64876009715867e-05,0.000225950403886347,0.000112975201943173,0.00033892560582952,0.000225950403886347,0.000508388408744281,0.000282438004857934,0.000451900807772694,0.000112975201943173,5.64876009715867e-05,0.000225950403886347,0.000112975201943173,0.000225950403886347,0.00033892560582952,0.00016946280291476,0,0,0.000112975201943173,0,0,0.00016946280291476,0.00016946280291476,0.000225950403886347,5.64876009715867e-05,0,0,0,5.64876009715867e-05,0.00016946280291476,5.64876009715867e-05,0,0,0,0,0,0,0,0,0,0,0,0,0,0,0,0,0,0,0,0,0,0,0,0,0,0,0,0,0,0,0,0,0,0,0,0,0,0,0,0,0,0,0,0,0,0,0,0,0,0,0,0,0,0,0,0,0,0,0,0,0,0,0,0,0,0,0,0,0,0,0,0,0,0,0,0,0,0,0,0,0,0,0,0,0,0,0,0,0,0,0,0,0,0,0,0,0,0,0,0,0,0,0,0,0,0,0,0,0,0,0,0.000112975201943173,0,0,5.64876009715867e-05,5.64876009715867e-05,0,0,0,0,0,0,0.00016946280291476,0,0,0.00016946280291476,0,5.64876009715867e-05,0,0,0.000282438004857934,5.64876009715867e-05,5.64876009715867e-05,0.000225950403886347,0.000395413206801107,0.00033892560582952,0,0.000282438004857934,0.00033892560582952,0,0,5.64876009715867e-05,5.64876009715867e-05,0,5.64876009715867e-05,5.64876009715867e-05,0,0,5.64876009715867e-05,0,0.000112975201943173,0,0,5.64876009715867e-05,0,0.000451900807772694,5.64876009715867e-05,5.64876009715867e-05,0,5.64876009715867e-05,5.64876009715867e-05,5.64876009715867e-05,0.000225950403886347,0.000282438004857934,0.000112975201943173,0.000282438004857934,0.00033892560582952,0.00016946280291476,0,0,0.000112975201943173,0.00016946280291476,0.000112975201943173,5.64876009715867e-05,0.000112975201943173,0.00016946280291476,0.000451900807772694,0.00016946280291476,0.00016946280291476,5.64876009715867e-05,5.64876009715867e-05,0,0.000225950403886347,0.000508388408744281,0.000225950403886347,0.000225950403886347,0.000395413206801107,0.000508388408744281,0.000112975201943173,0.000225950403886347,0,5.64876009715867e-05,0.000282438004857934,0.000112975201943173,0,5.64876009715867e-05,0.000225950403886347,0.000282438004857934,0.000112975201943173,0.00016946280291476,0.000112975201943173,0,5.64876009715867e-05,0.00016946280291476,0.000112975201943173,0.000112975201943173,0.00016946280291476,5.64876009715867e-05,0.000112975201943173,0,0,0,0,5.64876009715867e-05,0.000451900807772694,0,0,0,0,0,0,0,0,0,0,0,0,0,0,0,0,0,0,0,0,0,0,0,0,0,0,0,0,0,0,0,0,0,0,0,0,0,0,0,0,0,0,0,0,5.64876009715867e-05,0,0,0,0,0,0,5.64876009715867e-05,0,0.000112975201943173,0,0,0,0,0.00016946280291476,0,0,0,0,5.64876009715867e-05,0.000112975201943173,0,5.64876009715867e-05,0.000112975201943173,0.000282438004857934,0.000451900807772694,0.00016946280291476,5.64876009715867e-05,5.64876009715867e-05,0.000112975201943173,5.64876009715867e-05,5.64876009715867e-05,0,0,0.00016946280291476,0,0,0,5.64876009715867e-05,0.000564876009715867,0.000225950403886347,0.000112975201943173,0,0,0.000112975201943173,5.64876009715867e-05,5.64876009715867e-05,0,0,0,0,0,0,0,0,0,0,0,0,0,0,0,0,0,0,0,0,0,0,0,0,0,0,0,0,0,0,0,0,0,0,0,0,0,0,0,0,0,0,0,0,0,0,0,0,0,0,0,0,0,0,0,0,0,0,0,0,0,0,0,0,0,0,0,0,0,0,0,0,0,0,0,0,0,0,0,0,0,0,0,0,0,0,0,0,0,0,0,0,0,0,0,0,0,0,0,0,0,0,0,0,0,0,0,0,0,0,0,0
0.0470371162691197,0.0267408278960317,0.0265269012728634,0.031286768638357,0.0366616750454594,0.0435340678147395,0.0529735800620387,0.0586961172317895,0.0617445716119371,0.0569579634185474,0.0576799657717403,0.0705423039897315,0.0647662851641887,0.052385281848326,0.0478660819338967,0.0448711092095411,0.0485078618034014,0.0420633222804578,0.0352176703390737,0.0285324633650658,0.0272489036260563,0.0150016044496738,0.00973366135415553,0.00550861054658252,0.0026206011338111,0.00195208043641031,0.00192533960851428,0.00117659642742539,0.000213926623168253,2.67408278960317e-05,0,0,0,0,0,0,0,0,0,0,0,0,0,0,0,0,0,0,0,0,0,0,0,0,0,0,0,0,0,0,0,0,0,0,0,0,0,0,0,0,0,0,0,0,0,0,0,0,0,0,0,0,0,0,0,0,0,0,0,0,0,0,0,0,0,0,0,0,0,0,0,0,0,0,0,0,0,0,0,0,0,0,0,0,0,0,0,0,0,0,0,0,0,0,0,0,0,0,0,0,0,0,0,0,0,0,0,0,0,0,0,0,0,0,0,0,0,0,0,0,0,0,0,0,0,0,0,0,0,0,0,0,0,0,0,0,0,0,0,0,0,0,0,0,0,0,0,0,0,0,0,0,0,0,0,0,0,0,0,0,0,0,0,0,0,0,0,0,0,0,0,0,0,0,0,0,0,0,0,0,0,0,0,0,0,0,0,0,0,0,0,0,0,0,0,0,0,0,0,0,0,0,0,0,0,0,0,0,0,0,0,0,0,0,0,0,0,0,0,0,0,0,0,0,0,0,0,0,0,0,0,0,0,0,0,0,0,0,0,0,0,0,0,0,0,0,0,0,0,0,0,0,0,0,0,0,0,0,0,0,0,0,0,0,0,0,0,0,0,0,0,0,0,0,0,0,0,0,0,0,0,0,0,0,0,0,0,0,0,0,0,0,0,0,0,0,0,0,0,0,0,0,0,0,0,0,0,0,0,0,0,0,0,0,0,0,0,0,0,0,0,0,0,0,0,0,0,0,0,0,0,0,0,0,0,0,0,0,0,0,0,0,0,0,0,0,0,0,0,0,0,0,0,0,0,0,0,0,0,0,0,0,0,0,0,0,0,0,0,0,0,0,0,0,0,0,0,0,0,0,0,0,0,0,0,0,0,0,0,0,0,0,0,0,0,0,0,0,0,0,0,0,0,0,0,0,0,0,0,0,0,0,0,0,0,0,0,0,0,0,0,0,0,0,0,0,0,0,0,0,0,0,0,0,0,0,0,0,0,0,0,0,0,0,0,0,0,0,0,0,0,0,0,0,0,0,0,0,0,0,0,0,0,0,0,0,0,0,0,0,0,0,0,0,0,0,0,0,0,0,0,0,0,0,0,0,0,0,0,0,0,0,0,0,0,0,0,0,0,0,0,0,0,0,0,0,0,0,0,0,0,0,0,0,0,0,0,0,0,0,0,0,0,0,0,0,0,0,0
0.0379972950213081,0.0272794549212749,0.0295761349427106,0.0369255110113048,0.0452956337560926,0.0459591190956184,0.0469543471049072,0.0518539311506367,0.0549161711792176,0.0552479138489805,0.0589736392170873,0.0536657565008804,0.0612448005716181,0.0561155485237451,0.05614106719065,0.0557327685201725,0.0544313165080256,0.046035675096333,0.0347053869905836,0.0292699109398525,0.0192921121800597,0.0130655574552785,0.00982468675836374,0.00872738408145558,0.00474647204430041,0.00339398269834384,0.00209253068619695,0.00028070533595325,0.000102074667619364,0.000102074667619364,5.10373338096818e-05,0,0,0,0,0,0,0,0,0,0,0,0,0,0,0,0,0,0,0,0,0,0,0,0,0,0,0,0,0,0,0,0,0,0,0,0,0,0,0,0,0,0,0,0,0,0,0,0,0,0,0,0,0,0,0,0,0,0,0,0,0,0,0,0,0,0,0,0,0,0,0,0,0,0,0,0,0,0,0,0,0,0,0,0,0,0,0,0,0,0,0,0,0,0,0,0,0,0,0,0,0,0,0,0,0,0,0,0,0,0,0,0,0,0,0,0,0,0,0,0,0,0,0,0,0,0,0,0,0,0,0,0,0,0,0,0,0,0,0,0,0,0,0,0,0,0,0,0,0,0,0,0,0,0,0,0,0,0,0,0,0,0,0,0,0,0,0,0,0,0,0,0,0,0,0,0,0,0,0,0,0,0,0,0,0,0,0,0,0,0,0,0,0,0,0,0,0,0,0,0,0,0,0,0,0,0,0,0,0,0,0,0,0,0,0,0,0,0,0,0,0,0,0,0,0,0,0,0,0,0,0,0,0,0,0,0,0,0,0,0,0,0,0,0,0,0,0,0,0,0,0,0,0,0,0,0,0,0,0,0,0,0,0,0,0,0,0,0,0,0,0,0,0,0,0,0,0,0,0,0,0,0,0,0,0,0,0,0,0,0,0,0,0,0,0,0,0,0,0,0,0,0,0,0,0,0,0,0,0,0,0,0,0,0,0,0,0,0,0,0,0,0,0,0,0,0,0,0,0,0,0,0,0,0,0,0,0,0,0,0,0,0,0,0,0,0,0,0,0,0,0,0,0,0,0,0,0,0,0,0,0,0,0,0,0,0,0,0,0,0,0,0,0,0,0,0,0,0,0,0,0,0,0,0,0,0,0,0,0,0,0,0,0,0,0,0,0,0,0,0,0,0,0,0,0,0,0,0,0,0,0,0,0,0,0,0,0,0,0,0,0,0,0,0,0,0,0,0,0,0,0,0,0,0,0,0,0,0,0,0,0,0,0,0,0,0,0,0,0,0,0,0,0,0,0,0,0,0,0,0,0,0,0,0,0,0,0,0,0,0,0,0,0,0,0,0,0,0,0,0,0,0,0,0,0,0,0,0,0,0,0,0,0,0,0,0,0,0,0,0,0,0,0,0,0,0,0,0,0,0,0,0,0,0,0,0,0,0,0,0,0,0,0,0,0,0,0,0
0.0354157637298,0.0233834850267269,0.0279858832270448,0.0436918250675913,0.0466018615978371,0.0479020906858192,0.0521329948609993,0.0582213691618682,0.0587373330856706,0.0617918395145811,0.0580149835923472,0.0611107671351619,0.065548056879863,0.060718634553072,0.0605328875405032,0.0552700555177182,0.0425154273213217,0.0393164509937465,0.0282954615813262,0.021711761913607,0.0164076527769178,0.0131880378923906,0.00932862774234825,0.00553113326316224,0.00330216911233567,0.00144469898664685,0.00125895197407797,0.000454048252946154,0.00010319278476049,6.19156708562937e-05,2.06385569520979e-05,0,0,0,0,0,0,0,0,0,0,0,0,0,0,0,0,0,0,0,0,0,0,0,0,0,0,0,0,0,0,0,0,0,0,0,0,0,0,0,0,0,0,0,0,0,0,0,0,0,0,0,0,0,0,0,0,0,0,0,0,0,0,0,0,0,0,0,0,0,0,0,0,0,0,0,0,0,0,0,0,0,0,0,0,0,0,0,0,0,0,0,0,0,0,0,0,0,0,0,0,0,0,0,0,0,0,0,0,0,0,0,0,0,0,0,0,0,0,0,0,0,0,0,0,0,0,0,0,0,0,0,0,0,0,0,0,0,0,0,0,0,0,0,0,0,0,0,0,0,0,0,0,0,0,0,0,0,0,0,0,0,0,0,0,0,0,0,0,0,0,0,0,0,0,0,0,0,0,0,0,0,0,0,0,0,0,0,0,0,0,0,0,0,0,0,0,0,0,0,0,0,0,0,0,0,0,0,0,0,0,0,0,0,0,0,0,0,0,0,0,0,0,0,0,0,0,0,0,0,0,0,0,0,0,0,0,0,0,0,0,0,0,0,0,0,0,0,0,0,0,0,0,0,0,0,0,0,0,0,0,0,0,0,0,0,0,0,0,0,0,0,0,0,0,0,0,0,0,0,0,0,0,0,0,0,0,0,0,0,0,0,0,0,0,0,0,0,0,0,0,0,0,0,0,0,0,0,0,0,0,0,0,0,0,0,0,0,0,0,0,0,0,0,0,0,0,0,0,0,0,0,0,0,0,0,0,0,0,0,0,0,0,0,0,0,0,0,0,0,0,0,0,0,0,0,0,0,0,0,0,0,0,0,0,0,0,0,0,0,0,0,0,0,0,0,0,0,0,0,0,0,0,0,0,0,0,0,0,0,0,0,0,0,0,0,0,0,0,0,0,0,0,0,0,0,0,0,0,0,0,0,0,0,0,0,0,0,0,0,0,0,0,0,0,0,0,0,0,0,0,0,0,0,0,0,0,0,0,0,0,0,0,0,0,0,0,0,0,0,0,0,0,0,0,0,0,0,0,0,0,0,0,0,0,0,0,0,0,0,0,0,0,0,0,0,0,0,0,0,0,0,0,0,0,0,0,0,0,0,0,0,0,0,0,0,0,0,0,0,0,0,0,0,0,0,0,0,0,0,0,0,0,0,0,0,0,0,0,0,0,0,0,0,0,0,0,0,0
0.0417415044184209,0.0264027588188807,0.0351677563043322,0.0377541490049573,0.0436094547022056,0.0431065450104174,0.04939291615777,0.0566132624470149,0.0579423809181694,0.0598462533227962,0.0589482003017458,0.0517637761333429,0.0589122781809038,0.057044327897119,0.0636899202528917,0.0573676269846972,0.0509734894748186,0.0374308499173791,0.0293483727279259,0.0243911200517279,0.0181047489043753,0.0165600977081687,0.0110640132193405,0.00657374811408866,0.00294561390904519,0.00136504059199655,0.00140096271283857,0.000215532725052087,0.000323299087578131,0,0,0,0,0,0,0,0,0,0,0,0,0,0,0,0,0,0,0,0,0,0,0,0,0,0,0,0,0,0,0,0,0,0,0,0,0,0,0,0,0,0,0,0,0,0,0,0,0,0,0,0,0,0,0,0,0,0,0,0,0,0,0,0,0,0,0,0,0,0,0,0,0,0,0,0,0,0,0,0,0,0,0,0,0,0,0,0,0,0,0,0,0,0,0,0,0,0,0,0,0,0,0,0,0,0,0,0,0,0,0,0,0,0,0,0,0,0,0,0,0,0,0,0,0,0,0,0,0,0,0,0,0,0,0,0,0,0,0,0,0,0,0,0,0,0,0,0,0,0,0,0,0,0,0,0,0,0,0,0,0,0,0,0,0,0,0,0,0,0,0,0,0,0,0,0,0,0,0,0,0,0,0,0,0,0,0,0,0,0,0,0,0,0,0,0,0,0,0,0,0,0,0,0,0,0,0,0,0,0,0,0,0,0,0,0,0,0,0,0,0,0,0,0,0,0,0,0,0,0,0,0,0,0,0,0,0,0,0,0,0,0,0,0,0,0,0,0,0,0,0,0,0,0,0,0,0,0,0,0,0,0,0,0,0,0,0,0,0,0,0,0,0,0,0,0,0,0,0,0,0,0,0,0,0,0,0,0,0,0,0,0,0,0,0,0,0,0,0,0,0,0,0,0,0,0,0,0,0,0,0,0,0,0,0,0,0,0,0,0,0,0,0,0,0,0,0,0,0,0,0,0,0,0,0,0,0,0,0,0,0,0,0,0,0,0,0,0,0,0,0,0,0,0,0,0,0,0,0,0,0,0,0,0,0,0,0,0,0,0,0,0,0,0,0,0,0,0,0,0,0,0,0,0,0,0,0,0,0,0,0,0,0,0,0,0,0,0,0,0,0,0,0,0,0,0,0,0,0,0,0,0,0,0,0,0,0,0,0,0,0,0,0,0,0,0,0,0,0,0,0,0,0,0,0,0,0,0,0,0,0,0,0,0,0,0,0,0,0,0,0,0,0,0,0,0,0,0,0,0,0,0,0,0,0,0,0,0,0,0,0,0,0,0,0,0,0,0,0,0,0,0,0,0,0,0,0,0,0,0,0,0,0,0,0,0,0,0,0,0,0,0,0,0,0,0,0,0,0,0,0,0,0,0,0,0,0,0,0,0,0,0,0,0,0,0,0,0,0,0
0.0431237042156185,0.0253628196268141,0.0285072563925363,0.0377332411886662,0.0486523842432619,0.0558742225293711,0.0573600552868003,0.0605390463026952,0.0639253628196268,0.0652384243261921,0.0618866620594333,0.0630615065653075,0.0594333102971666,0.0573255010366275,0.0523842432619212,0.0464063579820318,0.0412577747062889,0.0340704906703525,0.0220801658604008,0.0192812715964064,0.0207671043538355,0.0141672425708362,0.010124395300622,0.00590877677954388,0.00248790601243953,0.00158949550794748,0.000898410504492053,0.000518313752591569,3.45542501727713e-05,0,0,0,0,0,0,0,0,0,0,0,0,0,0,0,0,0,0,0,0,0,0,0,0,0,0,0,0,0,0,0,0,0,0,0,0,0,0,0,0,0,0,0,0,0,0,0,0,0,0,0,0,0,0,0,0,0,0,0,0,0,0,0,0,0,0,0,0,0,0,0,0,0,0,0,0,0,0,0,0,0,0,0,0,0,0,0,0,0,0,0,0,0,0,0,0,0,0,0,0,0,0,0,0,0,0,0,0,0,0,0,0,0,0,0,0,0,0,0,0,0,0,0,0,0,0,0,0,0,0,0,0,0,0,0,0,0,0,0,0,0,0,0,0,0,0,0,0,0,0,0,0,0,0,0,0,0,0,0,0,0,0,0,0,0,0,0,0,0,0,0,0,0,0,0,0,0,0,0,0,0,0,0,0,0,0,0,0,0,0,0,0,0,0,0,0,0,0,0,0,0,0,0,0,0,0,0,0,0,0,0,0,0,0,0,0,0,0,0,0,0,0,0,0,0,0,0,0,0,0,0,0,0,0,0,0,0,0,0,0,0,0,0,0,0,0,0,0,0,0,0,0,0,0,0,0,0,0,0,0,0,0,0,0,0,0,0,0,0,0,0,0,0,0,0,0,0,0,0,0,0,0,0,0,0,0,0,0,0,0,0,0,0,0,0,0,0,0,0,0,0,0,0,0,0,0,0,0,0,0,0,0,0,0,0,0,0,0,0,0,0,0,0,0,0,0,0,0,0,0,0,0,0,0,0,0,0,0,0,0,0,0,0,0,0,0,0,0,0,0,0,0,0,0,0,0,0,0,0,0,0,0,0,0,0,0,0,0,0,0,0,0,0,0,0,0,0,0,0,0,0,0,0,0,0,0,0,0,0,0,0,0,0,0,0,0,0,0,0,0,0,0,0,0,0,0,0,0,0,0,0,0,0,0,0,0,0,0,0,0,0,0,0,0,0,0,0,0,0,0,0,0,0,0,0,0,0,0,0,0,0,0,0,0,0,0,0,0,0,0,0,0,0,0,0,0,0,0,0,0,0,0,0,0,0,0,0,0,0,0,0,0,0,0,0,0,0,0,0,0,0,0,0,0,0,0,0,0,0,0,0,0,0,0,0,0,0,0,0,0,0,0,0,0,0,0,0,0,0,0,0,0,0,0,0,0,0,0,0,0,0,0,0,0,0,0,0,0,0,0
0.0448211266962124,0.025631653492941,0.0331932197194682,0.0401151368392196,0.0457349111344634,0.0513546854297071,0.0539361264677663,0.0521999360350893,0.0552154246813177,0.0613606250285558,0.0602869283136108,0.064947228948691,0.0644674921186092,0.0580938456618084,0.0623886325215882,0.0478366153424407,0.0419198611047654,0.0375793850230731,0.0269337963174487,0.0207429067482981,0.016585187554256,0.012770137524558,0.0100059395988486,0.00641933567871339,0.00230730570658382,0.00150774432311418,0.00116507515877005,0.000388358386256682,6.85338328688262e-05,2.28446109562754e-05,0,0,0,0,0,0,0,0,0,0,0,0,0,0,0,0,0,0,0,0,0,0,0,0,0,0,0,0,0,0,0,0,0,0,0,0,0,0,0,0,0,0,0,0,0,0,0,0,0,0,0,0,0,0,0,0,0,0,0,0,0,0,0,0,0,0,0,0,0,0,0,0,0,0,0,0,0,0,0,0,0,0,0,0,0,0,0,0,0,0,0,0,0,0,0,0,0,0,0,0,0,0,0,0,0,0,0,0,0,0,0,0,0,0,0,0,0,0,0,0,0,0,0,0,0,0,0,0,0,0,0,0,0,0,0,0,0,0,0,0,0,0,0,0,0,0,0,0,0,0,0,0,0,0,0,0,0,0,0,0,0,0,0,0,0,0,0,0,0,0,0,0,0,0,0,0,0,0,0,0,0,0,0,0,0,0,0,0,0,0,0,0,0,0,0,0,0,0,0,0,0,0,0,0,0,0,0,0,0,0,0,0,0,0,0,0,0,0,0,0,0,0,0,0,0,0,0,0,0,0,0,0,0,0,0,0,0,0,0,0,0,0,0,0,0,0,0,0,0,0,0,0,0,0,0,0,0,0,0,0,0,0,0,0,0,0,0,0,0,0,0,0,0,0,0,0,0,0,0,0,0,0,0,0,0,0,0,0,0,0,0,0,0,0,0,0,0,0,0,0,0,0,0,0,0,0,0,0,0,0,0,0,0,0,0,0,0,0,0,0,0,0,0,0,0,0,0,0,0,0,0,0,0,0,0,0,0,0,0,0,0,0,0,0,0,0,0,0,0,0,0,0,0,0,0,0,0,0,0,0,0,0,0,0,0,0,0,0,0,0,0,0,0,0,0,0,0,0,0,0,0,0,0,0,0,0,0,0,0,0,0,0,0,0,0,0,0,0,0,0,0,0,0,0,0,0,0,0,0,0,0,0,0,0,0,0,0,0,0,0,0,0,0,0,0,0,0,0,0,0,0,0,0,0,0,0,0,0,0,0,0,0,0,0,0,0,0,0,0,0,0,0,0,0,0,0,0,0,0,0,0,0,0,0,0,0,0,0,0,0,0,0,0,0,0,0,0,0,0,0,0,0,0,0,0,0,0,0,0,0,0,0,0,0,0,0,0,0,0,0,0,0,0,0,0,0,0,0,0,0,0,0,0,0,0,0,0,0,0,0,0,0,0,0,0,0,0,0,0
0.0460155055113127,0.0300880755234429,0.0375243921734086,0.043167554453879,0.0504720215178524,0.0519223669637677,0.0554031960339645,0.0574864194926428,0.0624703338431517,0.0627604029323348,0.0621538948367702,0.062654923263541,0.0516850377089816,0.0542165497600338,0.0507620906070355,0.0476504403776172,0.0400559042244607,0.0337007541796319,0.0245767628289647,0.0233373767206371,0.0157955804018775,0.0129212594272454,0.0090976214334687,0.00735720689837034,0.00424555666895206,0.00163493486630452,0.00068561784715996,0.00015821950319076,0,0,0,0,0,0,0,0,0,0,0,0,0,0,0,0,0,0,0,0,0,0,0,0,0,0,0,0,0,0,0,0,0,0,0,0,0,0,0,0,0,0,0,0,0,0,0,0,0,0,0,0,0,0,0,0,0,0,0,0,0,0,0,0,0,0,0,0,0,0,0,0,0,0,0,0,0,0,0,0,0,0,0,0,0,0,0,0,0,0,0,0,0,0,0,0,0,0,0,0,0,0,0,0,0,0,0,0,0,0,0,0,0,0,0,0,0,0,0,0,0,0,0,0,0,0,0,0,0,0,0,0,0,0,0,0,0,0,0,0,0,0,0,0,0,0,0,0,0,0,0,0,0,0,0,0,0,0,0,0,0,0,0,0,0,0,0,0,0,0,0,0,0,0,0,0,0,0,0,0,0,0,0,0,0,0,0,0,0,0,0,0,0,0,0,0,0,0,0,0,0,0,0,0,0,0,0,0,0,0,0,0,0,0,0,0,0,0,0,0,0,0,0,0,0,0,0,0,0,0,0,0,0,0,0,0,0,0,0,0,0,0,0,0,0,0,0,0,0,0,0,0,0,0,0,0,0,0,0,0,0,0,0,0,0,0,0,0,0,0,0,0,0,0,0,0,0,0,0,0,0,0,0,0,0,0,0,0,0,0,0,0,0,0,0,0,0,0,0,0,0,0,0,0,0,0,0,0,0,0,0,0,0,0,0,0,0,0,0,0,0,0,0,0,0,0,0,0,0,0,0,0,0,0,0,0,0,0,0,0,0,0,0,0,0,0,0,0,0,0,0,0,0,0,0,0,0,0,0,0,0,0,0,0,0,0,0,0,0,0,0,0,0,0,0,0,0,0,0,0,0,0,0,0,0,0,0,0,0,0,0,0,0,0,0,0,0,0,0,0,0,0,0,0,0,0,0,0,0,0,0,0,0,0,0,0,0,0,0,0,0,0,0,0,0,0,0,0,0,0,0,0,0,0,0,0,0,0,0,0,0,0,0,0,0,0,0,0,0,0,0,0,0,0,0,0,0,0,0,0,0,0,0,0,0,0,0,0,0,0,0,0,0,0,0,0,0,0,0,0,0,0,0,0,0,0,0,0,0,0,0,0,0,0,0,0,0,0,0,0,0,0,0,0,0,0,0,0,0,0,0,0,0,0,0,0,0,0,0,0,0,0,0,0,0,0,0,0,0,0,0
0.0595032096008931,0.0366731789003628,0.040189785096288,0.0433156572704438,0.059391571308959,0.0595590287468602,0.05861010326542,0.0605637733742674,0.064415294445995,0.0680435389338543,0.0591124755791236,0.052749092938878,0.0497906782026235,0.0490650293050516,0.0421434552051354,0.0414178063075635,0.036784817192297,0.0298074239464136,0.0223276583868267,0.0203739882779793,0.0136198716159643,0.0125034886966229,0.0108289143176109,0.005861010326542,0.00323751046608987,0.000111638291934133,0,0,0,0,0,0,0,0,0,0,0,0,0,0,0,0,0,0,0,0,0,0,0,0,0,0,0,0,0,0,0,0,0,0,0,0,0,0,0,0,0,0,0,0,0,0,0,0,0,0,0,0,0,0,0,0,0,0,0,0,0,0,0,0,0,0,0,0,0,0,0,0,0,0,0,0,0,0,0,0,0,0,0,0,0,0,0,0,0,0,0,0,0,0,0,0,0,0,0,0,0,0,0,0,0,0,0,0,0,0,0,0,0,0,0,0,0,0,0,0,0,0,0,0,0,0,0,0,0,0,0,0,0,0,0,0,0,0,0,0,0,0,0,0,0,0,0,0,0,0,0,0,0,0,0,0,0,0,0,0,0,0,0,0,0,0,0,0,0,0,0,0,0,0,0,0,0,0,0,0,0,0,0,0,0,0,0,0,0,0,0,0,0,0,0,0,0,0,0,0,0,0,0,0,0,0,0,0,0,0,0,0,0,0,0,0,0,0,0,0,0,0,0,0,0,0,0,0,0,0,0,0,0,0,0,0,0,0,0,0,0,0,0,0,0,0,0,0,0,0,0,0,0,0,0,0,0,0,0,0,0,0,0,0,0,0,0,0,0,0,0,0,0,0,0,0,0,0,0,0,0,0,0,0,0,0,0,0,0,0,0,0,0,0,0,0,0,0,0,0,0,0,0,0,0,0,0,0,0,0,0,0,0,0,0,0,0,0,0,0,0,0,0,0,0,0,0,0,0,0,0,0,0,0,0,0,0,0,0,0,0,0,0,0,0,0,0,0,0,0,0,0,0,0,0,0,0,0,0,0,0,0,0,0,0,0,0,0,0,0,0,0,0,0,0,0,0,0,0,0,0,0,0,0,0,0,0,0,0,0,0,0,0,0,0,0,0,0,0,0,0,0,0,0,0,0,0,0,0,0,0,0,0,0,0,0,0,0,0,0,0,0,0,0,0,0,0,0,0,0,0,0,0,0,0,0,0,0,0,0,0,0,0,0,0,0,0,0,0,0,0,0,0,0,0,0,0,0,0,0,0,0,0,0,0,0,0,0,0,0,0,0,0,0,0,0,0,0,0,0,0,0,0,0,0,0,0,0,0,0,0,0,0,0,0,0,0,0,0,0,0,0,0,0,0,0,0,0,0,0,0,0,0,0,0,0,0,0,0,0,0,0,0,0,0,0,0,0,0,0,0,0,0
0.0445221509402792,0.0292133593986619,0.0376387015060987,0.0385748506291473,0.0462567801976927,0.0465596519727966,0.0511302623970924,0.0582064484154299,0.0602714832456841,0.0629973292216195,0.0600236790660536,0.0611800985709959,0.0613177675596795,0.0544067843277623,0.0502767146672541,0.0477711390732124,0.0424571161100251,0.032765219306699,0.0305349816900245,0.0235964646603706,0.0199069357636499,0.0142625072276219,0.0113989922630028,0.00823260552327983,0.00404746826729811,0.0017621630551502,0.000633277347944602,5.50675954734437e-05,0,0,0,0,0,0,0,0,0,0,0,0,0,0,0,0,0,0,0,0,0,0,0,0,0,0,0,0,0,0,0,0,0,0,0,0,0,0,0,0,0,0,0,0,0,0,0,0,0,0,0,0,0,0,0,0,0,0,0,0,0,0,0,0,0,0,0,0,0,0,0,0,0,0,0,0,0,0,0,0,0,0,0,0,0,0,0,0,0,0,0,0,0,0,0,0,0,0,0,0,0,0,0,0,0,0,0,0,0,0,0,0,0,0,0,0,0,0,0,0,0,0,0,0,0,0,0,0,0,0,0,0,0,0,0,0,0,0,0,0,0,0,0,0,0,0,0,0,0,0,0,0,0,0,0,0,0,0,0,0,0,0,0,0,0,0,0,0,0,0,0,0,0,0,0,0,0,0,0,0,0,0,0,0,0,0,0,0,0,0,0,0,0,0,0,0,0,0,0,0,0,0,0,0,0,0,0,0,0,0,0,0,0,0,0,0,0,0,0,0,0,0,0,0,0,0,0,0,0,0,0,0,0,0,0,0,0,0,0,0,0,0,0,0,0,0,0,0,0,0,0,0,0,0,0,0,0,0,0,0,0,0,0,0,0,0,0,0,0,0,0,0,0,0,0,0,0,0,0,0,0,0,0,0,0,0,0,0,0,0,0,0,0,0,0,0,0,0,0,0,0,0,0,0,0,0,0,0,0,0,0,0,0,0,0,0,0,0,0,0,0,0,0,0,0,0,0,0,0,0,0,0,0,0,0,0,0,0,0,0,0,0,0,0,0,0,0,0,0,0,0,0,0,0,0,0,0,0,0,0,0,0,0,0,0,0,0,0,0,0,0,0,0,0,0,0,0,0,0,0,0,0,0,0,0,0,0,0,0,0,0,0,0,0,0,0,0,0,0,0,0,0,0,0,0,0,0,0,0,0,0,0,0,0,0,0,0,0,0,0,0,0,0,0,0,0,0,0,0,0,0,0,0,0,0,0,0,0,0,0,0,0,0,0,0,0,0,0,0,0,0,0,0,0,0,0,0,0,0,0,0,0,0,0,0,0,0,0,0,0,0,0,0,0,0,0,0,0,0,0,0,0,0,0,0,0,0,0,0,0,0,0,0,0,0,0,0,0,0,0,0,0,0,0,0,0,0,0,0,0,0,0,0,0,0,0,0,0,0,0,0,0,0,0,0,0,0,0,0,0,0
0.037609495052169,0.0287004095787617,0.0339920475948459,0.0428712368082753,0.0476546384047356,0.0505545756225896,0.0623934945738288,0.0648748841519926,0.0627821459535412,0.064037788872612,0.065502705611528,0.0582379144369039,0.0573709228975455,0.054590570719603,0.0479834972644922,0.0488205925438728,0.0394331669108195,0.0297168824180095,0.0255015097611289,0.0262788125205537,0.0171305569673234,0.011898711471195,0.00917815181320817,0.00562049687584083,0.00343806989745583,0.00260097461807528,0.000896887799336303,0.000269066339800891,5.97925199557535e-05,0,0,0,0,0,0,0,0,0,0,0,0,0,0,0,0,0,0,0,0,0,0,0,0,0,0,0,0,0,0,0,0,0,0,0,0,0,0,0,0,0,0,0,0,0,0,0,0,0,0,0,0,0,0,0,0,0,0,0,0,0,0,0,0,0,0,0,0,0,0,0,0,0,0,0,0,0,0,0,0,0,0,0,0,0,0,0,0,0,0,0,0,0,0,0,0,0,0,0,0,0,0,0,0,0,0,0,0,0,0,0,0,0,0,0,0,0,0,0,0,0,0,0,0,0,0,0,0,0,0,0,0,0,0,0,0,0,0,0,0,0,0,0,0,0,0,0,0,0,0,0,0,0,0,0,0,0,0,0,0,0,0,0,0,0,0,0,0,0,0,0,0,0,0,0,0,0,0,0,0,0,0,0,0,0,0,0,0,0,0,0,0,0,0,0,0,0,0,0,0,0,0,0,0,0,0,0,0,0,0,0,0,0,0,0,0,0,0,0,0,0,0,0,0,0,0,0,0,0,0,0,0,0,0,0,0,0,0,0,0,0,0,0,0,0,0,0,0,0,0,0,0,0,0,0,0,0,0,0,0,0,0,0,0,0,0,0,0,0,0,0,0,0,0,0,0,0,0,0,0,0,0,0,0,0,0,0,0,0,0,0,0,0,0,0,0,0,0,0,0,0,0,0,0,0,0,0,0,0,0,0,0,0,0,0,0,0,0,0,0,0,0,0,0,0,0,0,0,0,0,0,0,0,0,0,0,0,0,0,0,0,0,0,0,0,0,0,0,0,0,0,0,0,0,0,0,0,0,0,0,0,0,0,0,0,0,0,0,0,0,0,0,0,0,0,0,0,0,0,0,0,0,0,0,0,0,0,0,0,0,0,0,0,0,0,0,0,0,0,0,0,0,0,0,0,0,0,0,0,0,0,0,0,0,0,0,0,0,0,0,0,0,0,0,0,0,0,0,0,0,0,0,0,0,0,0,0,0,0,0,0,0,0,0,0,0,0,0,0,0,0,0,0,0,0,0,0,0,0,0,0,0,0,0,0,0,0,0,0,0,0,0,0,0,0,0,0,0,0,0,0,0,0,0,0,0,0,0,0,0,0,0,0,0,0,0,0,0,0,0,0,0,0,0,0,0,0,0,0,0,0,0,0,0,0,0,0,0,0,0,0,0,0,0,0,0,0,0,0,0
0.0412329046744234,0.0302977283993818,0.0308809378007173,0.0380252529670778,0.0383460181378124,0.0441489516811011,0.046394307876243,0.0504184527454583,0.0570378794506167,0.0660776251713178,0.0638031085061091,0.0586125448342227,0.0553174117166769,0.0515265506079958,0.0467442335170443,0.0396873997608841,0.0434782608695652,0.0358090572420027,0.0343218732685971,0.0319015542530546,0.0299478027585805,0.0257486950689645,0.0197707987052751,0.0130930510599831,0.00451987286035051,0.00189543055434054,0.000787332691802992,0.000174962820400665,0,0,0,0,0,0,0,0,0,0,0,0,0,0,0,0,0,0,0,0,0,0,0,0,0,0,0,0,0,0,0,0,0,0,0,0,0,0,0,0,0,0,0,0,0,0,0,0,0,0,0,0,0,0,0,0,0,0,0,0,0,0,0,0,0,0,0,0,0,0,0,0,0,0,0,0,0,0,0,0,0,0,0,0,0,0,0,0,0,0,0,0,0,0,0,0,0,0,0,0,0,0,0,0,0,0,0,0,0,0,0,0,0,0,0,0,0,0,0,0,0,0,0,0,0,0,0,0,0,0,0,0,0,0,0,0,0,0,0,0,0,0,0,0,0,0,0,0,0,0,0,0,0,0,0,0,0,0,0,0,0,0,0,0,0,0,0,0,0,0,0,0,0,0,0,0,0,0,0,0,0,0,0,0,0,0,0,0,0,0,0,0,0,0,0,0,0,0,0,0,0,0,0,0,0,0,0,0,0,0,0,0,0,0,0,0,0,0,0,0,0,0,0,0,0,0,0,0,0,0,0,0,0,0,0,0,0,0,0,0,0,0,0,0,0,0,0,0,0,0,0,0,0,0,0,0,0,0,0,0,0,0,0,0,0,0,0,0,0,0,0,0,0,0,0,0,0,0,0,0,0,0,0,0,0,0,0,0,0,0,0,0,0,0,0,0,0,0,0,0,0,0,0,0,0,0,0,0,0,0,0,0,0,0,0,0,0,0,0,0,0,0,0,0,0,0,0,0,0,0,0,0,0,0,0,0,0,0,0,0,0,0,0,0,0,0,0,0,0,0,0,0,0,0,0,0,0,0,0,0,0,0,0,0,0,0,0,0,0,0,0,0,0,0,0,0,0,0,0,0,0,0,0,0,0,0,0,0,0,0,0,0,0,0,0,0,0,0,0,0,0,0,0,0,0,0,0,0,0,0,0,0,0,0,0,0,0,0,0,0,0,0,0,0,0,0,0,0,0,0,0,0,0,0,0,0,0,0,0,0,0,0,0,0,0,0,0,0,0,0,0,0,0,0,0,0,0,0,0,0,0,0,0,0,0,0,0,0,0,0,0,0,0,0,0,0,0,0,0,0,0,0,0,0,0,0,0,0,0,0,0,0,0,0,0,0,0,0,0,0,0,0,0,0,0,0,0,0,0,0,0,0,0,0,0,0,0,0,0,0,0,0,0,0,0,0,0,0,0,0,0
0.0404247505967317,0.0291327498622927,0.0347328477875023,0.0398127180365995,0.0468510924781198,0.0494828324866883,0.0583573046086052,0.0572862476283738,0.0673847848705551,0.0737193218679234,0.0673235816145419,0.0598873860089357,0.058449109492625,0.0554807515759838,0.0497888487667544,0.0459636452659281,0.042597466185201,0.0301120019585042,0.0220637737927658,0.0193708305281841,0.0173205214517412,0.0136789277189546,0.0105269600342738,0.00602852071730216,0.00241752861252219,0.00119346349225779,0.000459024420099149,0.00015300814003305,0,0,0,0,0,0,0,0,0,0,0,0,0,0,0,0,0,0,0,0,0,0,0,0,0,0,0,0,0,0,0,0,0,0,0,0,0,0,0,0,0,0,0,0,0,0,0,0,0,0,0,0,0,0,0,0,0,0,0,0,0,0,0,0,0,0,0,0,0,0,0,0,0,0,0,0,0,0,0,0,0,0,0,0,0,0,0,0,0,0,0,0,0,0,0,0,0,0,0,0,0,0,0,0,0,0,0,0,0,0,0,0,0,0,0,0,0,0,0,0,0,0,0,0,0,0,0,0,0,0,0,0,0,0,0,0,0,0,0,0,0,0,0,0,0,0,0,0,0,0,0,0,0,0,0,0,0,0,0,0,0,0,0,0,0,0,0,0,0,0,0,0,0,0,0,0,0,0,0,0,0,0,0,0,0,0,0,0,0,0,0,0,0,0,0,0,0,0,0,0,0,0,0,0,0,0,0,0,0,0,0,0,0,0,0,0,0,0,0,0,0,0,0,0,0,0,0,0,0,0,0,0,0,0,0,0,0,0,0,0,0,0,0,0,0,0,0,0,0,0,0,0,0,0,0,0,0,0,0,0,0,0,0,0,0,0,0,0,0,0,0,0,0,0,0,0,0,0,0,0,0,0,0,0,0,0,0,0,0,0,0,0,0,0,0,0,0,0,0,0,0,0,0,0,0,0,0,0,0,0,0,0,0,0,0,0,0,0,0,0,0,0,0,0,0,0,0,0,0,0,0,0,0,0,0,0,0,0,0,0,0,0,0,0,0,0,0,0,0,0,0,0,0,0,0,0,0,0,0,0,0,0,0,0,0,0,0,0,0,0,0,0,0,0,0,0,0,0,0,0,0,0,0,0,0,0,0,0,0,0,0,0,0,0,0,0,0,0,0,0,0,0,0,0,0,0,0,0,0,0,0,0,0,0,0,0,0,0,0,0,0,0,0,0,0,0,0,0,0,0,0,0,0,0,0,0,0,0,0,0,0,0,0,0,0,0,0,0,0,0,0,0,0,0,0,0,0,0,0,0,0,0,0,0,0,0,0,0,0,0,0,0,0,0,0,0,0,0,0,0,0,0,0,0,0,0,0,0,0,0,0,0,0,0,0,0,0,0,0,0,0,0,0,0,0,0,0,0,0,0,0,0,0,0,0,0,0,0,0,0,0,0,0,0,0,0,0,0,0,0,0
0.0374776918500892,0.0249375371802499,0.0283402736466389,0.0363355145746579,0.040261748958953,0.0412135633551457,0.0510886377156455,0.0562522308149911,0.060202260559191,0.0644140392623438,0.0628673408685306,0.0607019631171921,0.059940511600238,0.0565615704937537,0.0510886377156455,0.0458298631766806,0.0452825698988697,0.0393337299226651,0.0346936347412255,0.026627007733492,0.022819750148721,0.0173944080904224,0.0135157644259369,0.0106127305175491,0.0069244497323022,0.00323616894705532,0.0010232004759072,0.000571088637715645,0.000428316478286734,2.37953599048186e-05,0,0,0,0,0,0,0,0,0,0,0,0,0,0,0,0,0,0,0,0,0,0,0,0,0,0,0,0,0,0,0,0,0,0,0,0,0,0,0,0,0,0,0,0,0,0,0,0,0,0,0,0,0,0,0,0,0,0,0,0,0,0,0,0,0,0,0,0,0,0,0,0,0,0,0,0,0,0,0,0,0,0,0,0,0,0,0,0,0,0,0,0,0,0,0,0,0,0,0,0,0,0,0,0,0,0,0,0,0,0,0,0,0,0,0,0,0,0,0,0,0,0,0,0,0,0,0,0,0,0,0,0,0,0,0,0,0,0,0,0,0,0,0,0,0,0,0,0,0,0,0,0,0,0,0,0,0,0,0,0,0,0,0,0,0,0,0,0,0,0,0,0,0,0,0,0,0,0,0,0,0,0,0,0,0,0,0,0,0,0,0,0,0,0,0,0,0,0,0,0,0,0,0,0,0,0,0,0,0,0,0,0,0,0,0,0,0,0,0,0,0,0,0,0,0,0,0,0,0,0,0,0,0,0,0,0,0,0,0,0,0,0,0,0,0,0,0,0,0,0,0,0,0,0,0,0,0,0,0,0,0,0,0,0,0,0,0,0,0,0,0,0,0,0,0,0,0,0,0,0,0,0,0,0,0,0,0,0,0,0,0,0,0,0,0,0,0,0,0,0,0,0,0,0,0,0,0,0,0,0,0,0,0,0,0,0,0,0,0,0,0,0,0,0,0,0,0,0,0,0,0,0,0,0,0,0,0,0,0,0,0,0,0,0,0,0,0,0,0,0,0,0,0,0,0,0,0,0,0,0,0,0,0,0,0,0,0,0,0,0,0,0,0,0,0,0,0,0,0,0,0,0,0,0,0,0,0,0,0,0,0,0,0,0,0,0,0,0,0,0,0,0,0,0,0,0,0,0,0,0,0,0,0,0,0,0,0,0,0,0,0,0,0,0,0,0,0,0,0,0,0,0,0,0,0,0,0,0,0,0,0,0,0,0,0,0,0,0,0,0,0,0,0,0,0,0,0,0,0,0,0,0,0,0,0,0,0,0,0,0,0,0,0,0,0,0,0,0,0,0,0,0,0,0,0,0,0,0,0,0,0,0,0,0,0,0,0,0,0,0,0,0,0,0,0,0,0,0,0,0,0,0,0,0,0,0,0,0,0,0,0,0,0,0,0,0,0,0,0
0.602392025293202,0.0948379049957941,0.0166146170729113,0.00752221373529156,0.00553047076682104,0.00566583193943554,0.00558848269794154,0.00673325147205275,0.00813714020516886,0.0141684473106636,0.0205033501890222,0.0110764113819409,0.0142999410212034,0.0173378324808802,0.00959710713836812,0.0163052201069353,0.0146228741044408,0.018623763620718,0.020358320361221,0.0265907354946001,0.0199367669950787,0.00802111634292786,0.00778520115637116,0.0119755963143086,0.00955649878658377,0.00485173117271119,0.00118150966382086,0.000179836986473551,5.80119311205005e-06,0,0,0,0,0,0,0,0,0,0,0,0,0,0,0,0,0,0,0,0,0,0,0,0,0,0,0,0,0,0,0,0,0,0,0,0,0,0,0,0,0,0,0,0,0,0,0,0,0,0,0,0,0,0,0,0,0,0,0,0,0,0,0,0,0,0,0,0,0,0,0,0,0,0,0,0,0,0,0,0,0,0,0,0,0,0,0,0,0,0,0,0,0,0,0,0,0,0,0,0,0,0,0,0,0,0,0,0,0,0,0,0,0,0,0,0,0,0,0,0,0,0,0,0,0,0,0,0,0,0,0,0,0,0,0,0,0,0,0,0,0,0,0,0,0,0,0,0,0,0,0,0,0,0,0,0,0,0,0,0,0,0,0,0,0,0,0,0,0,0,0,0,0,0,0,0,0,0,0,0,0,0,0,0,0,0,0,0,0,0,0,0,0,0,0,0,0,0,0,0,0,0,0,0,0,0,0,0,0,0,0,0,0,0,0,0,0,0,0,0,0,0,0,0,0,0,0,0,0,0,0,0,0,0,0,0,0,0,0,0,0,0,0,0,0,0,0,0,0,0,0,0,0,0,0,0,0,0,0,0,0,0,0,0,0,0,0,0,0,0,0,0,0,0,0,0,0,0,0,0,0,0,0,0,0,0,0,0,0,0,0,0,0,0,0,0,0,0,0,0,0,0,0,0,0,0,0,0,0,0,0,0,0,0,0,0,0,0,0,0,0,0,0,0,0,0,0,0,0,0,0,0,0,0,0,0,0,0,0,0,0,0,0,0,0,0,0,0,0,0,0,0,0,0,0,0,0,0,0,0,0,0,0,0,0,0,0,0,0,0,0,0,0,0,0,0,0,0,0,0,0,0,0,0,0,0,0,0,0,0,0,0,0,0,0,0,0,0,0,0,0,0,0,0,0,0,0,0,0,0,0,0,0,0,0,0,0,0,0,0,0,0,0,0,0,0,0,0,0,0,0,0,0,0,0,0,0,0,0,0,0,0,0,0,0,0,0,0,0,0,0,0,0,0,0,0,0,0,0,0,0,0,0,0,0,0,0,0,0,0,0,0,0,0,0,0,0,0,0,0,0,0,0,0,0,0,0,0,0,0,0,0,0,0,0,0,0,0,0,0,0,0,0,0,0,0,0,0,0,0,0,0,0,0,0,0,0,0,0,0,0,0,0,0,0,0,0,0,0,0
0.735529803438467,0.114782666266277,0.0170788397833165,0.00374301583510868,0.00172609068833186,0.00119171192728666,0.00202638317794576,0.00209022488833612,0.00243071401041802,0.00381158656108351,0.00673648270007874,0.00384705417796704,0.00437906843122002,0.00545728398447937,0.00930670267023865,0.0157523509118724,0.00548092906240173,0.0077082954026875,0.0161614107599292,0.00592782103513422,0.00154402358832974,0.0028965220454884,0.00829469333516189,0.00759716353645243,0.00674357622345544,0.00313297282471194,0.00166461348573374,0.00135722747274314,0.000967083687024291,0.000600584979227799,2.83740935068252e-05,4.72901558447086e-06,0,0,0,0,0,0,0,0,0,0,0,0,0,0,0,0,0,0,0,0,0,0,0,0,0,0,0,0,0,0,0,0,0,0,0,0,0,0,0,0,0,0,0,0,0,0,0,0,0,0,0,0,0,0,0,0,0,0,0,0,0,0,0,0,0,0,0,0,0,0,0,0,0,0,0,0,0,0,0,0,0,0,0,0,0,0,0,0,0,0,0,0,0,0,0,0,0,0,0,0,0,0,0,0,0,0,0,0,0,0,0,0,0,0,0,0,0,0,0,0,0,0,0,0,0,0,0,0,0,0,0,0,0,0,0,0,0,0,0,0,0,0,0,0,0,0,0,0,0,0,0,0,0,0,0,0,0,0,0,0,0,0,0,0,0,0,0,0,0,0,0,0,0,0,0,0,0,0,0,0,0,0,0,0,0,0,0,0,0,0,0,0,0,0,0,0,0,0,0,0,0,0,0,0,0,0,0,0,0,0,0,0,0,0,0,0,0,0,0,0,0,0,0,0,0,0,0,0,0,0,0,0,0,0,0,0,0,0,0,0,0,0,0,0,0,0,0,0,0,0,0,0,0,0,0,0,0,0,0,0,0,0,0,0,0,0,0,0,0,0,0,0,0,0,0,0,0,0,0,0,0,0,0,0,0,0,0,0,0,0,0,0,0,0,0,0,0,0,0,0,0,0,0,0,0,0,0,0,0,0,0,0,0,0,0,0,0,0,0,0,0,0,0,0,0,0,0,0,0,0,0,0,0,0,0,0,0,0,0,0,0,0,0,0,0,0,0,0,0,0,0,0,0,0,0,0,0,0,0,0,0,0,0,0,0,0,0,0,0,0,0,0,0,0,0,0,0,0,0,0,0,0,0,0,0,0,0,0,0,0,0,0,0,0,0,0,0,0,0,0,0,0,0,0,0,0,0,0,0,0,0,0,0,0,0,0,0,0,0,0,0,0,0,0,0,0,0,0,0,0,0,0,0,0,0,0,0,0,0,0,0,0,0,0,0,0,0,0,0,0,0,0,0,0,0,0,0,0,0,0,0,0,0,0,0,0,0,0,0,0,0,0,0,0,0,0,0,0,0,0,0,0,0,0,0,0,0,0,0,0,0,0,0,0,0,0,0,0,0,0,0,0,0,0,0,0,0,0,0,0,0,0,0,0,0,0,0,0,0,0,0,0,0,0,0,0,0
0.0718379611596461,0.0267653441656001,0.0160814645818263,0.015135496077013,0.0147459796338545,0.0144121083968616,0.0135774303043793,0.0134104946858828,0.0194201769517556,0.0184185632407768,0.0167492070558121,0.0191975961270937,0.0212564687552167,0.0316064771019977,0.0282121195259028,0.0207000166935618,0.022425018084692,0.0206443714873964,0.0278782482889099,0.0274887318457515,0.0279338934950754,0.0241500194758222,0.0192532413332591,0.0218129208168716,0.0250959879806355,0.0248734071559735,0.022536308497023,0.0254855044237939,0.0242056646819876,0.0217572756107061,0.022425018084692,0.0228701797340159,0.019920983807245,0.0205330810750654,0.0215346947860442,0.0180846920037839,0.0184742084469423,0.019920983807245,0.0168048522619776,0.0186411440654388,0.0168048522619776,0.0116298480885872,0.00929274942963664,0.00873629736798175,0.00745645762617551,0.00645484391519671,0.00673306994602415,0.00578710144121084,0.005008068554894,0.00461855211173557,0.00472984252406655,0.00445161649323911,0.00306048633910189,0.00178064659729564,0.00228145345278504,0.0020032274219576,0.00166935618496467,0.000166935618496467,0.000222580824661955,0,5.56452061654888e-05,0.000278226030827444,0.000278226030827444,0.000166935618496467,0,5.56452061654888e-05,0,0,0,0,0,0,0,0,0,0,0,0,0,0,0,0,0,0,0,0,0,0,0,0,0,0,0,0,0,0,0,0,0,0,0,0,0,0,0,0,0,0,0,0,0,0,0,0,0,0,0,0,0,0,0,0,0,0,0,0,0,0,0,0,0,0,0,0,0,0,0,0,0,0,0,0,0,0,0,0,0,0,0,0,0,0,0,0,0,0,0,0,0,0,0,0,0,0,0,0,0,0,0,0,0,0,0,0,0,0,0,0,0,0,0,0,0,0,0,0,0,0,0,0,0,0,0,0,0,0,0,0,0,0,0,0,0,0,0,0,0,0,0,0,0,0,0,0,0,0,0,0,0,0,0,0,0,0,0,0,0,0,0,0,0,0,0,0,0,0,0,0,0,0,0,0,0,0,0,0,0,0,0,0,0,0,0,0,0,0,0,0,0,0,0,0,0,0,0,0,0,0,0,0,0,0,0,0,0,0,0,0,0,0,0,0,0,0,0,0,0,0,0,0,0,0,0,0,0,0,0,0,0,0,0,0,0,0,0,0,0,0,0,0,0,0,0,0,0,0,0,0,0,0,0,0,0,0,0,0,0,0,0,0,0,0,0,0,0,0,0,0,0,0,0,0,0,0,0,0,0,0,0,0,0,0,0,0,0,0,0,0,0,0,0,0,0,0,0,0,0,0,0,0,0,0,0,0,0,0,0,0,0,0,0,0,0,0,0,0,0,0,0,0,0,0,0,0,0,0,0,0,0,0,0,0,0,0,0,0,0,0,0,0,0,0,0,0,0,0,0,0,0,0,0,0,0,0,0,0,0,0,0,0,0,0,0,0,0,0,0,0,0,0,0,0,0,0,0,0,0,0,0,0,0,0,0,0,0,0,0,0,0,0,0,0,0,0,0,0,0,0,0,0,0,0,0,0,0,0,0,0,0,0,0,0,0,0,0,0,0,0,0,0,0,0,0,0,0,0,0,0,0,0,0,0,0,0,0,0,0,0,0,0,0,0,0,0,0,0,0,0,0,0,0,0,0,0,0,0,0,0,0,0,0,0,0,0,0,0,0,0,0,0,0,0,0,0,0,0,0,0,0,0,0,0,0,0,0,0,0,0,0
0.0631515746957044,0.0234157524152612,0.0148463511817041,0.0127722285901425,0.0132634681513018,0.0121172425085967,0.0114076742535888,0.0124447355493696,0.0142459472736204,0.0108618525189673,0.0104251951312701,0.0130451394574532,0.0143005294470826,0.0206320615686917,0.0189400141913651,0.0186671033240544,0.0170296381201899,0.0175208776813493,0.0230336772010261,0.0205774793952295,0.0183941924567436,0.0217782872113968,0.0177392063751979,0.0228153485071776,0.0222149445990939,0.0240707384968069,0.0238524098029584,0.0233065880683369,0.0217782872113968,0.019267507232138,0.0179029528955843,0.0160471589978713,0.0159925768244091,0.0170296381201899,0.0197041646198352,0.0144096937940069,0.0139184542328476,0.0139184542328476,0.0144096937940069,0.0179029528955843,0.0105343594781944,0.0127722285901425,0.0103160307843458,0.00982479122318651,0.0123901533759074,0.00873314775394356,0.00851481906009497,0.0102068664374215,0.00791441515201135,0.00895147644779215,0.00824190819278424,0.0069319360296927,0.00878772992740571,0.00862398340701927,0.00824190819278424,0.00911522296817859,0.00665902516238197,0.00633153212160908,0.00627694994814694,0.00414824518312319,0.00436657387697178,0.00294743736695595,0.00436657387697178,0.00480323126466896,0.00305660171388025,0.00327493040772884,0.00463948474428252,0.00338409475465313,0.00272910867310736,0.00261994432618307,0.00272910867310736,0.00382075214235031,0.00272910867310736,0.00218328693848589,0.00218328693848589,0.00169204737732657,0.00234703345887233,0.00212870476502374,0.00191037607117515,0.00261994432618307,0.00191037607117515,0.00152830085694012,0.00152830085694012,0.00174662955078871,0.00125538998962939,0.00158288303040227,0.00158288303040227,0.0010370612957808,0.00114622564270509,0.000927896948856503,0.000764150428470062,0.00109164346924295,0.000873314775394356,0.00141913651001583,0.000818732601932209,0.000709568255007914,0.000163746520386442,0.000764150428470062,0.00060040390808362,0.000491239561159325,0.00060040390808362,0.000327493040772884,0.000272910867310736,0.00060040390808362,0.000873314775394356,0.000109164346924295,0.000272910867310736,0.000109164346924295,5.45821734621473e-05,0.000272910867310736,0,0.000218328693848589,0.000272910867310736,0.000382075214235031,5.45821734621473e-05,0.000218328693848589,0.000163746520386442,5.45821734621473e-05,0,0,0,0,0,0,0,0,0,0,0,0,0,0,0,0,0,0,0,0,0,0,0,0,0,0,0,0,0,0,0,0,0,0,0,0,0,0,0,0,0,0,0,0,0,0,0,0,0,0,0,0,0,0,0,0,0,0,0,0,0,0,0,0,0,0,0,0,0,0,0,0,0,0,0,0,0,0,0,0,0,0,0,0,0,0,0,0,0,0,0,0,0,0,0,0,0,0,0,0,0,0,0,0,0,0,0,0,0,0,0,0,0,0,0,0,0,0,0,0,0,0,0,0,0,0,0,0,0,0,0,0,0,0,0,0,0,0,0,0,0,0,0,0,0,0,0,0,0,0,0,0,0,0,0,0,0,0,0,0,0,0,0,0,0,0,0,0,0,0,0,0,0,0,0,0,0,0,0,0,0,0,0,0,0,0,0,0,0,0,0,0,0,0,0,0,0,0,0,0,0,0,0,0,0,0,0,0,0,0,0,0,0,0,0,0,0,0,0,0,0,0,0,0,0,0,0,0,0,0,0,0,0,0,0,0,0,0,0,0,0,0,0,0,0,0,0,0,0,0,0,0,0,0,0,0,0,0,0,0,0,0,0,0,0,0,0,0,0,0,0,0,0,0,0,0,0,0,0,0,0,0,0,0,0,0,0,0,0,0,0,0,0,0,0,0,0,0,0,0,0,0,0,0,0,0,0,0,0,0,0,0,0,0,0,0,0,0,0,0,0,0,0,0,0,0,0,0,0,0,0,0,0,0,0,0,0,0,0,0,0,0,0,0,0,0,0,0,0,0,0,0,0,0,0,0,0,0,0,0,0,0,0,0,0,0,0,0,0,0,0,0,0,0,0,0,0,0,0,0,0,0,0,0,0,0,0,0,0,0,0,0,0,0,0,0,0,0,0,0,0,0,0,0,0,0,0,0,0,0,0,0,0,0,0,0,0,0,0,0,0,0,0,0,0,0,0,0,0,0,0,0,0,0,0,0,0,0,0,0,0
0.0189672709866571,0.00604319990426614,0.00173517621013582,0.00209417818464668,0.00173517621013582,0.00215401184706516,0.00311135044576079,0.00191467719739125,0.00287201579608688,0.00406868904445641,0.00520552863040747,0.00652186920361395,0.00484652665589661,0.00418835636929336,0.00418835636929336,0.00520552863040747,0.00269251480883145,0.00406868904445641,0.00442769101896727,0.00574403159217376,0.00436785735654879,0.00436785735654879,0.00370968706994555,0.0038293543947825,0.00394902171961946,0.00364985340752707,0.00311135044576079,0.00466702566864118,0.00514569496798899,0.00550469694249985,0.00400885538203793,0.00472685933105965,0.00520552863040747,0.0046071920062227,0.00568419792975528,0.00388918805720098,0.0038293543947825,0.00353018608269012,0.00478669299347813,0.00442769101896727,0.00430802369413032,0.00502602764315204,0.00544486328008137,0.00484652665589661,0.00478669299347813,0.00430802369413032,0.00406868904445641,0.00317118410817926,0.00448752468138575,0.00412852270687489,0.00329085143301621,0.00622270089152157,0.00400885538203793,0.0035900197451086,0.0038293543947825,0.00430802369413032,0.00412852270687489,0.0038293543947825,0.00508586130557051,0.00454735834380422,0.00394902171961946,0.00376952073236403,0.0038293543947825,0.0028121821336684,0.00299168312092383,0.00424819003171184,0.00454735834380422,0.00317118410817926,0.00376952073236403,0.00454735834380422,0.0035900197451086,0.0038293543947825,0.00269251480883145,0.00418835636929336,0.00424819003171184,0.00454735834380422,0.00400885538203793,0.00394902171961946,0.00424819003171184,0.00347035242027164,0.00466702566864118,0.00490636031831508,0.00323101777059774,0.00520552863040747,0.00478669299347813,0.00400885538203793,0.00526536229282594,0.00394902171961946,0.00490636031831508,0.00466702566864118,0.00370968706994555,0.00364985340752707,0.0038293543947825,0.00406868904445641,0.00341051875785317,0.0035900197451086,0.00442769101896727,0.00831687907616825,0.00610303356668462,0.00323101777059774,0.00329085143301621,0.00311135044576079,0.00233351283432059,0.00436785735654879,0.00335068509543469,0.00299168312092383,0.00275234847124993,0.00341051875785317,0.0035900197451086,0.00353018608269012,0.0035900197451086,0.00263268114641297,0.00269251480883145,0.00329085143301621,0.0025728474839945,0.00293184945850536,0.0028121821336684,0.00155567522288039,0.00269251480883145,0.00233351283432059,0.00191467719739125,0.00305151678334231,0.00341051875785317,0.00161550888529887,0.00209417818464668,0.00125650691078801,0.00215401184706516,0.00263268114641297,0.00119667324836953,0.00209417818464668,0.00245318015915754,0.00173517621013582,0.00311135044576079,0.00203434452222821,0.00149584156046192,0.00143600789804344,0.00107700592353258,0.00173517621013582,0.00119667324836953,0.0017950098725543,0.00167534254771735,0.00149584156046192,0.00131634057320649,0.00125650691078801,0.00185484353497278,0.00155567522288039,0.00173517621013582,0.00293184945850536,0.00209417818464668,0.0010171722611141,0.00185484353497278,0.00125650691078801,0.00143600789804344,0.000837671273858673,0.00137617423562496,0.00239334649673907,0.00215401184706516,0.00299168312092383,0.0017950098725543,0.00191467719739125,0.00125650691078801,0.00143600789804344,0.000777837611440196,0.00113683958595106,0.00161550888529887,0.00173517621013582,0.00107700592353258,0.0010171722611141,0.00137617423562496,0.00107700592353258,0.000957338598695626,0.00161550888529887,0.000777837611440196,0.00125650691078801,0.00107700592353258,0.000777837611440196,0.000777837611440196,0.00107700592353258,0.000897504936277149,0.000777837611440196,0.00107700592353258,0.00071800394902172,0.00125650691078801,0.000837671273858673,0.00125650691078801,0.000777837611440196,0.000658170286603243,0.000658170286603243,0.000658170286603243,0.000418835636929336,0.000658170286603243,0.000897504936277149,0.000598336624184766,0.00071800394902172,0.000598336624184766,0.000598336624184766,0.000777837611440196,0.00017950098725543,0.00053850296176629,0.00035900197451086,0.000598336624184766,0.000239334649673907,0.000598336624184766,0.000837671273858673,0.000777837611440196,0.000658170286603243,0.00053850296176629,0.00053850296176629,0.000478669299347813,0.000957338598695626,0.00125650691078801,0.000897504936277149,0.000598336624184766,0.000897504936277149,0.00107700592353258,0.000837671273858673,0.00071800394902172,0.00071800394902172,0.000897504936277149,0.00071800394902172,0.000658170286603243,0.000957338598695626,0.00071800394902172,0.000837671273858673,0.00107700592353258,0.000837671273858673,0.000658170286603243,0.000837671273858673,0.00137617423562496,0.00131634057320649,0.00107700592353258,0.00107700592353258,0.00107700592353258,0.00113683958595106,0.00119667324836953,0.00113683958595106,0.00143600789804344,0.000957338598695626,0.00119667324836953,0.00173517621013582,0.0010171722611141,0.000777837611440196,0.00137617423562496,0.000837671273858673,0.00125650691078801,0.00071800394902172,0.00113683958595106,0.000957338598695626,0.00149584156046192,0.00185484353497278,0.00161550888529887,0.000957338598695626,0.00173517621013582,0.00131634057320649,0.00107700592353258,0.00107700592353258,0.00149584156046192,0.00143600789804344,0.00227367917190211,0.00143600789804344,0.00125650691078801,0.00125650691078801,0.00107700592353258,0.00173517621013582,0.00131634057320649,0.00167534254771735,0.00119667324836953,0.00107700592353258,0.00227367917190211,0.00119667324836953,0.00137617423562496,0.00167534254771735,0.00143600789804344,0.0017950098725543,0.00155567522288039,0.00161550888529887,0.00185484353497278,0.00107700592353258,0.00125650691078801,0.00113683958595106,0.00173517621013582,0.00167534254771735,0.00245318015915754,0.00161550888529887,0.00119667324836953,0.00131634057320649,0.000957338598695626,0.00155567522288039,0.00191467719739125,0.00209417818464668,0.00227367917190211,0.00233351283432059,0.00203434452222821,0.00263268114641297,0.0017950098725543,0.00239334649673907,0.00191467719739125,0.00167534254771735,0.00251301382157602,0.00143600789804344,0.00221384550948364,0.00275234847124993,0.00245318015915754,0.00275234847124993,0.00155567522288039,0.00161550888529887,0.00215401184706516,0.00215401184706516,0.00137617423562496,0.00209417818464668,0.00173517621013582,0.00233351283432059,0.00227367917190211,0.00370968706994555,0.00167534254771735,0.00167534254771735,0.00221384550948364,0.00191467719739125,0.00209417818464668,0.00233351283432059,0.00209417818464668,0.00173517621013582,0.0010171722611141,0.0025728474839945,0.0017950098725543,0.00161550888529887,0.00203434452222821,0.00233351283432059,0.0017950098725543,0.00275234847124993,0.00191467719739125,0.00239334649673907,0.00221384550948364,0.00299168312092383,0.0017950098725543,0.00329085143301621,0.00215401184706516,0.00197451085980973,0.00149584156046192,0.00275234847124993,0.00143600789804344,0.00155567522288039,0.00173517621013582,0.00197451085980973,0.00269251480883145,0.00215401184706516,0.00245318015915754,0.00197451085980973,0.00185484353497278,0.00263268114641297,0.0035900197451086,0.00131634057320649,0.00233351283432059,0.00251301382157602,0.00227367917190211,0.00131634057320649,0.00287201579608688,0.00149584156046192,0.00376952073236403,0.00215401184706516,0.00275234847124993,0.00251301382157602,0.00167534254771735,0.0035900197451086,0.00293184945850536,0.00209417818464668,0.00263268114641297,0.00263268114641297,0.00203434452222821,0.00251301382157602,0.00197451085980973,0.00299168312092383,0.00191467719739125,0.00305151678334231,0.00347035242027164,0.00400885538203793,0.00233351283432059,0.00263268114641297,0.00353018608269012,0.00239334649673907,0.00191467719739125,0.00221384550948364,0.00125650691078801,0.00185484353497278,0.00239334649673907,0.00245318015915754,0.00191467719739125,0.00197451085980973,0.00353018608269012,0.00215401184706516,0.00173517621013582,0.00239334649673907,0.00173517621013582,0.00203434452222821,0.00191467719739125,0.00263268114641297,0.00269251480883145,0.00125650691078801,0.00125650691078801,0.00149584156046192,0.00209417818464668,0.00251301382157602,0.0017950098725543,0.00119667324836953,0.00191467719739125,0.00173517621013582,0.00137617423562496,0.00161550888529887,0.00203434452222821,0.00227367917190211,0.00143600789804344,0.000777837611440196,0.000837671273858673,0.00107700592353258,0.00119667324836953,0.00137617423562496,0.00143600789804344,0.00137617423562496,0.00107700592353258,0.00131634057320649,0.000478669299347813,0.000837671273858673,0.00149584156046192,0.000957338598695626,0.00071800394902172,0.000478669299347813,0.00131634057320649,0.000598336624184766,0.00071800394902172,0.000897504936277149,0.00053850296176629,0.000418835636929336,0.000598336624184766,0.00071800394902172,0.00017950098725543,0.000239334649673907,0.000478669299347813,0.00071800394902172,0.000119667324836953,0.00053850296176629,0,0,0,0.00017950098725543,5.98336624184766e-05,0,0,0,0,0,0,0,0,0,0,0,0,0,0,0,0,0,0,0,0,0,0,0,0,0,0,0,0,0,0,0,0,0,0,0,0,0,0,0,0,0,0,0,0,0,0,0,0,0,0,0,0,0,0,0,0,0,0,0,0,0,0,0,0,0,0,0,0,0,0,0,0,0,0,0,0,0,0,0,0,0,0,0,0,0,0,0,0,0,0,0,0,0,0,0,0,0,0,0,0,0,0,0,0,0,0,0,0,0,0,0,0,0,0
0.0628166646656261,0.0262456477368231,0.0224996998439188,0.0241325489254412,0.0276383719534158,0.0286949213591067,0.0353463801176612,0.0321046944411094,0.0267018849801897,0.0328010565494057,0.0326569816304478,0.0348661303878017,0.038588065794213,0.0376515788209869,0.046704286228839,0.0422619762276384,0.0286228838996278,0.0281906591427542,0.0340977308200264,0.0364749669828311,0.0252131108176252,0.022379637411454,0.0255252731420339,0.0207227758434386,0.0188738143834794,0.01928202665386,0.0248529235202305,0.018249489734662,0.015199903950054,0.0134710049225597,0.0122943930844039,0.0117661183815584,0.0130627926521791,0.0108776563813183,0.00758794573178053,0.00439428502821467,0.00643534638011766,0.00686757113699124,0.00722775843438588,0.0027374234601993,0.0014167367030856,0.00146476167607156,0.00216112378436787,0.00261736102773442,0.00117661183815584,0.00144074918957858,0.00146476167607156,0.00100852443270501,0.00136871173009965,0.00115259935166286,0.00100852443270501,0.00151278664905751,0.000192099891943811,9.60499459719054e-05,0,0,2.40124864929763e-05,2.40124864929763e-05,2.40124864929763e-05,0,0,0,0,0,0,0,0,0,0,0,0,0,0,0,0,0,0,0,0,0,0,0,0,0,0,0,0,0,0,0,0,2.40124864929763e-05,0,2.40124864929763e-05,2.40124864929763e-05,0,0,2.40124864929763e-05,0,0,0.000144074918957858,7.2037459478929e-05,0,0,2.40124864929763e-05,2.40124864929763e-05,0,0,0,0,2.40124864929763e-05,0,0,0,0,0,0,4.80249729859527e-05,0.000168087405450834,9.60499459719054e-05,9.60499459719054e-05,9.60499459719054e-05,2.40124864929763e-05,2.40124864929763e-05,0,0,0,0,0,0,0,0,0,0,0,0,0,0,0,0,0,0,0,0,0,0,0,0,0,0,0,0,0,0,0,0,0,0,0,0,0,0,0,0,0,0,0,0,0,0,0,0,0,0,0,0,0,0,0,0,0,0,0,0,0,0,0,0,0,0,0,0,0,0,0,0,0,0,0,0,0,0,0,0,0,0,0,0,0,0,0,0,0,0,0,2.40124864929763e-05,2.40124864929763e-05,0,0,0,0,0,0,0,0,0,0,0,0,0,2.40124864929763e-05,0,0,0,0,0,0,0,0,0,0,0,0,0,0,0,0.000120062432464882,2.40124864929763e-05,0,0.000144074918957858,9.60499459719054e-05,0,4.80249729859527e-05,0.000120062432464882,2.40124864929763e-05,7.2037459478929e-05,0.000120062432464882,9.60499459719054e-05,0.000216112378436787,2.40124864929763e-05,0.000120062432464882,0.000144074918957858,2.40124864929763e-05,2.40124864929763e-05,0,2.40124864929763e-05,2.40124864929763e-05,0,4.80249729859527e-05,0,0.000144074918957858,0.000168087405450834,4.80249729859527e-05,0.000168087405450834,0.000120062432464882,0.000120062432464882,2.40124864929763e-05,2.40124864929763e-05,4.80249729859527e-05,0,0,0,0,0,0,0,0,0,0,4.80249729859527e-05,0,0,0,0,0,4.80249729859527e-05,2.40124864929763e-05,0.000192099891943811,0,0,0,2.40124864929763e-05,2.40124864929763e-05,0.000120062432464882,0,2.40124864929763e-05,9.60499459719054e-05,0.000120062432464882,2.40124864929763e-05,0.000336174810901669,0.000192099891943811,0.000120062432464882,0.000168087405450834,0.000144074918957858,7.2037459478929e-05,0,0.000240124864929763,0.000360187297394645,0.000192099891943811,0.000168087405450834,0.000312162324408693,0.000432224756873574,0.000360187297394645,0.00026413735142274,0.000192099891943811,2.40124864929763e-05,0.000120062432464882,9.60499459719054e-05,2.40124864929763e-05,4.80249729859527e-05,0.000144074918957858,0.000240124864929763,0.000216112378436787,0.000384199783887622,0.000480249729859527,0.000576299675831432,0.000888462000240125,0.000864449513747149,0.000552287189338456,0.000408212270380598,0.000288149837915716,7.2037459478929e-05,2.40124864929763e-05,4.80249729859527e-05,2.40124864929763e-05,4.80249729859527e-05,7.2037459478929e-05,4.80249729859527e-05,2.40124864929763e-05,0.000192099891943811,0.000192099891943811,7.2037459478929e-05,7.2037459478929e-05,0.000120062432464882,2.40124864929763e-05,0,0,0,0,0,0,0,0,0,0,0,0,0,0,0,0,0,0,0,0,0,0,0,0,0,0,0,0,0,0,0,0,0,0,0,0,0,0,0,0,0.000120062432464882,2.40124864929763e-05,0,0,0,0,0,0,0,0,0,0,0,0,0,0,0,0,0,0,0,7.2037459478929e-05,2.40124864929763e-05,0,0,4.80249729859527e-05,0,2.40124864929763e-05,7.2037459478929e-05,0,0,7.2037459478929e-05,4.80249729859527e-05,0.000360187297394645,2.40124864929763e-05,0,0,0,2.40124864929763e-05,7.2037459478929e-05,0,0,7.2037459478929e-05,9.60499459719054e-05,2.40124864929763e-05,4.80249729859527e-05,4.80249729859527e-05,7.2037459478929e-05,4.80249729859527e-05,4.80249729859527e-05,0,0.000144074918957858,7.2037459478929e-05,0,0,0,0,0,0,0,0,0,0,0,0,0,0,0,0,0,0,0,0,0,0,0,0,0,0,0,0,0,0,0,0,0,0,0,0,0,0,0,0,0,0,0,0,0,0,0,0,0,0,0,0,0,0,0,0,0,0,0,0,0,0,0,0,0,0,0,0,0,0,0,0,0,0,0,0,0,0,0,0,0,0,0,0,0,0,0,0,0,0,0,0,0,0,0,0,0,0,0,0,0,0,0,0,0,0,0,0,0,0,0
0.0382198502195059,0.0218128604631144,0.0250322802789016,0.0290608590858225,0.0381682017732633,0.0428682103813377,0.0523370921924765,0.0545751915296548,0.052285443746234,0.0569682362055608,0.0572953430317638,0.0600671429801153,0.0593268485839718,0.0563140225531549,0.047533786691917,0.0474477059481794,0.0434707755875011,0.0419041060514763,0.0372213135921494,0.0320564689678919,0.0311956615305156,0.0233278815528966,0.018817250581045,0.0124644916932082,0.00896961349746062,0.00516484462425755,0.00349487819574761,0.00137729189980201,0.000723078247396057,0.000344322974950504,0.000120513041232676,3.44322974950504e-05,0,0,0,0,0,0,0,0,0,0,0,0,0,0,0,0,0,0,0,0,0,0,0,0,0,0,0,0,0,0,0,0,0,0,0,0,0,0,0,0,0,0,0,0,0,0,0,0,0,0,0,0,0,0,0,0,0,0,0,0,0,0,0,0,0,0,0,0,0,0,0,0,0,0,0,0,0,0,0,0,0,0,0,0,0,0,0,0,0,0,0,0,0,0,0,0,0,0,0,0,0,0,0,0,0,0,0,0,0,0,0,0,0,0,0,0,0,0,0,0,0,0,0,0,0,0,0,0,0,0,0,0,0,0,0,0,0,0,0,0,0,0,0,0,0,0,0,0,0,0,0,0,0,0,0,0,0,0,0,0,0,0,0,0,0,0,0,0,0,0,0,0,0,0,0,0,0,0,0,0,0,0,0,0,0,0,0,0,0,0,0,0,0,0,0,0,0,0,0,0,0,0,0,0,0,0,0,0,0,0,0,0,0,0,0,0,0,0,0,0,0,0,0,0,0,0,0,0,0,0,0,0,0,0,0,0,0,0,0,0,0,0,0,0,0,0,0,0,0,0,0,0,0,0,0,0,0,0,0,0,0,0,0,0,0,0,0,0,0,0,0,0,0,0,0,0,0,0,0,0,0,0,0,0,0,0,0,0,0,0,0,0,0,0,0,0,0,0,0,0,0,0,0,0,0,0,0,0,0,0,0,0,0,0,0,0,0,0,0,0,0,0,0,0,0,0,0,0,0,0,0,0,0,0,0,0,0,0,0,0,0,0,0,0,0,0,0,0,0,0,0,0,0,0,0,0,0,0,0,0,0,0,0,0,0,0,0,0,0,0,0,0,0,0,0,0,0,0,0,0,0,0,0,0,0,0,0,0,0,0,0,0,0,0,0,0,0,0,0,0,0,0,0,0,0,0,0,0,0,0,0,0,0,0,0,0,0,0,0,0,0,0,0,0,0,0,0,0,0,0,0,0,0,0,0,0,0,0,0,0,0,0,0,0,0,0,0,0,0,0,0,0,0,0,0,0,0,0,0,0,0,0,0,0,0,0,0,0,0,0,0,0,0,0,0,0,0,0,0,0,0,0,0,0,0,0,0,0,0,0,0,0,0,0,0,0,0,0,0,0,0,0,0,0,0,0,0,0,0,0,0,0,0,0,0,0,0,0,0,0,0,0,0,0,0,0,0
0.0397739674532535,0.0204447893677394,0.0280843014090656,0.0369121819901535,0.0420051900177043,0.0465403924041423,0.0543739237988989,0.0585695923168336,0.0582058060291514,0.0589333786045158,0.0568234181359591,0.0560715931414159,0.0554895350811243,0.0583755729634031,0.0599519802100259,0.0495719448014939,0.0413746271190551,0.0397982198724323,0.0388038706861009,0.0306793102611986,0.0210268474280309,0.0176072563238183,0.0110833555647176,0.00746974510707443,0.00591759027963039,0.00375912497271603,0.00106710644386778,0.000509300802755075,0.000460795964397449,0.000218271772609318,9.70096767152523e-05,0,0,0,0,0,0,0,0,0,0,0,0,0,0,0,0,0,0,0,0,0,0,0,0,0,0,0,0,0,0,0,0,0,0,0,0,0,0,0,0,0,0,0,0,0,0,0,0,0,0,0,0,0,0,0,0,0,0,0,0,0,0,0,0,0,0,0,0,0,0,0,0,0,0,0,0,0,0,0,0,0,0,0,0,0,0,0,0,0,0,0,0,0,0,0,0,0,0,0,0,0,0,0,0,0,0,0,0,0,0,0,0,0,0,0,0,0,0,0,0,0,0,0,0,0,0,0,0,0,0,0,0,0,0,0,0,0,0,0,0,0,0,0,0,0,0,0,0,0,0,0,0,0,0,0,0,0,0,0,0,0,0,0,0,0,0,0,0,0,0,0,0,0,0,0,0,0,0,0,0,0,0,0,0,0,0,0,0,0,0,0,0,0,0,0,0,0,0,0,0,0,0,0,0,0,0,0,0,0,0,0,0,0,0,0,0,0,0,0,0,0,0,0,0,0,0,0,0,0,0,0,0,0,0,0,0,0,0,0,0,0,0,0,0,0,0,0,0,0,0,0,0,0,0,0,0,0,0,0,0,0,0,0,0,0,0,0,0,0,0,0,0,0,0,0,0,0,0,0,0,0,0,0,0,0,0,0,0,0,0,0,0,0,0,0,0,0,0,0,0,0,0,0,0,0,0,0,0,0,0,0,0,0,0,0,0,0,0,0,0,0,0,0,0,0,0,0,0,0,0,0,0,0,0,0,0,0,0,0,0,0,0,0,0,0,0,0,0,0,0,0,0,0,0,0,0,0,0,0,0,0,0,0,0,0,0,0,0,0,0,0,0,0,0,0,0,0,0,0,0,0,0,0,0,0,0,0,0,0,0,0,0,0,0,0,0,0,0,0,0,0,0,0,0,0,0,0,0,0,0,0,0,0,0,0,0,0,0,0,0,0,0,0,0,0,0,0,0,0,0,0,0,0,0,0,0,0,0,0,0,0,0,0,0,0,0,0,0,0,0,0,0,0,0,0,0,0,0,0,0,0,0,0,0,0,0,0,0,0,0,0,0,0,0,0,0,0,0,0,0,0,0,0,0,0,0,0,0,0,0,0,0,0,0,0,0,0,0,0,0,0,0,0,0,0,0,0,0,0,0,0,0,0,0,0,0,0,0,0,0,0,0,0,0,0,0,0,0
0.0385335507640273,0.024309959533732,0.0302893036178052,0.0367820257292988,0.0431539530108111,0.0477139578426043,0.0530591290692758,0.0626019206377967,0.0645346379174971,0.0571963519961346,0.0544784683215558,0.0549012502264903,0.0558374101588452,0.0557770127438546,0.0572869481186205,0.0517605846469771,0.0441203116506614,0.0359666606269252,0.0325240079724588,0.0251857220510962,0.0205955185118077,0.017877634837229,0.0120492842906324,0.00996557347345534,0.00724768979887661,0.00371444102192426,0.00166092891224256,0.000694570272392342,0.000120794829981277,6.03974149906384e-05,0,0,0,0,0,0,0,0,0,0,0,0,0,0,0,0,0,0,0,0,0,0,0,0,0,0,0,0,0,0,0,0,0,0,0,0,0,0,0,0,0,0,0,0,0,0,0,0,0,0,0,0,0,0,0,0,0,0,0,0,0,0,0,0,0,0,0,0,0,0,0,0,0,0,0,0,0,0,0,0,0,0,0,0,0,0,0,0,0,0,0,0,0,0,0,0,0,0,0,0,0,0,0,0,0,0,0,0,0,0,0,0,0,0,0,0,0,0,0,0,0,0,0,0,0,0,0,0,0,0,0,0,0,0,0,0,0,0,0,0,0,0,0,0,0,0,0,0,0,0,0,0,0,0,0,0,0,0,0,0,0,0,0,0,0,0,0,0,0,0,0,0,0,0,0,0,0,0,0,0,0,0,0,0,0,0,0,0,0,0,0,0,0,0,0,0,0,0,0,0,0,0,0,0,0,0,0,0,0,0,0,0,0,0,0,0,0,0,0,0,0,0,0,0,0,0,0,0,0,0,0,0,0,0,0,0,0,0,0,0,0,0,0,0,0,0,0,0,0,0,0,0,0,0,0,0,0,0,0,0,0,0,0,0,0,0,0,0,0,0,0,0,0,0,0,0,0,0,0,0,0,0,0,0,0,0,0,0,0,0,0,0,0,0,0,0,0,0,0,0,0,0,0,0,0,0,0,0,0,0,0,0,0,0,0,0,0,0,0,0,0,0,0,0,0,0,0,0,0,0,0,0,0,0,0,0,0,0,0,0,0,0,0,0,0,0,0,0,0,0,0,0,0,0,0,0,0,0,0,0,0,0,0,0,0,0,0,0,0,0,0,0,0,0,0,0,0,0,0,0,0,0,0,0,0,0,0,0,0,0,0,0,0,0,0,0,0,0,0,0,0,0,0,0,0,0,0,0,0,0,0,0,0,0,0,0,0,0,0,0,0,0,0,0,0,0,0,0,0,0,0,0,0,0,0,0,0,0,0,0,0,0,0,0,0,0,0,0,0,0,0,0,0,0,0,0,0,0,0,0,0,0,0,0,0,0,0,0,0,0,0,0,0,0,0,0,0,0,0,0,0,0,0,0,0,0,0,0,0,0,0,0,0,0,0,0,0,0,0,0,0,0,0,0,0,0,0,0,0,0,0,0,0,0,0,0,0,0,0,0,0,0,0,0,0,0,0,0,0
0.0449785816277963,0.0233902223431019,0.0327395117971034,0.0348473516012783,0.0381111035561297,0.0463384782756511,0.0489222819065751,0.0550758142381179,0.0603794111647515,0.058679540354933,0.0548718297409397,0.0543278710817978,0.0593594886788604,0.0584755558577548,0.0584415584415584,0.0470864214319712,0.0472904059291494,0.0371931733188278,0.0292377779288774,0.026347997552186,0.0198544910586795,0.0219963282790508,0.0167267287686136,0.0110151628476236,0.00744543414700483,0.00469164343509893,0.0014278914802475,0.000543958659141905,0.000203984497178214,0,0,0,0,0,0,0,0,0,0,0,0,0,0,0,0,0,0,0,0,0,0,0,0,0,0,0,0,0,0,0,0,0,0,0,0,0,0,0,0,0,0,0,0,0,0,0,0,0,0,0,0,0,0,0,0,0,0,0,0,0,0,0,0,0,0,0,0,0,0,0,0,0,0,0,0,0,0,0,0,0,0,0,0,0,0,0,0,0,0,0,0,0,0,0,0,0,0,0,0,0,0,0,0,0,0,0,0,0,0,0,0,0,0,0,0,0,0,0,0,0,0,0,0,0,0,0,0,0,0,0,0,0,0,0,0,0,0,0,0,0,0,0,0,0,0,0,0,0,0,0,0,0,0,0,0,0,0,0,0,0,0,0,0,0,0,0,0,0,0,0,0,0,0,0,0,0,0,0,0,0,0,0,0,0,0,0,0,0,0,0,0,0,0,0,0,0,0,0,0,0,0,0,0,0,0,0,0,0,0,0,0,0,0,0,0,0,0,0,0,0,0,0,0,0,0,0,0,0,0,0,0,0,0,0,0,0,0,0,0,0,0,0,0,0,0,0,0,0,0,0,0,0,0,0,0,0,0,0,0,0,0,0,0,0,0,0,0,0,0,0,0,0,0,0,0,0,0,0,0,0,0,0,0,0,0,0,0,0,0,0,0,0,0,0,0,0,0,0,0,0,0,0,0,0,0,0,0,0,0,0,0,0,0,0,0,0,0,0,0,0,0,0,0,0,0,0,0,0,0,0,0,0,0,0,0,0,0,0,0,0,0,0,0,0,0,0,0,0,0,0,0,0,0,0,0,0,0,0,0,0,0,0,0,0,0,0,0,0,0,0,0,0,0,0,0,0,0,0,0,0,0,0,0,0,0,0,0,0,0,0,0,0,0,0,0,0,0,0,0,0,0,0,0,0,0,0,0,0,0,0,0,0,0,0,0,0,0,0,0,0,0,0,0,0,0,0,0,0,0,0,0,0,0,0,0,0,0,0,0,0,0,0,0,0,0,0,0,0,0,0,0,0,0,0,0,0,0,0,0,0,0,0,0,0,0,0,0,0,0,0,0,0,0,0,0,0,0,0,0,0,0,0,0,0,0,0,0,0,0,0,0,0,0,0,0,0,0,0,0,0,0,0,0,0,0,0,0,0,0,0,0,0,0,0,0,0,0,0,0,0,0,0,0,0,0,0,0,0,0
0.051329545097793,0.0250525853137852,0.0341883025146768,0.0366684456723072,0.0460867108278655,0.0512353624462374,0.0462122876966063,0.0568863215395724,0.0595548300003139,0.0643581452296487,0.0629140112391297,0.0661162213920196,0.0604966565158698,0.060214108561203,0.0527736790883119,0.0483157002480143,0.0389602235268264,0.0320534957460836,0.025994411829341,0.0219131635952658,0.0178005211440053,0.0147552820770414,0.010171726368003,0.00621605500266851,0.00565095909333501,0.00222898942014881,0.000879038081185446,0.000565095909333501,9.41826515555835e-05,0.000251153737481556,6.2788434370389e-05,0,0,0,0,0,0,0,0,0,0,0,0,0,0,0,0,0,0,0,0,0,0,0,0,0,0,0,0,0,0,0,0,0,0,0,0,0,0,0,0,0,0,0,0,0,0,0,0,0,0,0,0,0,0,0,0,0,0,0,0,0,0,0,0,0,0,0,0,0,0,0,0,0,0,0,0,0,0,0,0,0,0,0,0,0,0,0,0,0,0,0,0,0,0,0,0,0,0,0,0,0,0,0,0,0,0,0,0,0,0,0,0,0,0,0,0,0,0,0,0,0,0,0,0,0,0,0,0,0,0,0,0,0,0,0,0,0,0,0,0,0,0,0,0,0,0,0,0,0,0,0,0,0,0,0,0,0,0,0,0,0,0,0,0,0,0,0,0,0,0,0,0,0,0,0,0,0,0,0,0,0,0,0,0,0,0,0,0,0,0,0,0,0,0,0,0,0,0,0,0,0,0,0,0,0,0,0,0,0,0,0,0,0,0,0,0,0,0,0,0,0,0,0,0,0,0,0,0,0,0,0,0,0,0,0,0,0,0,0,0,0,0,0,0,0,0,0,0,0,0,0,0,0,0,0,0,0,0,0,0,0,0,0,0,0,0,0,0,0,0,0,0,0,0,0,0,0,0,0,0,0,0,0,0,0,0,0,0,0,0,0,0,0,0,0,0,0,0,0,0,0,0,0,0,0,0,0,0,0,0,0,0,0,0,0,0,0,0,0,0,0,0,0,0,0,0,0,0,0,0,0,0,0,0,0,0,0,0,0,0,0,0,0,0,0,0,0,0,0,0,0,0,0,0,0,0,0,0,0,0,0,0,0,0,0,0,0,0,0,0,0,0,0,0,0,0,0,0,0,0,0,0,0,0,0,0,0,0,0,0,0,0,0,0,0,0,0,0,0,0,0,0,0,0,0,0,0,0,0,0,0,0,0,0,0,0,0,0,0,0,0,0,0,0,0,0,0,0,0,0,0,0,0,0,0,0,0,0,0,0,0,0,0,0,0,0,0,0,0,0,0,0,0,0,0,0,0,0,0,0,0,0,0,0,0,0,0,0,0,0,0,0,0,0,0,0,0,0,0,0,0,0,0,0,0,0,0,0,0,0,0,0,0,0,0,0,0,0,0,0,0,0,0,0,0,0,0,0,0,0,0,0,0,0,0,0,0,0,0,0,0,0,0,0,0,0,0,0
0.0447032420465229,0.0258393230825221,0.0314499742213326,0.036999969672156,0.0396384920995966,0.0490097958936099,0.049707336305462,0.0578351984957389,0.0537106117126133,0.0572286416158675,0.0626573256907167,0.0664786340339065,0.0632335547265945,0.0581384769356746,0.0605950322991539,0.0534376611166712,0.0416098019591787,0.0327540715130561,0.0259303066145028,0.0189549024959816,0.0178934279562066,0.0166803141964638,0.0147696600248688,0.0108270403057047,0.00530737269887484,0.00272950595942134,0.00115245807175568,0.000394261971916416,0.000333606283929275,0,0,0,0,0,0,0,0,0,0,0,0,0,0,0,0,0,0,0,0,0,0,0,0,0,0,0,0,0,0,0,0,0,0,0,0,0,0,0,0,0,0,0,0,0,0,0,0,0,0,0,0,0,0,0,0,0,0,0,0,0,0,0,0,0,0,0,0,0,0,0,0,0,0,0,0,0,0,0,0,0,0,0,0,0,0,0,0,0,0,0,0,0,0,0,0,0,0,0,0,0,0,0,0,0,0,0,0,0,0,0,0,0,0,0,0,0,0,0,0,0,0,0,0,0,0,0,0,0,0,0,0,0,0,0,0,0,0,0,0,0,0,0,0,0,0,0,0,0,0,0,0,0,0,0,0,0,0,0,0,0,0,0,0,0,0,0,0,0,0,0,0,0,0,0,0,0,0,0,0,0,0,0,0,0,0,0,0,0,0,0,0,0,0,0,0,0,0,0,0,0,0,0,0,0,0,0,0,0,0,0,0,0,0,0,0,0,0,0,0,0,0,0,0,0,0,0,0,0,0,0,0,0,0,0,0,0,0,0,0,0,0,0,0,0,0,0,0,0,0,0,0,0,0,0,0,0,0,0,0,0,0,0,0,0,0,0,0,0,0,0,0,0,0,0,0,0,0,0,0,0,0,0,0,0,0,0,0,0,0,0,0,0,0,0,0,0,0,0,0,0,0,0,0,0,0,0,0,0,0,0,0,0,0,0,0,0,0,0,0,0,0,0,0,0,0,0,0,0,0,0,0,0,0,0,0,0,0,0,0,0,0,0,0,0,0,0,0,0,0,0,0,0,0,0,0,0,0,0,0,0,0,0,0,0,0,0,0,0,0,0,0,0,0,0,0,0,0,0,0,0,0,0,0,0,0,0,0,0,0,0,0,0,0,0,0,0,0,0,0,0,0,0,0,0,0,0,0,0,0,0,0,0,0,0,0,0,0,0,0,0,0,0,0,0,0,0,0,0,0,0,0,0,0,0,0,0,0,0,0,0,0,0,0,0,0,0,0,0,0,0,0,0,0,0,0,0,0,0,0,0,0,0,0,0,0,0,0,0,0,0,0,0,0,0,0,0,0,0,0,0,0,0,0,0,0,0,0,0,0,0,0,0,0,0,0,0,0,0,0,0,0,0,0,0,0,0,0,0,0,0,0,0,0,0,0,0,0,0,0,0,0,0,0,0,0,0,0,0,0
0.0450463977897234,0.0277485810384696,0.0300009009279558,0.0409621910567885,0.0439352533109102,0.0429742634913961,0.0445959338118262,0.0493708519775369,0.0503018108651912,0.0571488633292291,0.0594612450824349,0.0607225442205472,0.0669089161836692,0.0639959157932671,0.0567884921469113,0.0528844710051353,0.0405117270788913,0.0377488813477882,0.0297005916093576,0.0259166941950209,0.0234241268506562,0.0175380642061323,0.0124027748581038,0.00801825880657077,0.00570587705336497,0.00333343343643953,0.00189194870716838,0.000810835160215021,0.000150154659299078,0,0,0,0,0,0,0,0,0,0,0,0,0,0,0,0,0,0,0,0,0,0,0,0,0,0,0,0,0,0,0,0,0,0,0,0,0,0,0,0,0,0,0,0,0,0,0,0,0,0,0,0,0,0,0,0,0,0,0,0,0,0,0,0,0,0,0,0,0,0,0,0,0,0,0,0,0,0,0,0,0,0,0,0,0,0,0,0,0,0,0,0,0,0,0,0,0,0,0,0,0,0,0,0,0,0,0,0,0,0,0,0,0,0,0,0,0,0,0,0,0,0,0,0,0,0,0,0,0,0,0,0,0,0,0,0,0,0,0,0,0,0,0,0,0,0,0,0,0,0,0,0,0,0,0,0,0,0,0,0,0,0,0,0,0,0,0,0,0,0,0,0,0,0,0,0,0,0,0,0,0,0,0,0,0,0,0,0,0,0,0,0,0,0,0,0,0,0,0,0,0,0,0,0,0,0,0,0,0,0,0,0,0,0,0,0,0,0,0,0,0,0,0,0,0,0,0,0,0,0,0,0,0,0,0,0,0,0,0,0,0,0,0,0,0,0,0,0,0,0,0,0,0,0,0,0,0,0,0,0,0,0,0,0,0,0,0,0,0,0,0,0,0,0,0,0,0,0,0,0,0,0,0,0,0,0,0,0,0,0,0,0,0,0,0,0,0,0,0,0,0,0,0,0,0,0,0,0,0,0,0,0,0,0,0,0,0,0,0,0,0,0,0,0,0,0,0,0,0,0,0,0,0,0,0,0,0,0,0,0,0,0,0,0,0,0,0,0,0,0,0,0,0,0,0,0,0,0,0,0,0,0,0,0,0,0,0,0,0,0,0,0,0,0,0,0,0,0,0,0,0,0,0,0,0,0,0,0,0,0,0,0,0,0,0,0,0,0,0,0,0,0,0,0,0,0,0,0,0,0,0,0,0,0,0,0,0,0,0,0,0,0,0,0,0,0,0,0,0,0,0,0,0,0,0,0,0,0,0,0,0,0,0,0,0,0,0,0,0,0,0,0,0,0,0,0,0,0,0,0,0,0,0,0,0,0,0,0,0,0,0,0,0,0,0,0,0,0,0,0,0,0,0,0,0,0,0,0,0,0,0,0,0,0,0,0,0,0,0,0,0,0,0,0,0,0,0,0,0,0,0,0,0,0,0,0,0,0,0,0,0,0,0,0,0,0,0,0,0,0
0.0511094253745496,0.034088754029964,0.034752512801062,0.0424331500094823,0.0479802768822302,0.0576047790631519,0.053053290347051,0.0529110563246729,0.0571306656552247,0.0527688223022947,0.063626019343827,0.0631044945951072,0.0624407358240091,0.0546652759340034,0.0394936468803338,0.0417693912383842,0.0389247107908212,0.0303432581073393,0.0241323724634933,0.0210506353119666,0.0189171249762943,0.0171629053669638,0.0142234022378153,0.0156457424615968,0.00758581452683482,0.00237056703963588,0.000568936089512611,0.000142234022378153,0,0,0,0,0,0,0,0,0,0,0,0,0,0,0,0,0,0,0,0,0,0,0,0,0,0,0,0,0,0,0,0,0,0,0,0,0,0,0,0,0,0,0,0,0,0,0,0,0,0,0,0,0,0,0,0,0,0,0,0,0,0,0,0,0,0,0,0,0,0,0,0,0,0,0,0,0,0,0,0,0,0,0,0,0,0,0,0,0,0,0,0,0,0,0,0,0,0,0,0,0,0,0,0,0,0,0,0,0,0,0,0,0,0,0,0,0,0,0,0,0,0,0,0,0,0,0,0,0,0,0,0,0,0,0,0,0,0,0,0,0,0,0,0,0,0,0,0,0,0,0,0,0,0,0,0,0,0,0,0,0,0,0,0,0,0,0,0,0,0,0,0,0,0,0,0,0,0,0,0,0,0,0,0,0,0,0,0,0,0,0,0,0,0,0,0,0,0,0,0,0,0,0,0,0,0,0,0,0,0,0,0,0,0,0,0,0,0,0,0,0,0,0,0,0,0,0,0,0,0,0,0,0,0,0,0,0,0,0,0,0,0,0,0,0,0,0,0,0,0,0,0,0,0,0,0,0,0,0,0,0,0,0,0,0,0,0,0,0,0,0,0,0,0,0,0,0,0,0,0,0,0,0,0,0,0,0,0,0,0,0,0,0,0,0,0,0,0,0,0,0,0,0,0,0,0,0,0,0,0,0,0,0,0,0,0,0,0,0,0,0,0,0,0,0,0,0,0,0,0,0,0,0,0,0,0,0,0,0,0,0,0,0,0,0,0,0,0,0,0,0,0,0,0,0,0,0,0,0,0,0,0,0,0,0,0,0,0,0,0,0,0,0,0,0,0,0,0,0,0,0,0,0,0,0,0,0,0,0,0,0,0,0,0,0,0,0,0,0,0,0,0,0,0,0,0,0,0,0,0,0,0,0,0,0,0,0,0,0,0,0,0,0,0,0,0,0,0,0,0,0,0,0,0,0,0,0,0,0,0,0,0,0,0,0,0,0,0,0,0,0,0,0,0,0,0,0,0,0,0,0,0,0,0,0,0,0,0,0,0,0,0,0,0,0,0,0,0,0,0,0,0,0,0,0,0,0,0,0,0,0,0,0,0,0,0,0,0,0,0,0,0,0,0,0,0,0,0,0,0,0,0,0,0,0,0,0,0,0,0,0,0,0,0,0,0,0,0,0,0,0
0.0474585062240664,0.0301537155790268,0.0312617880045266,0.0374387023764617,0.0471991701244813,0.049674651075066,0.0531639004149378,0.0574075820445115,0.0612504715201811,0.0671208977744247,0.0665550735571483,0.0627593360995851,0.0567946058091286,0.0557808374198416,0.0506176914371935,0.0404092795171633,0.0353168615616748,0.0301537155790268,0.0260750660128253,0.0233638249717088,0.0191672953602414,0.0153008298755187,0.0125895888344021,0.0104913240286684,0.00707280271595624,0.00370143342135043,0.0013202565069785,0.000330064126744625,2.35760090531875e-05,4.7152018106375e-05,0,0,0,0,0,0,0,0,0,0,0,0,0,0,0,0,0,0,0,0,0,0,0,0,0,0,0,0,0,0,0,0,0,0,0,0,0,0,0,0,0,0,0,0,0,0,0,0,0,0,0,0,0,0,0,0,0,0,0,0,0,0,0,0,0,0,0,0,0,0,0,0,0,0,0,0,0,0,0,0,0,0,0,0,0,0,0,0,0,0,0,0,0,0,0,0,0,0,0,0,0,0,0,0,0,0,0,0,0,0,0,0,0,0,0,0,0,0,0,0,0,0,0,0,0,0,0,0,0,0,0,0,0,0,0,0,0,0,0,0,0,0,0,0,0,0,0,0,0,0,0,0,0,0,0,0,0,0,0,0,0,0,0,0,0,0,0,0,0,0,0,0,0,0,0,0,0,0,0,0,0,0,0,0,0,0,0,0,0,0,0,0,0,0,0,0,0,0,0,0,0,0,0,0,0,0,0,0,0,0,0,0,0,0,0,0,0,0,0,0,0,0,0,0,0,0,0,0,0,0,0,0,0,0,0,0,0,0,0,0,0,0,0,0,0,0,0,0,0,0,0,0,0,0,0,0,0,0,0,0,0,0,0,0,0,0,0,0,0,0,0,0,0,0,0,0,0,0,0,0,0,0,0,0,0,0,0,0,0,0,0,0,0,0,0,0,0,0,0,0,0,0,0,0,0,0,0,0,0,0,0,0,0,0,0,0,0,0,0,0,0,0,0,0,0,0,0,0,0,0,0,0,0,0,0,0,0,0,0,0,0,0,0,0,0,0,0,0,0,0,0,0,0,0,0,0,0,0,0,0,0,0,0,0,0,0,0,0,0,0,0,0,0,0,0,0,0,0,0,0,0,0,0,0,0,0,0,0,0,0,0,0,0,0,0,0,0,0,0,0,0,0,0,0,0,0,0,0,0,0,0,0,0,0,0,0,0,0,0,0,0,0,0,0,0,0,0,0,0,0,0,0,0,0,0,0,0,0,0,0,0,0,0,0,0,0,0,0,0,0,0,0,0,0,0,0,0,0,0,0,0,0,0,0,0,0,0,0,0,0,0,0,0,0,0,0,0,0,0,0,0,0,0,0,0,0,0,0,0,0,0,0,0,0,0,0,0,0,0,0,0,0,0,0,0,0,0,0,0,0,0,0,0,0,0,0,0,0,0,0,0,0,0,0,0,0,0,0,0
0.0492858133407294,0.0264595756483151,0.0326168353903758,0.0392733324088199,0.0483982804049369,0.0480931909582582,0.0530300929136042,0.0551934544445985,0.0573845513798364,0.0638746359728193,0.0614061849951463,0.0582720843156289,0.0594369712938566,0.0566356954652614,0.0601858272084316,0.0566356954652614,0.0437664678962696,0.0332547496879767,0.0275689918180557,0.0220773817778394,0.0144224102066288,0.00951324365552628,0.00926362501733463,0.00574122867840799,0.00416031063652753,0.0019692137012897,0.000721120510331438,0.000693385106087921,0.000388295659409236,0.000277354042435168,0,0,0,0,0,0,0,0,0,0,0,0,0,0,0,0,0,0,0,0,0,0,0,0,0,0,0,0,0,0,0,0,0,0,0,0,0,0,0,0,0,0,0,0,0,0,0,0,0,0,0,0,0,0,0,0,0,0,0,0,0,0,0,0,0,0,0,0,0,0,0,0,0,0,0,0,0,0,0,0,0,0,0,0,0,0,0,0,0,0,0,0,0,0,0,0,0,0,0,0,0,0,0,0,0,0,0,0,0,0,0,0,0,0,0,0,0,0,0,0,0,0,0,0,0,0,0,0,0,0,0,0,0,0,0,0,0,0,0,0,0,0,0,0,0,0,0,0,0,0,0,0,0,0,0,0,0,0,0,0,0,0,0,0,0,0,0,0,0,0,0,0,0,0,0,0,0,0,0,0,0,0,0,0,0,0,0,0,0,0,0,0,0,0,0,0,0,0,0,0,0,0,0,0,0,0,0,0,0,0,0,0,0,0,0,0,0,0,0,0,0,0,0,0,0,0,0,0,0,0,0,0,0,0,0,0,0,0,0,0,0,0,0,0,0,0,0,0,0,0,0,0,0,0,0,0,0,0,0,0,0,0,0,0,0,0,0,0,0,0,0,0,0,0,0,0,0,0,0,0,0,0,0,0,0,0,0,0,0,0,0,0,0,0,0,0,0,0,0,0,0,0,0,0,0,0,0,0,0,0,0,0,0,0,0,0,0,0,0,0,0,0,0,0,0,0,0,0,0,0,0,0,0,0,0,0,0,0,0,0,0,0,0,0,0,0,0,0,0,0,0,0,0,0,0,0,0,0,0,0,0,0,0,0,0,0,0,0,0,0,0,0,0,0,0,0,0,0,0,0,0,0,0,0,0,0,0,0,0,0,0,0,0,0,0,0,0,0,0,0,0,0,0,0,0,0,0,0,0,0,0,0,0,0,0,0,0,0,0,0,0,0,0,0,0,0,0,0,0,0,0,0,0,0,0,0,0,0,0,0,0,0,0,0,0,0,0,0,0,0,0,0,0,0,0,0,0,0,0,0,0,0,0,0,0,0,0,0,0,0,0,0,0,0,0,0,0,0,0,0,0,0,0,0,0,0,0,0,0,0,0,0,0,0,0,0,0,0,0,0,0,0,0,0,0,0,0,0,0,0,0,0,0,0,0,0,0,0,0,0,0,0,0,0,0,0,0,0,0
0.0534035227122235,0.0285723745199311,0.0289696728910078,0.0407561912329493,0.0480068865050987,0.0469143159846378,0.0537346046881208,0.059329890080784,0.066746126340882,0.0626407098397563,0.061481922924116,0.0579062375844259,0.0591643490928354,0.0592305654880148,0.0508872996954046,0.0397960535028473,0.0343663090981327,0.029300754866905,0.0216196530260893,0.0192027546020395,0.0175473447225533,0.0145676069394782,0.0146669315322474,0.0131770626407098,0.00864123957091776,0.00417163289630513,0.0032777115613826,0.00175473447225533,0.000165540987948616,0,0,0,0,0,0,0,0,0,0,0,0,0,0,0,0,0,0,0,0,0,0,0,0,0,0,0,0,0,0,0,0,0,0,0,0,0,0,0,0,0,0,0,0,0,0,0,0,0,0,0,0,0,0,0,0,0,0,0,0,0,0,0,0,0,0,0,0,0,0,0,0,0,0,0,0,0,0,0,0,0,0,0,0,0,0,0,0,0,0,0,0,0,0,0,0,0,0,0,0,0,0,0,0,0,0,0,0,0,0,0,0,0,0,0,0,0,0,0,0,0,0,0,0,0,0,0,0,0,0,0,0,0,0,0,0,0,0,0,0,0,0,0,0,0,0,0,0,0,0,0,0,0,0,0,0,0,0,0,0,0,0,0,0,0,0,0,0,0,0,0,0,0,0,0,0,0,0,0,0,0,0,0,0,0,0,0,0,0,0,0,0,0,0,0,0,0,0,0,0,0,0,0,0,0,0,0,0,0,0,0,0,0,0,0,0,0,0,0,0,0,0,0,0,0,0,0,0,0,0,0,0,0,0,0,0,0,0,0,0,0,0,0,0,0,0,0,0,0,0,0,0,0,0,0,0,0,0,0,0,0,0,0,0,0,0,0,0,0,0,0,0,0,0,0,0,0,0,0,0,0,0,0,0,0,0,0,0,0,0,0,0,0,0,0,0,0,0,0,0,0,0,0,0,0,0,0,0,0,0,0,0,0,0,0,0,0,0,0,0,0,0,0,0,0,0,0,0,0,0,0,0,0,0,0,0,0,0,0,0,0,0,0,0,0,0,0,0,0,0,0,0,0,0,0,0,0,0,0,0,0,0,0,0,0,0,0,0,0,0,0,0,0,0,0,0,0,0,0,0,0,0,0,0,0,0,0,0,0,0,0,0,0,0,0,0,0,0,0,0,0,0,0,0,0,0,0,0,0,0,0,0,0,0,0,0,0,0,0,0,0,0,0,0,0,0,0,0,0,0,0,0,0,0,0,0,0,0,0,0,0,0,0,0,0,0,0,0,0,0,0,0,0,0,0,0,0,0,0,0,0,0,0,0,0,0,0,0,0,0,0,0,0,0,0,0,0,0,0,0,0,0,0,0,0,0,0,0,0,0,0,0,0,0,0,0,0,0,0,0,0,0,0,0,0,0,0,0,0,0,0,0,0,0,0,0,0,0,0,0,0,0,0,0,0,0,0,0,0,0
0.0442268842268842,0.0308003108003108,0.0306449106449106,0.0406216006216006,0.0447241647241647,0.054980574980575,0.0616006216006216,0.0643045843045843,0.0708313908313908,0.066946386946387,0.0597358197358197,0.0582439782439782,0.0591452991452991,0.0525252525252525,0.0531779331779332,0.043014763014763,0.0344366744366744,0.0304273504273504,0.0208236208236208,0.0188344988344988,0.0159129759129759,0.00957264957264957,0.00997668997668998,0.00773892773892774,0.00658896658896659,0.00596736596736597,0.00360528360528361,0.000559440559440559,0,3.10800310800311e-05,0,0,0,0,0,0,0,0,0,0,0,0,0,0,0,0,0,0,0,0,0,0,0,0,0,0,0,0,0,0,0,0,0,0,0,0,0,0,0,0,0,0,0,0,0,0,0,0,0,0,0,0,0,0,0,0,0,0,0,0,0,0,0,0,0,0,0,0,0,0,0,0,0,0,0,0,0,0,0,0,0,0,0,0,0,0,0,0,0,0,0,0,0,0,0,0,0,0,0,0,0,0,0,0,0,0,0,0,0,0,0,0,0,0,0,0,0,0,0,0,0,0,0,0,0,0,0,0,0,0,0,0,0,0,0,0,0,0,0,0,0,0,0,0,0,0,0,0,0,0,0,0,0,0,0,0,0,0,0,0,0,0,0,0,0,0,0,0,0,0,0,0,0,0,0,0,0,0,0,0,0,0,0,0,0,0,0,0,0,0,0,0,0,0,0,0,0,0,0,0,0,0,0,0,0,0,0,0,0,0,0,0,0,0,0,0,0,0,0,0,0,0,0,0,0,0,0,0,0,0,0,0,0,0,0,0,0,0,0,0,0,0,0,0,0,0,0,0,0,0,0,0,0,0,0,0,0,0,0,0,0,0,0,0,0,0,0,0,0,0,0,0,0,0,0,0,0,0,0,0,0,0,0,0,0,0,0,0,0,0,0,0,0,0,0,0,0,0,0,0,0,0,0,0,0,0,0,0,0,0,0,0,0,0,0,0,0,0,0,0,0,0,0,0,0,0,0,0,0,0,0,0,0,0,0,0,0,0,0,0,0,0,0,0,0,0,0,0,0,0,0,0,0,0,0,0,0,0,0,0,0,0,0,0,0,0,0,0,0,0,0,0,0,0,0,0,0,0,0,0,0,0,0,0,0,0,0,0,0,0,0,0,0,0,0,0,0,0,0,0,0,0,0,0,0,0,0,0,0,0,0,0,0,0,0,0,0,0,0,0,0,0,0,0,0,0,0,0,0,0,0,0,0,0,0,0,0,0,0,0,0,0,0,0,0,0,0,0,0,0,0,0,0,0,0,0,0,0,0,0,0,0,0,0,0,0,0,0,0,0,0,0,0,0,0,0,0,0,0,0,0,0,0,0,0,0,0,0,0,0,0,0,0,0,0,0,0,0,0,0,0,0,0,0,0,0,0,0,0,0,0,0,0,0,0,0,0,0,0,0,0,0,0,0,0,0,0,0,0
0.0351176270030685,0.0259585283451632,0.0283606608188947,0.0333353996838484,0.0416576263831634,0.0473607538046679,0.0526299476180144,0.0555744971019434,0.0570312742150451,0.0609521743173294,0.0621609893686266,0.0623004680283917,0.0598053497814834,0.052877909679819,0.0548926014319809,0.0515296159687568,0.0488020332889068,0.0435638347332858,0.0370548306109165,0.0283916560766203,0.0218516566965254,0.0144592877289775,0.0121191457706971,0.005811610823544,0.00388990484455878,0.00142578185537613,0.000433933608157952,0.000418435979295168,0.000170473917490624,6.1990515451136e-05,0,0,0,0,0,0,0,0,0,0,0,0,0,0,0,0,0,0,0,0,0,0,0,0,0,0,0,0,0,0,0,0,0,0,0,0,0,0,0,0,0,0,0,0,0,0,0,0,0,0,0,0,0,0,0,0,0,0,0,0,0,0,0,0,0,0,0,0,0,0,0,0,0,0,0,0,0,0,0,0,0,0,0,0,0,0,0,0,0,0,0,0,0,0,0,0,0,0,0,0,0,0,0,0,0,0,0,0,0,0,0,0,0,0,0,0,0,0,0,0,0,0,0,0,0,0,0,0,0,0,0,0,0,0,0,0,0,0,0,0,0,0,0,0,0,0,0,0,0,0,0,0,0,0,0,0,0,0,0,0,0,0,0,0,0,0,0,0,0,0,0,0,0,0,0,0,0,0,0,0,0,0,0,0,0,0,0,0,0,0,0,0,0,0,0,0,0,0,0,0,0,0,0,0,0,0,0,0,0,0,0,0,0,0,0,0,0,0,0,0,0,0,0,0,0,0,0,0,0,0,0,0,0,0,0,0,0,0,0,0,0,0,0,0,0,0,0,0,0,0,0,0,0,0,0,0,0,0,0,0,0,0,0,0,0,0,0,0,0,0,0,0,0,0,0,0,0,0,0,0,0,0,0,0,0,0,0,0,0,0,0,0,0,0,0,0,0,0,0,0,0,0,0,0,0,0,0,0,0,0,0,0,0,0,0,0,0,0,0,0,0,0,0,0,0,0,0,0,0,0,0,0,0,0,0,0,0,0,0,0,0,0,0,0,0,0,0,0,0,0,0,0,0,0,0,0,0,0,0,0,0,0,0,0,0,0,0,0,0,0,0,0,0,0,0,0,0,0,0,0,0,0,0,0,0,0,0,0,0,0,0,0,0,0,0,0,0,0,0,0,0,0,0,0,0,0,0,0,0,0,0,0,0,0,0,0,0,0,0,0,0,0,0,0,0,0,0,0,0,0,0,0,0,0,0,0,0,0,0,0,0,0,0,0,0,0,0,0,0,0,0,0,0,0,0,0,0,0,0,0,0,0,0,0,0,0,0,0,0,0,0,0,0,0,0,0,0,0,0,0,0,0,0,0,0,0,0,0,0,0,0,0,0,0,0,0,0,0,0,0,0,0,0,0,0,0,0,0,0,0,0,0,0,0,0,0,0,0,0,0,0,0,0,0,0,0,0,0,0
0.512487859936478,0.080970942593905,0.015499908129249,0.00963658555791795,0.00652774496679529,0.00744153082919915,0.00618651074887786,0.00779588944011339,0.00860468015854267,0.0151242223797149,0.0220522613329134,0.015243982465811,0.0237666351681235,0.0169681995957687,0.0285471953172166,0.0342366196813397,0.0317839987400583,0.0204789747224191,0.0197029949864819,0.0192616872719637,0.0155015486783736,0.0275300548599627,0.0222458461296165,0.0120613171640812,0.00631283303147229,0.00492820957030737,0.00447377746279235,0.00441799879255584,0.000201787542326167,8.20274562301494e-06,0,0,0,0,0,0,0,0,0,0,0,0,0,0,0,0,0,0,0,0,0,0,0,0,0,0,0,0,0,0,0,0,0,0,0,0,0,0,0,0,0,0,0,0,0,0,0,0,0,0,0,0,0,0,0,0,0,0,0,0,0,0,0,0,0,0,0,0,0,0,0,0,0,0,0,0,0,0,0,0,0,0,0,0,0,0,0,0,0,0,0,0,0,0,0,0,0,0,0,0,0,0,0,0,0,0,0,0,0,0,0,0,0,0,0,0,0,0,0,0,0,0,0,0,0,0,0,0,0,0,0,0,0,0,0,0,0,0,0,0,0,0,0,0,0,0,0,0,0,0,0,0,0,0,0,0,0,0,0,0,0,0,0,0,0,0,0,0,0,0,0,0,0,0,0,0,0,0,0,0,0,0,0,0,0,0,0,0,0,0,0,0,0,0,0,0,0,0,0,0,0,0,0,0,0,0,0,0,0,0,0,0,0,0,0,0,0,0,0,0,0,0,0,0,0,0,0,0,0,0,0,0,0,0,0,0,0,0,0,0,0,0,0,0,0,0,0,0,0,0,0,0,0,0,0,0,0,0,0,0,0,0,0,0,0,0,0,0,0,0,0,0,0,0,0,0,0,0,0,0,0,0,0,0,0,0,0,0,0,0,0,0,0,0,0,0,0,0,0,0,0,0,0,0,0,0,0,0,0,0,0,0,0,0,0,0,0,0,0,0,0,0,0,0,0,0,0,0,0,0,0,0,0,0,0,0,0,0,0,0,0,0,0,0,0,0,0,0,0,0,0,0,0,0,0,0,0,0,0,0,0,0,0,0,0,0,0,0,0,0,0,0,0,0,0,0,0,0,0,0,0,0,0,0,0,0,0,0,0,0,0,0,0,0,0,0,0,0,0,0,0,0,0,0,0,0,0,0,0,0,0,0,0,0,0,0,0,0,0,0,0,0,0,0,0,0,0,0,0,0,0,0,0,0,0,0,0,0,0,0,0,0,0,0,0,0,0,0,0,0,0,0,0,0,0,0,0,0,0,0,0,0,0,0,0,0,0,0,0,0,0,0,0,0,0,0,0,0,0,0,0,0,0,0,0,0,0,0,0,0,0,0,0,0,0,0,0,0,0,0,0,0,0,0,0,0,0,0,0,0,0,0,0,0,0,0,0,0,0,0,0,0,0,0,0,0,0,0,0
0.638735006256566,0.099834728346239,0.0164739180031416,0.00652689913923574,0.00250262652906999,0.00142334323871002,0.00122673755393856,0.00477587975923995,0.00374984384183892,0.00571999664131955,0.00661086615044021,0.00460999371271404,0.00895170258475036,0.00487827855339175,0.0130947577961322,0.0175634411729167,0.00882268010411909,0.00607839242085085,0.0174958579687766,0.0237995277367614,0.0100596575374728,0.0195417858759295,0.0198878938001626,0.0237278485808551,0.0111368928519498,0.0130742780373018,0.00484346296338014,0.00229373298900032,0.000550905512536684,0.000196605684771456,0.000946164857962633,0.000823286304980473,3.6863565894648e-05,6.143927649108e-06,0,0,0,0,0,0,0,0,0,0,0,0,0,0,0,0,0,0,0,0,0,0,0,0,0,0,0,0,0,0,0,0,0,0,0,0,0,0,0,0,0,0,0,0,0,0,0,0,0,0,0,0,0,0,0,0,0,0,0,0,0,0,0,0,0,0,0,0,0,0,0,0,0,0,0,0,0,0,0,0,0,0,0,0,0,0,0,0,0,0,0,0,0,0,0,0,0,0,0,0,0,0,0,0,0,0,0,0,0,0,0,0,0,0,0,0,0,0,0,0,0,0,0,0,0,0,0,0,0,0,0,0,0,0,0,0,0,0,0,0,0,0,0,0,0,0,0,0,0,0,0,0,0,0,0,0,0,0,0,0,0,0,0,0,0,0,0,0,0,0,0,0,0,0,0,0,0,0,0,0,0,0,0,0,0,0,0,0,0,0,0,0,0,0,0,0,0,0,0,0,0,0,0,0,0,0,0,0,0,0,0,0,0,0,0,0,0,0,0,0,0,0,0,0,0,0,0,0,0,0,0,0,0,0,0,0,0,0,0,0,0,0,0,0,0,0,0,0,0,0,0,0,0,0,0,0,0,0,0,0,0,0,0,0,0,0,0,0,0,0,0,0,0,0,0,0,0,0,0,0,0,0,0,0,0,0,0,0,0,0,0,0,0,0,0,0,0,0,0,0,0,0,0,0,0,0,0,0,0,0,0,0,0,0,0,0,0,0,0,0,0,0,0,0,0,0,0,0,0,0,0,0,0,0,0,0,0,0,0,0,0,0,0,0,0,0,0,0,0,0,0,0,0,0,0,0,0,0,0,0,0,0,0,0,0,0,0,0,0,0,0,0,0,0,0,0,0,0,0,0,0,0,0,0,0,0,0,0,0,0,0,0,0,0,0,0,0,0,0,0,0,0,0,0,0,0,0,0,0,0,0,0,0,0,0,0,0,0,0,0,0,0,0,0,0,0,0,0,0,0,0,0,0,0,0,0,0,0,0,0,0,0,0,0,0,0,0,0,0,0,0,0,0,0,0,0,0,0,0,0,0,0,0,0,0,0,0,0,0,0,0,0,0,0,0,0,0,0,0,0,0,0,0,0,0,0,0,0,0,0,0,0,0,0,0,0,0,0,0,0,0,0,0,0,0,0,0,0,0,0,0,0,0,0,0,0,0,0,0,0,0,0,0,0,0
0.0773334830955858,0.0256655060092104,0.0155565539705717,0.0163428057957992,0.0159496798831854,0.0182522745142087,0.018982365494777,0.0258901493878468,0.0212849601258003,0.0203302257665955,0.0193193305627317,0.0216219251937549,0.0246546108053465,0.0328540941255756,0.0305514994945524,0.0228574637762552,0.0236437156014826,0.0229136246209143,0.0277996181062563,0.0364483881837583,0.0389194653487588,0.031393912164439,0.026002471077165,0.0329664158148939,0.0320678423003482,0.0285858699314838,0.0289228349994384,0.0228574637762552,0.0285858699314838,0.0202179040772773,0.0199370998539818,0.0190946871840952,0.0161743232618219,0.017353700999663,0.0163428057957992,0.00994046950466135,0.010277434572616,0.0107828821745479,0.00881725261147928,0.0136470852521622,0.00786251825227451,0.00746939233966079,0.00746939233966079,0.00572840615522857,0.00522295855329664,0.00376277659215995,0.00269572054363698,0.00196562956306863,0.00185330787375042,0.000898573514545659,0.000786251825227451,0.000449286757272829,0.00106705604852297,0.000449286757272829,0.000449286757272829,0.000280804223295518,5.61608446591037e-05,0.000224643378636415,0.000168482533977311,0,0,0,0,0,0,0,0,0,0,0,0,0,0,0,0,0,0,0,0,0,0,0,0,0,0,0,0,0,0,0,0,0,0,0,0,0,0,0,0,0,0,0,0,0,0,0,0,0,0,0,0,0,0,0,0,0,0,0,0,0,0,0,0,0,0,0,0,0,0,0,0,0,0,0,0,0,0,0,0,0,0,0,0,0,0,0,0,0,0,0,0,0,0,0,0,0,0,0,0,0,0,0,0,0,0,0,0,0,0,0,0,0,0,0,0,0,0,0,0,0,0,0,0,0,0,0,0,0,0,0,0,0,0,0,0,0,0,0,0,0,0,0,0,0,0,0,0,0,0,0,0,0,0,0,0,0,0,0,0,0,0,0,0,0,0,0,0,0,0,0,0,0,0,0,0,0,0,0,0,0,0,0,0,0,0,0,0,0,0,0,0,0,0,0,0,0,0,0,0,0,0,0,0,0,0,0,0,0,0,0,0,0,0,0,0,0,0,0,0,0,0,0,0,0,0,0,0,0,0,0,0,0,0,0,0,0,0,0,0,0,0,0,0,0,0,0,0,0,0,0,0,0,0,0,0,0,0,0,0,0,0,0,0,0,0,0,0,0,0,0,0,0,0,0,0,0,0,0,0,0,0,0,0,0,0,0,0,0,0,0,0,0,0,0,0,0,0,0,0,0,0,0,0,0,0,0,0,0,0,0,0,0,0,0,0,0,0,0,0,0,0,0,0,0,0,0,0,0,0,0,0,0,0,0,0,0,0,0,0,0,0,0,0,0,0,0,0,0,0,0,0,0,0,0,0,0,0,0,0,0,0,0,0,0,0,0,0,0,0,0,0,0,0,0,0,0,0,0,0,0,0,0,0,0,0,0,0,0,0,0,0,0,0,0,0,0,0,0,0,0,0,0,0,0,0,0,0,0,0,0,0,0,0,0,0,0,0,0,0,0,0,0,0,0,0,0,0,0,0,0,0,0,0,0,0,0,0,0,0,0,0,0,0,0,0,0,0,0,0,0,0,0,0,0,0,0,0,0,0,0,0,0,0,0,0,0,0,0,0,0,0,0,0,0,0,0,0,0,0,0,0,0,0,0,0,0,0,0,0,0,0,0,0,0,0,0,0,0,0
0.0615476061817789,0.0243164379120285,0.0136712417594294,0.0115097806116935,0.0117259267264671,0.0106992326812926,0.012536474656868,0.0152923376202313,0.0108073057386793,0.00956446557873122,0.00907813682049065,0.0119420728412407,0.013076839943802,0.0186426023992219,0.0196692964443964,0.0158867394358586,0.0122122554847077,0.0165351777801794,0.0177239814114341,0.0209661731330379,0.0192910407435426,0.019345077272236,0.0175078352966605,0.0216146114773587,0.023830109153788,0.0229114881660002,0.0211282827191181,0.02274937857992,0.0228034151086134,0.0166972873662596,0.0154004106776181,0.0189127850426889,0.0202096617313304,0.0193991138009294,0.0176699448827407,0.0140494974602832,0.0177780179401275,0.0140494974602832,0.013887387874203,0.0150221549767643,0.0141575705176699,0.0145898627472171,0.0105911596239058,0.0141035339889765,0.0159948124932454,0.0132389495298822,0.0104290500378256,0.00913217334918405,0.010212903923052,0.0104290500378256,0.00897006376310386,0.0111315249108397,0.0102669404517454,0.00869988111963687,0.00940235599265103,0.00767318707446234,0.00648438344320761,0.00653841997190101,0.00697071220144818,0.0049713606397925,0.00486328758240571,0.00340430130768399,0.00605209121366043,0.00578190857019345,0.00583594509888685,0.00416081270939155,0.00616016427104723,0.00205338809034908,0.00275586296336323,0.00524154328325948,0.00394466659461796,0.00243164379120285,0.00151302280341511,0.00286393602075003,0.00367448395115098,0.0032421917216038,0.00113476710256133,0.00205338809034908,0.00286393602075003,0.0016751323894953,0.00280989949205663,0.00145898627472171,0.000918620987787744,0.000864584459094348,0.000594401815627364,0.000648438344320761,0.000864584459094348,0.000486328758240571,0.000540365286933967,0.000270182643466984,0.00140494974602832,0.00140494974602832,0.00032421917216038,0,0,5.40365286933967e-05,0,0,0,0,0,0,0,0,0,0,0,0,0,0,0,0,0,0,0,0,0,0,0,0,0,0,0,0,0,0,0,0,0,0,0,0,0,0,0,0,0,0,0,0,0,0,0,0,0,0,0,0,0,0,0,0,0,0,0,0,0,0,0,0,0,0,0,0,0,0,0,0,0,0,0,0,0,0,0,0,0,0,0,0,0,0,0,0,0,0,0,0,0,0,0,0,0,0,0,0,0,0,0,0,0,0,0,0,0,0,0,0,0,0,0,0,0,0,0,0,0,0,0,0,0,0,0,0,0,0,0,0,0,0,0,0,0,0,0,0,0,0,0,0,0,0,0,0,0,0,0,0,0,0,0,0,0,0,0,0,0,0,0,0,0,0,0,0,0,0,0,0,0,0,0,0,0,0,0,0,0,0,0,0,0,0,0,0,0,0,0,0,0,0,0,0,0,0,0,0,0,0,0,0,0,0,0,0,0,0,0,0,0,0,0,0,0,0,0,0,0,0,0,0,0,0,0,0,0,0,0,0,0,0,0,0,0,0,0,0,0,0,0,0,0,0,0,0,0,0,0,0,0,0,0,0,0,0,0,0,0,0,0,0,0,0,0,0,0,0,0,0,0,0,0,0,0,0,0,0,0,0,0,0,0,0,0,0,0,0,0,0,0,0,0,0,0,0,0,0,0,0,0,0,0,0,0,0,0,0,0,0,0,0,0,0,0,0,0,0,0,0,0,0,0,0,0,0,0,0,0,0,0,0,0,0,0,0,0,0,0,0,0,0,0,0,0,0,0,0,0,0,0,0,0,0,0,0,0,0,0,0,0,0,0,0,0,0,0,0,0,0,0,0,0,0,0,0,0,0,0,0,0,0,0,0,0,0,0,0,0,0,0,0,0,0,0,0,0,0,0,0,0,0,0,0,0,0,0,0,0,0,0,0,0,0,0,0,0,0,0,0,0,0,0,0,0,0,0,0,0,0,0,0,0,0,0,0,0,0,0,0,0,0,0,0,0,0,0,0,0,0,0,0,0,0,0,0,0,0,0,0,0
0.0203302927323675,0.00667739819948727,0.00172896917665295,0.00190782805699636,0.00202706731055864,0.00214630656412091,0.00310022059261909,0.00262326357837,0.00447147200858523,0.00411375424789841,0.00506766827639659,0.00649853931914386,0.00506766827639659,0.00476957014249091,0.00548500566386454,0.00482918976927204,0.00399451499433614,0.00476957014249091,0.00554462529064568,0.00584272342455136,0.00381565611399273,0.00369641686043045,0.00435223275502295,0.00733321409407977,0.00566386454420795,0.00488880939605318,0.00369641686043045,0.00608120193167591,0.00518690752995886,0.00751207297442318,0.00488880939605318,0.0045907112621475,0.00566386454420795,0.00554462529064568,0.00703511596017409,0.00369641686043045,0.00333869909974364,0.00405413462111727,0.00536576641030227,0.00482918976927204,0.00411375424789841,0.00512728790317773,0.0045907112621475,0.00542538603708341,0.00470995051570977,0.00423299350146068,0.00417337387467954,0.00339831872652477,0.0045907112621475,0.00536576641030227,0.00423299350146068,0.0059023430513325,0.00441185238180409,0.00369641686043045,0.0045907112621475,0.00542538603708341,0.00476957014249091,0.00435223275502295,0.00447147200858523,0.00429261312824182,0.00470995051570977,0.00375603648721159,0.00369641686043045,0.00286174208549454,0.00423299350146068,0.00441185238180409,0.00333869909974364,0.00339831872652477,0.00435223275502295,0.00381565611399273,0.00315984021940023,0.00375603648721159,0.00304060096583795,0.00357717760686818,0.00339831872652477,0.00447147200858523,0.00321945984618136,0.00268288320515114,0.00357717760686818,0.00345793835330591,0.00345793835330591,0.00488880939605318,0.00315984021940023,0.003934895367555,0.00470995051570977,0.0032790794729625,0.00626006081201932,0.00369641686043045,0.00405413462111727,0.00351755798008704,0.0032790794729625,0.00357717760686818,0.00369641686043045,0.00304060096583795,0.00351755798008704,0.003934895367555,0.00435223275502295,0.00626006081201932,0.00465033088892863,0.00345793835330591,0.00333869909974364,0.00345793835330591,0.00208668693733977,0.00387527574077386,0.00292136171227568,0.00208668693733977,0.00166934954987182,0.00280212245871341,0.00244440469802659,0.00256364395158886,0.00304060096583795,0.00250402432480773,0.00304060096583795,0.00321945984618136,0.00172896917665295,0.00226554581768318,0.00292136171227568,0.00238478507124545,0.00298098133905682,0.00238478507124545,0.00202706731055864,0.00339831872652477,0.003934895367555,0.00184820843021523,0.00238478507124545,0.00202706731055864,0.0032790794729625,0.00357717760686818,0.00220592619090205,0.00232516544446432,0.00310022059261909,0.00214630656412091,0.00315984021940023,0.00160972992309068,0.00101353365527932,0.00178858880343409,0.0019674476837775,0.00244440469802659,0.0019674476837775,0.00238478507124545,0.00166934954987182,0.00113277290884159,0.00101353365527932,0.00125201216240386,0.0019674476837775,0.0019674476837775,0.00268288320515114,0.00423299350146068,0.00250402432480773,0.00119239253562273,0.00250402432480773,0.00292136171227568,0.00178858880343409,0.00107315328206045,0.00190782805699636,0.00268288320515114,0.0019674476837775,0.00280212245871341,0.00155011029630955,0.00220592619090205,0.00125201216240386,0.00149049066952841,0.00119239253562273,0.00107315328206045,0.00101353365527932,0.00178858880343409,0.000834674774935909,0.00107315328206045,0.000953914028498182,0.000834674774935909,0.00101353365527932,0.00119239253562273,0.000476957014249091,0.00113277290884159,0.000894294401717045,0.0006558158945925,0.000953914028498182,0.00113277290884159,0.001311631789185,0.000596196267811363,0.0006558158945925,0.000715435521373636,0.00113277290884159,0.000715435521373636,0.0006558158945925,0.00101353365527932,0.000834674774935909,0.000596196267811363,0.000298098133905682,0.000357717760686818,0.000596196267811363,0.00137125141596614,0.000476957014249091,0.000834674774935909,0.000775055148154773,0.000953914028498182,0.00113277290884159,0.000298098133905682,0.000834674774935909,0.000953914028498182,0.000596196267811363,0.0006558158945925,0.000536576641030227,0.000536576641030227,0.000536576641030227,0.00107315328206045,0.0006558158945925,0.000596196267811363,0.000476957014249091,0.000596196267811363,0.000953914028498182,0.000834674774935909,0.000596196267811363,0.000953914028498182,0.000834674774935909,0.0006558158945925,0.0006558158945925,0.000834674774935909,0.0006558158945925,0.00125201216240386,0.0006558158945925,0.000715435521373636,0.000476957014249091,0.000834674774935909,0.000775055148154773,0.000476957014249091,0.000536576641030227,0.000715435521373636,0.000894294401717045,0.00125201216240386,0.000953914028498182,0.001311631789185,0.00101353365527932,0.00113277290884159,0.00125201216240386,0.000894294401717045,0.00178858880343409,0.00107315328206045,0.000894294401717045,0.00172896917665295,0.00113277290884159,0.000953914028498182,0.00149049066952841,0.0006558158945925,0.00119239253562273,0.000775055148154773,0.00101353365527932,0.00101353365527932,0.0019674476837775,0.00160972992309068,0.00149049066952841,0.000596196267811363,0.001311631789185,0.00125201216240386,0.00125201216240386,0.000953914028498182,0.00155011029630955,0.00101353365527932,0.00172896917665295,0.00149049066952841,0.000775055148154773,0.00125201216240386,0.00107315328206045,0.00137125141596614,0.00101353365527932,0.00143087104274727,0.00107315328206045,0.00101353365527932,0.00166934954987182,0.00107315328206045,0.000775055148154773,0.00125201216240386,0.00149049066952841,0.00160972992309068,0.001311631789185,0.00119239253562273,0.00149049066952841,0.001311631789185,0.00137125141596614,0.00119239253562273,0.00155011029630955,0.00178858880343409,0.00232516544446432,0.00143087104274727,0.00143087104274727,0.00155011029630955,0.00160972992309068,0.00190782805699636,0.00226554581768318,0.00232516544446432,0.00238478507124545,0.00214630656412091,0.00220592619090205,0.00280212245871341,0.00184820843021523,0.00238478507124545,0.00238478507124545,0.00155011029630955,0.00238478507124545,0.00172896917665295,0.00226554581768318,0.00262326357837,0.00232516544446432,0.00268288320515114,0.0019674476837775,0.00149049066952841,0.00226554581768318,0.00226554581768318,0.00137125141596614,0.00178858880343409,0.00178858880343409,0.00220592619090205,0.00155011029630955,0.00280212245871341,0.00178858880343409,0.00178858880343409,0.00214630656412091,0.00155011029630955,0.00190782805699636,0.00262326357837,0.00214630656412091,0.00101353365527932,0.00113277290884159,0.00238478507124545,0.00172896917665295,0.00172896917665295,0.00184820843021523,0.00190782805699636,0.00202706731055864,0.00172896917665295,0.00137125141596614,0.00166934954987182,0.00190782805699636,0.00256364395158886,0.00172896917665295,0.00214630656412091,0.0019674476837775,0.00166934954987182,0.00125201216240386,0.00280212245871341,0.00184820843021523,0.00202706731055864,0.00166934954987182,0.00149049066952841,0.00292136171227568,0.00298098133905682,0.00315984021940023,0.00202706731055864,0.00172896917665295,0.00208668693733977,0.00274250283193227,0.00107315328206045,0.00232516544446432,0.00268288320515114,0.00280212245871341,0.00160972992309068,0.00226554581768318,0.00184820843021523,0.00363679723364932,0.00226554581768318,0.00238478507124545,0.00256364395158886,0.00220592619090205,0.00310022059261909,0.00178858880343409,0.00226554581768318,0.00214630656412091,0.00214630656412091,0.00172896917665295,0.00256364395158886,0.00226554581768318,0.00250402432480773,0.00137125141596614,0.00292136171227568,0.00244440469802659,0.00286174208549454,0.0019674476837775,0.00286174208549454,0.00363679723364932,0.00345793835330591,0.00250402432480773,0.00202706731055864,0.00155011029630955,0.00166934954987182,0.00178858880343409,0.00226554581768318,0.00208668693733977,0.00184820843021523,0.00315984021940023,0.00208668693733977,0.00137125141596614,0.00232516544446432,0.00178858880343409,0.00214630656412091,0.00208668693733977,0.00250402432480773,0.00256364395158886,0.00107315328206045,0.00190782805699636,0.001311631789185,0.00155011029630955,0.00190782805699636,0.00184820843021523,0.00113277290884159,0.00202706731055864,0.00202706731055864,0.001311631789185,0.00166934954987182,0.00184820843021523,0.00143087104274727,0.00137125141596614,0.000775055148154773,0.000715435521373636,0.00107315328206045,0.000894294401717045,0.00149049066952841,0.001311631789185,0.00101353365527932,0.000775055148154773,0.000834674774935909,0.00107315328206045,0.00107315328206045,0.00143087104274727,0.000476957014249091,0.000775055148154773,0.000775055148154773,0.000894294401717045,0.000476957014249091,0.000894294401717045,0.000894294401717045,0.000536576641030227,0.000238478507124545,0.000476957014249091,0.000298098133905682,0,0,5.96196267811364e-05,0,0,0,5.96196267811364e-05,0,0,0,0,0,0,0,0,0,0,0,0,0,0,0,0,0,0,0,0,0,0,0,0,0,0,0,0,0,0,0,0,0,0,0,0,0,0,0,0,0,0,0,0,0,0,0,0,0,0,0,0,0,0,0,0,0,0,0,0,0,0,0,0,0,0,0,0,0,0,0,0,0,0,0,0,0,0,0,0,0,0,0,0,0,0,0,0,0,0,0,0,0,0,0,0,0,0,0,0,0,0,0,0,0,0,0,0,0,0,0,0,0,0,0,0,0,0
0.0540090218230585,0.0185719510708335,0.0182265209086845,0.0211728369976023,0.0226561547527126,0.0263339700085342,0.0306823261673508,0.0293412443613606,0.0346242939001097,0.0313122282277401,0.031495103019466,0.0299305075791441,0.0288332588287886,0.0378550818872678,0.0305197707969277,0.0360263339700085,0.0351322794326818,0.0351322794326818,0.0349087657983501,0.0319421302881294,0.0324704352420043,0.0253789572072987,0.0325517129272158,0.027898565448856,0.0244442638273662,0.0216198642662657,0.0177185353761125,0.0150973300280408,0.0133904986385988,0.0126183606290893,0.010606737920104,0.00936725322062828,0.0107489738692242,0.00989555817450319,0.0108708903970415,0.00829032389157557,0.00910310074369082,0.00719307514121998,0.00658349250213354,0.00658349250213354,0.00406388426057626,0.00251960824155728,0.00209290039419677,0.00331206567236965,0.00288535782500914,0.00233673344983135,0.00268216361198033,0.00353557930670134,0.00241801113504287,0.00260088592676881,0.00225545576461982,0.00209290039419677,0.00142235949120169,0.00205226155159101,0.00186938675986508,0.00158491486162474,0.00178810907465355,0.00211321981549965,0.00233673344983135,0.00146299833380745,0.00146299833380745,0.00107692932905271,0.00113788759296135,0.00103629048644695,0.00113788759296135,0.00105660990774983,0.000955012801235421,0.000426707847360507,0.00128012354208152,0.000650221481692201,0.000650221481692201,0.000772138009509489,0.000772138009509489,0.000223513634331694,0.000568943796480676,0.000345430162148982,0.000203194213028813,0.000243833055634576,0.00016255537042305,6.09582639086439e-05,8.12776852115252e-05,0,0,0,0,0,0,0,0,0,0,0,0,0,0,0,0,0,0,0,0,0,0,0,0,0,0,0,0,0,0,0,0,0,0,0,0,0,0,0,0,0,0,0,0,0,0,0,0,0,0,0,0,0,0,0,0,0,0,0,0,0,0,0,0,0,0,0,0,0,0,0,0,0,0,0,0,0,0,0,0,0,0,0,0,0,0,0,0,0,0,0,0,0,0,0,0,0,0,0,0,0,0,6.09582639086439e-05,2.03194213028813e-05,0,0,0,0,0,0,2.03194213028813e-05,0,0,0,0,0,0,0,0,0,0,0,0,0,0,0,0,8.12776852115252e-05,0,0,0,0,0,0,0,0.000121916527817288,4.06388426057626e-05,0,2.03194213028813e-05,6.09582639086439e-05,0,0,0,2.03194213028813e-05,2.03194213028813e-05,0,6.09582639086439e-05,0,0,0,2.03194213028813e-05,8.12776852115252e-05,0.000182874791725932,0.000182874791725932,0.000203194213028813,0.000101597106514406,4.06388426057626e-05,2.03194213028813e-05,2.03194213028813e-05,0,0,0,0,0,0,0,0,0,0,0,0,0,0,0,0,0,2.03194213028813e-05,4.06388426057626e-05,0.000101597106514406,8.12776852115252e-05,0,0,0,0,0,2.03194213028813e-05,0.00016255537042305,4.06388426057626e-05,6.09582639086439e-05,0,0,0,0,0,0,0,2.03194213028813e-05,2.03194213028813e-05,0,0,0,0,0,2.03194213028813e-05,0,0,0,2.03194213028813e-05,2.03194213028813e-05,0,2.03194213028813e-05,6.09582639086439e-05,0.000121916527817288,4.06388426057626e-05,0,8.12776852115252e-05,0.000121916527817288,8.12776852115252e-05,2.03194213028813e-05,2.03194213028813e-05,2.03194213028813e-05,0.00016255537042305,0.000142235949120169,8.12776852115252e-05,8.12776852115252e-05,2.03194213028813e-05,4.06388426057626e-05,4.06388426057626e-05,6.09582639086439e-05,0,2.03194213028813e-05,0,6.09582639086439e-05,4.06388426057626e-05,6.09582639086439e-05,0.000142235949120169,0.000101597106514406,0.00016255537042305,4.06388426057626e-05,0.000121916527817288,0.000507985532572032,0.000873735116023896,0.000406388426057626,0.000426707847360507,0.000304791319543219,0.000345430162148982,8.12776852115252e-05,0.000121916527817288,8.12776852115252e-05,0,0,0,0,0,0,0,0,0,0,0,0,0,0,0,0,0,0,0,0,0,0,0,0,0,0,0,0,0,0,0,0,0,0,0,0,0,0,0,0,0,0,0,0,0,0,0,0,0,0,0,0,0,0,0,0,0,0,0,0,0,0,0,0,0,0,0,0,0,0,0,0,0,0,0,0,0,0,0,0,0,0,0,0,0,0,0,0,0,0,0,0,0,0,0,0,0,0,0,0,0,0,0,0,0,0,0,0,0,0,0,0,0,0,0,0,0,0,0,0,0,0,0,0,0,0,0,0,0,0,0,0,0,0,0,0,0,0,0,0,0,0,0,0,0,0,0,0,0,0,0,0,0,0,0,0,0,0,0,0,0,0,0,0,0,0,0,0,0,0,0,0,0,0,0,0,0,0,0,0,0,0,0,0,0,0,0,0,0,0,0,0,0,0,0,0,0,0,0,0,0,0,0,0,0,0,0,0,0,0,0,0,0,0,0,0,0,0,0,0,0,0,0,0,0,0,0,0,0
0.0394693488251106,0.0258909217029394,0.0260643371195699,0.0288216422439955,0.0348218156594121,0.0393306164918061,0.0458683776987774,0.0496661753229862,0.0549380039885546,0.0536547299054886,0.0545911731552935,0.0520593080724876,0.0542096592387063,0.0520246249891615,0.0512269140726611,0.0490418798231163,0.0470476025318651,0.0399895950750022,0.0353247203676407,0.0343189109511836,0.0262724356195266,0.0234804474117749,0.0206884592040232,0.0159195352466834,0.0122084453307899,0.00962455562299488,0.00735281366513483,0.00684990895690627,0.0051851209572531,0.00216769270788173,0.000416196999913292,0.000624295499869938,0.000780369374837423,1.73415416630538e-05,5.20246249891615e-05,0,0,0,0,0,0,0,0,0,0,0,0,0,0,0,0,0,0,0,0,0,0,0,0,0,0,0,0,0,0,0,0,0,0,0,0,0,0,0,0,0,0,0,0,0,0,0,0,0,0,0,0,0,0,0,0,0,0,0,0,0,0,0,0,0,0,0,0,0,0,0,0,0,0,0,0,0,0,0,0,0,0,0,0,0,0,0,0,0,0,0,0,0,0,0,0,0,0,0,0,0,0,0,0,0,0,0,0,0,0,0,0,0,0,0,0,0,0,0,0,0,0,0,0,0,0,0,0,0,0,0,0,0,0,0,0,0,0,0,0,0,0,0,0,0,0,0,0,0,0,0,0,0,0,0,0,0,0,0,0,0,0,0,0,0,0,0,0,0,0,0,0,0,0,0,0,0,0,0,0,0,0,0,0,0,0,0,0,0,0,0,0,0,0,0,0,0,0,0,0,0,0,0,0,0,0,0,0,0,0,0,0,0,0,0,0,0,0,0,0,0,0,0,0,0,0,0,0,0,0,0,0,0,0,0,0,0,0,0,0,0,0,0,0,0,0,0,0,0,0,0,0,0,0,0,0,0,0,0,0,0,0,0,0,0,0,0,0,0,0,0,0,0,0,0,0,0,0,0,0,0,0,0,0,0,0,0,0,0,0,0,0,0,0,0,0,0,0,0,0,0,0,0,0,0,0,0,0,0,0,0,0,0,0,0,0,0,0,0,0,0,0,0,0,0,0,0,0,0,0,0,0,0,0,0,0,0,0,0,0,0,0,0,0,0,0,0,0,0,0,0,0,0,0,0,0,0,0,0,0,0,0,0,0,0,0,0,0,0,0,0,0,0,0,0,0,0,0,0,0,0,0,0,0,0,0,0,0,0,0,0,0,0,0,0,0,0,0,0,0,0,0,0,0,0,0,0,0,0,0,0,0,0,0,0,0,0,0,0,0,0,0,0,0,0,0,0,0,0,0,0,0,0,0,0,0,0,0,0,0,0,0,0,0,0,0,0,0,0,0,0,0,0,0,0,0,0,0,0,0,0,0,0,0,0,0,0,0,0,0,0,0,0,0,0,0,0,0,0,0,0,0,0,0,0,0,0,0,0,0,0,0,0,0,0,0,0,0,0,0,0,0,0,0,0,0,0,0,0,0,0,0,0,0,0,0,0,0,0,0,0,0,0,0
0.0413149798848308,0.0237635087165733,0.0258933501617102,0.0302121953143488,0.040979727064763,0.04865110041808,0.0504654097972706,0.0545870474086929,0.0609174094817386,0.0595763982014672,0.0579198548552497,0.0525952512424075,0.0556125266230181,0.0470931608424706,0.0466593042517946,0.0414530251636823,0.0445491835607794,0.0397373195550998,0.0378046856511793,0.030310799084957,0.0255975388498856,0.0191488522521101,0.0137059241145381,0.0123057505719019,0.0106689279798059,0.00995898083142699,0.00903210538771003,0.00496963003865268,0.00212984144513686,0.00155793957560937,0.00049301885304094,0.000315532065946202,1.97207541216376e-05,0,0,0,0,0,0,0,0,0,0,0,0,0,0,0,0,0,0,0,0,0,0,0,0,0,0,0,0,0,0,0,0,0,0,0,0,0,0,0,0,0,0,0,0,0,0,0,0,0,0,0,0,0,0,0,0,0,0,0,0,0,0,0,0,0,0,0,0,0,0,0,0,0,0,0,0,0,0,0,0,0,0,0,0,0,0,0,0,0,0,0,0,0,0,0,0,0,0,0,0,0,0,0,0,0,0,0,0,0,0,0,0,0,0,0,0,0,0,0,0,0,0,0,0,0,0,0,0,0,0,0,0,0,0,0,0,0,0,0,0,0,0,0,0,0,0,0,0,0,0,0,0,0,0,0,0,0,0,0,0,0,0,0,0,0,0,0,0,0,0,0,0,0,0,0,0,0,0,0,0,0,0,0,0,0,0,0,0,0,0,0,0,0,0,0,0,0,0,0,0,0,0,0,0,0,0,0,0,0,0,0,0,0,0,0,0,0,0,0,0,0,0,0,0,0,0,0,0,0,0,0,0,0,0,0,0,0,0,0,0,0,0,0,0,0,0,0,0,0,0,0,0,0,0,0,0,0,0,0,0,0,0,0,0,0,0,0,0,0,0,0,0,0,0,0,0,0,0,0,0,0,0,0,0,0,0,0,0,0,0,0,0,0,0,0,0,0,0,0,0,0,0,0,0,0,0,0,0,0,0,0,0,0,0,0,0,0,0,0,0,0,0,0,0,0,0,0,0,0,0,0,0,0,0,0,0,0,0,0,0,0,0,0,0,0,0,0,0,0,0,0,0,0,0,0,0,0,0,0,0,0,0,0,0,0,0,0,0,0,0,0,0,0,0,0,0,0,0,0,0,0,0,0,0,0,0,0,0,0,0,0,0,0,0,0,0,0,0,0,0,0,0,0,0,0,0,0,0,0,0,0,0,0,0,0,0,0,0,0,0,0,0,0,0,0,0,0,0,0,0,0,0,0,0,0,0,0,0,0,0,0,0,0,0,0,0,0,0,0,0,0,0,0,0,0,0,0,0,0,0,0,0,0,0,0,0,0,0,0,0,0,0,0,0,0,0,0,0,0,0,0,0,0,0,0,0,0,0,0,0,0,0,0,0,0,0,0,0,0,0,0,0,0,0,0,0,0,0,0,0,0,0,0,0,0,0,0,0,0,0,0,0,0,0,0,0
0.0342240975152368,0.0256018263723272,0.0280886279785564,0.0329603130923989,0.0372816404737153,0.0436413298273507,0.050306773476834,0.0532623983366966,0.0585213722252798,0.0634134409588455,0.0571760533235492,0.0579506308730304,0.055545363745694,0.0535273853930981,0.0495933467865224,0.0471880796591859,0.0411341446013983,0.04184757129171,0.0348559897266557,0.0282924641757883,0.0217900894840906,0.0217493222446442,0.0183248741311482,0.0145742881020812,0.00994720642491694,0.00686927984671518,0.00564626266332375,0.00423979290242361,0.00154915509896247,0.000733810310034856,0.000142685338062333,2.03836197231904e-05,0,0,0,0,0,0,0,0,0,0,0,0,0,0,0,0,0,0,0,0,0,0,0,0,0,0,0,0,0,0,0,0,0,0,0,0,0,0,0,0,0,0,0,0,0,0,0,0,0,0,0,0,0,0,0,0,0,0,0,0,0,0,0,0,0,0,0,0,0,0,0,0,0,0,0,0,0,0,0,0,0,0,0,0,0,0,0,0,0,0,0,0,0,0,0,0,0,0,0,0,0,0,0,0,0,0,0,0,0,0,0,0,0,0,0,0,0,0,0,0,0,0,0,0,0,0,0,0,0,0,0,0,0,0,0,0,0,0,0,0,0,0,0,0,0,0,0,0,0,0,0,0,0,0,0,0,0,0,0,0,0,0,0,0,0,0,0,0,0,0,0,0,0,0,0,0,0,0,0,0,0,0,0,0,0,0,0,0,0,0,0,0,0,0,0,0,0,0,0,0,0,0,0,0,0,0,0,0,0,0,0,0,0,0,0,0,0,0,0,0,0,0,0,0,0,0,0,0,0,0,0,0,0,0,0,0,0,0,0,0,0,0,0,0,0,0,0,0,0,0,0,0,0,0,0,0,0,0,0,0,0,0,0,0,0,0,0,0,0,0,0,0,0,0,0,0,0,0,0,0,0,0,0,0,0,0,0,0,0,0,0,0,0,0,0,0,0,0,0,0,0,0,0,0,0,0,0,0,0,0,0,0,0,0,0,0,0,0,0,0,0,0,0,0,0,0,0,0,0,0,0,0,0,0,0,0,0,0,0,0,0,0,0,0,0,0,0,0,0,0,0,0,0,0,0,0,0,0,0,0,0,0,0,0,0,0,0,0,0,0,0,0,0,0,0,0,0,0,0,0,0,0,0,0,0,0,0,0,0,0,0,0,0,0,0,0,0,0,0,0,0,0,0,0,0,0,0,0,0,0,0,0,0,0,0,0,0,0,0,0,0,0,0,0,0,0,0,0,0,0,0,0,0,0,0,0,0,0,0,0,0,0,0,0,0,0,0,0,0,0,0,0,0,0,0,0,0,0,0,0,0,0,0,0,0,0,0,0,0,0,0,0,0,0,0,0,0,0,0,0,0,0,0,0,0,0,0,0,0,0,0,0,0,0,0,0,0,0,0,0,0,0,0,0,0,0,0,0,0,0,0,0,0,0,0,0,0,0,0,0,0,0,0,0,0,0,0
0.0371646162858817,0.0254950205038078,0.027510251903925,0.0332044522554189,0.0424135910954892,0.0488342120679555,0.0530755711775044,0.0584885764499121,0.0640187463386057,0.0626127709431752,0.058605741066198,0.0545752782659637,0.0542472173403632,0.0483889865260691,0.0489279437609842,0.0427182190978325,0.0385471587580551,0.035618043350908,0.028166373755126,0.027369654364382,0.0224253075571177,0.0189572349150557,0.0169420035149385,0.0162624487404804,0.0109666080843585,0.00972466315172818,0.00707674282366725,0.00367896895137668,0.00250732278851787,0.00126537785588752,0.000164030462800234,4.68658465143527e-05,0,0,0,0,0,0,0,0,0,0,0,0,0,0,0,0,0,0,0,0,0,0,0,0,0,0,0,0,0,0,0,0,0,0,0,0,0,0,0,0,0,0,0,0,0,0,0,0,0,0,0,0,0,0,0,0,0,0,0,0,0,0,0,0,0,0,0,0,0,0,0,0,0,0,0,0,0,0,0,0,0,0,0,0,0,0,0,0,0,0,0,0,0,0,0,0,0,0,0,0,0,0,0,0,0,0,0,0,0,0,0,0,0,0,0,0,0,0,0,0,0,0,0,0,0,0,0,0,0,0,0,0,0,0,0,0,0,0,0,0,0,0,0,0,0,0,0,0,0,0,0,0,0,0,0,0,0,0,0,0,0,0,0,0,0,0,0,0,0,0,0,0,0,0,0,0,0,0,0,0,0,0,0,0,0,0,0,0,0,0,0,0,0,0,0,0,0,0,0,0,0,0,0,0,0,0,0,0,0,0,0,0,0,0,0,0,0,0,0,0,0,0,0,0,0,0,0,0,0,0,0,0,0,0,0,0,0,0,0,0,0,0,0,0,0,0,0,0,0,0,0,0,0,0,0,0,0,0,0,0,0,0,0,0,0,0,0,0,0,0,0,0,0,0,0,0,0,0,0,0,0,0,0,0,0,0,0,0,0,0,0,0,0,0,0,0,0,0,0,0,0,0,0,0,0,0,0,0,0,0,0,0,0,0,0,0,0,0,0,0,0,0,0,0,0,0,0,0,0,0,0,0,0,0,0,0,0,0,0,0,0,0,0,0,0,0,0,0,0,0,0,0,0,0,0,0,0,0,0,0,0,0,0,0,0,0,0,0,0,0,0,0,0,0,0,0,0,0,0,0,0,0,0,0,0,0,0,0,0,0,0,0,0,0,0,0,0,0,0,0,0,0,0,0,0,0,0,0,0,0,0,0,0,0,0,0,0,0,0,0,0,0,0,0,0,0,0,0,0,0,0,0,0,0,0,0,0,0,0,0,0,0,0,0,0,0,0,0,0,0,0,0,0,0,0,0,0,0,0,0,0,0,0,0,0,0,0,0,0,0,0,0,0,0,0,0,0,0,0,0,0,0,0,0,0,0,0,0,0,0,0,0,0,0,0,0,0,0,0,0,0,0,0,0,0,0,0,0,0,0,0,0,0,0,0,0,0,0,0,0,0,0,0,0,0,0,0
0.0436773698282023,0.0226063477777484,0.0261270084972338,0.0353654339942293,0.0419302750350743,0.042274399767054,0.0412949678375731,0.0487598274082113,0.0486804140085237,0.0587394446356249,0.0563570426449956,0.0639807290150091,0.0568070519098923,0.0557482065807237,0.0504275088016518,0.0461656563517484,0.0434126584959102,0.0409773142388226,0.0320036000741192,0.027768218757445,0.025412287900045,0.0209916086507663,0.021441617915663,0.0158032665378405,0.0108531646239776,0.00804722450168092,0.00622071630886518,0.00444715038250787,0.0019588638589618,0.00121767212854382,0.000502951531355057,0,0,0,0,0,0,0,0,0,0,0,0,0,0,0,0,0,0,0,0,0,0,0,0,0,0,0,0,0,0,0,0,0,0,0,0,0,0,0,0,0,0,0,0,0,0,0,0,0,0,0,0,0,0,0,0,0,0,0,0,0,0,0,0,0,0,0,0,0,0,0,0,0,0,0,0,0,0,0,0,0,0,0,0,0,0,0,0,0,0,0,0,0,0,0,0,0,0,0,0,0,0,0,0,0,0,0,0,0,0,0,0,0,0,0,0,0,0,0,0,0,0,0,0,0,0,0,0,0,0,0,0,0,0,0,0,0,0,0,0,0,0,0,0,0,0,0,0,0,0,0,0,0,0,0,0,0,0,0,0,0,0,0,0,0,0,0,0,0,0,0,0,0,0,0,0,0,0,0,0,0,0,0,0,0,0,0,0,0,0,0,0,0,0,0,0,0,0,0,0,0,0,0,0,0,0,0,0,0,0,0,0,0,0,0,0,0,0,0,0,0,0,0,0,0,0,0,0,0,0,0,0,0,0,0,0,0,0,0,0,0,0,0,0,0,0,0,0,0,0,0,0,0,0,0,0,0,0,0,0,0,0,0,0,0,0,0,0,0,0,0,0,0,0,0,0,0,0,0,0,0,0,0,0,0,0,0,0,0,0,0,0,0,0,0,0,0,0,0,0,0,0,0,0,0,0,0,0,0,0,0,0,0,0,0,0,0,0,0,0,0,0,0,0,0,0,0,0,0,0,0,0,0,0,0,0,0,0,0,0,0,0,0,0,0,0,0,0,0,0,0,0,0,0,0,0,0,0,0,0,0,0,0,0,0,0,0,0,0,0,0,0,0,0,0,0,0,0,0,0,0,0,0,0,0,0,0,0,0,0,0,0,0,0,0,0,0,0,0,0,0,0,0,0,0,0,0,0,0,0,0,0,0,0,0,0,0,0,0,0,0,0,0,0,0,0,0,0,0,0,0,0,0,0,0,0,0,0,0,0,0,0,0,0,0,0,0,0,0,0,0,0,0,0,0,0,0,0,0,0,0,0,0,0,0,0,0,0,0,0,0,0,0,0,0,0,0,0,0,0,0,0,0,0,0,0,0,0,0,0,0,0,0,0,0,0,0,0,0,0,0,0,0,0,0,0,0,0,0,0,0,0,0,0,0,0,0,0,0,0,0,0,0,0,0,0,0,0
0.110272002092324,0.0337060285079116,0.0327089054531189,0.0332156401203086,0.0401137701059239,0.0475349810383157,0.0403589642997254,0.0452465018961684,0.0497907676212894,0.051212893945338,0.0482869098993069,0.0479763305871584,0.0492840329540996,0.0494474957499673,0.0451320779390611,0.0430561004315418,0.0367137439518765,0.0390512619327841,0.0329214070877468,0.0277886752975023,0.0227376749051916,0.0197626520204002,0.0164280109846999,0.0122597096900745,0.00872891329933307,0.00608081600627697,0.0053942722636328,0.00315483196024585,0.00112789329148686,0.000474042108016216,3.26925591735321e-05,0,0,0,0,0,0,0,0,0,0,0,0,0,0,0,0,0,0,0,0,0,0,0,0,0,0,0,0,0,0,0,0,0,0,0,0,0,0,0,0,0,0,0,0,0,0,0,0,0,0,0,0,0,0,0,0,0,0,0,0,0,0,0,0,0,0,0,0,0,0,0,0,0,0,0,0,0,0,0,0,0,0,0,0,0,0,0,0,0,0,0,0,0,0,0,0,0,0,0,0,0,0,0,0,0,0,0,0,0,0,0,0,0,0,0,0,0,0,0,0,0,0,0,0,0,0,0,0,0,0,0,0,0,0,0,0,0,0,0,0,0,0,0,0,0,0,0,0,0,0,0,0,0,0,0,0,0,0,0,0,0,0,0,0,0,0,0,0,0,0,0,0,0,0,0,0,0,0,0,0,0,0,0,0,0,0,0,0,0,0,0,0,0,0,0,0,0,0,0,0,0,0,0,0,0,0,0,0,0,0,0,0,0,0,0,0,0,0,0,0,0,0,0,0,0,0,0,0,0,0,0,0,0,0,0,0,0,0,0,0,0,0,0,0,0,0,0,0,0,0,0,0,0,0,0,0,0,0,0,0,0,0,0,0,0,0,0,0,0,0,0,0,0,0,0,0,0,0,0,0,0,0,0,0,0,0,0,0,0,0,0,0,0,0,0,0,0,0,0,0,0,0,0,0,0,0,0,0,0,0,0,0,0,0,0,0,0,0,0,0,0,0,0,0,0,0,0,0,0,0,0,0,0,0,0,0,0,0,0,0,0,0,0,0,0,0,0,0,0,0,0,0,0,0,0,0,0,0,0,0,0,0,0,0,0,0,0,0,0,0,0,0,0,0,0,0,0,0,0,0,0,0,0,0,0,0,0,0,0,0,0,0,0,0,0,0,0,0,0,0,0,0,0,0,0,0,0,0,0,0,0,0,0,0,0,0,0,0,0,0,0,0,0,0,0,0,0,0,0,0,0,0,0,0,0,0,0,0,0,0,0,0,0,0,0,0,0,0,0,0,0,0,0,0,0,0,0,0,0,0,0,0,0,0,0,0,0,0,0,0,0,0,0,0,0,0,0,0,0,0,0,0,0,0,0,0,0,0,0,0,0,0,0,0,0,0,0,0,0,0,0,0,0,0,0,0,0,0,0,0,0,0,0,0,0,0,0,0,0,0,0,0,0,0,0,0,0,0
0.122459143394695,0.0356181060242742,0.0223374036226805,0.0259342605231121,0.0378131110045376,0.0461688862655403,0.0429593831851551,0.041649758364998,0.0499686427859962,0.0448592614453831,0.0507433504260892,0.0483270004057992,0.0488988084258679,0.0468698122256244,0.0599660604271959,0.0484745637658169,0.0453757332054451,0.0356181060242742,0.0288486368834618,0.0244217360829306,0.0182978566421957,0.0160844062419301,0.0154388165418527,0.013391374921607,0.01174973254141,0.00774707640092965,0.00457446416054894,0.00265614048031874,0.00169697864020364,0.000959161840115099,9.22271000110673e-05,0,0,0,0,0,0,0,0,0,0,0,0,0,0,0,0,0,0,0,0,0,0,0,0,0,0,0,0,0,0,0,0,0,0,0,0,0,0,0,0,0,0,0,0,0,0,0,0,0,0,0,0,0,0,0,0,0,0,0,0,0,0,0,0,0,0,0,0,0,0,0,0,0,0,0,0,0,0,0,0,0,0,0,0,0,0,0,0,0,0,0,0,0,0,0,0,0,0,0,0,0,0,0,0,0,0,0,0,0,0,0,0,0,0,0,0,0,0,0,0,0,0,0,0,0,0,0,0,0,0,0,0,0,0,0,0,0,0,0,0,0,0,0,0,0,0,0,0,0,0,0,0,0,0,0,0,0,0,0,0,0,0,0,0,0,0,0,0,0,0,0,0,0,0,0,0,0,0,0,0,0,0,0,0,0,0,0,0,0,0,0,0,0,0,0,0,0,0,0,0,0,0,0,0,0,0,0,0,0,0,0,0,0,0,0,0,0,0,0,0,0,0,0,0,0,0,0,0,0,0,0,0,0,0,0,0,0,0,0,0,0,0,0,0,0,0,0,0,0,0,0,0,0,0,0,0,0,0,0,0,0,0,0,0,0,0,0,0,0,0,0,0,0,0,0,0,0,0,0,0,0,0,0,0,0,0,0,0,0,0,0,0,0,0,0,0,0,0,0,0,0,0,0,0,0,0,0,0,0,0,0,0,0,0,0,0,0,0,0,0,0,0,0,0,0,0,0,0,0,0,0,0,0,0,0,0,0,0,0,0,0,0,0,0,0,0,0,0,0,0,0,0,0,0,0,0,0,0,0,0,0,0,0,0,0,0,0,0,0,0,0,0,0,0,0,0,0,0,0,0,0,0,0,0,0,0,0,0,0,0,0,0,0,0,0,0,0,0,0,0,0,0,0,0,0,0,0,0,0,0,0,0,0,0,0,0,0,0,0,0,0,0,0,0,0,0,0,0,0,0,0,0,0,0,0,0,0,0,0,0,0,0,0,0,0,0,0,0,0,0,0,0,0,0,0,0,0,0,0,0,0,0,0,0,0,0,0,0,0,0,0,0,0,0,0,0,0,0,0,0,0,0,0,0,0,0,0,0,0,0,0,0,0,0,0,0,0,0,0,0,0,0,0,0,0,0,0,0,0,0,0,0,0,0,0,0,0,0,0,0,0,0,0,0,0,0,0,0
0.04675,0.0271071428571429,0.0353928571428571,0.0480714285714286,0.0563571428571429,0.0552857142857143,0.0588928571428571,0.055,0.0614642857142857,0.0553571428571429,0.0520714285714286,0.0440714285714286,0.0428928571428571,0.0411071428571429,0.0418571428571429,0.0411428571428571,0.0322142857142857,0.0291428571428571,0.0313214285714286,0.0272857142857143,0.0263928571428571,0.0234285714285714,0.01975,0.0164642857142857,0.0132142857142857,0.01025,0.00510714285714286,0.00160714285714286,0.000892857142857143,0.000107142857142857,0,0,0,0,0,0,0,0,0,0,0,0,0,0,0,0,0,0,0,0,0,0,0,0,0,0,0,0,0,0,0,0,0,0,0,0,0,0,0,0,0,0,0,0,0,0,0,0,0,0,0,0,0,0,0,0,0,0,0,0,0,0,0,0,0,0,0,0,0,0,0,0,0,0,0,0,0,0,0,0,0,0,0,0,0,0,0,0,0,0,0,0,0,0,0,0,0,0,0,0,0,0,0,0,0,0,0,0,0,0,0,0,0,0,0,0,0,0,0,0,0,0,0,0,0,0,0,0,0,0,0,0,0,0,0,0,0,0,0,0,0,0,0,0,0,0,0,0,0,0,0,0,0,0,0,0,0,0,0,0,0,0,0,0,0,0,0,0,0,0,0,0,0,0,0,0,0,0,0,0,0,0,0,0,0,0,0,0,0,0,0,0,0,0,0,0,0,0,0,0,0,0,0,0,0,0,0,0,0,0,0,0,0,0,0,0,0,0,0,0,0,0,0,0,0,0,0,0,0,0,0,0,0,0,0,0,0,0,0,0,0,0,0,0,0,0,0,0,0,0,0,0,0,0,0,0,0,0,0,0,0,0,0,0,0,0,0,0,0,0,0,0,0,0,0,0,0,0,0,0,0,0,0,0,0,0,0,0,0,0,0,0,0,0,0,0,0,0,0,0,0,0,0,0,0,0,0,0,0,0,0,0,0,0,0,0,0,0,0,0,0,0,0,0,0,0,0,0,0,0,0,0,0,0,0,0,0,0,0,0,0,0,0,0,0,0,0,0,0,0,0,0,0,0,0,0,0,0,0,0,0,0,0,0,0,0,0,0,0,0,0,0,0,0,0,0,0,0,0,0,0,0,0,0,0,0,0,0,0,0,0,0,0,0,0,0,0,0,0,0,0,0,0,0,0,0,0,0,0,0,0,0,0,0,0,0,0,0,0,0,0,0,0,0,0,0,0,0,0,0,0,0,0,0,0,0,0,0,0,0,0,0,0,0,0,0,0,0,0,0,0,0,0,0,0,0,0,0,0,0,0,0,0,0,0,0,0,0,0,0,0,0,0,0,0,0,0,0,0,0,0,0,0,0,0,0,0,0,0,0,0,0,0,0,0,0,0,0,0,0,0,0,0,0,0,0,0,0,0,0,0,0,0,0,0,0,0,0,0,0,0,0,0,0,0,0,0,0,0
0.0567242460521065,0.0299868878627216,0.0360868821617924,0.041844820705775,0.0448093039165384,0.0430420158485833,0.0526765862835642,0.0531896699161963,0.0571233110997093,0.063394333276324,0.0454934154267146,0.0462345362294054,0.046120517644376,0.0397354768827319,0.0347756684339547,0.0377401516447181,0.033122398951029,0.0364859472093951,0.03739809588963,0.0307280086654125,0.024571005073827,0.0263953024342968,0.0248560515364004,0.0190981129924178,0.0177868992645801,0.010147654067613,0.00621401288410011,0.00239439028561656,0.001425232312867,0.000399065047602759,0,0,0,0,0,0,0,0,0,0,0,0,0,0,0,0,0,0,0,0,0,0,0,0,0,0,0,0,0,0,0,0,0,0,0,0,0,0,0,0,0,0,0,0,0,0,0,0,0,0,0,0,0,0,0,0,0,0,0,0,0,0,0,0,0,0,0,0,0,0,0,0,0,0,0,0,0,0,0,0,0,0,0,0,0,0,0,0,0,0,0,0,0,0,0,0,0,0,0,0,0,0,0,0,0,0,0,0,0,0,0,0,0,0,0,0,0,0,0,0,0,0,0,0,0,0,0,0,0,0,0,0,0,0,0,0,0,0,0,0,0,0,0,0,0,0,0,0,0,0,0,0,0,0,0,0,0,0,0,0,0,0,0,0,0,0,0,0,0,0,0,0,0,0,0,0,0,0,0,0,0,0,0,0,0,0,0,0,0,0,0,0,0,0,0,0,0,0,0,0,0,0,0,0,0,0,0,0,0,0,0,0,0,0,0,0,0,0,0,0,0,0,0,0,0,0,0,0,0,0,0,0,0,0,0,0,0,0,0,0,0,0,0,0,0,0,0,0,0,0,0,0,0,0,0,0,0,0,0,0,0,0,0,0,0,0,0,0,0,0,0,0,0,0,0,0,0,0,0,0,0,0,0,0,0,0,0,0,0,0,0,0,0,0,0,0,0,0,0,0,0,0,0,0,0,0,0,0,0,0,0,0,0,0,0,0,0,0,0,0,0,0,0,0,0,0,0,0,0,0,0,0,0,0,0,0,0,0,0,0,0,0,0,0,0,0,0,0,0,0,0,0,0,0,0,0,0,0,0,0,0,0,0,0,0,0,0,0,0,0,0,0,0,0,0,0,0,0,0,0,0,0,0,0,0,0,0,0,0,0,0,0,0,0,0,0,0,0,0,0,0,0,0,0,0,0,0,0,0,0,0,0,0,0,0,0,0,0,0,0,0,0,0,0,0,0,0,0,0,0,0,0,0,0,0,0,0,0,0,0,0,0,0,0,0,0,0,0,0,0,0,0,0,0,0,0,0,0,0,0,0,0,0,0,0,0,0,0,0,0,0,0,0,0,0,0,0,0,0,0,0,0,0,0,0,0,0,0,0,0,0,0,0,0,0,0,0,0,0,0,0,0,0,0,0,0,0,0,0,0,0,0,0,0,0,0,0,0,0,0,0,0,0,0,0,0,0,0,0
0.0491524462838029,0.0273258121208685,0.0365100062361812,0.0416123363002438,0.051987074097171,0.0541413912353308,0.0589602585180566,0.0530075401099836,0.0559555530358864,0.0582232552865809,0.0503429899654175,0.0502862974091502,0.0490957537275356,0.0429162650943931,0.043993423663473,0.0468847440331085,0.0392312489370146,0.0447871194512161,0.0362832360111117,0.024888032201372,0.020976245818924,0.0150802199671183,0.0153069901921878,0.00975111967798628,0.0101479675718578,0.00617948863314247,0.00277793525710074,0.00221100969442712,0.00153069901921878,0.000396847893871535,0,5.66925562673621e-05,0,0,0,0,0,0,0,0,0,0,0,0,0,0,0,0,0,0,0,0,0,0,0,0,0,0,0,0,0,0,0,0,0,0,0,0,0,0,0,0,0,0,0,0,0,0,0,0,0,0,0,0,0,0,0,0,0,0,0,0,0,0,0,0,0,0,0,0,0,0,0,0,0,0,0,0,0,0,0,0,0,0,0,0,0,0,0,0,0,0,0,0,0,0,0,0,0,0,0,0,0,0,0,0,0,0,0,0,0,0,0,0,0,0,0,0,0,0,0,0,0,0,0,0,0,0,0,0,0,0,0,0,0,0,0,0,0,0,0,0,0,0,0,0,0,0,0,0,0,0,0,0,0,0,0,0,0,0,0,0,0,0,0,0,0,0,0,0,0,0,0,0,0,0,0,0,0,0,0,0,0,0,0,0,0,0,0,0,0,0,0,0,0,0,0,0,0,0,0,0,0,0,0,0,0,0,0,0,0,0,0,0,0,0,0,0,0,0,0,0,0,0,0,0,0,0,0,0,0,0,0,0,0,0,0,0,0,0,0,0,0,0,0,0,0,0,0,0,0,0,0,0,0,0,0,0,0,0,0,0,0,0,0,0,0,0,0,0,0,0,0,0,0,0,0,0,0,0,0,0,0,0,0,0,0,0,0,0,0,0,0,0,0,0,0,0,0,0,0,0,0,0,0,0,0,0,0,0,0,0,0,0,0,0,0,0,0,0,0,0,0,0,0,0,0,0,0,0,0,0,0,0,0,0,0,0,0,0,0,0,0,0,0,0,0,0,0,0,0,0,0,0,0,0,0,0,0,0,0,0,0,0,0,0,0,0,0,0,0,0,0,0,0,0,0,0,0,0,0,0,0,0,0,0,0,0,0,0,0,0,0,0,0,0,0,0,0,0,0,0,0,0,0,0,0,0,0,0,0,0,0,0,0,0,0,0,0,0,0,0,0,0,0,0,0,0,0,0,0,0,0,0,0,0,0,0,0,0,0,0,0,0,0,0,0,0,0,0,0,0,0,0,0,0,0,0,0,0,0,0,0,0,0,0,0,0,0,0,0,0,0,0,0,0,0,0,0,0,0,0,0,0,0,0,0,0,0,0,0,0,0,0,0,0,0,0,0,0,0,0,0,0,0,0,0,0,0,0,0,0,0,0,0,0,0,0,0,0,0,0,0,0,0,0,0,0,0
0.0471414242728185,0.0391173520561685,0.0377800066867268,0.0460130391173521,0.0526579739217653,0.053995319291207,0.0646940822467402,0.0664911400869275,0.0651537947174858,0.0684553660982949,0.0622283517218322,0.0582581076563022,0.0609745904379806,0.0533684386492812,0.0449682380474758,0.043547308592444,0.0320127047810097,0.0235707121364092,0.0190153794717486,0.0146272149782681,0.0105733868271481,0.0101972584419926,0.008065864259445,0.00739719157472417,0.00397024406552992,0.00242393848211301,0.00208960213975259,0.000961216984286192,8.35840855901036e-05,0.000125376128385155,4.17920427950518e-05,0,0,0,0,0,0,0,0,0,0,0,0,0,0,0,0,0,0,0,0,0,0,0,0,0,0,0,0,0,0,0,0,0,0,0,0,0,0,0,0,0,0,0,0,0,0,0,0,0,0,0,0,0,0,0,0,0,0,0,0,0,0,0,0,0,0,0,0,0,0,0,0,0,0,0,0,0,0,0,0,0,0,0,0,0,0,0,0,0,0,0,0,0,0,0,0,0,0,0,0,0,0,0,0,0,0,0,0,0,0,0,0,0,0,0,0,0,0,0,0,0,0,0,0,0,0,0,0,0,0,0,0,0,0,0,0,0,0,0,0,0,0,0,0,0,0,0,0,0,0,0,0,0,0,0,0,0,0,0,0,0,0,0,0,0,0,0,0,0,0,0,0,0,0,0,0,0,0,0,0,0,0,0,0,0,0,0,0,0,0,0,0,0,0,0,0,0,0,0,0,0,0,0,0,0,0,0,0,0,0,0,0,0,0,0,0,0,0,0,0,0,0,0,0,0,0,0,0,0,0,0,0,0,0,0,0,0,0,0,0,0,0,0,0,0,0,0,0,0,0,0,0,0,0,0,0,0,0,0,0,0,0,0,0,0,0,0,0,0,0,0,0,0,0,0,0,0,0,0,0,0,0,0,0,0,0,0,0,0,0,0,0,0,0,0,0,0,0,0,0,0,0,0,0,0,0,0,0,0,0,0,0,0,0,0,0,0,0,0,0,0,0,0,0,0,0,0,0,0,0,0,0,0,0,0,0,0,0,0,0,0,0,0,0,0,0,0,0,0,0,0,0,0,0,0,0,0,0,0,0,0,0,0,0,0,0,0,0,0,0,0,0,0,0,0,0,0,0,0,0,0,0,0,0,0,0,0,0,0,0,0,0,0,0,0,0,0,0,0,0,0,0,0,0,0,0,0,0,0,0,0,0,0,0,0,0,0,0,0,0,0,0,0,0,0,0,0,0,0,0,0,0,0,0,0,0,0,0,0,0,0,0,0,0,0,0,0,0,0,0,0,0,0,0,0,0,0,0,0,0,0,0,0,0,0,0,0,0,0,0,0,0,0,0,0,0,0,0,0,0,0,0,0,0,0,0,0,0,0,0,0,0,0,0,0,0,0,0,0,0,0,0,0,0,0,0,0,0,0,0,0,0,0,0,0,0,0,0,0,0,0,0,0,0,0,0,0,0
0.0391447955722192,0.0260444563470809,0.0309989287627209,0.0342349580432066,0.0425816818425281,0.0521112301374754,0.0508614533119086,0.0547893233351187,0.0549232279950009,0.0567755757900375,0.0622656668452062,0.0620201749687556,0.0594090341010534,0.0604802713801107,0.0499910730226745,0.0486966613104803,0.0461971076593465,0.0353285127655776,0.0271380110694519,0.0211346188180682,0.0190814140332084,0.0161355115158008,0.0146625602570969,0.010868594893769,0.00836904124263524,0.00767720049991073,0.00392787002321014,0.00203088734154615,0.00142831637207641,0.00044634886627388,0.000245491876450634,0,0,0,0,0,0,0,0,0,0,0,0,0,0,0,0,0,0,0,0,0,0,0,0,0,0,0,0,0,0,0,0,0,0,0,0,0,0,0,0,0,0,0,0,0,0,0,0,0,0,0,0,0,0,0,0,0,0,0,0,0,0,0,0,0,0,0,0,0,0,0,0,0,0,0,0,0,0,0,0,0,0,0,0,0,0,0,0,0,0,0,0,0,0,0,0,0,0,0,0,0,0,0,0,0,0,0,0,0,0,0,0,0,0,0,0,0,0,0,0,0,0,0,0,0,0,0,0,0,0,0,0,0,0,0,0,0,0,0,0,0,0,0,0,0,0,0,0,0,0,0,0,0,0,0,0,0,0,0,0,0,0,0,0,0,0,0,0,0,0,0,0,0,0,0,0,0,0,0,0,0,0,0,0,0,0,0,0,0,0,0,0,0,0,0,0,0,0,0,0,0,0,0,0,0,0,0,0,0,0,0,0,0,0,0,0,0,0,0,0,0,0,0,0,0,0,0,0,0,0,0,0,0,0,0,0,0,0,0,0,0,0,0,0,0,0,0,0,0,0,0,0,0,0,0,0,0,0,0,0,0,0,0,0,0,0,0,0,0,0,0,0,0,0,0,0,0,0,0,0,0,0,0,0,0,0,0,0,0,0,0,0,0,0,0,0,0,0,0,0,0,0,0,0,0,0,0,0,0,0,0,0,0,0,0,0,0,0,0,0,0,0,0,0,0,0,0,0,0,0,0,0,0,0,0,0,0,0,0,0,0,0,0,0,0,0,0,0,0,0,0,0,0,0,0,0,0,0,0,0,0,0,0,0,0,0,0,0,0,0,0,0,0,0,0,0,0,0,0,0,0,0,0,0,0,0,0,0,0,0,0,0,0,0,0,0,0,0,0,0,0,0,0,0,0,0,0,0,0,0,0,0,0,0,0,0,0,0,0,0,0,0,0,0,0,0,0,0,0,0,0,0,0,0,0,0,0,0,0,0,0,0,0,0,0,0,0,0,0,0,0,0,0,0,0,0,0,0,0,0,0,0,0,0,0,0,0,0,0,0,0,0,0,0,0,0,0,0,0,0,0,0,0,0,0,0,0,0,0,0,0,0,0,0,0,0,0,0,0,0,0,0,0,0,0,0,0,0,0,0,0,0,0,0,0,0,0,0,0,0,0,0,0,0,0,0,0,0
0.0311642094560244,0.0203694289103542,0.0244534824605999,0.0317403829859346,0.0386375190645653,0.0418742586002372,0.0442297915607524,0.0483646839518726,0.0503135061853923,0.0480088120657516,0.0506693780715133,0.0534485680393154,0.0552279274699204,0.0570411794611083,0.0546517539400102,0.0504151838671412,0.0461616675139807,0.046670055922725,0.0403490933740044,0.0343162175902389,0.0324351804778851,0.0252499576342993,0.0193018132519912,0.0156244704287409,0.0143026605660058,0.00894763599389934,0.00754109472970683,0.00401626842907982,0.00284697508896797,0.00111845449923742,0.000220301643789188,0.000271140484663616,1.6946280291476e-05,0,0,0,0,0,0,0,0,0,0,0,0,0,0,0,0,0,0,0,0,0,0,0,0,0,0,0,0,0,0,0,0,0,0,0,0,0,0,0,0,0,0,0,0,0,0,0,0,0,0,0,0,0,0,0,0,0,0,0,0,0,0,0,0,0,0,0,0,0,0,0,0,0,0,0,0,0,0,0,0,0,0,0,0,0,0,0,0,0,0,0,0,0,0,0,0,0,0,0,0,0,0,0,0,0,0,0,0,0,0,0,0,0,0,0,0,0,0,0,0,0,0,0,0,0,0,0,0,0,0,0,0,0,0,0,0,0,0,0,0,0,0,0,0,0,0,0,0,0,0,0,0,0,0,0,0,0,0,0,0,0,0,0,0,0,0,0,0,0,0,0,0,0,0,0,0,0,0,0,0,0,0,0,0,0,0,0,0,0,0,0,0,0,0,0,0,0,0,0,0,0,0,0,0,0,0,0,0,0,0,0,0,0,0,0,0,0,0,0,0,0,0,0,0,0,0,0,0,0,0,0,0,0,0,0,0,0,0,0,0,0,0,0,0,0,0,0,0,0,0,0,0,0,0,0,0,0,0,0,0,0,0,0,0,0,0,0,0,0,0,0,0,0,0,0,0,0,0,0,0,0,0,0,0,0,0,0,0,0,0,0,0,0,0,0,0,0,0,0,0,0,0,0,0,0,0,0,0,0,0,0,0,0,0,0,0,0,0,0,0,0,0,0,0,0,0,0,0,0,0,0,0,0,0,0,0,0,0,0,0,0,0,0,0,0,0,0,0,0,0,0,0,0,0,0,0,0,0,0,0,0,0,0,0,0,0,0,0,0,0,0,0,0,0,0,0,0,0,0,0,0,0,0,0,0,0,0,0,0,0,0,0,0,0,0,0,0,0,0,0,0,0,0,0,0,0,0,0,0,0,0,0,0,0,0,0,0,0,0,0,0,0,0,0,0,0,0,0,0,0,0,0,0,0,0,0,0,0,0,0,0,0,0,0,0,0,0,0,0,0,0,0,0,0,0,0,0,0,0,0,0,0,0,0,0,0,0,0,0,0,0,0,0,0,0,0,0,0,0,0,0,0,0,0,0,0,0,0,0,0,0,0,0,0,0,0,0,0,0,0,0,0,0,0,0,0,0,0,0,0,0,0,0,0,0,0,0,0,0,0,0,0,0,0,0,0
0.0387495542612623,0.0233368992432347,0.03052815087761,0.0412060699710765,0.0468322833709735,0.0504972463251317,0.0533895954673323,0.0539641031736598,0.0515075874638456,0.0542414517215421,0.0546574745433654,0.0520028527279211,0.0455842149055034,0.0453861087998732,0.0484369428265779,0.0388287967035144,0.0376995919014224,0.0367288719838345,0.0334205000198106,0.0323507270494077,0.0294781885177701,0.0249613693094021,0.0218907246721344,0.016898450810254,0.0142438289948096,0.0104996235983993,0.00570545584214906,0.00459606165062007,0.00204049288799081,0.000178295495067158,9.90530528150878e-05,5.94318316890527e-05,0,0,0,0,0,0,0,0,0,0,0,0,0,0,0,0,0,0,0,0,0,0,0,0,0,0,0,0,0,0,0,0,0,0,0,0,0,0,0,0,0,0,0,0,0,0,0,0,0,0,0,0,0,0,0,0,0,0,0,0,0,0,0,0,0,0,0,0,0,0,0,0,0,0,0,0,0,0,0,0,0,0,0,0,0,0,0,0,0,0,0,0,0,0,0,0,0,0,0,0,0,0,0,0,0,0,0,0,0,0,0,0,0,0,0,0,0,0,0,0,0,0,0,0,0,0,0,0,0,0,0,0,0,0,0,0,0,0,0,0,0,0,0,0,0,0,0,0,0,0,0,0,0,0,0,0,0,0,0,0,0,0,0,0,0,0,0,0,0,0,0,0,0,0,0,0,0,0,0,0,0,0,0,0,0,0,0,0,0,0,0,0,0,0,0,0,0,0,0,0,0,0,0,0,0,0,0,0,0,0,0,0,0,0,0,0,0,0,0,0,0,0,0,0,0,0,0,0,0,0,0,0,0,0,0,0,0,0,0,0,0,0,0,0,0,0,0,0,0,0,0,0,0,0,0,0,0,0,0,0,0,0,0,0,0,0,0,0,0,0,0,0,0,0,0,0,0,0,0,0,0,0,0,0,0,0,0,0,0,0,0,0,0,0,0,0,0,0,0,0,0,0,0,0,0,0,0,0,0,0,0,0,0,0,0,0,0,0,0,0,0,0,0,0,0,0,0,0,0,0,0,0,0,0,0,0,0,0,0,0,0,0,0,0,0,0,0,0,0,0,0,0,0,0,0,0,0,0,0,0,0,0,0,0,0,0,0,0,0,0,0,0,0,0,0,0,0,0,0,0,0,0,0,0,0,0,0,0,0,0,0,0,0,0,0,0,0,0,0,0,0,0,0,0,0,0,0,0,0,0,0,0,0,0,0,0,0,0,0,0,0,0,0,0,0,0,0,0,0,0,0,0,0,0,0,0,0,0,0,0,0,0,0,0,0,0,0,0,0,0,0,0,0,0,0,0,0,0,0,0,0,0,0,0,0,0,0,0,0,0,0,0,0,0,0,0,0,0,0,0,0,0,0,0,0,0,0,0,0,0,0,0,0,0,0,0,0,0,0,0,0,0,0,0,0,0,0,0,0,0,0,0,0,0,0,0,0,0,0,0,0,0,0,0,0,0,0
0.0745941202281702,0.0181157149125556,0.019244029336175,0.0245721807810443,0.025010969723563,0.0314674355920517,0.0272049144361562,0.0335360120353538,0.0248856014542719,0.031028646649533,0.0411834764621074,0.0316554879959882,0.0319062245345703,0.0320315928038613,0.0349150629975553,0.0282705447251301,0.025010969723563,0.0356045884786561,0.0374851125180217,0.0375477966526672,0.041371528866044,0.0381119538644769,0.0424371591550179,0.0379865855951859,0.0404312668463612,0.0399924779038425,0.0324076976117345,0.0240707077038801,0.0172381370275183,0.00852504231179089,0.0114711966401304,0.00789820096533567,0.00307152259763054,0.00576694038738795,0.00156710336613803,0.000626841346455212,0.00100294615432834,0.00050147307716417,0.000250736538582085,0,0,0,0,0,0,0,0,0,0,0,0,0,0,0,0,0,0,0,0,0,0,0,0,0,0,0,0,0,0,0,0,0,0,0,0,0,0,0,0,0,0,0,0,0,0,0,0,0,0,0,0,0,0,0,0,0,0,0,0,0,0,0,0,0,0,0,0,0,0,0,0,0,0,0,0,0,0,0,0,0,0,0,0,0,0,0,0,0,0,0,0,0,0,0,0,0,0,0,0,0,0,0,0,0,0,0,0,0,0,0,0,0,0,0,0,0,0,0,0,0,0,0,0,0,0,0,0,0,0,0,0,0,0,0,0,0,0,0,0,0,0,0,0,0,0,0,0,0,0,0,0,0,0,0,0,0,0,0,0,0,0,0,0,0,0,0,0,0,0,0,0,0,0,0,0,0,0,0,0,0,0,0,0,0,0,0,0,0,0,0,0,0,0,0,0,0,0,0,0,0,0,0,0,0,0,0,0,0,0,0,0,0,0,0,0,0,0,0,0,0,0,0,0,0,0,0,0,0,0,0,0,0,0,0,0,0,0,0,0,0,0,0,0,0,0,0,0,0,0,0,0,0,0,0,0,0,0,0,0,0,0,0,0,0,0,0,0,0,0,0,0,0,0,0,0,0,0,0,0,0,0,0,0,0,0,0,0,0,0,0,0,0,0,0,0,0,0,0,0,0,0,0,0,0,0,0,0,0,0,0,0,0,0,0,0,0,0,0,0,0,0,0,0,0,0,0,0,0,0,0,0,0,0,0,0,0,0,0,0,0,0,0,0,0,0,0,0,0,0,0,0,0,0,0,0,0,0,0,0,0,0,0,0,0,0,0,0,0,0,0,0,0,0,0,0,0,0,0,0,0,0,0,0,0,0,0,0,0,0,0,0,0,0,0,0,0,0,0,0,0,0,0,0,0,0,0,0,0,0,0,0,0,0,0,0,0,0,0,0,0,0,0,0,0,0,0,0,0,0,0,0,0,0,0,0,0,0,0,0,0,0,0,0,0,0,0,0,0,0,0,0,0,0,0,0,0,0,0,0,0,0,0,0,0,0,0,0,0,0,0,0,0,0,0,0,0,0,0,0,0,0,0,0,0,0,0,0,0,0,0,0,0,0,0,0,0,0,0,0,0,0,0,0,0,0,0,0,0,0,0,0,0,0,0,0,0,0,0,0
0.0658134243458476,0.0244596131968146,0.0138225255972696,0.0142207053469852,0.0143344709897611,0.0141638225255973,0.0202502844141069,0.0236632536973834,0.0148464163822526,0.0160978384527873,0.0218998862343572,0.019226393629124,0.0244027303754266,0.0323663253697383,0.0192832764505119,0.0175767918088737,0.0218430034129693,0.022070534698521,0.0178043230944255,0.0231513083048919,0.0262229806598407,0.0284982935153584,0.0287827076222981,0.026905574516496,0.026905574516496,0.0228100113765643,0.0202502844141069,0.023094425483504,0.0281569965870307,0.0250853242320819,0.0226393629124005,0.0246871444823663,0.0279863481228669,0.0272468714448237,0.0275881683731513,0.0215017064846416,0.0219567690557452,0.0135381114903299,0.0139931740614334,0.0142207053469852,0.014448236632537,0.0131968145620023,0.0113765642775882,0.00910125142207053,0.00881683731513083,0.00631399317406143,0.00887372013651877,0.00722411831626849,0.00244596131968146,0.00102389078498294,0.000910125142207053,0.00182025028441411,0.000739476678043231,0.000113765642775882,0.000113765642775882,0.000113765642775882,0,0,0,0,0,0,0,0,0,0,0,0,0,0,0,0,0,0,0,0,0,0,0,0,0,0,0,0,0,0,0,0,0,0,0,0,0,0,0,0,0,0,0,0,0,0,0,0,0,0,0,0,0,0,0,0,0,0,0,0,0,0,0,0,0,0,0,0,0,0,0,0,0,0,0,0,0,0,0,0,0,0,0,0,0,0,0,0,0,0,0,0,0,0,0,0,0,0,0,0,0,0,0,0,0,0,0,0,0,0,0,0,0,0,0,0,0,0,0,0,0,0,0,0,0,0,0,0,0,0,0,0,0,0,0,0,0,0,0,0,0,0,0,0,0,0,0,0,0,0,0,0,0,0,0,0,0,0,0,0,0,0,0,0,0,0,0,0,0,0,0,0,0,0,0,0,0,0,0,0,0,0,0,0,0,0,0,0,0,0,0,0,0,0,0,0,0,0,0,0,0,0,0,0,0,0,0,0,0,0,0,0,0,0,0,0,0,0,0,0,0,0,0,0,0,0,0,0,0,0,0,0,0,0,0,0,0,0,0,0,0,0,0,0,0,0,0,0,0,0,0,0,0,0,0,0,0,0,0,0,0,0,0,0,0,0,0,0,0,0,0,0,0,0,0,0,0,0,0,0,0,0,0,0,0,0,0,0,0,0,0,0,0,0,0,0,0,0,0,0,0,0,0,0,0,0,0,0,0,0,0,0,0,0,0,0,0,0,0,0,0,0,0,0,0,0,0,0,0,0,0,0,0,0,0,0,0,0,0,0,0,0,0,0,0,0,0,0,0,0,0,0,0,0,0,0,0,0,0,0,0,0,0,0,0,0,0,0,0,0,0,0,0,0,0,0,0,0,0,0,0,0,0,0,0,0,0,0,0,0,0,0,0,0,0,0,0,0,0,0,0,0,0,0,0,0,0,0,0,0,0,0,0,0,0,0,0,0,0,0,0,0,0,0,0,0,0,0,0,0,0,0,0,0,0,0,0,0,0,0,0,0,0,0,0,0,0,0,0,0,0,0,0,0,0,0,0,0,0,0,0,0,0,0,0,0,0,0,0,0,0,0,0,0,0,0,0,0,0,0,0,0,0,0,0,0,0,0,0,0,0,0,0,0,0,0,0,0,0,0,0,0,0
0.0615650483339634,0.0248420370470379,0.00918075282173138,0.00750661554247448,0.00869471296646325,0.00772263325592699,0.0137711292325971,0.0160393152238484,0.0159313063671221,0.0138251336609602,0.0163633417940271,0.0139871469460496,0.0149052222282227,0.0239779661932278,0.0130690716638764,0.0140411513744127,0.0194955986390884,0.0160933196522115,0.0149592266565858,0.0134471026624183,0.0176594480747421,0.0169573905060215,0.0177134525031053,0.018469514500189,0.0184155100718259,0.0176594480747421,0.0150672355133121,0.0217097802019766,0.0202516606361722,0.0225198466274234,0.0193875897823622,0.0181994923583734,0.0224658421990603,0.0232759086245072,0.0268402008964735,0.0211697359183453,0.0232219041961441,0.0159853107954852,0.0123130096667927,0.0150672355133121,0.0164713506507534,0.0204676783496247,0.0151752443700383,0.0194415942107253,0.0158232975103959,0.0125290273802452,0.0124210185235189,0.0114489388129827,0.008586704109737,0.00934276610682076,0.010314845817357,0.0140411513744127,0.0117189609547983,0.0102608413889939,0.00966679267699951,0.0127450450936977,0.00815466868283199,0.00464438083922882,0.00383431441378193,0.00480639412431819,0.0054544472646757,0.00550845169303883,0.00394232327050818,0.0054544472646757,0.0035642922719663,0.00156612842253065,0.0016741372792569,0.00194415942107253,0.00108008856726252,0.00248420370470379,0.00216017713452503,0.000432035426905006,0.000594048711994383,0.000648053140357509,0.00113409299562564,0.00156612842253065,0.00113409299562564,0.00124210185235189,0.000594048711994383,0.000594048711994383,0.000432035426905006,0.000270022141815629,5.40044283631258e-05,0,0.000270022141815629,0.000324026570178755,0.000108008856726252,5.40044283631258e-05,5.40044283631258e-05,0,0,0,0,0,0,0,0,0,0,0,0,0,0,0,0,0,0,0,0,0,0,0,0,0,0,0,0,0,0,0,0,0,0,0,0,0,0,0,0,0,0,0,0,0,0,0,0,0,0,0,0,0,0,0,0,0,0,0,0,0,0,0,0,0,0,0,0,0,0,0,0,0,0,0,0,0,0,0,0,0,0,0,0,0,0,0,0,0,0,0,0,0,0,0,0,0,0,0,0,0,0,0,0,0,0,0,0,0,0,0,0,0,0,0,0,0,0,0,0,0,0,0,0,0,0,0,0,0,0,0,0,0,0,0,0,0,0,0,0,0,0,0,0,0,0,0,0,0,0,0,0,0,0,0,0,0,0,0,0,0,0,0,0,0,0,0,0,0,0,0,0,0,0,0,0,0,0,0,0,0,0,0,0,0,0,0,0,0,0,0,0,0,0,0,0,0,0,0,0,0,0,0,0,0,0,0,0,0,0,0,0,0,0,0,0,0,0,0,0,0,0,0,0,0,0,0,0,0,0,0,0,0,0,0,0,0,0,0,0,0,0,0,0,0,0,0,0,0,0,0,0,0,0,0,0,0,0,0,0,0,0,0,0,0,0,0,0,0,0,0,0,0,0,0,0,0,0,0,0,0,0,0,0,0,0,0,0,0,0,0,0,0,0,0,0,0,0,0,0,0,0,0,0,0,0,0,0,0,0,0,0,0,0,0,0,0,0,0,0,0,0,0,0,0,0,0,0,0,0,0,0,0,0,0,0,0,0,0,0,0,0,0,0,0,0,0,0,0,0,0,0,0,0,0,0,0,0,0,0,0,0,0,0,0,0,0,0,0,0,0,0,0,0,0,0,0,0,0,0,0,0,0,0,0,0,0,0,0,0,0,0,0,0,0,0,0,0,0,0,0,0,0,0,0,0,0,0,0,0,0,0,0,0,0,0,0,0,0,0,0,0,0,0,0,0,0,0,0,0,0,0,0,0,0,0,0,0,0,0,0,0,0,0,0,0,0,0,0,0,0,0,0,0,0,0,0,0,0,0,0,0,0,0,0,0,0,0,0,0
0.0332555774866918,0.00968957473533106,0.00311023386566182,0.00299060948621329,0.00311023386566182,0.00197380226090077,0.00257192415814343,0.00502422393683833,0.0068185896285663,0.00352891919373168,0.00544290926490819,0.00675877743884204,0.00550272145463245,0.00729708714636043,0.00885220407919134,0.00873257969974281,0.00610084335187511,0.00580178240325378,0.00867276751001854,0.00819426999222442,0.00526347269573539,0.00687840181829057,0.0069980261977391,0.00813445780250015,0.00765596028470602,0.00604103116215085,0.00568215802380525,0.00968957473533106,0.00813445780250015,0.0092708894072612,0.00933070159698546,0.00622046773132364,0.00831389437167295,0.00735689933608469,0.00891201626891561,0.00412704109097434,0.00508403612656259,0.00544290926490819,0.00807464561277588,0.00711765057718763,0.00586159459297805,0.004725162988217,0.00610084335187511,0.00568215802380525,0.0049045995573898,0.00598121897242658,0.00604103116215085,0.00568215802380525,0.00544290926490819,0.00466535079849273,0.00406722890125007,0.0043662898498714,0.00478497517794126,0.00394760452180154,0.00628027992104791,0.0049045995573898,0.00544290926490819,0.00412704109097434,0.00382798014235301,0.00370835576290448,0.00311023386566182,0.00322985824511035,0.00352891919373168,0.00299060948621329,0.00448591422931994,0.0043662898498714,0.00305042167593756,0.00382798014235301,0.00352891919373168,0.00317004605538609,0.00334948262455889,0.00334948262455889,0.00328967043483462,0.00400741671152581,0.00376816795262875,0.004725162988217,0.00448591422931994,0.00275136072731623,0.00281117291704049,0.00281117291704049,0.00317004605538609,0.00293079729648902,0.0024522997786949,0.00346910700400742,0.00293079729648902,0.00281117291704049,0.00424666547042287,0.00442610203959567,0.00317004605538609,0.00233267539924637,0.00233267539924637,0.00269154853759196,0.00299060948621329,0.00167474131227944,0.00239248758897063,0.00191399007117651,0.00203361445062504,0.00269154853759196,0.00346910700400742,0.0024522997786949,0.00221305101979783,0.00287098510676476,0.00173455350200371,0.00328967043483462,0.00281117291704049,0.00269154853759196,0.00131586817393385,0.00167474131227944,0.00221305101979783,0.00173455350200371,0.00197380226090077,0.00173455350200371,0.00179436569172797,0.0020934266403493,0.00179436569172797,0.0020934266403493,0.00203361445062504,0.00203361445062504,0.00293079729648902,0.00125605598420958,0.00221305101979783,0.00239248758897063,0.00346910700400742,0.00173455350200371,0.00149530474310665,0.0020934266403493,0.0024522997786949,0.0026317363478677,0.0020934266403493,0.00287098510676476,0.00257192415814343,0.00119624379448532,0.00197380226090077,0.00149530474310665,0.00167474131227944,0.00173455350200371,0.0022728632095221,0.00239248758897063,0.00215323883007357,0.00197380226090077,0.00185417788145224,0.00149530474310665,0.00113643160476105,0.00167474131227944,0.0020934266403493,0.0022728632095221,0.0026317363478677,0.0022728632095221,0.0022728632095221,0.00143549255338238,0.00215323883007357,0.0022728632095221,0.00137568036365811,0.000657934086966924,0.00161492912255518,0.00167474131227944,0.00155511693283091,0.00287098510676476,0.00155511693283091,0.00233267539924637,0.00179436569172797,0.00149530474310665,0.0020934266403493,0.0022728632095221,0.00101680722531252,0.00155511693283091,0.00161492912255518,0.000837370656139721,0.00287098510676476,0.000777558466415455,0.000956995035588253,0.00113643160476105,0.000777558466415455,0.00125605598420958,0.000897182845863987,0.000418685328069861,0.00101680722531252,0.00149530474310665,0.00119624379448532,0.000478497517794126,0.000478497517794126,0.000777558466415455,0.00107661941503678,0.000657934086966924,0.00101680722531252,0.000897182845863987,0.00113643160476105,0.00131586817393385,0.00119624379448532,0.00137568036365811,0.000956995035588253,0.00125605598420958,0.000956995035588253,0.00131586817393385,0.00167474131227944,0.00155511693283091,0.00131586817393385,0.000657934086966924,0.000897182845863987,0.00143549255338238,0.000837370656139721,0.000897182845863987,0.00137568036365811,0.000956995035588253,0.000478497517794126,0.000598121897242658,0.000418685328069861,0.000657934086966924,0.000478497517794126,0.000418685328069861,0.00107661941503678,0.000777558466415455,0.000897182845863987,0.00071774627669119,0.00071774627669119,0.00101680722531252,0.000956995035588253,0.00119624379448532,0.000418685328069861,0.000358873138345595,0.000299060948621329,0.000897182845863987,0.000478497517794126,0.000598121897242658,0.00071774627669119,0.000179436569172797,0.000179436569172797,0.00071774627669119,0.000179436569172797,0.000657934086966924,0.000538309707518392,0.000956995035588253,0.000478497517794126,0.00071774627669119,0.000837370656139721,0.000657934086966924,0.00119624379448532,0.000777558466415455,0.000657934086966924,0.000956995035588253,0.00101680722531252,0.00101680722531252,0.00137568036365811,0.00071774627669119,0.000538309707518392,0.000299060948621329,0.000478497517794126,0.00071774627669119,0.00137568036365811,0.000837370656139721,0.00137568036365811,0.000478497517794126,0.000657934086966924,0.000239248758897063,0.000538309707518392,0.000956995035588253,0.00125605598420958,0.00125605598420958,0.00119624379448532,0.000777558466415455,0.000598121897242658,0.00125605598420958,0.00197380226090077,0.00125605598420958,0.000777558466415455,0.00101680722531252,0.000777558466415455,0.00113643160476105,0.00149530474310665,0.00071774627669119,0.00113643160476105,0.00113643160476105,0.000897182845863987,0.000956995035588253,0.000777558466415455,0.00113643160476105,0.00119624379448532,0.000956995035588253,0.000897182845863987,0.00125605598420958,0.000897182845863987,0.00113643160476105,0.00143549255338238,0.00155511693283091,0.00149530474310665,0.00155511693283091,0.00179436569172797,0.00125605598420958,0.00191399007117651,0.00143549255338238,0.00113643160476105,0.000777558466415455,0.00155511693283091,0.00185417788145224,0.00113643160476105,0.00167474131227944,0.00215323883007357,0.00125605598420958,0.00119624379448532,0.00107661941503678,0.00167474131227944,0.00137568036365811,0.00185417788145224,0.00137568036365811,0.00179436569172797,0.00113643160476105,0.00197380226090077,0.00149530474310665,0.00113643160476105,0.00143549255338238,0.00143549255338238,0.00107661941503678,0.000777558466415455,0.00125605598420958,0.00119624379448532,0.00107661941503678,0.00167474131227944,0.00113643160476105,0.00119624379448532,0.00113643160476105,0.00119624379448532,0.00125605598420958,0.00131586817393385,0.00197380226090077,0.00185417788145224,0.00155511693283091,0.00185417788145224,0.00143549255338238,0.00275136072731623,0.00251211196841916,0.00125605598420958,0.00185417788145224,0.00173455350200371,0.00131586817393385,0.00131586817393385,0.00340929481428315,0.00221305101979783,0.00161492912255518,0.00161492912255518,0.0026317363478677,0.0022728632095221,0.00161492912255518,0.00125605598420958,0.000837370656139721,0.0022728632095221,0.0026317363478677,0.00352891919373168,0.00233267539924637,0.0020934266403493,0.00191399007117651,0.00215323883007357,0.000956995035588253,0.00125605598420958,0.00346910700400742,0.00328967043483462,0.00161492912255518,0.00239248758897063,0.00173455350200371,0.00221305101979783,0.00173455350200371,0.00167474131227944,0.0026317363478677,0.00269154853759196,0.0022728632095221,0.00143549255338238,0.0022728632095221,0.00233267539924637,0.00203361445062504,0.00173455350200371,0.0026317363478677,0.00215323883007357,0.00251211196841916,0.00233267539924637,0.00251211196841916,0.0022728632095221,0.00197380226090077,0.00161492912255518,0.00215323883007357,0.0024522997786949,0.00287098510676476,0.00257192415814343,0.00173455350200371,0.00155511693283091,0.00161492912255518,0.00125605598420958,0.00215323883007357,0.00239248758897063,0.00293079729648902,0.00334948262455889,0.0024522997786949,0.000777558466415455,0.00239248758897063,0.00167474131227944,0.00161492912255518,0.0024522997786949,0.00299060948621329,0.00203361445062504,0.00113643160476105,0.00161492912255518,0.00125605598420958,0.00131586817393385,0.00197380226090077,0.00221305101979783,0.0020934266403493,0.00287098510676476,0.00191399007117651,0.00137568036365811,0.00161492912255518,0.00173455350200371,0.00101680722531252,0.00119624379448532,0.000777558466415455,0.000299060948621329,0.000837370656139721,0.000897182845863987,0.00131586817393385,0.000358873138345595,0.000777558466415455,0.000358873138345595,0.000598121897242658,0.000777558466415455,0.000657934086966924,0.000358873138345595,0.000119624379448532,0.000358873138345595,0.000598121897242658,0.00113643160476105,0.000239248758897063,0.000358873138345595,0,0,0,0,0,0,0,0,0,0,0,0,0,0,0,0,0,0,0,0,0,0,0,0,0,0,0,0,0,0,0,0,0,0,0,0,0,0,0,0,0,0,0,0,0,0,0,0,0,0,0,0,0,0,0,0,0,0,0,0,0,0,0,0,0,0,0,0,0,0,0,0,0,0,0,0,0,0,0,0,0,0,0,0,0,0,0,0,0,0,0,0,0,0,0,0,0,0,0,0,0,0,0,0,0,0,0,0,0,0,0,0,0,0,0,0,0,0,0,0,0,0,0,0,0,0,0,0,0,0
0.0468128333192246,0.0147803267586557,0.0168627782950986,0.0174045543045797,0.017065944298654,0.0206213493608736,0.0295098620164226,0.0243799204266486,0.0257851519512402,0.0245661559299077,0.0308981630407179,0.0313891475493101,0.0350122746127148,0.0347075256073817,0.0297976805214594,0.0295437230170152,0.029831541522052,0.0253957504444256,0.0258190129518327,0.0273766189790908,0.0296114450182003,0.0250740709387962,0.0258867349530179,0.0248709049352408,0.0282739354947939,0.0339964445949378,0.0281384914924236,0.0216879708795395,0.0172183188013206,0.0214340133750952,0.0200626428510963,0.0173537628036908,0.0186912723270973,0.0120883772115466,0.013899940743249,0.0128841107254719,0.0104461186828071,0.012647083721324,0.0126809447219165,0.00892237365614154,0.00836366714636417,0.00692457462118006,0.00724625412680945,0.00562092609836621,0.00311521205451621,0.00204859053585033,0.00174384153051723,0.00199779903496148,0.00199779903496148,0.00233640904088716,0.00243799204266486,0.00211631253703547,0.00155760602725811,0.00128671802251757,0.000728011512740202,0.000931177516295607,0.000643359011258783,0.000863455515110471,0.000965038516888174,0.000931177516295607,0.000846525014814188,0.000931177516295607,0.000474054008295945,0.00054177600948108,0.000457123507999661,0.000169305002962838,0.000237027004147973,0.000287818505036824,6.7722001185135e-05,0.000101583001777703,3.38610005925675e-05,3.38610005925675e-05,1.69305002962838e-05,0,0,0,1.69305002962838e-05,1.69305002962838e-05,5.07915008888513e-05,0,1.69305002962838e-05,0.000203166003555405,0.000118513502073986,1.69305002962838e-05,0,6.7722001185135e-05,6.7722001185135e-05,0.000118513502073986,0.000118513502073986,0.00013544400237027,0.00013544400237027,6.7722001185135e-05,8.46525014814188e-05,8.46525014814188e-05,0,0,3.38610005925675e-05,1.69305002962838e-05,0,0,3.38610005925675e-05,3.38610005925675e-05,0,0,0,0,0,0,0,1.69305002962838e-05,6.7722001185135e-05,0,3.38610005925675e-05,0,3.38610005925675e-05,1.69305002962838e-05,1.69305002962838e-05,3.38610005925675e-05,3.38610005925675e-05,1.69305002962838e-05,0,1.69305002962838e-05,1.69305002962838e-05,0.00013544400237027,0,0,0,0,0,0,0,0,0,0,0,0,0,0,0,0,0,0,0,0,0,0,0,0,0,0,0,0,0,0,0,0,0,0,0,0,0,0,0,0,0,0,0,0,0,0,0,0,0,0,0,0,0,0,0,0,0,0,0,0,0,0,0,0,0,0,0,0,0,0,3.38610005925675e-05,0,0,0,0,0,0,6.7722001185135e-05,1.69305002962838e-05,0,0,0,0,0,0,0,5.07915008888513e-05,1.69305002962838e-05,5.07915008888513e-05,3.38610005925675e-05,1.69305002962838e-05,0,0,0,0,0,0,0,1.69305002962838e-05,0,6.7722001185135e-05,3.38610005925675e-05,0.000101583001777703,6.7722001185135e-05,1.69305002962838e-05,1.69305002962838e-05,0,0,0,5.07915008888513e-05,0.000186235503259121,0.000237027004147973,0.000152374502666554,0,1.69305002962838e-05,6.7722001185135e-05,0.000118513502073986,5.07915008888513e-05,0,0,0,0,0,0,0,0,0,0,0,0,0,0,0,0,0,0,0,0,0,0,0,0,0,0,0,0,0,0,0,0,1.69305002962838e-05,1.69305002962838e-05,0,0,0,0,0,0,0,1.69305002962838e-05,0,0,0,0,0,0,0,0,0,0,0,0,5.07915008888513e-05,0,0,6.7722001185135e-05,6.7722001185135e-05,3.38610005925675e-05,0,1.69305002962838e-05,5.07915008888513e-05,0,5.07915008888513e-05,1.69305002962838e-05,3.38610005925675e-05,0.00013544400237027,1.69305002962838e-05,3.38610005925675e-05,0,0,0,0,3.38610005925675e-05,3.38610005925675e-05,0,3.38610005925675e-05,5.07915008888513e-05,0,1.69305002962838e-05,5.07915008888513e-05,0,3.38610005925675e-05,5.07915008888513e-05,0,5.07915008888513e-05,1.69305002962838e-05,3.38610005925675e-05,8.46525014814188e-05,0.000152374502666554,5.07915008888513e-05,0,5.07915008888513e-05,0.00013544400237027,3.38610005925675e-05,5.07915008888513e-05,0.000101583001777703,0,8.46525014814188e-05,8.46525014814188e-05,0,5.07915008888513e-05,0.000152374502666554,1.69305002962838e-05,3.38610005925675e-05,0,1.69305002962838e-05,0.000220096503851689,8.46525014814188e-05,0.000203166003555405,0.000169305002962838,0.000101583001777703,0.000101583001777703,8.46525014814188e-05,5.07915008888513e-05,0.000237027004147973,6.7722001185135e-05,0.000152374502666554,0.000101583001777703,8.46525014814188e-05,0.00013544400237027,0.00013544400237027,0.000152374502666554,0.000220096503851689,0.000118513502073986,6.7722001185135e-05,0.000118513502073986,5.07915008888513e-05,5.07915008888513e-05,6.7722001185135e-05,8.46525014814188e-05,8.46525014814188e-05,6.7722001185135e-05,0,0,0,0,0,0,0,0,0,0,0,0,0,0,0,0,0,0,0,0,0,0,0,0,0,0,0,0,0,0,0,0,0,0,0,0,0,0,0,0,0,0,0,0,0,0,0,0,0,0,0,0,0,0,0,0,0,0,0,0,0,0,0,0,0,0,0,0,0,0,0,0,0,0,0,0,0,0,0,0,0,0,0,0,0,0,0,0,0,0,0,0,0,0,0,0,0,0,0,0,0,0,0,0,0,0,0,0,0,0,0,0,0,0,0,0,0,0,0,0,0,0,0,0,0,0,0,0,0,0,0,0,0,0,0,0,0,0,0,0,0,0,0,0,0,0,0,0,0,0,0,0,0,0,0,0,0,0,0,0,0,0,0,0,0,0,0,0,0,0,0,0,0,0,0,0,0,0,0,0,0,0,0
0.0314160217527714,0.0188105696158405,0.0244021473889702,0.0297566757303214,0.0344139998605592,0.0378721327476818,0.0412326570452486,0.0459178693439308,0.0466150735550443,0.0473401659346022,0.0489019033674963,0.0489716237886077,0.0582583838806386,0.0529596318761765,0.0547863069092937,0.0491250087150526,0.0481768109879384,0.0451370006274838,0.0417485881614725,0.0394199260963536,0.0304957121941017,0.0235376141671896,0.0200794812800669,0.0192846684793976,0.0156870947500523,0.015254828139162,0.010792721188036,0.00814334518580492,0.00451788328801506,0.00330474796067768,0.00202189221222896,0.00100397406400335,0.000376490274001255,0.000223105347556299,0,1.39440842222687e-05,0,0,0,0,0,0,0,0,0,0,0,0,0,0,0,0,0,0,0,0,0,0,0,0,0,0,0,0,0,0,0,0,0,0,0,0,0,0,0,0,0,0,0,0,0,0,0,0,0,0,0,0,0,0,0,0,0,0,0,0,0,0,0,0,0,0,0,0,0,0,0,0,0,0,0,0,0,0,0,0,0,0,0,0,0,0,0,0,0,0,0,0,0,0,0,0,0,0,0,0,0,0,0,0,0,0,0,0,0,0,0,0,0,0,0,0,0,0,0,0,0,0,0,0,0,0,0,0,0,0,0,0,0,0,0,0,0,0,0,0,0,0,0,0,0,0,0,0,0,0,0,0,0,0,0,0,0,0,0,0,0,0,0,0,0,0,0,0,0,0,0,0,0,0,0,0,0,0,0,0,0,0,0,0,0,0,0,0,0,0,0,0,0,0,0,0,0,0,0,0,0,0,0,0,0,0,0,0,0,0,0,0,0,0,0,0,0,0,0,0,0,0,0,0,0,0,0,0,0,0,0,0,0,0,0,0,0,0,0,0,0,0,0,0,0,0,0,0,0,0,0,0,0,0,0,0,0,0,0,0,0,0,0,0,0,0,0,0,0,0,0,0,0,0,0,0,0,0,0,0,0,0,0,0,0,0,0,0,0,0,0,0,0,0,0,0,0,0,0,0,0,0,0,0,0,0,0,0,0,0,0,0,0,0,0,0,0,0,0,0,0,0,0,0,0,0,0,0,0,0,0,0,0,0,0,0,0,0,0,0,0,0,0,0,0,0,0,0,0,0,0,0,0,0,0,0,0,0,0,0,0,0,0,0,0,0,0,0,0,0,0,0,0,0,0,0,0,0,0,0,0,0,0,0,0,0,0,0,0,0,0,0,0,0,0,0,0,0,0,0,0,0,0,0,0,0,0,0,0,0,0,0,0,0,0,0,0,0,0,0,0,0,0,0,0,0,0,0,0,0,0,0,0,0,0,0,0,0,0,0,0,0,0,0,0,0,0,0,0,0,0,0,0,0,0,0,0,0,0,0,0,0,0,0,0,0,0,0,0,0,0,0,0,0,0,0,0,0,0,0,0,0,0,0,0,0,0,0,0,0,0,0,0,0,0,0,0,0,0,0,0,0,0,0,0,0,0,0,0,0,0,0,0,0,0,0,0,0,0,0,0,0,0
0.0334534644595117,0.0208702380225195,0.0238429743652393,0.0283428012949728,0.0309083134811557,0.0390935190275487,0.0443467106468756,0.0393785759371246,0.0459552460651966,0.0486632867061674,0.052878056726325,0.0571539103699631,0.055158512002932,0.0554435689125079,0.055423207704681,0.0556675421986032,0.0498238755522978,0.0439598476981655,0.0384419603770896,0.0314784273003075,0.0289129151141246,0.0257162054853094,0.018386170667644,0.0190784517337568,0.0159224645205954,0.0128071997230876,0.00981410217254088,0.00698389428460896,0.00490705108627044,0.00372610103231324,0.00160853541832101,0.000671919858285993,0.00071264227393969,0.000427585364363814,4.07224156536966e-05,0,0,0,0,0,0,0,0,0,0,0,0,0,0,0,0,0,0,0,0,0,0,0,0,0,0,0,0,0,0,0,0,0,0,0,0,0,0,0,0,0,0,0,0,0,0,0,0,0,0,0,0,0,0,0,0,0,0,0,0,0,0,0,0,0,0,0,0,0,0,0,0,0,0,0,0,0,0,0,0,0,0,0,0,0,0,0,0,0,0,0,0,0,0,0,0,0,0,0,0,0,0,0,0,0,0,0,0,0,0,0,0,0,0,0,0,0,0,0,0,0,0,0,0,0,0,0,0,0,0,0,0,0,0,0,0,0,0,0,0,0,0,0,0,0,0,0,0,0,0,0,0,0,0,0,0,0,0,0,0,0,0,0,0,0,0,0,0,0,0,0,0,0,0,0,0,0,0,0,0,0,0,0,0,0,0,0,0,0,0,0,0,0,0,0,0,0,0,0,0,0,0,0,0,0,0,0,0,0,0,0,0,0,0,0,0,0,0,0,0,0,0,0,0,0,0,0,0,0,0,0,0,0,0,0,0,0,0,0,0,0,0,0,0,0,0,0,0,0,0,0,0,0,0,0,0,0,0,0,0,0,0,0,0,0,0,0,0,0,0,0,0,0,0,0,0,0,0,0,0,0,0,0,0,0,0,0,0,0,0,0,0,0,0,0,0,0,0,0,0,0,0,0,0,0,0,0,0,0,0,0,0,0,0,0,0,0,0,0,0,0,0,0,0,0,0,0,0,0,0,0,0,0,0,0,0,0,0,0,0,0,0,0,0,0,0,0,0,0,0,0,0,0,0,0,0,0,0,0,0,0,0,0,0,0,0,0,0,0,0,0,0,0,0,0,0,0,0,0,0,0,0,0,0,0,0,0,0,0,0,0,0,0,0,0,0,0,0,0,0,0,0,0,0,0,0,0,0,0,0,0,0,0,0,0,0,0,0,0,0,0,0,0,0,0,0,0,0,0,0,0,0,0,0,0,0,0,0,0,0,0,0,0,0,0,0,0,0,0,0,0,0,0,0,0,0,0,0,0,0,0,0,0,0,0,0,0,0,0,0,0,0,0,0,0,0,0,0,0,0,0,0,0,0,0,0,0,0,0,0,0,0,0,0,0,0,0,0,0,0,0,0,0,0,0,0,0,0,0,0,0,0,0,0,0,0,0,0,0,0,0,0,0,0
0.0536785924053219,0.0239536249648867,0.0208636584182436,0.0250261753364488,0.0308230547256059,0.0349600347302025,0.0444853035062182,0.0477795653617304,0.0475241962256442,0.0519676191935443,0.0500268137592891,0.0505886258586787,0.0508950688219822,0.0537296662325391,0.0532189279603667,0.0502821828953753,0.0405526188104906,0.0407824510329682,0.0297760412676524,0.0320488265788197,0.0271968129931816,0.0222937255803264,0.0200209402691591,0.0139431548303072,0.0153476850787814,0.0149901682882607,0.0156285911284762,0.0124109400137899,0.010112617789014,0.00812073852754156,0.0049286243264639,0.00150667790290865,0.000357516790520698,0.000127684568043106,5.10738272172425e-05,0,0,0,0,0,0,0,0,0,0,0,0,0,0,0,0,0,0,0,0,0,0,0,0,0,0,0,0,0,0,0,0,0,0,0,0,0,0,0,0,0,0,0,0,0,0,0,0,0,0,0,0,0,0,0,0,0,0,0,0,0,0,0,0,0,0,0,0,0,0,0,0,0,0,0,0,0,0,0,0,0,0,0,0,0,0,0,0,0,0,0,0,0,0,0,0,0,0,0,0,0,0,0,0,0,0,0,0,0,0,0,0,0,0,0,0,0,0,0,0,0,0,0,0,0,0,0,0,0,0,0,0,0,0,0,0,0,0,0,0,0,0,0,0,0,0,0,0,0,0,0,0,0,0,0,0,0,0,0,0,0,0,0,0,0,0,0,0,0,0,0,0,0,0,0,0,0,0,0,0,0,0,0,0,0,0,0,0,0,0,0,0,0,0,0,0,0,0,0,0,0,0,0,0,0,0,0,0,0,0,0,0,0,0,0,0,0,0,0,0,0,0,0,0,0,0,0,0,0,0,0,0,0,0,0,0,0,0,0,0,0,0,0,0,0,0,0,0,0,0,0,0,0,0,0,0,0,0,0,0,0,0,0,0,0,0,0,0,0,0,0,0,0,0,0,0,0,0,0,0,0,0,0,0,0,0,0,0,0,0,0,0,0,0,0,0,0,0,0,0,0,0,0,0,0,0,0,0,0,0,0,0,0,0,0,0,0,0,0,0,0,0,0,0,0,0,0,0,0,0,0,0,0,0,0,0,0,0,0,0,0,0,0,0,0,0,0,0,0,0,0,0,0,0,0,0,0,0,0,0,0,0,0,0,0,0,0,0,0,0,0,0,0,0,0,0,0,0,0,0,0,0,0,0,0,0,0,0,0,0,0,0,0,0,0,0,0,0,0,0,0,0,0,0,0,0,0,0,0,0,0,0,0,0,0,0,0,0,0,0,0,0,0,0,0,0,0,0,0,0,0,0,0,0,0,0,0,0,0,0,0,0,0,0,0,0,0,0,0,0,0,0,0,0,0,0,0,0,0,0,0,0,0,0,0,0,0,0,0,0,0,0,0,0,0,0,0,0,0,0,0,0,0,0,0,0,0,0,0,0,0,0,0,0,0,0,0,0,0,0,0,0,0,0,0,0,0,0,0,0,0,0,0,0,0,0,0,0,0,0,0,0,0,0
0.0528570914197242,0.0284088863284485,0.0267165952543838,0.035970186872142,0.0414431282180535,0.0463399704749217,0.0500126021675728,0.0575018903251359,0.0527490728405286,0.0589421380477442,0.0622187016166781,0.0520649551722896,0.0549454506175062,0.0594822309437223,0.0504806826774205,0.0474561624599431,0.0343499081842077,0.0302812083678393,0.0258164404277536,0.0208115795916898,0.0167788859683866,0.0158427249486912,0.0156626939833651,0.014762539156735,0.0122781118352357,0.00936161019695388,0.00964965974147553,0.00784935008821517,0.00320455118280344,0.00306052641054261,0.00187232203939078,0.000720123861304144,0.000108018579195622,0,0,0,0,0,0,0,0,0,0,0,0,0,0,0,0,0,0,0,0,0,0,0,0,0,0,0,0,0,0,0,0,0,0,0,0,0,0,0,0,0,0,0,0,0,0,0,0,0,0,0,0,0,0,0,0,0,0,0,0,0,0,0,0,0,0,0,0,0,0,0,0,0,0,0,0,0,0,0,0,0,0,0,0,0,0,0,0,0,0,0,0,0,0,0,0,0,0,0,0,0,0,0,0,0,0,0,0,0,0,0,0,0,0,0,0,0,0,0,0,0,0,0,0,0,0,0,0,0,0,0,0,0,0,0,0,0,0,0,0,0,0,0,0,0,0,0,0,0,0,0,0,0,0,0,0,0,0,0,0,0,0,0,0,0,0,0,0,0,0,0,0,0,0,0,0,0,0,0,0,0,0,0,0,0,0,0,0,0,0,0,0,0,0,0,0,0,0,0,0,0,0,0,0,0,0,0,0,0,0,0,0,0,0,0,0,0,0,0,0,0,0,0,0,0,0,0,0,0,0,0,0,0,0,0,0,0,0,0,0,0,0,0,0,0,0,0,0,0,0,0,0,0,0,0,0,0,0,0,0,0,0,0,0,0,0,0,0,0,0,0,0,0,0,0,0,0,0,0,0,0,0,0,0,0,0,0,0,0,0,0,0,0,0,0,0,0,0,0,0,0,0,0,0,0,0,0,0,0,0,0,0,0,0,0,0,0,0,0,0,0,0,0,0,0,0,0,0,0,0,0,0,0,0,0,0,0,0,0,0,0,0,0,0,0,0,0,0,0,0,0,0,0,0,0,0,0,0,0,0,0,0,0,0,0,0,0,0,0,0,0,0,0,0,0,0,0,0,0,0,0,0,0,0,0,0,0,0,0,0,0,0,0,0,0,0,0,0,0,0,0,0,0,0,0,0,0,0,0,0,0,0,0,0,0,0,0,0,0,0,0,0,0,0,0,0,0,0,0,0,0,0,0,0,0,0,0,0,0,0,0,0,0,0,0,0,0,0,0,0,0,0,0,0,0,0,0,0,0,0,0,0,0,0,0,0,0,0,0,0,0,0,0,0,0,0,0,0,0,0,0,0,0,0,0,0,0,0,0,0,0,0,0,0,0,0,0,0,0,0,0,0,0,0,0,0,0,0,0,0,0,0,0,0,0,0,0,0,0,0,0,0,0,0,0,0
0.0467730343538882,0.0264194336639356,0.0282018111254851,0.0346126203823487,0.0351300848066695,0.0394997843898232,0.0439844760672704,0.0431795314072158,0.0542187724593934,0.0586459680896938,0.0502802932298404,0.0541325283886733,0.047290498778209,0.0593359206554549,0.0532700876814719,0.0418283742992669,0.0383211154233147,0.0324852666379186,0.0296104642805807,0.023947103636625,0.0252120166738537,0.0238896075894782,0.0182549949690959,0.0217335058214748,0.0184562311341095,0.0144890038809832,0.013109098749461,0.00977432801494897,0.00672703751617076,0.00402472330027311,0.00218484979157683,0.000776196636481242,0.000172488141440276,2.87480235733793e-05,0,0,0,0,0,0,0,0,0,0,0,0,0,0,0,0,0,0,0,0,0,0,0,0,0,0,0,0,0,0,0,0,0,0,0,0,0,0,0,0,0,0,0,0,0,0,0,0,0,0,0,0,0,0,0,0,0,0,0,0,0,0,0,0,0,0,0,0,0,0,0,0,0,0,0,0,0,0,0,0,0,0,0,0,0,0,0,0,0,0,0,0,0,0,0,0,0,0,0,0,0,0,0,0,0,0,0,0,0,0,0,0,0,0,0,0,0,0,0,0,0,0,0,0,0,0,0,0,0,0,0,0,0,0,0,0,0,0,0,0,0,0,0,0,0,0,0,0,0,0,0,0,0,0,0,0,0,0,0,0,0,0,0,0,0,0,0,0,0,0,0,0,0,0,0,0,0,0,0,0,0,0,0,0,0,0,0,0,0,0,0,0,0,0,0,0,0,0,0,0,0,0,0,0,0,0,0,0,0,0,0,0,0,0,0,0,0,0,0,0,0,0,0,0,0,0,0,0,0,0,0,0,0,0,0,0,0,0,0,0,0,0,0,0,0,0,0,0,0,0,0,0,0,0,0,0,0,0,0,0,0,0,0,0,0,0,0,0,0,0,0,0,0,0,0,0,0,0,0,0,0,0,0,0,0,0,0,0,0,0,0,0,0,0,0,0,0,0,0,0,0,0,0,0,0,0,0,0,0,0,0,0,0,0,0,0,0,0,0,0,0,0,0,0,0,0,0,0,0,0,0,0,0,0,0,0,0,0,0,0,0,0,0,0,0,0,0,0,0,0,0,0,0,0,0,0,0,0,0,0,0,0,0,0,0,0,0,0,0,0,0,0,0,0,0,0,0,0,0,0,0,0,0,0,0,0,0,0,0,0,0,0,0,0,0,0,0,0,0,0,0,0,0,0,0,0,0,0,0,0,0,0,0,0,0,0,0,0,0,0,0,0,0,0,0,0,0,0,0,0,0,0,0,0,0,0,0,0,0,0,0,0,0,0,0,0,0,0,0,0,0,0,0,0,0,0,0,0,0,0,0,0,0,0,0,0,0,0,0,0,0,0,0,0,0,0,0,0,0,0,0,0,0,0,0,0,0,0,0,0,0,0,0,0,0,0,0,0,0,0,0,0,0,0,0,0,0,0,0,0,0,0,0,0,0,0,0,0,0,0,0,0,0,0,0
0.0352608511239926,0.0264668457514492,0.0298883076488053,0.0349498091333239,0.0405485649653612,0.0418775625618549,0.0429803478014987,0.0459776615297611,0.0441396861303549,0.0419906687402799,0.04085960695603,0.0476177011169235,0.0524247136999859,0.0493991234271172,0.046543192421886,0.0481832320090485,0.0426410292662237,0.0374664216032801,0.031217305245299,0.0299448607380178,0.0294076063904991,0.0276261840803054,0.0247702530750742,0.0221688109712993,0.0227343418634243,0.0175597342004807,0.016343842782412,0.0108864696734059,0.007945709034356,0.00542909656439983,0.00308214336208115,0.00104623215043122,0.000395871624487488,0.000169659267637495,5.65530892124982e-05,0,0,0,0,0,0,0,0,0,0,0,0,0,0,0,0,0,0,0,0,0,0,0,0,0,0,0,0,0,0,0,0,0,0,0,0,0,0,0,0,0,0,0,0,0,0,0,0,0,0,0,0,0,0,0,0,0,0,0,0,0,0,0,0,0,0,0,0,0,0,0,0,0,0,0,0,0,0,0,0,0,0,0,0,0,0,0,0,0,0,0,0,0,0,0,0,0,0,0,0,0,0,0,0,0,0,0,0,0,0,0,0,0,0,0,0,0,0,0,0,0,0,0,0,0,0,0,0,0,0,0,0,0,0,0,0,0,0,0,0,0,0,0,0,0,0,0,0,0,0,0,0,0,0,0,0,0,0,0,0,0,0,0,0,0,0,0,0,0,0,0,0,0,0,0,0,0,0,0,0,0,0,0,0,0,0,0,0,0,0,0,0,0,0,0,0,0,0,0,0,0,0,0,0,0,0,0,0,0,0,0,0,0,0,0,0,0,0,0,0,0,0,0,0,0,0,0,0,0,0,0,0,0,0,0,0,0,0,0,0,0,0,0,0,0,0,0,0,0,0,0,0,0,0,0,0,0,0,0,0,0,0,0,0,0,0,0,0,0,0,0,0,0,0,0,0,0,0,0,0,0,0,0,0,0,0,0,0,0,0,0,0,0,0,0,0,0,0,0,0,0,0,0,0,0,0,0,0,0,0,0,0,0,0,0,0,0,0,0,0,0,0,0,0,0,0,0,0,0,0,0,0,0,0,0,0,0,0,0,0,0,0,0,0,0,0,0,0,0,0,0,0,0,0,0,0,0,0,0,0,0,0,0,0,0,0,0,0,0,0,0,0,0,0,0,0,0,0,0,0,0,0,0,0,0,0,0,0,0,0,0,0,0,0,0,0,0,0,0,0,0,0,0,0,0,0,0,0,0,0,0,0,0,0,0,0,0,0,0,0,0,0,0,0,0,0,0,0,0,0,0,0,0,0,0,0,0,0,0,0,0,0,0,0,0,0,0,0,0,0,0,0,0,0,0,0,0,0,0,0,0,0,0,0,0,0,0,0,0,0,0,0,0,0,0,0,0,0,0,0,0,0,0,0,0,0,0,0,0,0,0,0,0,0,0,0,0,0,0,0,0,0,0,0,0,0,0,0,0,0,0,0,0,0,0,0,0,0,0,0,0,0,0,0
0.0413456496309144,0.0302327457545077,0.0337420838207414,0.0461659473195918,0.0513492799806381,0.055282158847969,0.0573191884151507,0.0600822879270703,0.0625428582953491,0.0629260618772942,0.0642370214997378,0.0562502521076197,0.0571175023193901,0.0545762575128071,0.0485861804687185,0.0404380621999919,0.0361623169698681,0.0300713968778992,0.0253721108466782,0.0197652373845347,0.0135129684159574,0.0105683514178533,0.00955992093905046,0.00845064741236739,0.00671614698882659,0.00504215239401396,0.0036505183332661,0.00296478560768021,0.00229922149167036,0.00207736678633375,0.000988261869226736,0.000423540801097172,0.000121011657456335,4.03372191521117e-05,2.01686095760558e-05,0,0,0,0,0,0,0,0,0,0,0,0,0,0,0,0,0,0,0,0,0,0,0,0,0,0,0,0,0,0,0,0,0,0,0,0,0,0,0,0,0,0,0,0,0,0,0,0,0,0,0,0,0,0,0,0,0,0,0,0,0,0,0,0,0,0,0,0,0,0,0,0,0,0,0,0,0,0,0,0,0,0,0,0,0,0,0,0,0,0,0,0,0,0,0,0,0,0,0,0,0,0,0,0,0,0,0,0,0,0,0,0,0,0,0,0,0,0,0,0,0,0,0,0,0,0,0,0,0,0,0,0,0,0,0,0,0,0,0,0,0,0,0,0,0,0,0,0,0,0,0,0,0,0,0,0,0,0,0,0,0,0,0,0,0,0,0,0,0,0,0,0,0,0,0,0,0,0,0,0,0,0,0,0,0,0,0,0,0,0,0,0,0,0,0,0,0,0,0,0,0,0,0,0,0,0,0,0,0,0,0,0,0,0,0,0,0,0,0,0,0,0,0,0,0,0,0,0,0,0,0,0,0,0,0,0,0,0,0,0,0,0,0,0,0,0,0,0,0,0,0,0,0,0,0,0,0,0,0,0,0,0,0,0,0,0,0,0,0,0,0,0,0,0,0,0,0,0,0,0,0,0,0,0,0,0,0,0,0,0,0,0,0,0,0,0,0,0,0,0,0,0,0,0,0,0,0,0,0,0,0,0,0,0,0,0,0,0,0,0,0,0,0,0,0,0,0,0,0,0,0,0,0,0,0,0,0,0,0,0,0,0,0,0,0,0,0,0,0,0,0,0,0,0,0,0,0,0,0,0,0,0,0,0,0,0,0,0,0,0,0,0,0,0,0,0,0,0,0,0,0,0,0,0,0,0,0,0,0,0,0,0,0,0,0,0,0,0,0,0,0,0,0,0,0,0,0,0,0,0,0,0,0,0,0,0,0,0,0,0,0,0,0,0,0,0,0,0,0,0,0,0,0,0,0,0,0,0,0,0,0,0,0,0,0,0,0,0,0,0,0,0,0,0,0,0,0,0,0,0,0,0,0,0,0,0,0,0,0,0,0,0,0,0,0,0,0,0,0,0,0,0,0,0,0,0,0,0,0,0,0,0,0,0,0,0,0,0,0,0,0,0,0,0,0,0,0,0,0,0,0,0,0,0,0,0,0,0,0,0,0,0,0,0
0.0455275617179574,0.0308589786946229,0.035889414947582,0.0441325667906662,0.0514457220155563,0.0507270882651336,0.0493320933378424,0.0523334460601961,0.0557152519445384,0.0559688873858641,0.0569834291511667,0.0602806898884004,0.0508539059857964,0.043794386202232,0.0382989516401759,0.0381298613459587,0.0307321609739601,0.0277308082516064,0.0234612783226243,0.0222353736895502,0.0238417314846128,0.0229117348664187,0.0182194792018938,0.017331755157254,0.0184308420696652,0.0117940480216436,0.00946905647615827,0.00629861345958742,0.00410043963476496,0.00245180926614812,0.000253635441325668,0.000464998309097058,0,0,0,0,0,0,0,0,0,0,0,0,0,0,0,0,0,0,0,0,0,0,0,0,0,0,0,0,0,0,0,0,0,0,0,0,0,0,0,0,0,0,0,0,0,0,0,0,0,0,0,0,0,0,0,0,0,0,0,0,0,0,0,0,0,0,0,0,0,0,0,0,0,0,0,0,0,0,0,0,0,0,0,0,0,0,0,0,0,0,0,0,0,0,0,0,0,0,0,0,0,0,0,0,0,0,0,0,0,0,0,0,0,0,0,0,0,0,0,0,0,0,0,0,0,0,0,0,0,0,0,0,0,0,0,0,0,0,0,0,0,0,0,0,0,0,0,0,0,0,0,0,0,0,0,0,0,0,0,0,0,0,0,0,0,0,0,0,0,0,0,0,0,0,0,0,0,0,0,0,0,0,0,0,0,0,0,0,0,0,0,0,0,0,0,0,0,0,0,0,0,0,0,0,0,0,0,0,0,0,0,0,0,0,0,0,0,0,0,0,0,0,0,0,0,0,0,0,0,0,0,0,0,0,0,0,0,0,0,0,0,0,0,0,0,0,0,0,0,0,0,0,0,0,0,0,0,0,0,0,0,0,0,0,0,0,0,0,0,0,0,0,0,0,0,0,0,0,0,0,0,0,0,0,0,0,0,0,0,0,0,0,0,0,0,0,0,0,0,0,0,0,0,0,0,0,0,0,0,0,0,0,0,0,0,0,0,0,0,0,0,0,0,0,0,0,0,0,0,0,0,0,0,0,0,0,0,0,0,0,0,0,0,0,0,0,0,0,0,0,0,0,0,0,0,0,0,0,0,0,0,0,0,0,0,0,0,0,0,0,0,0,0,0,0,0,0,0,0,0,0,0,0,0,0,0,0,0,0,0,0,0,0,0,0,0,0,0,0,0,0,0,0,0,0,0,0,0,0,0,0,0,0,0,0,0,0,0,0,0,0,0,0,0,0,0,0,0,0,0,0,0,0,0,0,0,0,0,0,0,0,0,0,0,0,0,0,0,0,0,0,0,0,0,0,0,0,0,0,0,0,0,0,0,0,0,0,0,0,0,0,0,0,0,0,0,0,0,0,0,0,0,0,0,0,0,0,0,0,0,0,0,0,0,0,0,0,0,0,0,0,0,0,0,0,0,0,0,0,0,0,0,0,0,0,0,0,0,0,0,0,0,0,0,0,0,0
0.0470854763654176,0.0265123683566005,0.0320230222875337,0.0286554004408523,0.0331251530737203,0.0358804800391869,0.0368601518491305,0.0447587558168014,0.0452485917217732,0.0409012980651482,0.0456771981386236,0.0490448199853049,0.0514939995101641,0.0497183443546412,0.0475140827822679,0.0404726916482978,0.0385133480284105,0.0372887582659809,0.0366152338966446,0.0334313005143277,0.0276144991427872,0.0289003183933382,0.0268185157972079,0.0198995836394808,0.0223487631643399,0.0164095028165565,0.0153073720303698,0.0115723732549596,0.00734753857457752,0.00912319373010042,0.00428606416850355,0.00318393338231692,0.00269409747734509,0.00244917952485917,0.000795983345579231,0.000428606416850355,0,0,0,0,0,0,0,0,0,0,0,0,0,0,0,0,0,0,0,0,0,0,0,0,0,0,0,0,0,0,0,0,0,0,0,0,0,0,0,0,0,0,0,0,0,0,0,0,0,0,0,0,0,0,0,0,0,0,0,0,0,0,0,0,0,0,0,0,0,0,0,0,0,0,0,0,0,0,0,0,0,0,0,0,0,0,0,0,0,0,0,0,0,0,0,0,0,0,0,0,0,0,0,0,0,0,0,0,0,0,0,0,0,0,0,0,0,0,0,0,0,0,0,0,0,0,0,0,0,0,0,0,0,0,0,0,0,0,0,0,0,0,0,0,0,0,0,0,0,0,0,0,0,0,0,0,0,0,0,0,0,0,0,0,0,0,0,0,0,0,0,0,0,0,0,0,0,0,0,0,0,0,0,0,0,0,0,0,0,0,0,0,0,0,0,0,0,0,0,0,0,0,0,0,0,0,0,0,0,0,0,0,0,0,0,0,0,0,0,0,0,0,0,0,0,0,0,0,0,0,0,0,0,0,0,0,0,0,0,0,0,0,0,0,0,0,0,0,0,0,0,0,0,0,0,0,0,0,0,0,0,0,0,0,0,0,0,0,0,0,0,0,0,0,0,0,0,0,0,0,0,0,0,0,0,0,0,0,0,0,0,0,0,0,0,0,0,0,0,0,0,0,0,0,0,0,0,0,0,0,0,0,0,0,0,0,0,0,0,0,0,0,0,0,0,0,0,0,0,0,0,0,0,0,0,0,0,0,0,0,0,0,0,0,0,0,0,0,0,0,0,0,0,0,0,0,0,0,0,0,0,0,0,0,0,0,0,0,0,0,0,0,0,0,0,0,0,0,0,0,0,0,0,0,0,0,0,0,0,0,0,0,0,0,0,0,0,0,0,0,0,0,0,0,0,0,0,0,0,0,0,0,0,0,0,0,0,0,0,0,0,0,0,0,0,0,0,0,0,0,0,0,0,0,0,0,0,0,0,0,0,0,0,0,0,0,0,0,0,0,0,0,0,0,0,0,0,0,0,0,0,0,0,0,0,0,0,0,0,0,0,0,0,0,0,0,0,0,0,0,0,0,0,0,0,0,0,0,0,0,0,0,0,0,0,0,0,0,0,0,0,0,0,0,0,0,0,0,0,0,0,0,0,0,0,0,0,0,0,0,0,0,0
0.0603997839005943,0.0239870340356564,0.0264721772015127,0.0332793084819017,0.0393300918422474,0.0428957320367369,0.0349540788762831,0.0410048622366289,0.0433279308481902,0.0431118314424635,0.0432198811453268,0.0388978930307942,0.0437601296596434,0.0368449486763911,0.0329011345218801,0.037817396002161,0.042247433819557,0.0377633711507293,0.0371690977849811,0.0331712587790384,0.0326850351161534,0.0329011345218801,0.0306861156131821,0.0199891950297137,0.0263101026472177,0.0207455429497569,0.0126958400864398,0.0133981631550513,0.0104808211777418,0.0100486223662885,0.0103727714748784,0.00405186385737439,0.00151269584008644,0.00140464613722312,0.000108049702863317,5.40248514316586e-05,0,0,0,0,0,0,0,0,0,0,0,0,0,0,0,0,0,0,0,0,0,0,0,0,0,0,0,0,0,0,0,0,0,0,0,0,0,0,0,0,0,0,0,0,0,0,0,0,0,0,0,0,0,0,0,0,0,0,0,0,0,0,0,0,0,0,0,0,0,0,0,0,0,0,0,0,0,0,0,0,0,0,0,0,0,0,0,0,0,0,0,0,0,0,0,0,0,0,0,0,0,0,0,0,0,0,0,0,0,0,0,0,0,0,0,0,0,0,0,0,0,0,0,0,0,0,0,0,0,0,0,0,0,0,0,0,0,0,0,0,0,0,0,0,0,0,0,0,0,0,0,0,0,0,0,0,0,0,0,0,0,0,0,0,0,0,0,0,0,0,0,0,0,0,0,0,0,0,0,0,0,0,0,0,0,0,0,0,0,0,0,0,0,0,0,0,0,0,0,0,0,0,0,0,0,0,0,0,0,0,0,0,0,0,0,0,0,0,0,0,0,0,0,0,0,0,0,0,0,0,0,0,0,0,0,0,0,0,0,0,0,0,0,0,0,0,0,0,0,0,0,0,0,0,0,0,0,0,0,0,0,0,0,0,0,0,0,0,0,0,0,0,0,0,0,0,0,0,0,0,0,0,0,0,0,0,0,0,0,0,0,0,0,0,0,0,0,0,0,0,0,0,0,0,0,0,0,0,0,0,0,0,0,0,0,0,0,0,0,0,0,0,0,0,0,0,0,0,0,0,0,0,0,0,0,0,0,0,0,0,0,0,0,0,0,0,0,0,0,0,0,0,0,0,0,0,0,0,0,0,0,0,0,0,0,0,0,0,0,0,0,0,0,0,0,0,0,0,0,0,0,0,0,0,0,0,0,0,0,0,0,0,0,0,0,0,0,0,0,0,0,0,0,0,0,0,0,0,0,0,0,0,0,0,0,0,0,0,0,0,0,0,0,0,0,0,0,0,0,0,0,0,0,0,0,0,0,0,0,0,0,0,0,0,0,0,0,0,0,0,0,0,0,0,0,0,0,0,0,0,0,0,0,0,0,0,0,0,0,0,0,0,0,0,0,0,0,0,0,0,0,0,0,0,0,0,0,0,0,0,0,0,0,0,0,0,0,0,0,0,0,0,0,0,0,0,0,0,0,0,0,0,0,0,0,0,0,0,0,0,0,0,0
0.0457073760580411,0.0203748488512696,0.0259371221281741,0.0334340991535671,0.0367593712212817,0.0370616686819831,0.0379685610640871,0.0368802902055623,0.0367593712212817,0.0423821039903265,0.0403869407496977,0.0422007255139057,0.0421402660217654,0.0431680773881499,0.0379685610640871,0.0354292623941959,0.0354292623941959,0.0418984280532044,0.0440749697702539,0.0324667472793229,0.0410519951632406,0.0330108827085853,0.0285368802902056,0.0273276904474002,0.0273881499395405,0.0200120918984281,0.0178960096735187,0.0124546553808948,0.0103385731559855,0.00731559854897219,0.00755743651753325,0.00525997581620314,0.00628778718258767,0.00362756952841596,0.00169286577992745,0.00126964933494559,0.000362756952841596,0.000181378476420798,0,0,0,0,0,0,0,0,0,0,0,0,0,0,0,0,0,0,0,0,0,0,0,0,0,0,0,0,0,0,0,0,0,0,0,0,0,0,0,0,0,0,0,0,0,0,0,0,0,0,0,0,0,0,0,0,0,0,0,0,0,0,0,0,0,0,0,0,0,0,0,0,0,0,0,0,0,0,0,0,0,0,0,0,0,0,0,0,0,0,0,0,0,0,0,0,0,0,0,0,0,0,0,0,0,0,0,0,0,0,0,0,0,0,0,0,0,0,0,0,0,0,0,0,0,0,0,0,0,0,0,0,0,0,0,0,0,0,0,0,0,0,0,0,0,0,0,0,0,0,0,0,0,0,0,0,0,0,0,0,0,0,0,0,0,0,0,0,0,0,0,0,0,0,0,0,0,0,0,0,0,0,0,0,0,0,0,0,0,0,0,0,0,0,0,0,0,0,0,0,0,0,0,0,0,0,0,0,0,0,0,0,0,0,0,0,0,0,0,0,0,0,0,0,0,0,0,0,0,0,0,0,0,0,0,0,0,0,0,0,0,0,0,0,0,0,0,0,0,0,0,0,0,0,0,0,0,0,0,0,0,0,0,0,0,0,0,0,0,0,0,0,0,0,0,0,0,0,0,0,0,0,0,0,0,0,0,0,0,0,0,0,0,0,0,0,0,0,0,0,0,0,0,0,0,0,0,0,0,0,0,0,0,0,0,0,0,0,0,0,0,0,0,0,0,0,0,0,0,0,0,0,0,0,0,0,0,0,0,0,0,0,0,0,0,0,0,0,0,0,0,0,0,0,0,0,0,0,0,0,0,0,0,0,0,0,0,0,0,0,0,0,0,0,0,0,0,0,0,0,0,0,0,0,0,0,0,0,0,0,0,0,0,0,0,0,0,0,0,0,0,0,0,0,0,0,0,0,0,0,0,0,0,0,0,0,0,0,0,0,0,0,0,0,0,0,0,0,0,0,0,0,0,0,0,0,0,0,0,0,0,0,0,0,0,0,0,0,0,0,0,0,0,0,0,0,0,0,0,0,0,0,0,0,0,0,0,0,0,0,0,0,0,0,0,0,0,0,0,0,0,0,0,0,0,0,0,0,0,0,0,0,0,0,0,0,0,0,0,0,0,0,0,0,0,0,0,0,0,0,0,0,0,0,0,0,0,0,0,0,0
0.045704026673506,0.0272377532700692,0.0297512182610926,0.0371890228263657,0.0427289048473968,0.0434470377019749,0.0394460117978969,0.0464734547319826,0.0489356245191075,0.0476019492177481,0.0556040010259041,0.0528340600153886,0.0549884585791229,0.0490382149269043,0.0501667094126699,0.0388817645550141,0.0423698384201077,0.0319056168248269,0.0255963067453193,0.0261605539882021,0.0278532957168505,0.0196460630931008,0.0211849192100539,0.0164657604513978,0.0197999487047961,0.0147730187227494,0.0136958194408823,0.0125160297512183,0.00995126955629649,0.00589894844832008,0.00194921774814055,0.000205180815593742,0,0,0,0,0,0,0,0,0,0,0,0,0,0,0,0,0,0,0,0,0,0,0,0,0,0,0,0,0,0,0,0,0,0,0,0,0,0,0,0,0,0,0,0,0,0,0,0,0,0,0,0,0,0,0,0,0,0,0,0,0,0,0,0,0,0,0,0,0,0,0,0,0,0,0,0,0,0,0,0,0,0,0,0,0,0,0,0,0,0,0,0,0,0,0,0,0,0,0,0,0,0,0,0,0,0,0,0,0,0,0,0,0,0,0,0,0,0,0,0,0,0,0,0,0,0,0,0,0,0,0,0,0,0,0,0,0,0,0,0,0,0,0,0,0,0,0,0,0,0,0,0,0,0,0,0,0,0,0,0,0,0,0,0,0,0,0,0,0,0,0,0,0,0,0,0,0,0,0,0,0,0,0,0,0,0,0,0,0,0,0,0,0,0,0,0,0,0,0,0,0,0,0,0,0,0,0,0,0,0,0,0,0,0,0,0,0,0,0,0,0,0,0,0,0,0,0,0,0,0,0,0,0,0,0,0,0,0,0,0,0,0,0,0,0,0,0,0,0,0,0,0,0,0,0,0,0,0,0,0,0,0,0,0,0,0,0,0,0,0,0,0,0,0,0,0,0,0,0,0,0,0,0,0,0,0,0,0,0,0,0,0,0,0,0,0,0,0,0,0,0,0,0,0,0,0,0,0,0,0,0,0,0,0,0,0,0,0,0,0,0,0,0,0,0,0,0,0,0,0,0,0,0,0,0,0,0,0,0,0,0,0,0,0,0,0,0,0,0,0,0,0,0,0,0,0,0,0,0,0,0,0,0,0,0,0,0,0,0,0,0,0,0,0,0,0,0,0,0,0,0,0,0,0,0,0,0,0,0,0,0,0,0,0,0,0,0,0,0,0,0,0,0,0,0,0,0,0,0,0,0,0,0,0,0,0,0,0,0,0,0,0,0,0,0,0,0,0,0,0,0,0,0,0,0,0,0,0,0,0,0,0,0,0,0,0,0,0,0,0,0,0,0,0,0,0,0,0,0,0,0,0,0,0,0,0,0,0,0,0,0,0,0,0,0,0,0,0,0,0,0,0,0,0,0,0,0,0,0,0,0,0,0,0,0,0,0,0,0,0,0,0,0,0,0,0,0,0,0,0,0,0,0,0,0,0,0,0,0,0,0,0,0,0,0,0,0
0.0316829415901991,0.0192191308045864,0.0268249995910823,0.0319282921962151,0.0356739781147259,0.0382746945384955,0.0421512341135483,0.0468456090419877,0.0479415084155258,0.0520143284753913,0.0507712187382436,0.0547786119698382,0.0562507156059342,0.0502478041120762,0.0533392217478777,0.0478760815872549,0.0463221944158202,0.0423802280124965,0.0382746945384955,0.033891097044343,0.027822758722214,0.0254510361973927,0.0212146490668499,0.0190392070268414,0.0161277131687849,0.0127745882198996,0.00976495411943668,0.00773672244303777,0.0051850761404714,0.00363118896903675,0.00209365850466984,0.00166838412090878,0.00052341462616746,0.000130853656541865,6.54268282709325e-05,8.17835353386656e-05,0,0,0,0,0,0,0,0,0,0,0,0,0,0,0,0,0,0,0,0,0,0,0,0,0,0,0,0,0,0,0,0,0,0,0,0,0,0,0,0,0,0,0,0,0,0,0,0,0,0,0,0,0,0,0,0,0,0,0,0,0,0,0,0,0,0,0,0,0,0,0,0,0,0,0,0,0,0,0,0,0,0,0,0,0,0,0,0,0,0,0,0,0,0,0,0,0,0,0,0,0,0,0,0,0,0,0,0,0,0,0,0,0,0,0,0,0,0,0,0,0,0,0,0,0,0,0,0,0,0,0,0,0,0,0,0,0,0,0,0,0,0,0,0,0,0,0,0,0,0,0,0,0,0,0,0,0,0,0,0,0,0,0,0,0,0,0,0,0,0,0,0,0,0,0,0,0,0,0,0,0,0,0,0,0,0,0,0,0,0,0,0,0,0,0,0,0,0,0,0,0,0,0,0,0,0,0,0,0,0,0,0,0,0,0,0,0,0,0,0,0,0,0,0,0,0,0,0,0,0,0,0,0,0,0,0,0,0,0,0,0,0,0,0,0,0,0,0,0,0,0,0,0,0,0,0,0,0,0,0,0,0,0,0,0,0,0,0,0,0,0,0,0,0,0,0,0,0,0,0,0,0,0,0,0,0,0,0,0,0,0,0,0,0,0,0,0,0,0,0,0,0,0,0,0,0,0,0,0,0,0,0,0,0,0,0,0,0,0,0,0,0,0,0,0,0,0,0,0,0,0,0,0,0,0,0,0,0,0,0,0,0,0,0,0,0,0,0,0,0,0,0,0,0,0,0,0,0,0,0,0,0,0,0,0,0,0,0,0,0,0,0,0,0,0,0,0,0,0,0,0,0,0,0,0,0,0,0,0,0,0,0,0,0,0,0,0,0,0,0,0,0,0,0,0,0,0,0,0,0,0,0,0,0,0,0,0,0,0,0,0,0,0,0,0,0,0,0,0,0,0,0,0,0,0,0,0,0,0,0,0,0,0,0,0,0,0,0,0,0,0,0,0,0,0,0,0,0,0,0,0,0,0,0,0,0,0,0,0,0,0,0,0,0,0,0,0,0,0,0,0,0,0,0,0,0,0,0,0,0,0,0,0,0,0,0,0,0,0,0,0,0,0,0,0,0,0,0,0,0,0,0,0,0,0,0,0,0,0,0,0,0,0
0.0339933163246973,0.0187753782025944,0.0256746559344569,0.0344065543138453,0.0334363433828021,0.0382694311689245,0.0417909375112293,0.0450070070789464,0.0515289805598476,0.0535053361601207,0.053702971720148,0.053882640411082,0.0535772036364943,0.0508642064033921,0.0517805167271551,0.0438750943260627,0.043246253907794,0.0377304250961227,0.0368500485105466,0.0358079701031298,0.0289985267167343,0.0243630744906393,0.0210392037083618,0.0184519745589134,0.017517697366057,0.0109777570160624,0.0111753925760897,0.00930683819037694,0.00810305796111969,0.00506665708433648,0.00287469905494269,0.00222789176758058,0.00177872004024579,0.000341370512774444,7.18674763735671e-05,0,0,0,0,0,0,0,0,0,0,0,0,0,0,0,0,0,0,0,0,0,0,0,0,0,0,0,0,0,0,0,0,0,0,0,0,0,0,0,0,0,0,0,0,0,0,0,0,0,0,0,0,0,0,0,0,0,0,0,0,0,0,0,0,0,0,0,0,0,0,0,0,0,0,0,0,0,0,0,0,0,0,0,0,0,0,0,0,0,0,0,0,0,0,0,0,0,0,0,0,0,0,0,0,0,0,0,0,0,0,0,0,0,0,0,0,0,0,0,0,0,0,0,0,0,0,0,0,0,0,0,0,0,0,0,0,0,0,0,0,0,0,0,0,0,0,0,0,0,0,0,0,0,0,0,0,0,0,0,0,0,0,0,0,0,0,0,0,0,0,0,0,0,0,0,0,0,0,0,0,0,0,0,0,0,0,0,0,0,0,0,0,0,0,0,0,0,0,0,0,0,0,0,0,0,0,0,0,0,0,0,0,0,0,0,0,0,0,0,0,0,0,0,0,0,0,0,0,0,0,0,0,0,0,0,0,0,0,0,0,0,0,0,0,0,0,0,0,0,0,0,0,0,0,0,0,0,0,0,0,0,0,0,0,0,0,0,0,0,0,0,0,0,0,0,0,0,0,0,0,0,0,0,0,0,0,0,0,0,0,0,0,0,0,0,0,0,0,0,0,0,0,0,0,0,0,0,0,0,0,0,0,0,0,0,0,0,0,0,0,0,0,0,0,0,0,0,0,0,0,0,0,0,0,0,0,0,0,0,0,0,0,0,0,0,0,0,0,0,0,0,0,0,0,0,0,0,0,0,0,0,0,0,0,0,0,0,0,0,0,0,0,0,0,0,0,0,0,0,0,0,0,0,0,0,0,0,0,0,0,0,0,0,0,0,0,0,0,0,0,0,0,0,0,0,0,0,0,0,0,0,0,0,0,0,0,0,0,0,0,0,0,0,0,0,0,0,0,0,0,0,0,0,0,0,0,0,0,0,0,0,0,0,0,0,0,0,0,0,0,0,0,0,0,0,0,0,0,0,0,0,0,0,0,0,0,0,0,0,0,0,0,0,0,0,0,0,0,0,0,0,0,0,0,0,0,0,0,0,0,0,0,0,0,0,0,0,0,0,0,0,0,0,0,0,0,0,0,0,0,0,0,0,0,0,0,0,0,0,0,0,0,0,0
0.0432084309133489,0.018696330991413,0.021935987509758,0.0316549570647931,0.0351483216237315,0.0421545667447307,0.0436377829820453,0.0451990632318501,0.0470921155347385,0.053376268540203,0.0515222482435597,0.052888368462139,0.049199843871975,0.0508782201405152,0.0477166276346604,0.0476190476190476,0.0440281030444965,0.0430523028883685,0.0355581576893052,0.0332357533177205,0.0281030444964871,0.0260148321623731,0.0206674473067916,0.0206674473067916,0.017271662763466,0.0153395784543326,0.00956284153005465,0.00833333333333333,0.00472287275565964,0.00487900078064013,0.00304449648711944,0.00177595628415301,0.000741608118657299,0.000683060109289617,0.000214676034348165,0.000175644028103044,0,0,0,0,0,0,0,0,0,0,0,0,0,0,0,0,0,0,0,0,0,0,0,0,0,0,0,0,0,0,0,0,0,0,0,0,0,0,0,0,0,0,0,0,0,0,0,0,0,0,0,0,0,0,0,0,0,0,0,0,0,0,0,0,0,0,0,0,0,0,0,0,0,0,0,0,0,0,0,0,0,0,0,0,0,0,0,0,0,0,0,0,0,0,0,0,0,0,0,0,0,0,0,0,0,0,0,0,0,0,0,0,0,0,0,0,0,0,0,0,0,0,0,0,0,0,0,0,0,0,0,0,0,0,0,0,0,0,0,0,0,0,0,0,0,0,0,0,0,0,0,0,0,0,0,0,0,0,0,0,0,0,0,0,0,0,0,0,0,0,0,0,0,0,0,0,0,0,0,0,0,0,0,0,0,0,0,0,0,0,0,0,0,0,0,0,0,0,0,0,0,0,0,0,0,0,0,0,0,0,0,0,0,0,0,0,0,0,0,0,0,0,0,0,0,0,0,0,0,0,0,0,0,0,0,0,0,0,0,0,0,0,0,0,0,0,0,0,0,0,0,0,0,0,0,0,0,0,0,0,0,0,0,0,0,0,0,0,0,0,0,0,0,0,0,0,0,0,0,0,0,0,0,0,0,0,0,0,0,0,0,0,0,0,0,0,0,0,0,0,0,0,0,0,0,0,0,0,0,0,0,0,0,0,0,0,0,0,0,0,0,0,0,0,0,0,0,0,0,0,0,0,0,0,0,0,0,0,0,0,0,0,0,0,0,0,0,0,0,0,0,0,0,0,0,0,0,0,0,0,0,0,0,0,0,0,0,0,0,0,0,0,0,0,0,0,0,0,0,0,0,0,0,0,0,0,0,0,0,0,0,0,0,0,0,0,0,0,0,0,0,0,0,0,0,0,0,0,0,0,0,0,0,0,0,0,0,0,0,0,0,0,0,0,0,0,0,0,0,0,0,0,0,0,0,0,0,0,0,0,0,0,0,0,0,0,0,0,0,0,0,0,0,0,0,0,0,0,0,0,0,0,0,0,0,0,0,0,0,0,0,0,0,0,0,0,0,0,0,0,0,0,0,0,0,0,0,0,0,0,0,0,0,0,0,0,0,0,0,0,0,0,0,0,0,0,0,0,0,0,0,0,0,0,0,0,0,0,0,0,0,0,0
0.0716492035612622,0.0244079704439465,0.0163527345406093,0.0222276058385319,0.0200472412331173,0.0168978256919629,0.0202289382835685,0.0227726969898855,0.0230149597238205,0.0319786808794137,0.0382775119617225,0.0387014717461087,0.0324026406637999,0.0422142813881655,0.0343407425352795,0.0350675307370844,0.0347041366361819,0.0328266004481861,0.0334322572830234,0.0330082974986373,0.0327660347647023,0.03191811519593,0.0282841741869057,0.0230755254073042,0.021743080370662,0.0145357640360971,0.021743080370662,0.0259826782145237,0.0239234449760766,0.0216825146871782,0.0153231179213857,0.015504814971837,0.0175640482102841,0.0116286112288777,0.0103567318757192,0.0138089758342923,0.0089031554721095,0.00781297316940222,0.00720731633456484,0.00641996244927624,0.0071467506510811,0.00272545575676822,0.00224093028889831,0.00151414208709345,0.00109018230270729,0.000181697050451214,0,0.000242262733934952,0.000121131366967476,0,0,0,0,0,0,0,0,0,0,0,0,0,0,0,0,0,0,0,0,0,0,0,0,0,0,0,0,0,0,0,0,0,0,0,0,0,0,0,0,0,0,0,0,0,0,0,0,0,0,0,0,0,0,0,0,0,0,0,0,0,0,0,0,0,0,0,0,0,0,0,0,0,0,0,0,0,0,0,0,0,0,0,0,0,0,0,0,0,0,0,0,0,0,0,0,0,0,0,0,0,0,0,0,0,0,0,0,0,0,0,0,0,0,0,0,0,0,0,0,0,0,0,0,0,0,0,0,0,0,0,0,0,0,0,0,0,0,0,0,0,0,0,0,0,0,0,0,0,0,0,0,0,0,0,0,0,0,0,0,0,0,0,0,0,0,0,0,0,0,0,0,0,0,0,0,0,0,0,0,0,0,0,0,0,0,0,0,0,0,0,0,0,0,0,0,0,0,0,0,0,0,0,0,0,0,0,0,0,0,0,0,0,0,0,0,0,0,0,0,0,0,0,0,0,0,0,0,0,0,0,0,0,0,0,0,0,0,0,0,0,0,0,0,0,0,0,0,0,0,0,0,0,0,0,0,0,0,0,0,0,0,0,0,0,0,0,0,0,0,0,0,0,0,0,0,0,0,0,0,0,0,0,0,0,0,0,0,0,0,0,0,0,0,0,0,0,0,0,0,0,0,0,0,0,0,0,0,0,0,0,0,0,0,0,0,0,0,0,0,0,0,0,0,0,0,0,0,0,0,0,0,0,0,0,0,0,0,0,0,0,0,0,0,0,0,0,0,0,0,0,0,0,0,0,0,0,0,0,0,0,0,0,0,0,0,0,0,0,0,0,0,0,0,0,0,0,0,0,0,0,0,0,0,0,0,0,0,0,0,0,0,0,0,0,0,0,0,0,0,0,0,0,0,0,0,0,0,0,0,0,0,0,0,0,0,0,0,0,0,0,0,0,0,0,0,0,0,0,0,0,0,0,0,0,0,0,0,0,0,0,0,0,0,0,0,0,0,0,0,0,0,0,0,0,0,0,0,0,0,0,0,0,0,0,0,0,0,0,0,0,0,0,0,0,0,0,0,0,0,0,0,0,0,0,0,0,0,0,0,0,0,0,0,0,0,0,0,0,0,0,0,0,0,0,0,0,0,0,0
0.0629191206484343,0.0154527960814042,0.00682255525103505,0.00833867864015394,0.00746399206950843,0.00635605574669077,0.0113709254183917,0.0159192955857484,0.0180185433552977,0.0132952358738119,0.0155694209574902,0.0183684179835559,0.0187766050498571,0.0240247244737302,0.0175520438509534,0.0225669135226544,0.0260073473671934,0.0176686687270395,0.020234416000933,0.0192431045542014,0.0206426030672342,0.0249577234824188,0.0172021692226952,0.0200594786868039,0.0176686687270395,0.0192431045542014,0.0222753513324392,0.0233832876552569,0.0198845413726748,0.0244329115400315,0.0234416000932999,0.0187182926118141,0.0180185433552977,0.0197679164965887,0.0227418508367835,0.0160942328998775,0.0181351682313838,0.0193014169922444,0.0214589771998367,0.0165024199661788,0.018543355297685,0.0143448597585865,0.0158609831477054,0.0137034229401131,0.0116041751705639,0.00892180302058429,0.00892180302058429,0.00991311446731588,0.00868855326841215,0.013411860749898,0.0123039244270803,0.00728905475537932,0.0079304915738527,0.00798880401189574,0.00507318210974401,0.00886349058254126,0.00728905475537932,0.00816374132602484,0.00717242987929325,0.00291562190215173,0.00688086768907808,0.00956323983905767,0.00501486967170097,0.00239080995976442,0.00145781095107586,0.00145781095107586,0.00186599801737711,0.000816374132602484,0.000349874628258207,0.000291562190215173,0.000116624876086069,0.000174937314129104,0.000291562190215173,0,0,0.000291562190215173,5.83124380430346e-05,0,0.000116624876086069,5.83124380430346e-05,0,0,0,0,0,0,0,0,0,0,0,0,0,0,0,0,0,0,0,0,0,0,0,0,0,0,0,0,0,0,0,0,0,0,0,0,0,0,0,0,0,0,0,0,0,0,0,0,0,0,0,0,0,0,0,0,0,0,0,0,0,0,0,0,0,0,0,0,0,0,0,0,0,0,0,0,0,0,0,0,0,0,0,0,0,0,0,0,0,0,0,0,0,0,0,0,0,0,0,0,0,0,0,0,0,0,0,0,0,0,0,0,0,0,0,0,0,0,0,0,0,0,0,0,0,0,0,0,0,0,0,0,0,0,0,0,0,0,0,0,0,0,0,0,0,0,0,0,0,0,0,0,0,0,0,0,0,0,0,0,0,0,0,0,0,0,0,0,0,0,0,0,0,0,0,0,0,0,0,0,0,0,0,0,0,0,0,0,0,0,0,0,0,0,0,0,0,0,0,0,0,0,0,0,0,0,0,0,0,0,0,0,0,0,0,0,0,0,0,0,0,0,0,0,0,0,0,0,0,0,0,0,0,0,0,0,0,0,0,0,0,0,0,0,0,0,0,0,0,0,0,0,0,0,0,0,0,0,0,0,0,0,0,0,0,0,0,0,0,0,0,0,0,0,0,0,0,0,0,0,0,0,0,0,0,0,0,0,0,0,0,0,0,0,0,0,0,0,0,0,0,0,0,0,0,0,0,0,0,0,0,0,0,0,0,0,0,0,0,0,0,0,0,0,0,0,0,0,0,0,0,0,0,0,0,0,0,0,0,0,0,0,0,0,0,0,0,0,0,0,0,0,0,0,0,0,0,0,0,0,0,0,0,0,0,0,0,0,0,0,0,0,0,0,0,0,0,0,0,0,0,0,0,0,0,0,0,0,0,0,0,0,0,0,0,0,0,0,0,0,0,0,0,0,0,0,0,0,0,0,0,0,0,0,0,0,0,0,0,0,0,0,0,0,0,0,0,0,0,0,0,0,0,0,0,0,0,0,0,0,0,0,0,0,0,0,0,0,0,0,0,0,0,0,0,0,0,0,0,0,0,0,0,0,0,0,0,0,0,0,0,0,0,0,0,0,0,0,0
0.0387860470973429,0.0103891197582168,0.00340007555723461,0.00333711119506359,0.00321118247072157,0.00491122024933887,0.00333711119506359,0.00535197078453595,0.0061705074927591,0.0044704697141418,0.0061705074927591,0.00761868782269236,0.00516307769802292,0.00724090164966629,0.00818536708223146,0.00912983251479662,0.00598161440624607,0.00818536708223146,0.00692607983881123,0.00887797506611258,0.00572975695756202,0.00623347185493011,0.00925576123913865,0.00868908197959955,0.00761868782269236,0.00755572346052135,0.00654829366578517,0.00724090164966629,0.00881501070394157,0.00862611761742854,0.00774461654703438,0.00724090164966629,0.00875204634177056,0.0084372245309155,0.00831129580657348,0.0044704697141418,0.00484825588716786,0.00510011333585191,0.00711497292532427,0.00749275909835033,0.00742979473617932,0.00629643621710112,0.00724090164966629,0.00667422239012719,0.00635940057927213,0.00598161440624607,0.0073038660118373,0.00623347185493011,0.0061705074927591,0.00541493514670696,0.00566679259539101,0.00528900642236494,0.00497418461150989,0.00522604206019393,0.0067371867522982,0.00591865004407505,0.00604457876841708,0.00402971917894472,0.00547789950887797,0.00453343407631281,0.0050371489736809,0.00478529152499685,0.00717793728749528,0.00358896864374764,0.00535197078453595,0.00522604206019393,0.00465936280065483,0.00453343407631281,0.00384082609243168,0.00390379045460269,0.00396675481677371,0.00352600428157663,0.00453343407631281,0.00440750535197078,0.00270746757335348,0.00440750535197078,0.00321118247072157,0.00232968140032741,0.00340007555723461,0.00277043193552449,0.00251857448684045,0.00295932502203753,0.0022667170381564,0.00264450321118247,0.00232968140032741,0.0022667170381564,0.00207782395164337,0.00277043193552449,0.00188893086513034,0.00220375267598539,0.00188893086513034,0.00182596650295933,0.00302228938420854,0.00163707341644629,0.00188893086513034,0.00157410905427528,0.00251857448684045,0.00289636065986652,0.00251857448684045,0.00232968140032741,0.00239264576249843,0.00333711119506359,0.00176300214078831,0.00258153884901146,0.00220375267598539,0.0028333962976955,0.00264450321118247,0.00163707341644629,0.00188893086513034,0.00176300214078831,0.00239264576249843,0.00188893086513034,0.00195189522730135,0.00239264576249843,0.00188893086513034,0.00289636065986652,0.00188893086513034,0.00239264576249843,0.00270746757335348,0.00132225160559124,0.0022667170381564,0.00321118247072157,0.00239264576249843,0.00207782395164337,0.00132225160559124,0.00188893086513034,0.0011333585190782,0.00138521596776225,0.00176300214078831,0.00163707341644629,0.00195189522730135,0.000944465432565168,0.00163707341644629,0.000755572346052134,0.000629643621710112,0.00132225160559124,0.00100742979473618,0.000629643621710112,0.00138521596776225,0.00132225160559124,0.00119632288124921,0.00157410905427528,0.00132225160559124,0.00144818032993326,0.00188893086513034,0.00144818032993326,0.00125928724342022,0.0011333585190782,0.00289636065986652,0.00157410905427528,0.00151114469210427,0.00182596650295933,0.00100742979473618,0.00188893086513034,0.00308525374637955,0.0022667170381564,0.00132225160559124,0.00314821810855056,0.00214078831381438,0.00182596650295933,0.00195189522730135,0.00107039415690719,0.00125928724342022,0.00151114469210427,0.00100742979473618,0.0011333585190782,0.00220375267598539,0.0011333585190782,0.00384082609243168,0.00188893086513034,0.0017000377786173,0.00144818032993326,0.00176300214078831,0.00125928724342022,0.00125928724342022,0.00100742979473618,0.00119632288124921,0.00176300214078831,0.0017000377786173,0.000566679259539101,0.000692607983881123,0.00163707341644629,0.00144818032993326,0.00207782395164337,0.00176300214078831,0.0011333585190782,0.00163707341644629,0.00195189522730135,0.0017000377786173,0.00264450321118247,0.00340007555723461,0.00144818032993326,0.00100742979473618,0.00107039415690719,0.00176300214078831,0.00107039415690719,0.000314821810855056,0.000314821810855056,0.00050371489736809,0.000629643621710112,0.00050371489736809,0.000377786173026067,0.000818536708223146,0.00050371489736809,0.000314821810855056,0.000251857448684045,0.000377786173026067,0.000377786173026067,0.000629643621710112,0.000377786173026067,0.00107039415690719,0.000818536708223146,0.000881501070394157,0.00050371489736809,0.000692607983881123,0.00125928724342022,0.000881501070394157,0.0011333585190782,0.000314821810855056,0.000440750535197078,0.000377786173026067,0.000944465432565168,0.00050371489736809,0.00050371489736809,0.000629643621710112,0.000125928724342022,0.000440750535197078,0.000566679259539101,0.000314821810855056,0.000944465432565168,0.00050371489736809,0.000818536708223146,0.00050371489736809,0.000629643621710112,0.000818536708223146,0.00050371489736809,0.000440750535197078,0.000818536708223146,0.000125928724342022,0.000440750535197078,0.000251857448684045,0.000755572346052134,0.00100742979473618,0.000818536708223146,0.000755572346052134,0.000566679259539101,0.000377786173026067,0.000629643621710112,0.000629643621710112,0.00050371489736809,0.000944465432565168,0.000440750535197078,0.000314821810855056,0.000188893086513034,0.000629643621710112,0.000440750535197078,0.000692607983881123,0.00119632288124921,0.000566679259539101,0.000755572346052134,0.000314821810855056,0.00107039415690719,0.00188893086513034,0.0011333585190782,0.00132225160559124,0.0011333585190782,0.000755572346052134,0.000566679259539101,0.000755572346052134,0.000566679259539101,0.000881501070394157,0.000818536708223146,0.00107039415690719,0.00144818032993326,0.000566679259539101,0.00119632288124921,0.000881501070394157,0.00125928724342022,0.00100742979473618,0.00100742979473618,0.00100742979473618,0.00119632288124921,0.000818536708223146,0.0017000377786173,0.00132225160559124,0.00125928724342022,0.00220375267598539,0.000818536708223146,0.00144818032993326,0.000881501070394157,0.00107039415690719,0.000818536708223146,0.000629643621710112,0.00119632288124921,0.00119632288124921,0.00132225160559124,0.00107039415690719,0.000818536708223146,0.000440750535197078,0.000755572346052134,0.00138521596776225,0.00119632288124921,0.00100742979473618,0.00182596650295933,0.00138521596776225,0.000944465432565168,0.0011333585190782,0.0011333585190782,0.00119632288124921,0.0022667170381564,0.0011333585190782,0.000944465432565168,0.00100742979473618,0.00107039415690719,0.0011333585190782,0.00176300214078831,0.0017000377786173,0.00125928724342022,0.00163707341644629,0.00132225160559124,0.0011333585190782,0.00182596650295933,0.00119632288124921,0.00176300214078831,0.00157410905427528,0.00195189522730135,0.00138521596776225,0.00163707341644629,0.00258153884901146,0.00295932502203753,0.000881501070394157,0.0017000377786173,0.00151114469210427,0.00125928724342022,0.000881501070394157,0.00258153884901146,0.00214078831381438,0.00138521596776225,0.00264450321118247,0.00302228938420854,0.00289636065986652,0.00182596650295933,0.00151114469210427,0.0011333585190782,0.00195189522730135,0.00289636065986652,0.00277043193552449,0.00163707341644629,0.00188893086513034,0.00144818032993326,0.00201485958947236,0.00144818032993326,0.00163707341644629,0.00384082609243168,0.00245561012466944,0.0017000377786173,0.00289636065986652,0.00182596650295933,0.0017000377786173,0.00176300214078831,0.00144818032993326,0.0017000377786173,0.00251857448684045,0.0022667170381564,0.00157410905427528,0.00239264576249843,0.0017000377786173,0.00163707341644629,0.00176300214078831,0.00125928724342022,0.0028333962976955,0.00132225160559124,0.0017000377786173,0.00220375267598539,0.00295932502203753,0.00239264576249843,0.00138521596776225,0.00132225160559124,0.00207782395164337,0.00251857448684045,0.00220375267598539,0.00195189522730135,0.00270746757335348,0.00232968140032741,0.0017000377786173,0.00289636065986652,0.00302228938420854,0.00245561012466944,0.00151114469210427,0.00207782395164337,0.0017000377786173,0.00207782395164337,0.00125928724342022,0.0017000377786173,0.0017000377786173,0.0022667170381564,0.00220375267598539,0.00144818032993326,0.00176300214078831,0.00125928724342022,0.00119632288124921,0.0011333585190782,0.0017000377786173,0.0017000377786173,0.00100742979473618,0.000566679259539101,0.0011333585190782,0.00176300214078831,0.000629643621710112,0.000944465432565168,0.000755572346052134,0.000692607983881123,0.000251857448684045,0.000566679259539101,0.00050371489736809,0.000755572346052134,0.000314821810855056,0.000629643621710112,0.00050371489736809,0.00050371489736809,0.000314821810855056,0.000629643621710112,6.29643621710112e-05,6.29643621710112e-05,0,6.29643621710112e-05,0,0,0,0,0,0,0,0,0,0,0,0,0,0,0,0,0,0,0,0,0,0,0,0,0,0,0,0,0,0,0,0,0,0,0,0,0,0,0,0,0,0,0,0,0,0,0,0,0,0,0,0,0,0,0,0,0,0,0,0,0,0,0,0,0,0,0,0,0,0,0,0,0,0,0,0,0,0,0,0,0,0,0,0,0,0,0,0,0,0,0,0,0,0,0,0,0,0,0,0,0,0,0,0,0,0,0,0,0,0,0,0,0,0,0,0,0,0,0,0,0,0,0,0,0,0,0,0,0,0,0,0,0
0.0598516949152542,0.0201271186440678,0.017090395480226,0.0243997175141243,0.0238347457627119,0.025635593220339,0.0343573446327684,0.0413135593220339,0.0396539548022599,0.0326624293785311,0.0298022598870057,0.0406426553672316,0.0296610169491525,0.0298375706214689,0.0328036723163842,0.0322033898305085,0.0342161016949153,0.0329802259887006,0.0277542372881356,0.031885593220339,0.0248234463276836,0.0300847457627119,0.0272598870056497,0.0212217514124294,0.0179025423728814,0.0217514124293785,0.0226694915254237,0.0148658192090395,0.0156073446327684,0.0188559322033898,0.0139830508474576,0.0125706214689266,0.0127824858757062,0.0106638418079096,0.0108757062146893,0.00826271186440678,0.00462570621468927,0.00589689265536723,0.00632062146892655,0.00451977401129944,0.00342514124293785,0.00459039548022599,0.00420197740112994,0.00296610169491525,0.00296610169491525,0.00180084745762712,0.00120056497175141,0.00180084745762712,0.00144774011299435,0.00123587570621469,0.00169491525423729,0.000812146892655367,0.000600282485875706,0.000529661016949153,0.00067090395480226,0.000105932203389831,0.000211864406779661,0.000317796610169492,0.000176553672316384,0.000141242937853107,7.06214689265537e-05,0,0,0.000459039548022599,0.00109463276836158,0.000353107344632768,0.000317796610169492,0.000105932203389831,7.06214689265537e-05,0.000247175141242938,0.000247175141242938,0.000459039548022599,0.000459039548022599,0.000317796610169492,0.000564971751412429,0.000529661016949153,0.000388418079096045,0.000353107344632768,0.000282485875706215,0.000247175141242938,0.000247175141242938,0.000141242937853107,0.000282485875706215,0.000529661016949153,3.53107344632768e-05,0.000494350282485876,0.000423728813559322,0.000494350282485876,0.000564971751412429,0.000635593220338983,0.000282485875706215,0.000176553672316384,0.000635593220338983,0.000176553672316384,0.000459039548022599,0.000882768361581921,7.06214689265537e-05,0.000105932203389831,0.000105932203389831,0.000141242937853107,0.000105932203389831,7.06214689265537e-05,3.53107344632768e-05,0.000105932203389831,7.06214689265537e-05,7.06214689265537e-05,0.000247175141242938,3.53107344632768e-05,0,0,0,0,0,0,0,0,0,0,0,0,0,0,0,0,0,0,0,0,0,0,0,0,0,0,0,0,0,0,0,0,0,0,0,0,0,0,0,0,0,0,0,0,0,0,0,0,0,0,0,0,0,0,0,0,0,0,0,0,0,0,0,0,0,0,0,0,0,0,0,0,0,0,0,0,0,0,0,0,0,0,0,0,0,0,0,0,0,0,0,0,0,0,0,0,0,0,0,0,0,0,0,0,0,0,0,0,0,0,0,0,0,0,0,0,0,0,0,0,0,0,0,0,0,0,0,0,0,0,0,0,0,0,0,0,0,0,0,0,0,0,0,0,3.53107344632768e-05,0,0,0,0,0,0,0,0,0,3.53107344632768e-05,7.06214689265537e-05,0,0,0,0,0,0,0,0,0,0,0,0,0,3.53107344632768e-05,0,0,0,3.53107344632768e-05,0,0,0,0,0,0,0,0,0,0,0,0,0,0,0,0,0,0,0,0,0,0,0,0,0,3.53107344632768e-05,3.53107344632768e-05,3.53107344632768e-05,0,0,0,0,0,0,0,0,0,0,3.53107344632768e-05,3.53107344632768e-05,0,0,0,3.53107344632768e-05,0.000105932203389831,0.000353107344632768,3.53107344632768e-05,3.53107344632768e-05,0.000105932203389831,0,0,3.53107344632768e-05,0,0.000211864406779661,3.53107344632768e-05,3.53107344632768e-05,0.000105932203389831,0.000141242937853107,0.000105932203389831,0,0.000105932203389831,7.06214689265537e-05,0.000141242937853107,0,0,0,7.06214689265537e-05,3.53107344632768e-05,0.000282485875706215,0.000247175141242938,0.000317796610169492,0.000317796610169492,3.53107344632768e-05,0.000176553672316384,0.000141242937853107,7.06214689265537e-05,0.000317796610169492,0.000388418079096045,0.000211864406779661,0.000105932203389831,0.000105932203389831,0.000388418079096045,0.000353107344632768,0.000105932203389831,3.53107344632768e-05,0.000105932203389831,0.000176553672316384,7.06214689265537e-05,7.06214689265537e-05,0,0,7.06214689265537e-05,0.000105932203389831,0.000388418079096045,0.000105932203389831,0.000105932203389831,0.000211864406779661,0.000105932203389831,3.53107344632768e-05,0.000105932203389831,0.000105932203389831,0.000247175141242938,0.000317796610169492,0.000105932203389831,0.000105932203389831,7.06214689265537e-05,7.06214689265537e-05,3.53107344632768e-05,0.000105932203389831,7.06214689265537e-05,0,0,0,0,0,0,0,0,0,0,0,0,0,0,0,0,0,0,0,0,0,0,0,0,0,0,0,0,0,0,0,0,0,0,0,0,0,0,0,0,0,0,0,0,0,0,0,0,0,0,0,0,0,0,0,0,0,0,0,0,0,0,0,0,0,0,0,0,0,0,0,0,0,0,0,0,0,0,0,0,0,0,0,0,0,0,0,0,0,0,0,0,0,0,0,0,0,0,0,0,0,0,0,0,0,0,0,0,0,0,0,0,0,0,0,0,0,0,0,0,0,0,0,0,0,0,0,0,0,0,0,0,0,0,0,0,0,0,0,0,0,0,0,0,0,0,0,0,0,0,0,0,0,0,0,0,0,0,0,0,0,0,0,0,0,0,0
0.0365415657788539,0.0227199354317998,0.0263922518159806,0.0320823244552058,0.0379943502824859,0.046589991928975,0.0523405972558515,0.0521589991928975,0.0515536723163842,0.053773204196933,0.0517554479418886,0.0560936238902341,0.0586965294592413,0.0622477804681194,0.0586158192090395,0.0547417271993543,0.0496771589991929,0.0448143664245359,0.0384180790960452,0.0337772397094431,0.0259887005649717,0.0169693301049233,0.011501210653753,0.00936238902340597,0.00788942695722357,0.00377320419693301,0.00177562550443906,0.000907990314769976,0.000625504439063761,0.000161420500403551,2.01775625504439e-05,0,4.03551251008878e-05,0,0,0,0,0,0,0,0,0,0,0,0,0,0,0,0,0,0,0,0,0,0,0,0,0,0,0,0,0,0,0,0,0,0,0,0,0,0,0,0,0,0,0,0,0,0,0,0,0,0,0,0,0,0,0,0,0,0,0,0,0,0,0,0,0,0,0,0,0,0,0,0,0,0,0,0,0,0,0,0,0,0,0,0,0,0,0,0,0,0,0,0,0,0,0,0,0,0,0,0,0,0,0,0,0,0,0,0,0,0,0,0,0,0,0,0,0,0,0,0,0,0,0,0,0,0,0,0,0,0,0,0,0,0,0,0,0,0,0,0,0,0,0,0,0,0,0,0,0,0,0,0,0,0,0,0,0,0,0,0,0,0,0,0,0,0,0,0,0,0,0,0,0,0,0,0,0,0,0,0,0,0,0,0,0,0,0,0,0,0,0,0,0,0,0,0,0,0,0,0,0,0,0,0,0,0,0,0,0,0,0,0,0,0,0,0,0,0,0,0,0,0,0,0,0,0,0,0,0,0,0,0,0,0,0,0,0,0,0,0,0,0,0,0,0,0,0,0,0,0,0,0,0,0,0,0,0,0,0,0,0,0,0,0,0,0,0,0,0,0,0,0,0,0,0,0,0,0,0,0,0,0,0,0,0,0,0,0,0,0,0,0,0,0,0,0,0,0,0,0,0,0,0,0,0,0,0,0,0,0,0,0,0,0,0,0,0,0,0,0,0,0,0,0,0,0,0,0,0,0,0,0,0,0,0,0,0,0,0,0,0,0,0,0,0,0,0,0,0,0,0,0,0,0,0,0,0,0,0,0,0,0,0,0,0,0,0,0,0,0,0,0,0,0,0,0,0,0,0,0,0,0,0,0,0,0,0,0,0,0,0,0,0,0,0,0,0,0,0,0,0,0,0,0,0,0,0,0,0,0,0,0,0,0,0,0,0,0,0,0,0,0,0,0,0,0,0,0,0,0,0,0,0,0,0,0,0,0,0,0,0,0,0,0,0,0,0,0,0,0,0,0,0,0,0,0,0,0,0,0,0,0,0,0,0,0,0,0,0,0,0,0,0,0,0,0,0,0,0,0,0,0,0,0,0,0,0,0,0,0,0,0,0,0,0,0,0,0,0,0,0,0,0,0,0,0,0,0,0,0,0,0,0,0,0,0,0,0,0,0,0,0,0,0,0,0
0.0366843388024825,0.0267343400587954,0.028417799442197,0.0353526470514335,0.0426141360335687,0.050277645166964,0.051609336918013,0.0565592100304028,0.0505791602804091,0.0557300434684289,0.0643483504610669,0.0624136284831277,0.0630166587100178,0.0578155230030905,0.0523379984421719,0.0491218372320913,0.0454785296112968,0.0397999949747481,0.0323123696575291,0.0255031533455614,0.0176888866554436,0.0140455790346491,0.0113570692730973,0.0105279027111234,0.00751275157667278,0.00507550440965853,0.00356792884243323,0.0021859845724767,0.0010050503781502,0.000301515113445061,2.51262594537551e-05,0,0,0,0,0,0,0,0,0,0,0,0,0,0,0,0,0,0,0,0,0,0,0,0,0,0,0,0,0,0,0,0,0,0,0,0,0,0,0,0,0,0,0,0,0,0,0,0,0,0,0,0,0,0,0,0,0,0,0,0,0,0,0,0,0,0,0,0,0,0,0,0,0,0,0,0,0,0,0,0,0,0,0,0,0,0,0,0,0,0,0,0,0,0,0,0,0,0,0,0,0,0,0,0,0,0,0,0,0,0,0,0,0,0,0,0,0,0,0,0,0,0,0,0,0,0,0,0,0,0,0,0,0,0,0,0,0,0,0,0,0,0,0,0,0,0,0,0,0,0,0,0,0,0,0,0,0,0,0,0,0,0,0,0,0,0,0,0,0,0,0,0,0,0,0,0,0,0,0,0,0,0,0,0,0,0,0,0,0,0,0,0,0,0,0,0,0,0,0,0,0,0,0,0,0,0,0,0,0,0,0,0,0,0,0,0,0,0,0,0,0,0,0,0,0,0,0,0,0,0,0,0,0,0,0,0,0,0,0,0,0,0,0,0,0,0,0,0,0,0,0,0,0,0,0,0,0,0,0,0,0,0,0,0,0,0,0,0,0,0,0,0,0,0,0,0,0,0,0,0,0,0,0,0,0,0,0,0,0,0,0,0,0,0,0,0,0,0,0,0,0,0,0,0,0,0,0,0,0,0,0,0,0,0,0,0,0,0,0,0,0,0,0,0,0,0,0,0,0,0,0,0,0,0,0,0,0,0,0,0,0,0,0,0,0,0,0,0,0,0,0,0,0,0,0,0,0,0,0,0,0,0,0,0,0,0,0,0,0,0,0,0,0,0,0,0,0,0,0,0,0,0,0,0,0,0,0,0,0,0,0,0,0,0,0,0,0,0,0,0,0,0,0,0,0,0,0,0,0,0,0,0,0,0,0,0,0,0,0,0,0,0,0,0,0,0,0,0,0,0,0,0,0,0,0,0,0,0,0,0,0,0,0,0,0,0,0,0,0,0,0,0,0,0,0,0,0,0,0,0,0,0,0,0,0,0,0,0,0,0,0,0,0,0,0,0,0,0,0,0,0,0,0,0,0,0,0,0,0,0,0,0,0,0,0,0,0,0,0,0,0,0,0,0,0,0,0,0,0,0,0,0,0,0,0,0,0,0,0,0,0,0,0,0,0,0,0,0
0.0699462338575951,0.0368825687151399,0.0321591879805035,0.0310537158936737,0.0400984875131903,0.0399477413195317,0.0432641575800211,0.0503492286819758,0.0554745992663685,0.0516054469624642,0.0508014672629516,0.0601477312697854,0.0645193708858851,0.0566303200844179,0.0474348022712427,0.0408522184814833,0.0433144063112406,0.0358273453595297,0.0348223707351389,0.0329631676800161,0.0228631727048892,0.0149741219034219,0.0176875533892769,0.011607456911713,0.00542686297170996,0.00381890357268479,0.00321591879805035,0.00160795939902517,0.00060298477463444,0.000100497462439073,0,0,0,0,0,0,0,0,0,0,0,0,0,0,0,0,0,0,0,0,0,0,0,0,0,0,0,0,0,0,0,0,0,0,0,0,0,0,0,0,0,0,0,0,0,0,0,0,0,0,0,0,0,0,0,0,0,0,0,0,0,0,0,0,0,0,0,0,0,0,0,0,0,0,0,0,0,0,0,0,0,0,0,0,0,0,0,0,0,0,0,0,0,0,0,0,0,0,0,0,0,0,0,0,0,0,0,0,0,0,0,0,0,0,0,0,0,0,0,0,0,0,0,0,0,0,0,0,0,0,0,0,0,0,0,0,0,0,0,0,0,0,0,0,0,0,0,0,0,0,0,0,0,0,0,0,0,0,0,0,0,0,0,0,0,0,0,0,0,0,0,0,0,0,0,0,0,0,0,0,0,0,0,0,0,0,0,0,0,0,0,0,0,0,0,0,0,0,0,0,0,0,0,0,0,0,0,0,0,0,0,0,0,0,0,0,0,0,0,0,0,0,0,0,0,0,0,0,0,0,0,0,0,0,0,0,0,0,0,0,0,0,0,0,0,0,0,0,0,0,0,0,0,0,0,0,0,0,0,0,0,0,0,0,0,0,0,0,0,0,0,0,0,0,0,0,0,0,0,0,0,0,0,0,0,0,0,0,0,0,0,0,0,0,0,0,0,0,0,0,0,0,0,0,0,0,0,0,0,0,0,0,0,0,0,0,0,0,0,0,0,0,0,0,0,0,0,0,0,0,0,0,0,0,0,0,0,0,0,0,0,0,0,0,0,0,0,0,0,0,0,0,0,0,0,0,0,0,0,0,0,0,0,0,0,0,0,0,0,0,0,0,0,0,0,0,0,0,0,0,0,0,0,0,0,0,0,0,0,0,0,0,0,0,0,0,0,0,0,0,0,0,0,0,0,0,0,0,0,0,0,0,0,0,0,0,0,0,0,0,0,0,0,0,0,0,0,0,0,0,0,0,0,0,0,0,0,0,0,0,0,0,0,0,0,0,0,0,0,0,0,0,0,0,0,0,0,0,0,0,0,0,0,0,0,0,0,0,0,0,0,0,0,0,0,0,0,0,0,0,0,0,0,0,0,0,0,0,0,0,0,0,0,0,0,0,0,0,0,0,0,0,0,0,0,0,0,0,0,0,0,0,0,0,0,0,0,0,0,0,0,0,0,0,0,0,0,0,0
0.0508617886178862,0.0250406504065041,0.0308943089430894,0.031479674796748,0.0379837398373984,0.0395447154471545,0.0457235772357724,0.0408455284552846,0.0564552845528455,0.0526829268292683,0.0582764227642276,0.0496910569105691,0.0526829268292683,0.0508617886178862,0.0434471544715447,0.0434471544715447,0.0498211382113821,0.0433821138211382,0.0379837398373984,0.039739837398374,0.0280975609756098,0.0255609756097561,0.0199024390243902,0.0169105691056911,0.0113821138211382,0.00747967479674797,0.00552845528455285,0.00247154471544715,0.00104065040650406,0.000260162601626016,0.000130081300813008,0,0.00032520325203252,6.50406504065041e-05,0,0,0,0,0,0,0,0,0,0,0,0,0,0,0,0,0,0,0,0,0,0,0,0,0,0,0,0,0,0,0,0,0,0,0,0,0,0,0,0,0,0,0,0,0,0,0,0,0,0,0,0,0,0,0,0,0,0,0,0,0,0,0,0,0,0,0,0,0,0,0,0,0,0,0,0,0,0,0,0,0,0,0,0,0,0,0,0,0,0,0,0,0,0,0,0,0,0,0,0,0,0,0,0,0,0,0,0,0,0,0,0,0,0,0,0,0,0,0,0,0,0,0,0,0,0,0,0,0,0,0,0,0,0,0,0,0,0,0,0,0,0,0,0,0,0,0,0,0,0,0,0,0,0,0,0,0,0,0,0,0,0,0,0,0,0,0,0,0,0,0,0,0,0,0,0,0,0,0,0,0,0,0,0,0,0,0,0,0,0,0,0,0,0,0,0,0,0,0,0,0,0,0,0,0,0,0,0,0,0,0,0,0,0,0,0,0,0,0,0,0,0,0,0,0,0,0,0,0,0,0,0,0,0,0,0,0,0,0,0,0,0,0,0,0,0,0,0,0,0,0,0,0,0,0,0,0,0,0,0,0,0,0,0,0,0,0,0,0,0,0,0,0,0,0,0,0,0,0,0,0,0,0,0,0,0,0,0,0,0,0,0,0,0,0,0,0,0,0,0,0,0,0,0,0,0,0,0,0,0,0,0,0,0,0,0,0,0,0,0,0,0,0,0,0,0,0,0,0,0,0,0,0,0,0,0,0,0,0,0,0,0,0,0,0,0,0,0,0,0,0,0,0,0,0,0,0,0,0,0,0,0,0,0,0,0,0,0,0,0,0,0,0,0,0,0,0,0,0,0,0,0,0,0,0,0,0,0,0,0,0,0,0,0,0,0,0,0,0,0,0,0,0,0,0,0,0,0,0,0,0,0,0,0,0,0,0,0,0,0,0,0,0,0,0,0,0,0,0,0,0,0,0,0,0,0,0,0,0,0,0,0,0,0,0,0,0,0,0,0,0,0,0,0,0,0,0,0,0,0,0,0,0,0,0,0,0,0,0,0,0,0,0,0,0,0,0,0,0,0,0,0,0,0,0,0,0,0,0,0,0,0,0,0,0,0,0,0,0,0,0,0,0,0,0,0,0,0,0,0,0,0,0,0,0,0,0,0,0,0,0,0,0,0,0
0.0575425713743116,0.0273469646135342,0.0333607647021586,0.045135152244097,0.0543141102741027,0.0565930239918972,0.0447553332911312,0.0534278660505159,0.0634930683041084,0.0580489966449326,0.0589352408685193,0.0550104450212066,0.0514021649680319,0.0530480470975502,0.051212255491549,0.0400708995378869,0.0372855605494714,0.0407672342849908,0.029246059378363,0.0239285940368424,0.0177881876305628,0.0142432107362157,0.0122808128125593,0.00860922960055707,0.00525416218269292,0.0027220358295879,0.00259542951193265,0.00139266949420776,0.000189909476482876,0,0,0,0,0,0,0,0,0,0,0,0,0,0,0,0,0,0,0,0,0,0,0,0,0,0,0,0,0,0,0,0,0,0,0,0,0,0,0,0,0,0,0,0,0,0,0,0,0,0,0,0,0,0,0,0,0,0,0,0,0,0,0,0,0,0,0,0,0,0,0,0,0,0,0,0,0,0,0,0,0,0,0,0,0,0,0,0,0,0,0,0,0,0,0,0,0,0,0,0,0,0,0,0,0,0,0,0,0,0,0,0,0,0,0,0,0,0,0,0,0,0,0,0,0,0,0,0,0,0,0,0,0,0,0,0,0,0,0,0,0,0,0,0,0,0,0,0,0,0,0,0,0,0,0,0,0,0,0,0,0,0,0,0,0,0,0,0,0,0,0,0,0,0,0,0,0,0,0,0,0,0,0,0,0,0,0,0,0,0,0,0,0,0,0,0,0,0,0,0,0,0,0,0,0,0,0,0,0,0,0,0,0,0,0,0,0,0,0,0,0,0,0,0,0,0,0,0,0,0,0,0,0,0,0,0,0,0,0,0,0,0,0,0,0,0,0,0,0,0,0,0,0,0,0,0,0,0,0,0,0,0,0,0,0,0,0,0,0,0,0,0,0,0,0,0,0,0,0,0,0,0,0,0,0,0,0,0,0,0,0,0,0,0,0,0,0,0,0,0,0,0,0,0,0,0,0,0,0,0,0,0,0,0,0,0,0,0,0,0,0,0,0,0,0,0,0,0,0,0,0,0,0,0,0,0,0,0,0,0,0,0,0,0,0,0,0,0,0,0,0,0,0,0,0,0,0,0,0,0,0,0,0,0,0,0,0,0,0,0,0,0,0,0,0,0,0,0,0,0,0,0,0,0,0,0,0,0,0,0,0,0,0,0,0,0,0,0,0,0,0,0,0,0,0,0,0,0,0,0,0,0,0,0,0,0,0,0,0,0,0,0,0,0,0,0,0,0,0,0,0,0,0,0,0,0,0,0,0,0,0,0,0,0,0,0,0,0,0,0,0,0,0,0,0,0,0,0,0,0,0,0,0,0,0,0,0,0,0,0,0,0,0,0,0,0,0,0,0,0,0,0,0,0,0,0,0,0,0,0,0,0,0,0,0,0,0,0,0,0,0,0,0,0,0,0,0,0,0,0,0,0,0,0,0,0,0,0,0,0,0,0,0,0,0,0,0,0,0,0
0.0397221369358305,0.0290144304574762,0.0332361068467915,0.0438670555726128,0.0486260362296592,0.0541142155357691,0.0561482959778938,0.0693122505373043,0.0673933067239791,0.0571077678845563,0.0609456555112066,0.0630181148295978,0.0591802272029475,0.0559180227202948,0.0497774025176543,0.0488563094872582,0.0416027018728892,0.0306263432606693,0.0239484187902978,0.0181532084740559,0.0123196192815474,0.0115520417562174,0.0120893460239484,0.00686981885170402,0.00402978200798281,0.00180380718452564,0.000537304267731041,0.000230273257599017,0,0,0,0,0,0,0,0,0,0,0,0,0,0,0,0,0,0,0,0,0,0,0,0,0,0,0,0,0,0,0,0,0,0,0,0,0,0,0,0,0,0,0,0,0,0,0,0,0,0,0,0,0,0,0,0,0,0,0,0,0,0,0,0,0,0,0,0,0,0,0,0,0,0,0,0,0,0,0,0,0,0,0,0,0,0,0,0,0,0,0,0,0,0,0,0,0,0,0,0,0,0,0,0,0,0,0,0,0,0,0,0,0,0,0,0,0,0,0,0,0,0,0,0,0,0,0,0,0,0,0,0,0,0,0,0,0,0,0,0,0,0,0,0,0,0,0,0,0,0,0,0,0,0,0,0,0,0,0,0,0,0,0,0,0,0,0,0,0,0,0,0,0,0,0,0,0,0,0,0,0,0,0,0,0,0,0,0,0,0,0,0,0,0,0,0,0,0,0,0,0,0,0,0,0,0,0,0,0,0,0,0,0,0,0,0,0,0,0,0,0,0,0,0,0,0,0,0,0,0,0,0,0,0,0,0,0,0,0,0,0,0,0,0,0,0,0,0,0,0,0,0,0,0,0,0,0,0,0,0,0,0,0,0,0,0,0,0,0,0,0,0,0,0,0,0,0,0,0,0,0,0,0,0,0,0,0,0,0,0,0,0,0,0,0,0,0,0,0,0,0,0,0,0,0,0,0,0,0,0,0,0,0,0,0,0,0,0,0,0,0,0,0,0,0,0,0,0,0,0,0,0,0,0,0,0,0,0,0,0,0,0,0,0,0,0,0,0,0,0,0,0,0,0,0,0,0,0,0,0,0,0,0,0,0,0,0,0,0,0,0,0,0,0,0,0,0,0,0,0,0,0,0,0,0,0,0,0,0,0,0,0,0,0,0,0,0,0,0,0,0,0,0,0,0,0,0,0,0,0,0,0,0,0,0,0,0,0,0,0,0,0,0,0,0,0,0,0,0,0,0,0,0,0,0,0,0,0,0,0,0,0,0,0,0,0,0,0,0,0,0,0,0,0,0,0,0,0,0,0,0,0,0,0,0,0,0,0,0,0,0,0,0,0,0,0,0,0,0,0,0,0,0,0,0,0,0,0,0,0,0,0,0,0,0,0,0,0,0,0,0,0,0,0,0,0,0,0,0,0,0,0,0,0,0,0,0,0,0,0,0,0,0,0,0,0,0,0,0,0,0
0.0525317919075145,0.0307976878612717,0.035514450867052,0.040878612716763,0.0564161849710983,0.0593757225433526,0.0627052023121387,0.0695491329479769,0.0739884393063584,0.0658959537572254,0.0625664739884393,0.0647398843930636,0.0685780346820809,0.0590520231213873,0.040971098265896,0.037364161849711,0.0323236994219653,0.0261734104046243,0.018728323699422,0.0137341040462428,0.00952601156069364,0.00712138728323699,0.00471676300578035,0.00245086705202312,0.00203468208092486,0.00129479768786127,0.000601156069364162,0.000277456647398844,9.2485549132948e-05,0,0,0,0,0,0,0,0,0,0,0,0,0,0,0,0,0,0,0,0,0,0,0,0,0,0,0,0,0,0,0,0,0,0,0,0,0,0,0,0,0,0,0,0,0,0,0,0,0,0,0,0,0,0,0,0,0,0,0,0,0,0,0,0,0,0,0,0,0,0,0,0,0,0,0,0,0,0,0,0,0,0,0,0,0,0,0,0,0,0,0,0,0,0,0,0,0,0,0,0,0,0,0,0,0,0,0,0,0,0,0,0,0,0,0,0,0,0,0,0,0,0,0,0,0,0,0,0,0,0,0,0,0,0,0,0,0,0,0,0,0,0,0,0,0,0,0,0,0,0,0,0,0,0,0,0,0,0,0,0,0,0,0,0,0,0,0,0,0,0,0,0,0,0,0,0,0,0,0,0,0,0,0,0,0,0,0,0,0,0,0,0,0,0,0,0,0,0,0,0,0,0,0,0,0,0,0,0,0,0,0,0,0,0,0,0,0,0,0,0,0,0,0,0,0,0,0,0,0,0,0,0,0,0,0,0,0,0,0,0,0,0,0,0,0,0,0,0,0,0,0,0,0,0,0,0,0,0,0,0,0,0,0,0,0,0,0,0,0,0,0,0,0,0,0,0,0,0,0,0,0,0,0,0,0,0,0,0,0,0,0,0,0,0,0,0,0,0,0,0,0,0,0,0,0,0,0,0,0,0,0,0,0,0,0,0,0,0,0,0,0,0,0,0,0,0,0,0,0,0,0,0,0,0,0,0,0,0,0,0,0,0,0,0,0,0,0,0,0,0,0,0,0,0,0,0,0,0,0,0,0,0,0,0,0,0,0,0,0,0,0,0,0,0,0,0,0,0,0,0,0,0,0,0,0,0,0,0,0,0,0,0,0,0,0,0,0,0,0,0,0,0,0,0,0,0,0,0,0,0,0,0,0,0,0,0,0,0,0,0,0,0,0,0,0,0,0,0,0,0,0,0,0,0,0,0,0,0,0,0,0,0,0,0,0,0,0,0,0,0,0,0,0,0,0,0,0,0,0,0,0,0,0,0,0,0,0,0,0,0,0,0,0,0,0,0,0,0,0,0,0,0,0,0,0,0,0,0,0,0,0,0,0,0,0,0,0,0,0,0,0,0,0,0,0,0,0,0,0,0,0,0,0,0,0,0,0,0,0,0,0,0,0,0,0,0,0,0,0,0
0.0649335441185081,0.029978335968148,0.0361262368991159,0.0504713390713742,0.0548626968792084,0.0604836348732361,0.059956671936296,0.0709643421746004,0.0620059722466187,0.0507055448211254,0.0590198489372914,0.0615375607471163,0.0595468118742315,0.047485215762047,0.0442648867029686,0.0289829615317056,0.0276362784706365,0.0255869781603138,0.0251771180982493,0.0259968382223784,0.0195561801042216,0.013056970548627,0.00825575267872826,0.00667486386790796,0.00503542361964986,0.00122958018619357,0.000409860062064524,5.85514374377891e-05,0,0,0,0,0,0,0,0,0,0,0,0,0,0,0,0,0,0,0,0,0,0,0,0,0,0,0,0,0,0,0,0,0,0,0,0,0,0,0,0,0,0,0,0,0,0,0,0,0,0,0,0,0,0,0,0,0,0,0,0,0,0,0,0,0,0,0,0,0,0,0,0,0,0,0,0,0,0,0,0,0,0,0,0,0,0,0,0,0,0,0,0,0,0,0,0,0,0,0,0,0,0,0,0,0,0,0,0,0,0,0,0,0,0,0,0,0,0,0,0,0,0,0,0,0,0,0,0,0,0,0,0,0,0,0,0,0,0,0,0,0,0,0,0,0,0,0,0,0,0,0,0,0,0,0,0,0,0,0,0,0,0,0,0,0,0,0,0,0,0,0,0,0,0,0,0,0,0,0,0,0,0,0,0,0,0,0,0,0,0,0,0,0,0,0,0,0,0,0,0,0,0,0,0,0,0,0,0,0,0,0,0,0,0,0,0,0,0,0,0,0,0,0,0,0,0,0,0,0,0,0,0,0,0,0,0,0,0,0,0,0,0,0,0,0,0,0,0,0,0,0,0,0,0,0,0,0,0,0,0,0,0,0,0,0,0,0,0,0,0,0,0,0,0,0,0,0,0,0,0,0,0,0,0,0,0,0,0,0,0,0,0,0,0,0,0,0,0,0,0,0,0,0,0,0,0,0,0,0,0,0,0,0,0,0,0,0,0,0,0,0,0,0,0,0,0,0,0,0,0,0,0,0,0,0,0,0,0,0,0,0,0,0,0,0,0,0,0,0,0,0,0,0,0,0,0,0,0,0,0,0,0,0,0,0,0,0,0,0,0,0,0,0,0,0,0,0,0,0,0,0,0,0,0,0,0,0,0,0,0,0,0,0,0,0,0,0,0,0,0,0,0,0,0,0,0,0,0,0,0,0,0,0,0,0,0,0,0,0,0,0,0,0,0,0,0,0,0,0,0,0,0,0,0,0,0,0,0,0,0,0,0,0,0,0,0,0,0,0,0,0,0,0,0,0,0,0,0,0,0,0,0,0,0,0,0,0,0,0,0,0,0,0,0,0,0,0,0,0,0,0,0,0,0,0,0,0,0,0,0,0,0,0,0,0,0,0,0,0,0,0,0,0,0,0,0,0,0,0,0,0,0,0,0,0,0,0,0,0,0,0,0,0,0,0,0,0,0,0,0,0
0.0490693739424704,0.0241237611795987,0.0294416243654822,0.0351462412376118,0.0454435581339135,0.0466038191926517,0.053758762388204,0.0521150592216582,0.0529852550157119,0.0524534686971235,0.0552090887116268,0.0607686729514141,0.0580130529369108,0.0567077592458303,0.061590524534687,0.0552090887116268,0.0407058254773991,0.04012569494803,0.0359197486101039,0.0267343485617597,0.0217065506405608,0.0141165095479816,0.0120860526951898,0.00981387478849408,0.00478607686729514,0.00352912738699541,0.00140198211264201,0.000386753686246072,4.8344210780759e-05,0,0,0,0,0,0,0,0,0,0,0,0,0,0,0,0,0,0,0,0,0,0,0,0,0,0,0,0,0,0,0,0,0,0,0,0,0,0,0,0,0,0,0,0,0,0,0,0,0,0,0,0,0,0,0,0,0,0,0,0,0,0,0,0,0,0,0,0,0,0,0,0,0,0,0,0,0,0,0,0,0,0,0,0,0,0,0,0,0,0,0,0,0,0,0,0,0,0,0,0,0,0,0,0,0,0,0,0,0,0,0,0,0,0,0,0,0,0,0,0,0,0,0,0,0,0,0,0,0,0,0,0,0,0,0,0,0,0,0,0,0,0,0,0,0,0,0,0,0,0,0,0,0,0,0,0,0,0,0,0,0,0,0,0,0,0,0,0,0,0,0,0,0,0,0,0,0,0,0,0,0,0,0,0,0,0,0,0,0,0,0,0,0,0,0,0,0,0,0,0,0,0,0,0,0,0,0,0,0,0,0,0,0,0,0,0,0,0,0,0,0,0,0,0,0,0,0,0,0,0,0,0,0,0,0,0,0,0,0,0,0,0,0,0,0,0,0,0,0,0,0,0,0,0,0,0,0,0,0,0,0,0,0,0,0,0,0,0,0,0,0,0,0,0,0,0,0,0,0,0,0,0,0,0,0,0,0,0,0,0,0,0,0,0,0,0,0,0,0,0,0,0,0,0,0,0,0,0,0,0,0,0,0,0,0,0,0,0,0,0,0,0,0,0,0,0,0,0,0,0,0,0,0,0,0,0,0,0,0,0,0,0,0,0,0,0,0,0,0,0,0,0,0,0,0,0,0,0,0,0,0,0,0,0,0,0,0,0,0,0,0,0,0,0,0,0,0,0,0,0,0,0,0,0,0,0,0,0,0,0,0,0,0,0,0,0,0,0,0,0,0,0,0,0,0,0,0,0,0,0,0,0,0,0,0,0,0,0,0,0,0,0,0,0,0,0,0,0,0,0,0,0,0,0,0,0,0,0,0,0,0,0,0,0,0,0,0,0,0,0,0,0,0,0,0,0,0,0,0,0,0,0,0,0,0,0,0,0,0,0,0,0,0,0,0,0,0,0,0,0,0,0,0,0,0,0,0,0,0,0,0,0,0,0,0,0,0,0,0,0,0,0,0,0,0,0,0,0,0,0,0,0,0,0,0,0,0,0,0,0,0,0,0,0,0,0,0,0,0,0
0.0447967714038628,0.0282502162006342,0.0365234938022485,0.0380224848659556,0.0456327471893918,0.0565004324012684,0.0561833381377919,0.0609109253387143,0.0607956183338138,0.0702796194868838,0.0663015278178149,0.0599884692995099,0.0562698183914673,0.0558950706255405,0.0514557509368694,0.0432401268377054,0.0422023637936005,0.0313923320841741,0.0258287690977227,0.0203516863649467,0.0152205246468723,0.0116460074949553,0.00994522917267224,0.00611127125972903,0.00262323436148746,0.00167195157105794,0.0013260305563563,0.000432401268377054,0.000201787258575958,0,0,0,0,0,0,0,0,0,0,0,0,0,0,0,0,0,0,0,0,0,0,0,0,0,0,0,0,0,0,0,0,0,0,0,0,0,0,0,0,0,0,0,0,0,0,0,0,0,0,0,0,0,0,0,0,0,0,0,0,0,0,0,0,0,0,0,0,0,0,0,0,0,0,0,0,0,0,0,0,0,0,0,0,0,0,0,0,0,0,0,0,0,0,0,0,0,0,0,0,0,0,0,0,0,0,0,0,0,0,0,0,0,0,0,0,0,0,0,0,0,0,0,0,0,0,0,0,0,0,0,0,0,0,0,0,0,0,0,0,0,0,0,0,0,0,0,0,0,0,0,0,0,0,0,0,0,0,0,0,0,0,0,0,0,0,0,0,0,0,0,0,0,0,0,0,0,0,0,0,0,0,0,0,0,0,0,0,0,0,0,0,0,0,0,0,0,0,0,0,0,0,0,0,0,0,0,0,0,0,0,0,0,0,0,0,0,0,0,0,0,0,0,0,0,0,0,0,0,0,0,0,0,0,0,0,0,0,0,0,0,0,0,0,0,0,0,0,0,0,0,0,0,0,0,0,0,0,0,0,0,0,0,0,0,0,0,0,0,0,0,0,0,0,0,0,0,0,0,0,0,0,0,0,0,0,0,0,0,0,0,0,0,0,0,0,0,0,0,0,0,0,0,0,0,0,0,0,0,0,0,0,0,0,0,0,0,0,0,0,0,0,0,0,0,0,0,0,0,0,0,0,0,0,0,0,0,0,0,0,0,0,0,0,0,0,0,0,0,0,0,0,0,0,0,0,0,0,0,0,0,0,0,0,0,0,0,0,0,0,0,0,0,0,0,0,0,0,0,0,0,0,0,0,0,0,0,0,0,0,0,0,0,0,0,0,0,0,0,0,0,0,0,0,0,0,0,0,0,0,0,0,0,0,0,0,0,0,0,0,0,0,0,0,0,0,0,0,0,0,0,0,0,0,0,0,0,0,0,0,0,0,0,0,0,0,0,0,0,0,0,0,0,0,0,0,0,0,0,0,0,0,0,0,0,0,0,0,0,0,0,0,0,0,0,0,0,0,0,0,0,0,0,0,0,0,0,0,0,0,0,0,0,0,0,0,0,0,0,0,0,0,0,0,0,0,0,0,0,0,0,0,0,0,0,0,0,0,0,0,0,0,0,0,0,0,0,0,0,0
0.0539871028625354,0.0285467128027682,0.0374724756212646,0.0454152249134948,0.0422695816294432,0.0539477823214847,0.0604749921358918,0.068535703051274,0.0578798364265492,0.0556778861277131,0.0513919471531928,0.0511953444479396,0.0543016671909405,0.0500550487574709,0.0436458005662158,0.0410899653979239,0.0342875117961623,0.0361355772255426,0.0301981755268953,0.0289792387543253,0.0269738911607424,0.0185592953759044,0.0135262661214218,0.00975149418055992,0.00322428436615288,0.00196602705253224,0.000314564328405159,7.86410821012897e-05,3.93205410506449e-05,7.86410821012897e-05,0,0,0,0,0,0,0,0,0,0,0,0,0,0,0,0,0,0,0,0,0,0,0,0,0,0,0,0,0,0,0,0,0,0,0,0,0,0,0,0,0,0,0,0,0,0,0,0,0,0,0,0,0,0,0,0,0,0,0,0,0,0,0,0,0,0,0,0,0,0,0,0,0,0,0,0,0,0,0,0,0,0,0,0,0,0,0,0,0,0,0,0,0,0,0,0,0,0,0,0,0,0,0,0,0,0,0,0,0,0,0,0,0,0,0,0,0,0,0,0,0,0,0,0,0,0,0,0,0,0,0,0,0,0,0,0,0,0,0,0,0,0,0,0,0,0,0,0,0,0,0,0,0,0,0,0,0,0,0,0,0,0,0,0,0,0,0,0,0,0,0,0,0,0,0,0,0,0,0,0,0,0,0,0,0,0,0,0,0,0,0,0,0,0,0,0,0,0,0,0,0,0,0,0,0,0,0,0,0,0,0,0,0,0,0,0,0,0,0,0,0,0,0,0,0,0,0,0,0,0,0,0,0,0,0,0,0,0,0,0,0,0,0,0,0,0,0,0,0,0,0,0,0,0,0,0,0,0,0,0,0,0,0,0,0,0,0,0,0,0,0,0,0,0,0,0,0,0,0,0,0,0,0,0,0,0,0,0,0,0,0,0,0,0,0,0,0,0,0,0,0,0,0,0,0,0,0,0,0,0,0,0,0,0,0,0,0,0,0,0,0,0,0,0,0,0,0,0,0,0,0,0,0,0,0,0,0,0,0,0,0,0,0,0,0,0,0,0,0,0,0,0,0,0,0,0,0,0,0,0,0,0,0,0,0,0,0,0,0,0,0,0,0,0,0,0,0,0,0,0,0,0,0,0,0,0,0,0,0,0,0,0,0,0,0,0,0,0,0,0,0,0,0,0,0,0,0,0,0,0,0,0,0,0,0,0,0,0,0,0,0,0,0,0,0,0,0,0,0,0,0,0,0,0,0,0,0,0,0,0,0,0,0,0,0,0,0,0,0,0,0,0,0,0,0,0,0,0,0,0,0,0,0,0,0,0,0,0,0,0,0,0,0,0,0,0,0,0,0,0,0,0,0,0,0,0,0,0,0,0,0,0,0,0,0,0,0,0,0,0,0,0,0,0,0,0,0,0,0,0,0,0,0,0,0,0,0,0,0,0,0,0,0,0,0,0,0,0,0
0.0410444874274662,0.0238684719535783,0.0312959381044487,0.0429787234042553,0.0488588007736944,0.0577949709864603,0.0574854932301741,0.0639458413926499,0.0612765957446808,0.0675822050290135,0.0574468085106383,0.0514506769825919,0.0564410058027079,0.0591489361702128,0.0464990328820116,0.0452224371373308,0.0370212765957447,0.0376015473887814,0.0308317214700193,0.027504835589942,0.0220502901353965,0.018027079303675,0.00796905222437137,0.00382978723404255,0.00212765957446809,0.00058027079303675,7.73694390715667e-05,3.86847195357834e-05,0,0,0,0,0,0,0,0,0,0,0,0,0,0,0,0,0,0,0,0,0,0,0,0,0,0,0,0,0,0,0,0,0,0,0,0,0,0,0,0,0,0,0,0,0,0,0,0,0,0,0,0,0,0,0,0,0,0,0,0,0,0,0,0,0,0,0,0,0,0,0,0,0,0,0,0,0,0,0,0,0,0,0,0,0,0,0,0,0,0,0,0,0,0,0,0,0,0,0,0,0,0,0,0,0,0,0,0,0,0,0,0,0,0,0,0,0,0,0,0,0,0,0,0,0,0,0,0,0,0,0,0,0,0,0,0,0,0,0,0,0,0,0,0,0,0,0,0,0,0,0,0,0,0,0,0,0,0,0,0,0,0,0,0,0,0,0,0,0,0,0,0,0,0,0,0,0,0,0,0,0,0,0,0,0,0,0,0,0,0,0,0,0,0,0,0,0,0,0,0,0,0,0,0,0,0,0,0,0,0,0,0,0,0,0,0,0,0,0,0,0,0,0,0,0,0,0,0,0,0,0,0,0,0,0,0,0,0,0,0,0,0,0,0,0,0,0,0,0,0,0,0,0,0,0,0,0,0,0,0,0,0,0,0,0,0,0,0,0,0,0,0,0,0,0,0,0,0,0,0,0,0,0,0,0,0,0,0,0,0,0,0,0,0,0,0,0,0,0,0,0,0,0,0,0,0,0,0,0,0,0,0,0,0,0,0,0,0,0,0,0,0,0,0,0,0,0,0,0,0,0,0,0,0,0,0,0,0,0,0,0,0,0,0,0,0,0,0,0,0,0,0,0,0,0,0,0,0,0,0,0,0,0,0,0,0,0,0,0,0,0,0,0,0,0,0,0,0,0,0,0,0,0,0,0,0,0,0,0,0,0,0,0,0,0,0,0,0,0,0,0,0,0,0,0,0,0,0,0,0,0,0,0,0,0,0,0,0,0,0,0,0,0,0,0,0,0,0,0,0,0,0,0,0,0,0,0,0,0,0,0,0,0,0,0,0,0,0,0,0,0,0,0,0,0,0,0,0,0,0,0,0,0,0,0,0,0,0,0,0,0,0,0,0,0,0,0,0,0,0,0,0,0,0,0,0,0,0,0,0,0,0,0,0,0,0,0,0,0,0,0,0,0,0,0,0,0,0,0,0,0,0,0,0,0,0,0,0,0,0,0,0,0,0,0,0,0,0,0,0,0
0.0388537469328951,0.0207099925714157,0.0290840330459447,0.0372104540440763,0.0413524525583594,0.0510096121378565,0.0547013934223263,0.0562321320036918,0.0602840870720122,0.0567723926794678,0.0625576840825698,0.0605767282713909,0.0603516196564843,0.0611394998086577,0.0553767192670463,0.0525853724422034,0.0455844945186052,0.0379983341962497,0.0327082817459424,0.0249870562546429,0.0188190802061995,0.0149472120298044,0.0100848659478198,0.0078337797987529,0.00405195506832047,0.0020484883956509,0.00150822771987484,0.000337662922360039,0.000270130337888031,2.25108614906692e-05,0,0,0,0,0,0,0,0,0,0,0,0,0,0,0,0,0,0,0,0,0,0,0,0,0,0,0,0,0,0,0,0,0,0,0,0,0,0,0,0,0,0,0,0,0,0,0,0,0,0,0,0,0,0,0,0,0,0,0,0,0,0,0,0,0,0,0,0,0,0,0,0,0,0,0,0,0,0,0,0,0,0,0,0,0,0,0,0,0,0,0,0,0,0,0,0,0,0,0,0,0,0,0,0,0,0,0,0,0,0,0,0,0,0,0,0,0,0,0,0,0,0,0,0,0,0,0,0,0,0,0,0,0,0,0,0,0,0,0,0,0,0,0,0,0,0,0,0,0,0,0,0,0,0,0,0,0,0,0,0,0,0,0,0,0,0,0,0,0,0,0,0,0,0,0,0,0,0,0,0,0,0,0,0,0,0,0,0,0,0,0,0,0,0,0,0,0,0,0,0,0,0,0,0,0,0,0,0,0,0,0,0,0,0,0,0,0,0,0,0,0,0,0,0,0,0,0,0,0,0,0,0,0,0,0,0,0,0,0,0,0,0,0,0,0,0,0,0,0,0,0,0,0,0,0,0,0,0,0,0,0,0,0,0,0,0,0,0,0,0,0,0,0,0,0,0,0,0,0,0,0,0,0,0,0,0,0,0,0,0,0,0,0,0,0,0,0,0,0,0,0,0,0,0,0,0,0,0,0,0,0,0,0,0,0,0,0,0,0,0,0,0,0,0,0,0,0,0,0,0,0,0,0,0,0,0,0,0,0,0,0,0,0,0,0,0,0,0,0,0,0,0,0,0,0,0,0,0,0,0,0,0,0,0,0,0,0,0,0,0,0,0,0,0,0,0,0,0,0,0,0,0,0,0,0,0,0,0,0,0,0,0,0,0,0,0,0,0,0,0,0,0,0,0,0,0,0,0,0,0,0,0,0,0,0,0,0,0,0,0,0,0,0,0,0,0,0,0,0,0,0,0,0,0,0,0,0,0,0,0,0,0,0,0,0,0,0,0,0,0,0,0,0,0,0,0,0,0,0,0,0,0,0,0,0,0,0,0,0,0,0,0,0,0,0,0,0,0,0,0,0,0,0,0,0,0,0,0,0,0,0,0,0,0,0,0,0,0,0,0,0,0,0,0,0,0,0,0,0,0,0,0,0,0,0,0,0,0,0,0,0,0,0,0,0,0,0,0,0
0.047232570516232,0.0228312932410857,0.03046833422033,0.0348057477381586,0.0406067056945184,0.0481639169771155,0.0504257583821182,0.0522352315061203,0.0559340074507717,0.0557211282597126,0.0673230441724322,0.0615486961149548,0.0571580627993614,0.0542043640234167,0.0545769026077701,0.0554284193720064,0.0505588078765301,0.0452102182011708,0.0308940926024481,0.0246141564662054,0.0197179350718467,0.0141032464076637,0.0120808940926024,0.00665247472059606,0.00364555614688664,0.00207557211282597,0.000904736562001064,0.000771687067589143,5.32197977647685e-05,5.32197977647685e-05,0,0,0,0,0,0,0,0,0,0,0,0,0,0,0,0,0,0,0,0,0,0,0,0,0,0,0,0,0,0,0,0,0,0,0,0,0,0,0,0,0,0,0,0,0,0,0,0,0,0,0,0,0,0,0,0,0,0,0,0,0,0,0,0,0,0,0,0,0,0,0,0,0,0,0,0,0,0,0,0,0,0,0,0,0,0,0,0,0,0,0,0,0,0,0,0,0,0,0,0,0,0,0,0,0,0,0,0,0,0,0,0,0,0,0,0,0,0,0,0,0,0,0,0,0,0,0,0,0,0,0,0,0,0,0,0,0,0,0,0,0,0,0,0,0,0,0,0,0,0,0,0,0,0,0,0,0,0,0,0,0,0,0,0,0,0,0,0,0,0,0,0,0,0,0,0,0,0,0,0,0,0,0,0,0,0,0,0,0,0,0,0,0,0,0,0,0,0,0,0,0,0,0,0,0,0,0,0,0,0,0,0,0,0,0,0,0,0,0,0,0,0,0,0,0,0,0,0,0,0,0,0,0,0,0,0,0,0,0,0,0,0,0,0,0,0,0,0,0,0,0,0,0,0,0,0,0,0,0,0,0,0,0,0,0,0,0,0,0,0,0,0,0,0,0,0,0,0,0,0,0,0,0,0,0,0,0,0,0,0,0,0,0,0,0,0,0,0,0,0,0,0,0,0,0,0,0,0,0,0,0,0,0,0,0,0,0,0,0,0,0,0,0,0,0,0,0,0,0,0,0,0,0,0,0,0,0,0,0,0,0,0,0,0,0,0,0,0,0,0,0,0,0,0,0,0,0,0,0,0,0,0,0,0,0,0,0,0,0,0,0,0,0,0,0,0,0,0,0,0,0,0,0,0,0,0,0,0,0,0,0,0,0,0,0,0,0,0,0,0,0,0,0,0,0,0,0,0,0,0,0,0,0,0,0,0,0,0,0,0,0,0,0,0,0,0,0,0,0,0,0,0,0,0,0,0,0,0,0,0,0,0,0,0,0,0,0,0,0,0,0,0,0,0,0,0,0,0,0,0,0,0,0,0,0,0,0,0,0,0,0,0,0,0,0,0,0,0,0,0,0,0,0,0,0,0,0,0,0,0,0,0,0,0,0,0,0,0,0,0,0,0,0,0,0,0,0,0,0,0,0,0,0,0,0,0,0,0,0,0,0,0,0,0,0,0,0,0,0
0.0451584096121451,0.0236447403137748,0.0280083619167462,0.0326561263217714,0.035599033914473,0.0395364413143634,0.0406527166081468,0.0438594710884699,0.0548395607964117,0.0596699884313288,0.0620649063343549,0.0611515901848958,0.0517139899738183,0.0527896734387368,0.0526273061232774,0.0545960098232226,0.0445495321791723,0.0436768078585781,0.0424996448214974,0.0347263095938788,0.0310933409104747,0.0233808934261533,0.0131720484666437,0.00937671246778024,0.00515516226583589,0.00407947880091738,0.00357208094010676,0.00296320350713401,0.00160337724016156,0.00105538755048609,0.000324734630918796,0.000142071401026973,2.02959144324248e-05,4.05918288648495e-05,0,0,0,0,0,0,0,0,0,0,0,0,0,0,0,0,0,0,0,0,0,0,0,0,0,0,0,0,0,0,0,0,0,0,0,0,0,0,0,0,0,0,0,0,0,0,0,0,0,0,0,0,0,0,0,0,0,0,0,0,0,0,0,0,0,0,0,0,0,0,0,0,0,0,0,0,0,0,0,0,0,0,0,0,0,0,0,0,0,0,0,0,0,0,0,0,0,0,0,0,0,0,0,0,0,0,0,0,0,0,0,0,0,0,0,0,0,0,0,0,0,0,0,0,0,0,0,0,0,0,0,0,0,0,0,0,0,0,0,0,0,0,0,0,0,0,0,0,0,0,0,0,0,0,0,0,0,0,0,0,0,0,0,0,0,0,0,0,0,0,0,0,0,0,0,0,0,0,0,0,0,0,0,0,0,0,0,0,0,0,0,0,0,0,0,0,0,0,0,0,0,0,0,0,0,0,0,0,0,0,0,0,0,0,0,0,0,0,0,0,0,0,0,0,0,0,0,0,0,0,0,0,0,0,0,0,0,0,0,0,0,0,0,0,0,0,0,0,0,0,0,0,0,0,0,0,0,0,0,0,0,0,0,0,0,0,0,0,0,0,0,0,0,0,0,0,0,0,0,0,0,0,0,0,0,0,0,0,0,0,0,0,0,0,0,0,0,0,0,0,0,0,0,0,0,0,0,0,0,0,0,0,0,0,0,0,0,0,0,0,0,0,0,0,0,0,0,0,0,0,0,0,0,0,0,0,0,0,0,0,0,0,0,0,0,0,0,0,0,0,0,0,0,0,0,0,0,0,0,0,0,0,0,0,0,0,0,0,0,0,0,0,0,0,0,0,0,0,0,0,0,0,0,0,0,0,0,0,0,0,0,0,0,0,0,0,0,0,0,0,0,0,0,0,0,0,0,0,0,0,0,0,0,0,0,0,0,0,0,0,0,0,0,0,0,0,0,0,0,0,0,0,0,0,0,0,0,0,0,0,0,0,0,0,0,0,0,0,0,0,0,0,0,0,0,0,0,0,0,0,0,0,0,0,0,0,0,0,0,0,0,0,0,0,0,0,0,0,0,0,0,0,0,0,0,0,0,0,0,0,0,0,0,0,0,0,0,0,0,0,0,0,0,0,0,0,0,0,0,0,0,0,0,0,0,0,0,0,0,0,0,0,0,0,0
0.874986211249089,0.0649147267476451,0.0111304605714058,0.00399286059165948,0.00253713016761696,0.00242139507800364,0.000640159714423666,0.00405615321879176,0.00344311891599622,0.00538891511012013,0.004110404042048,0.00355704564483433,0.00164018322311374,0.000547933314888053,0.000775786772564274,0.00119713483318776,0.000654626600625331,4.34006586049943e-05,0.00132552844822754,0.00160763272916,0.00554805085833844,0.00213567407552076,0.00158954912140792,0.00135627058140607,0.000345396908064747,5.42508232562429e-05,0,0,0,0,0,0,0,0,0,0,0,0,0,0,0,0,0,0,0,0,0,0,0,0,0,0,0,0,0,0,0,0,0,0,0,0,0,0,0,0,0,0,0,0,0,0,0,0,0,0,0,0,0,0,0,0,0,0,0,0,0,0,0,0,0,0,0,0,0,0,0,0,0,0,0,0,0,0,0,0,0,0,0,0,0,0,0,0,0,0,0,0,0,0,0,0,0,0,0,0,0,0,0,0,0,0,0,0,0,0,0,0,0,0,0,0,0,0,0,0,0,0,0,0,0,0,0,0,0,0,0,0,0,0,0,0,0,0,0,0,0,0,0,0,0,0,0,0,0,0,0,0,0,0,0,0,0,0,0,0,0,0,0,0,0,0,0,0,0,0,0,0,0,0,0,0,0,0,0,0,0,0,0,0,0,0,0,0,0,0,0,0,0,0,0,0,0,0,0,0,0,0,0,0,0,0,0,0,0,0,0,0,0,0,0,0,0,0,0,0,0,0,0,0,0,0,0,0,0,0,0,0,0,0,0,0,0,0,0,0,0,0,0,0,0,0,0,0,0,0,0,0,0,0,0,0,0,0,0,0,0,0,0,0,0,0,0,0,0,0,0,0,0,0,0,0,0,0,0,0,0,0,0,0,0,0,0,0,0,0,0,0,0,0,0,0,0,0,0,0,0,0,0,0,0,0,0,0,0,0,0,0,0,0,0,0,0,0,0,0,0,0,0,0,0,0,0,0,0,0,0,0,0,0,0,0,0,0,0,0,0,0,0,0,0,0,0,0,0,0,0,0,0,0,0,0,0,0,0,0,0,0,0,0,0,0,0,0,0,0,0,0,0,0,0,0,0,0,0,0,0,0,0,0,0,0,0,0,0,0,0,0,0,0,0,0,0,0,0,0,0,0,0,0,0,0,0,0,0,0,0,0,0,0,0,0,0,0,0,0,0,0,0,0,0,0,0,0,0,0,0,0,0,0,0,0,0,0,0,0,0,0,0,0,0,0,0,0,0,0,0,0,0,0,0,0,0,0,0,0,0,0,0,0,0,0,0,0,0,0,0,0,0,0,0,0,0,0,0,0,0,0,0,0,0,0,0,0,0,0,0,0,0,0,0,0,0,0,0,0,0,0,0,0,0,0,0,0,0,0,0,0,0,0,0,0,0,0,0,0,0,0,0,0,0,0,0,0,0,0,0,0,0
0.0887047476737078,0.017863207226788,0.00719961964273586,0.00556951708211642,0.00719961964273586,0.00944101066358758,0.00930516878353596,0.0139917136453169,0.0116824016844393,0.0103239828839231,0.0118182435644909,0.0132445833050329,0.0142633974054201,0.0177952862867622,0.0186103375670719,0.0260137200298852,0.01928954696733,0.0176594444067106,0.0188141003871494,0.0218705426883108,0.029681450791279,0.0160293418460912,0.0196291516674591,0.0173877606466073,0.0133804251850846,0.0169123140664267,0.0179990491068396,0.021802621748285,0.0265570875500917,0.0223459892684915,0.0248590640494464,0.0220063845683624,0.0211913332880527,0.0201725191876656,0.0186103375670719,0.0241798546491883,0.017523602526659,0.017523602526659,0.0171160768865041,0.0183386538069687,0.0154859743258847,0.0130408204849555,0.0151463696257556,0.0145350811655233,0.0102560619438973,0.0118861645045167,0.00923724784351015,0.00950893160361339,0.00964477348366501,0.0137879508252394,0.0113427969843103,0.00448278204170346,0.00570535896216804,0.006792094002581,0.00652041024247776,0.00692793588263262,0.00896556408340691,0.00794674998301977,0.00713169870271005,0.00312436324118726,0.00529783332201318,0.00618080554234871,0.0040752564015486,0.00353188888134212,0.00312436324118726,0.00387149358147117,0.00251307478095497,0.00292060042110983,0.00305644230116145,0.00468654486178089,0.00108673504041296,0,0.00047544658018067,0.00013584188005162,6.792094002581e-05,0.0006792094002581,0.00101881410038715,6.792094002581e-05,0.00149426068056782,0.00033960470012905,0,0,0,0,0,0,0,0,0,0,0,0,0,0,0,0,0,0,0,0,0,0,0,0,0,0,0,0,0,0,0,0,0,0,0,0,0,0,0,0,0,0,0,0,0,0,0,0,0,0,0,0,0,0,0,0,0,0,0,0,0,0,0,0,0,0,0,0,0,0,0,0,0,0,0,0,0,0,0,0,0,0,0,0,0,0,0,0,0,0,0,0,0,0,0,0,0,0,0,0,0,0,0,0,0,0,0,0,0,0,0,0,0,0,0,0,0,0,0,0,0,0,0,0,0,0,0,0,0,0,0,0,0,0,0,0,0,0,0,0,0,0,0,0,0,0,0,0,0,0,0,0,0,0,0,0,0,0,0,0,0,0,0,0,0,0,0,0,0,0,0,0,0,0,0,0,0,0,0,0,0,0,0,0,0,0,0,0,0,0,0,0,0,0,0,0,0,0,0,0,0,0,0,0,0,0,0,0,0,0,0,0,0,0,0,0,0,0,0,0,0,0,0,0,0,0,0,0,0,0,0,0,0,0,0,0,0,0,0,0,0,0,0,0,0,0,0,0,0,0,0,0,0,0,0,0,0,0,0,0,0,0,0,0,0,0,0,0,0,0,0,0,0,0,0,0,0,0,0,0,0,0,0,0,0,0,0,0,0,0,0,0,0,0,0,0,0,0,0,0,0,0,0,0,0,0,0,0,0,0,0,0,0,0,0,0,0,0,0,0,0,0,0,0,0,0,0,0,0,0,0,0,0,0,0,0,0,0,0,0,0,0,0,0,0,0,0,0,0,0,0,0,0,0,0,0,0,0,0,0,0,0,0,0,0,0,0,0,0,0,0,0,0,0,0,0,0,0,0,0,0,0,0,0,0,0,0,0,0,0,0,0,0,0,0,0,0,0,0,0,0,0,0,0,0,0,0,0,0,0,0,0,0,0,0,0,0,0,0,0,0,0,0,0,0,0,0,0,0,0,0,0,0,0,0,0,0,0,0,0,0,0,0,0,0,0,0,0,0,0,0,0,0,0,0,0,0,0,0,0,0,0,0,0,0,0,0,0,0,0,0,0,0,0,0,0,0,0,0
0.0402701043585021,0.0100675260896255,0.00466543891958257,0.00368324125230203,0.00356046654389196,0.00577041129527317,0.00448127685696747,0.00632289748311848,0.00589318600368324,0.00534069981583794,0.0100061387354205,0.00841006752608963,0.00969920196439533,0.0115408225905463,0.00773480662983425,0.010988336402701,0.0106200122774708,0.0116022099447514,0.00951503990178023,0.0092694904849601,0.00920810313075507,0.00804174340085942,0.00994475138121547,0.00718232044198895,0.00693677102516882,0.00834868017188459,0.00681399631675875,0.00834868017188459,0.0101289134438306,0.00883977900552486,0.00871700429711479,0.0100675260896255,0.0116635972989564,0.0121546961325967,0.0116022099447514,0.010988336402701,0.0162062615101289,0.00773480662983425,0.00552486187845304,0.00779619398403929,0.00798035604665439,0.00632289748311848,0.00785758133824432,0.00699815837937385,0.00534069981583794,0.00724370779619398,0.00644567219152855,0.00681399631675875,0.00712093308778392,0.00466543891958257,0.00675260896255371,0.00607734806629834,0.00534069981583794,0.00349907918968692,0.00399017802332719,0.00564763658686311,0.00724370779619398,0.00331491712707182,0.00441988950276243,0.00429711479435236,0.00214855739717618,0.00349907918968692,0.00380601596071209,0.00294659300184162,0.00300798035604665,0.00460405156537753,0.00349907918968692,0.00159607120933088,0.00263965623081645,0.00239410681399632,0.00239410681399632,0.00135052179251074,0.00184162062615101,0.00220994475138122,0.00135052179251074,0.00245549416820135,0.00184162062615101,0.00116635972989564,0.00171884591774095,0.00184162062615101,0.00288520564763659,0.00251688152240638,0.00135052179251074,0.00214855739717618,0.00153468385512584,0.00147329650092081,0.00104358502148557,0.00165745856353591,0.00257826887661142,0.00184162062615101,0.00110497237569061,0.00104358502148557,0.00116635972989564,0.00270104358502149,0.00239410681399632,0.00153468385512584,0.00245549416820135,0.00147329650092081,0.00184162062615101,0.00147329650092081,0.00184162062615101,0.00306936771025169,0.00306936771025169,0.00227133210558625,0.00220994475138122,0.00147329650092081,0.00245549416820135,0.00276243093922652,0.00233271945979128,0.00276243093922652,0.00251688152240638,0.00257826887661142,0.00251688152240638,0.00337630448127686,0.00202578268876611,0.00153468385512584,0.00257826887661142,0.00263965623081645,0.00257826887661142,0.00141190914671578,0.00178023327194598,0.00214855739717618,0.00110497237569061,0.00110497237569061,0.00239410681399632,0.00165745856353591,0.00116635972989564,0.000859422958870473,0.00128913443830571,0.00196439533456108,0.000613873542050338,0.000798035604665439,0.00098219766728054,0.000798035604665439,0.000736648250460405,0.00147329650092081,0.00190300798035605,0.000736648250460405,0.000920810313075506,0.00159607120933088,0.00257826887661142,0.00349907918968692,0.00411295273173726,0.00405156537753223,0.00159607120933088,0.00110497237569061,0.00128913443830571,0.00165745856353591,0.00288520564763659,0.00196439533456108,0.00245549416820135,0.00165745856353591,0.00300798035604665,0.00429711479435236,0.00282381829343155,0.00141190914671578,0.00116635972989564,0.00141190914671578,0.00178023327194598,0.00171884591774095,0.00147329650092081,0.00110497237569061,0.00128913443830571,0.00202578268876611,0.00171884591774095,0.00122774708410068,0.00202578268876611,0.00147329650092081,0.00208717004297115,0.00171884591774095,0.00190300798035605,0.00196439533456108,0.00171884591774095,0.00135052179251074,0.00165745856353591,0.00178023327194598,0.00141190914671578,0.00171884591774095,0.00294659300184162,0.00159607120933088,0.000552486187845304,0.00128913443830571,0.00104358502148557,0.00159607120933088,0.00276243093922652,0.00104358502148557,0.00104358502148557,0.000859422958870473,0.00104358502148557,0.000306936771025169,0.000429711479435236,0.00135052179251074,0.00135052179251074,0.000429711479435236,0.000245549416820135,0.000429711479435236,0.000552486187845304,0.000368324125230203,0.000429711479435236,0.000675260896255371,0.00049109883364027,0.00147329650092081,0.000798035604665439,0.000429711479435236,0.000184162062615101,0.000675260896255371,0.000736648250460405,0.000429711479435236,0.000675260896255371,0.000613873542050338,0.000675260896255371,0.000920810313075506,0.000736648250460405,0.000184162062615101,0.00049109883364027,0.00104358502148557,0.00110497237569061,0.000736648250460405,0.000675260896255371,0.000368324125230203,0.000306936771025169,0.000798035604665439,0.000245549416820135,0.000429711479435236,0.00049109883364027,0.000306936771025169,0.000368324125230203,0.000306936771025169,0.000245549416820135,0.000552486187845304,0.00049109883364027,0.000552486187845304,0.000429711479435236,0.000368324125230203,0.000552486187845304,0.000368324125230203,0.000368324125230203,0.000859422958870473,0.000552486187845304,0.000859422958870473,0.000368324125230203,0.000798035604665439,0.000429711479435236,0.000736648250460405,0.00049109883364027,0.00049109883364027,0.000429711479435236,0.000306936771025169,0.000306936771025169,0.000368324125230203,0.000552486187845304,0.000736648250460405,0.000613873542050338,0.000613873542050338,0.000368324125230203,0.000368324125230203,0.000122774708410068,0.00098219766728054,0.000429711479435236,0.000429711479435236,0.000306936771025169,0.000368324125230203,0.000736648250460405,0.00049109883364027,0.000920810313075506,0.000920810313075506,0.000736648250460405,0.000675260896255371,0.000798035604665439,0.000245549416820135,0.00116635972989564,0.000613873542050338,0.00110497237569061,0.00135052179251074,0.000429711479435236,0.000859422958870473,0.000920810313075506,0.000920810313075506,0.000613873542050338,0.000613873542050338,0.00049109883364027,0.000920810313075506,0.000859422958870473,0.00104358502148557,0.000859422958870473,0.000613873542050338,0.00110497237569061,0.00098219766728054,0.00098219766728054,0.000368324125230203,0.000798035604665439,0.000920810313075506,0.00098219766728054,0.000798035604665439,0.00104358502148557,0.00098219766728054,0.000859422958870473,0.000798035604665439,0.000675260896255371,0.000798035604665439,0.00110497237569061,0.00110497237569061,0.00104358502148557,0.00098219766728054,0.000798035604665439,0.000429711479435236,0.00165745856353591,0.00135052179251074,0.00110497237569061,0.00178023327194598,0.00110497237569061,0.00190300798035605,0.00110497237569061,0.000429711479435236,0.000613873542050338,0.00147329650092081,0.00104358502148557,0.000859422958870473,0.00202578268876611,0.00202578268876611,0.00098219766728054,0.00184162062615101,0.00147329650092081,0.00141190914671578,0.00208717004297115,0.00306936771025169,0.00141190914671578,0.00153468385512584,0.00282381829343155,0.00245549416820135,0.00110497237569061,0.00098219766728054,0.00171884591774095,0.00110497237569061,0.000859422958870473,0.00214855739717618,0.00184162062615101,0.00116635972989564,0.00214855739717618,0.00147329650092081,0.00202578268876611,0.00116635972989564,0.00159607120933088,0.00184162062615101,0.00171884591774095,0.00184162062615101,0.00263965623081645,0.00276243093922652,0.00159607120933088,0.00263965623081645,0.00202578268876611,0.00214855739717618,0.00190300798035605,0.00319214241866176,0.00128913443830571,0.00178023327194598,0.00282381829343155,0.00300798035604665,0.00214855739717618,0.00159607120933088,0.00239410681399632,0.00306936771025169,0.00135052179251074,0.00171884591774095,0.00208717004297115,0.00184162062615101,0.00141190914671578,0.00171884591774095,0.00135052179251074,0.00128913443830571,0.00227133210558625,0.00171884591774095,0.00239410681399632,0.00184162062615101,0.00184162062615101,0.00239410681399632,0.00159607120933088,0.00135052179251074,0.00128913443830571,0.00116635972989564,0.00159607120933088,0.00190300798035605,0.00214855739717618,0.00239410681399632,0.00171884591774095,0.00178023327194598,0.00325352977286679,0.00227133210558625,0.00147329650092081,0.00178023327194598,0.00190300798035605,0.00276243093922652,0.00110497237569061,0.00122774708410068,0.00116635972989564,0.00214855739717618,0.00190300798035605,0.00128913443830571,0.00098219766728054,0.00110497237569061,0.00104358502148557,0.00116635972989564,0.00147329650092081,0.00128913443830571,0.000736648250460405,0.000552486187845304,0.000798035604665439,0.00196439533456108,0.000368324125230203,0.000552486187845304,0.000859422958870473,0.000675260896255371,0.000122774708410068,6.13873542050338e-05,0.000306936771025169,0.000798035604665439,0.000122774708410068,0.000184162062615101,0.000306936771025169,0.000245549416820135,0.000122774708410068,0.000122774708410068,6.13873542050338e-05,6.13873542050338e-05,0,6.13873542050338e-05,0,0,0,0,0,0,0,0,0,0,0,0,0,0,0,0,0,0,0,0,0,0,0,0,0,0,0,0,0,0,0,0,0,0,0,0,0,0,0,0,0,0,0,0,0,0,0,0,0,0,0,0,0,0,0,0,0,0,0,0,0,0,0,0,0,0,0,0,0,0,0,0,0,0,0,0,0,0,0,0,0,0,0,0,0,0,0,0,0,0,0,0,0,0,0,0,0,0,0,0,0,0,0,0,0,0,0,0,0,0,0,0,0,0,0,0,0,0,0,0,0,0,0,0,0,0,0,0,0,0,0,0,0
0.0639057824114297,0.015059368664929,0.0164430286063648,0.0188885671075072,0.0213984618849953,0.0267722109598739,0.0274157737233324,0.0298934903626476,0.0308910126460083,0.0341410046014738,0.0282202271776555,0.03706921517521,0.0259677575055507,0.0315989316858127,0.0298613122244747,0.0359429803391576,0.0282524053158284,0.0335617981143611,0.03574991151012,0.0332721948708048,0.031888534929369,0.0238440003861377,0.0197573768381761,0.0208836116742285,0.0226534092737394,0.0206261865688451,0.0222672716156643,0.0190172796601989,0.0116806641567719,0.0101361135244715,0.010361360491682,0.00846285033947936,0.00807671268140425,0.00624255880554751,0.00592077742381826,0.00649998391093091,0.00852720661582521,0.00489107700228465,0.00730443736525405,0.00498761141680342,0.00341088264633008,0.00392573285709689,0.00595295556199118,0.00505196769314927,0.00353959519902178,0.00331434823181131,0.00566335231843486,0.00379702030440519,0.0046980081732471,0.00427969237699907,0.00395791099526981,0.00550246162757023,0.00511632396949512,0.00408662354796151,0.0076262187469833,0.00675740901631432,0.00643562763458506,0.0053415709367056,0.005598996042089,0.00324999195546546,0.00296038871190913,0.000289603243556328,9.65344145187759e-05,0.000128712552691701,0.000418315796248029,9.65344145187759e-05,0.000386137658075104,0.000450493934420954,0.000289603243556328,0.000128712552691701,0,0,0,0,0,0,0,0,0,0,0,0,0,0,0,0,0,0,0,0,0,0,0,0,0,0,0,0,0,0,0,0,0,0,0,0,0,0,0,0,0,0,0,0,0,0,0,0,0,0,0,3.21781381729253e-05,0,0,0,0,0,0,0,3.21781381729253e-05,0,0,0,0,0,0,0,0,0,0,0,0,0,0,0,0,0,0,0,0,0,0,0,0,0,0,0,0,0,0,0,0,0,0,0,0,0,0,0,0,0,6.43562763458506e-05,0,0,0,0,0,0,0,0,0,0.000225246967210477,9.65344145187759e-05,6.43562763458506e-05,0,0.000128712552691701,0.000128712552691701,6.43562763458506e-05,0,0,0,0,0,0,3.21781381729253e-05,0,6.43562763458506e-05,3.21781381729253e-05,0,0,0,3.21781381729253e-05,0.000257425105383403,6.43562763458506e-05,0.000225246967210477,0,3.21781381729253e-05,6.43562763458506e-05,0,0,0,3.21781381729253e-05,6.43562763458506e-05,0.000193068829037552,0,6.43562763458506e-05,3.21781381729253e-05,3.21781381729253e-05,0,0,3.21781381729253e-05,3.21781381729253e-05,6.43562763458506e-05,0,3.21781381729253e-05,6.43562763458506e-05,0,0,3.21781381729253e-05,3.21781381729253e-05,0.000160890690864627,0.000160890690864627,0.000257425105383403,6.43562763458506e-05,0.000128712552691701,6.43562763458506e-05,0.000386137658075104,0.000418315796248029,0.000353959519902178,0.000353959519902178,6.43562763458506e-05,0.000353959519902178,3.21781381729253e-05,0,0,3.21781381729253e-05,0,0.000193068829037552,9.65344145187759e-05,0,0,0,0,6.43562763458506e-05,6.43562763458506e-05,3.21781381729253e-05,0,9.65344145187759e-05,6.43562763458506e-05,0.000160890690864627,3.21781381729253e-05,0.000257425105383403,0.000160890690864627,0.000193068829037552,0.000160890690864627,0,0,0,0,0,3.21781381729253e-05,3.21781381729253e-05,9.65344145187759e-05,6.43562763458506e-05,0,0,3.21781381729253e-05,3.21781381729253e-05,3.21781381729253e-05,0.000193068829037552,6.43562763458506e-05,3.21781381729253e-05,9.65344145187759e-05,0,6.43562763458506e-05,0,0,0.000160890690864627,0.000193068829037552,0.000257425105383403,0.000257425105383403,9.65344145187759e-05,0,3.21781381729253e-05,3.21781381729253e-05,0,0.000257425105383403,0.000289603243556328,0.000257425105383403,6.43562763458506e-05,6.43562763458506e-05,0,9.65344145187759e-05,9.65344145187759e-05,0.000225246967210477,0.000225246967210477,0.000160890690864627,0,0,0.000257425105383403,3.21781381729253e-05,0,0,0,0,0,0,0,0,0,0,0,0.000225246967210477,6.43562763458506e-05,0.000257425105383403,3.21781381729253e-05,0,6.43562763458506e-05,0,3.21781381729253e-05,3.21781381729253e-05,0.000257425105383403,9.65344145187759e-05,0.000193068829037552,0,6.43562763458506e-05,3.21781381729253e-05,0,0.000128712552691701,3.21781381729253e-05,0,0,9.65344145187759e-05,6.43562763458506e-05,0,3.21781381729253e-05,6.43562763458506e-05,0.000160890690864627,0,0,0,0.000128712552691701,0.000321781381729253,0.000128712552691701,6.43562763458506e-05,9.65344145187759e-05,0.000289603243556328,6.43562763458506e-05,0.000128712552691701,0.000160890690864627,0.000128712552691701,0.000193068829037552,0.000418315796248029,0.000225246967210477,0.000289603243556328,0.000257425105383403,6.43562763458506e-05,0.000160890690864627,6.43562763458506e-05,0.000128712552691701,9.65344145187759e-05,3.21781381729253e-05,6.43562763458506e-05,0.000128712552691701,0,0.000128712552691701,3.21781381729253e-05,0.000128712552691701,6.43562763458506e-05,0.000160890690864627,3.21781381729253e-05,0.000289603243556328,0.000321781381729253,9.65344145187759e-05,6.43562763458506e-05,3.21781381729253e-05,9.65344145187759e-05,0.000193068829037552,3.21781381729253e-05,0.000225246967210477,0.000225246967210477,0.000225246967210477,0,0,3.21781381729253e-05,0,0.000225246967210477,0.000128712552691701,0.000225246967210477,0,0,0,0,0,0,0,0,0,0,0,0,0,0,0,0,0,0,0,0,0,0,0,0,0,0,0,0,0,0,0,0,0,0,0,0,0,0,0,0,0,0,0,0,0,0,0,0,0,0,0,0,0,0,0,0,0,0,0,0,0,0,0,0,0,0,0,0,0,0,0,0,0,0,0,0,0,0,0,0,0,0,0,0,0,0,0,0,0,0,0,0,0,0,0,0,0,0,0,0,0,0,0,0,0,0,0,0,0,0,0,0,0,0,0,0,0,0,0,0,0,0,0,0,0,0,0,0,0,0,0,0,0,0,0,0,0,0,0,0,0,0,0,0,0,0,0,0,0,0,0,0,0,0,0,0,0,0,0,0
0.0481745013414207,0.0280920720090206,0.0265173607060928,0.035440724756017,0.0360433920447918,0.042011742291691,0.0459776818694351,0.0479606516583071,0.053501302538979,0.0521598817994479,0.0547844006376609,0.0549593685602084,0.0623080213072048,0.0599751156732377,0.0577005326801198,0.0529569578910533,0.0452583692989619,0.0473579843695323,0.0372876083829076,0.0306388273261013,0.025623080213072,0.0188965356351336,0.0150472413390878,0.00962323574011431,0.0050546288735954,0.00303277732415724,0.00171079746490921,0.00101092577471908,0.00050546288735954,0.000174967922547533,0.000213849683113651,0,0,0,0,0,0,0,0,0,0,0,0,0,0,0,0,0,0,0,0,0,0,0,0,0,0,0,0,0,0,0,0,0,0,0,0,0,0,0,0,0,0,0,0,0,0,0,0,0,0,0,0,0,0,0,0,0,0,0,0,0,0,0,0,0,0,0,0,0,0,0,0,0,0,0,0,0,0,0,0,0,0,0,0,0,0,0,0,0,0,0,0,0,0,0,0,0,0,0,0,0,0,0,0,0,0,0,0,0,0,0,0,0,0,0,0,0,0,0,0,0,0,0,0,0,0,0,0,0,0,0,0,0,0,0,0,0,0,0,0,0,0,0,0,0,0,0,0,0,0,0,0,0,0,0,0,0,0,0,0,0,0,0,0,0,0,0,0,0,0,0,0,0,0,0,0,0,0,0,0,0,0,0,0,0,0,0,0,0,0,0,0,0,0,0,0,0,0,0,0,0,0,0,0,0,0,0,0,0,0,0,0,0,0,0,0,0,0,0,0,0,0,0,0,0,0,0,0,0,0,0,0,0,0,0,0,0,0,0,0,0,0,0,0,0,0,0,0,0,0,0,0,0,0,0,0,0,0,0,0,0,0,0,0,0,0,0,0,0,0,0,0,0,0,0,0,0,0,0,0,0,0,0,0,0,0,0,0,0,0,0,0,0,0,0,0,0,0,0,0,0,0,0,0,0,0,0,0,0,0,0,0,0,0,0,0,0,0,0,0,0,0,0,0,0,0,0,0,0,0,0,0,0,0,0,0,0,0,0,0,0,0,0,0,0,0,0,0,0,0,0,0,0,0,0,0,0,0,0,0,0,0,0,0,0,0,0,0,0,0,0,0,0,0,0,0,0,0,0,0,0,0,0,0,0,0,0,0,0,0,0,0,0,0,0,0,0,0,0,0,0,0,0,0,0,0,0,0,0,0,0,0,0,0,0,0,0,0,0,0,0,0,0,0,0,0,0,0,0,0,0,0,0,0,0,0,0,0,0,0,0,0,0,0,0,0,0,0,0,0,0,0,0,0,0,0,0,0,0,0,0,0,0,0,0,0,0,0,0,0,0,0,0,0,0,0,0,0,0,0,0,0,0,0,0,0,0,0,0,0,0,0,0,0,0,0,0,0,0,0,0,0,0,0,0,0,0,0,0,0,0,0,0,0,0,0,0,0,0,0,0,0,0,0,0,0,0,0
0.0543542280185107,0.0291964661337821,0.0408077408498107,0.050231384097602,0.0547749263777871,0.0551956247370635,0.0562053007993269,0.0652923853596971,0.0583929322675642,0.0557004627681952,0.0589398401346235,0.0593184686579722,0.0583087925957089,0.0537231804795961,0.05187210769878,0.0466554480437526,0.038662179217501,0.0310896087505259,0.0302061421960454,0.017753470761464,0.0128733697938578,0.00774084981068574,0.00492217080353387,0.00374421539755995,0.0012620950778292,0.00122002524190156,0.000757257046697518,0.000546907867059318,8.41396718552798e-05,0,0.00016827934371056,0,0,0,0,0,0,0,0,0,0,0,0,0,0,0,0,0,0,0,0,0,0,0,0,0,0,0,0,0,0,0,0,0,0,0,0,0,0,0,0,0,0,0,0,0,0,0,0,0,0,0,0,0,0,0,0,0,0,0,0,0,0,0,0,0,0,0,0,0,0,0,0,0,0,0,0,0,0,0,0,0,0,0,0,0,0,0,0,0,0,0,0,0,0,0,0,0,0,0,0,0,0,0,0,0,0,0,0,0,0,0,0,0,0,0,0,0,0,0,0,0,0,0,0,0,0,0,0,0,0,0,0,0,0,0,0,0,0,0,0,0,0,0,0,0,0,0,0,0,0,0,0,0,0,0,0,0,0,0,0,0,0,0,0,0,0,0,0,0,0,0,0,0,0,0,0,0,0,0,0,0,0,0,0,0,0,0,0,0,0,0,0,0,0,0,0,0,0,0,0,0,0,0,0,0,0,0,0,0,0,0,0,0,0,0,0,0,0,0,0,0,0,0,0,0,0,0,0,0,0,0,0,0,0,0,0,0,0,0,0,0,0,0,0,0,0,0,0,0,0,0,0,0,0,0,0,0,0,0,0,0,0,0,0,0,0,0,0,0,0,0,0,0,0,0,0,0,0,0,0,0,0,0,0,0,0,0,0,0,0,0,0,0,0,0,0,0,0,0,0,0,0,0,0,0,0,0,0,0,0,0,0,0,0,0,0,0,0,0,0,0,0,0,0,0,0,0,0,0,0,0,0,0,0,0,0,0,0,0,0,0,0,0,0,0,0,0,0,0,0,0,0,0,0,0,0,0,0,0,0,0,0,0,0,0,0,0,0,0,0,0,0,0,0,0,0,0,0,0,0,0,0,0,0,0,0,0,0,0,0,0,0,0,0,0,0,0,0,0,0,0,0,0,0,0,0,0,0,0,0,0,0,0,0,0,0,0,0,0,0,0,0,0,0,0,0,0,0,0,0,0,0,0,0,0,0,0,0,0,0,0,0,0,0,0,0,0,0,0,0,0,0,0,0,0,0,0,0,0,0,0,0,0,0,0,0,0,0,0,0,0,0,0,0,0,0,0,0,0,0,0,0,0,0,0,0,0,0,0,0,0,0,0,0,0,0,0,0,0,0,0,0,0,0,0,0,0,0,0,0,0,0,0,0,0,0,0,0,0,0,0,0,0,0,0,0,0,0
0.0466282669174405,0.0362054778417774,0.0425531914893617,0.0481172367853924,0.0597547118059637,0.060460013322362,0.064260804827397,0.0728419732769092,0.0700207672113162,0.0670428274754124,0.063281219387955,0.0644567219152855,0.0534853649935347,0.0502331413345872,0.0505466086752087,0.0385172994788605,0.0318953019082324,0.02433290231574,0.0173582539869127,0.0128521609654794,0.0091297362955997,0.0062301633948513,0.00419262568081188,0.00223345480192782,0.00152815328552956,0.00109713569217507,0.000274283923043768,0.000313467340621449,0.000156733670310725,0,0,0,0,0,0,0,0,0,0,0,0,0,0,0,0,0,0,0,0,0,0,0,0,0,0,0,0,0,0,0,0,0,0,0,0,0,0,0,0,0,0,0,0,0,0,0,0,0,0,0,0,0,0,0,0,0,0,0,0,0,0,0,0,0,0,0,0,0,0,0,0,0,0,0,0,0,0,0,0,0,0,0,0,0,0,0,0,0,0,0,0,0,0,0,0,0,0,0,0,0,0,0,0,0,0,0,0,0,0,0,0,0,0,0,0,0,0,0,0,0,0,0,0,0,0,0,0,0,0,0,0,0,0,0,0,0,0,0,0,0,0,0,0,0,0,0,0,0,0,0,0,0,0,0,0,0,0,0,0,0,0,0,0,0,0,0,0,0,0,0,0,0,0,0,0,0,0,0,0,0,0,0,0,0,0,0,0,0,0,0,0,0,0,0,0,0,0,0,0,0,0,0,0,0,0,0,0,0,0,0,0,0,0,0,0,0,0,0,0,0,0,0,0,0,0,0,0,0,0,0,0,0,0,0,0,0,0,0,0,0,0,0,0,0,0,0,0,0,0,0,0,0,0,0,0,0,0,0,0,0,0,0,0,0,0,0,0,0,0,0,0,0,0,0,0,0,0,0,0,0,0,0,0,0,0,0,0,0,0,0,0,0,0,0,0,0,0,0,0,0,0,0,0,0,0,0,0,0,0,0,0,0,0,0,0,0,0,0,0,0,0,0,0,0,0,0,0,0,0,0,0,0,0,0,0,0,0,0,0,0,0,0,0,0,0,0,0,0,0,0,0,0,0,0,0,0,0,0,0,0,0,0,0,0,0,0,0,0,0,0,0,0,0,0,0,0,0,0,0,0,0,0,0,0,0,0,0,0,0,0,0,0,0,0,0,0,0,0,0,0,0,0,0,0,0,0,0,0,0,0,0,0,0,0,0,0,0,0,0,0,0,0,0,0,0,0,0,0,0,0,0,0,0,0,0,0,0,0,0,0,0,0,0,0,0,0,0,0,0,0,0,0,0,0,0,0,0,0,0,0,0,0,0,0,0,0,0,0,0,0,0,0,0,0,0,0,0,0,0,0,0,0,0,0,0,0,0,0,0,0,0,0,0,0,0,0,0,0,0,0,0,0,0,0,0,0,0,0,0,0,0,0,0,0,0,0,0,0,0,0,0,0,0,0,0,0,0,0,0
0.039428235467039,0.0296906004262512,0.0362680973028588,0.042331153082972,0.0522525170867936,0.0523627544646138,0.0523627544646138,0.0599691335342103,0.0637539501727052,0.0646358491952671,0.0716910413757625,0.0701109722936724,0.0617696773719409,0.0590872345116484,0.0498272947747483,0.0467773939883883,0.0396854560152863,0.0297640920114647,0.0219004923936209,0.0210920849562725,0.0166090982582494,0.00922319394429338,0.00525464834276475,0.00205776438597781,0.00146983170426986,0.000440949511280958,0.00011023737782024,0,7.34915852134931e-05,0,0,0,0,0,0,0,0,0,0,0,0,0,0,0,0,0,0,0,0,0,0,0,0,0,0,0,0,0,0,0,0,0,0,0,0,0,0,0,0,0,0,0,0,0,0,0,0,0,0,0,0,0,0,0,0,0,0,0,0,0,0,0,0,0,0,0,0,0,0,0,0,0,0,0,0,0,0,0,0,0,0,0,0,0,0,0,0,0,0,0,0,0,0,0,0,0,0,0,0,0,0,0,0,0,0,0,0,0,0,0,0,0,0,0,0,0,0,0,0,0,0,0,0,0,0,0,0,0,0,0,0,0,0,0,0,0,0,0,0,0,0,0,0,0,0,0,0,0,0,0,0,0,0,0,0,0,0,0,0,0,0,0,0,0,0,0,0,0,0,0,0,0,0,0,0,0,0,0,0,0,0,0,0,0,0,0,0,0,0,0,0,0,0,0,0,0,0,0,0,0,0,0,0,0,0,0,0,0,0,0,0,0,0,0,0,0,0,0,0,0,0,0,0,0,0,0,0,0,0,0,0,0,0,0,0,0,0,0,0,0,0,0,0,0,0,0,0,0,0,0,0,0,0,0,0,0,0,0,0,0,0,0,0,0,0,0,0,0,0,0,0,0,0,0,0,0,0,0,0,0,0,0,0,0,0,0,0,0,0,0,0,0,0,0,0,0,0,0,0,0,0,0,0,0,0,0,0,0,0,0,0,0,0,0,0,0,0,0,0,0,0,0,0,0,0,0,0,0,0,0,0,0,0,0,0,0,0,0,0,0,0,0,0,0,0,0,0,0,0,0,0,0,0,0,0,0,0,0,0,0,0,0,0,0,0,0,0,0,0,0,0,0,0,0,0,0,0,0,0,0,0,0,0,0,0,0,0,0,0,0,0,0,0,0,0,0,0,0,0,0,0,0,0,0,0,0,0,0,0,0,0,0,0,0,0,0,0,0,0,0,0,0,0,0,0,0,0,0,0,0,0,0,0,0,0,0,0,0,0,0,0,0,0,0,0,0,0,0,0,0,0,0,0,0,0,0,0,0,0,0,0,0,0,0,0,0,0,0,0,0,0,0,0,0,0,0,0,0,0,0,0,0,0,0,0,0,0,0,0,0,0,0,0,0,0,0,0,0,0,0,0,0,0,0,0,0,0,0,0,0,0,0,0,0,0,0,0,0,0,0,0,0,0,0,0,0,0,0,0
0.0475629757348921,0.0333066991883595,0.0330543757096598,0.0414231044198663,0.0491189705202069,0.0478573531267084,0.0572353757517137,0.0600529879305269,0.0629547079355734,0.0596745027124774,0.0618192522814248,0.0632911392405063,0.0616930905420749,0.0568989444467808,0.0577400227091131,0.0497077253038395,0.0489507548677404,0.0408343496362337,0.024937970478153,0.015307624374448,0.0119853652382354,0.0073173808822911,0.00370074435426216,0.00197653391648093,0.00100929391479877,0.000546700870516002,4.20539131166155e-05,0,0,0,0,0,0,0,0,0,0,0,0,0,0,0,0,0,0,0,0,0,0,0,0,0,0,0,0,0,0,0,0,0,0,0,0,0,0,0,0,0,0,0,0,0,0,0,0,0,0,0,0,0,0,0,0,0,0,0,0,0,0,0,0,0,0,0,0,0,0,0,0,0,0,0,0,0,0,0,0,0,0,0,0,0,0,0,0,0,0,0,0,0,0,0,0,0,0,0,0,0,0,0,0,0,0,0,0,0,0,0,0,0,0,0,0,0,0,0,0,0,0,0,0,0,0,0,0,0,0,0,0,0,0,0,0,0,0,0,0,0,0,0,0,0,0,0,0,0,0,0,0,0,0,0,0,0,0,0,0,0,0,0,0,0,0,0,0,0,0,0,0,0,0,0,0,0,0,0,0,0,0,0,0,0,0,0,0,0,0,0,0,0,0,0,0,0,0,0,0,0,0,0,0,0,0,0,0,0,0,0,0,0,0,0,0,0,0,0,0,0,0,0,0,0,0,0,0,0,0,0,0,0,0,0,0,0,0,0,0,0,0,0,0,0,0,0,0,0,0,0,0,0,0,0,0,0,0,0,0,0,0,0,0,0,0,0,0,0,0,0,0,0,0,0,0,0,0,0,0,0,0,0,0,0,0,0,0,0,0,0,0,0,0,0,0,0,0,0,0,0,0,0,0,0,0,0,0,0,0,0,0,0,0,0,0,0,0,0,0,0,0,0,0,0,0,0,0,0,0,0,0,0,0,0,0,0,0,0,0,0,0,0,0,0,0,0,0,0,0,0,0,0,0,0,0,0,0,0,0,0,0,0,0,0,0,0,0,0,0,0,0,0,0,0,0,0,0,0,0,0,0,0,0,0,0,0,0,0,0,0,0,0,0,0,0,0,0,0,0,0,0,0,0,0,0,0,0,0,0,0,0,0,0,0,0,0,0,0,0,0,0,0,0,0,0,0,0,0,0,0,0,0,0,0,0,0,0,0,0,0,0,0,0,0,0,0,0,0,0,0,0,0,0,0,0,0,0,0,0,0,0,0,0,0,0,0,0,0,0,0,0,0,0,0,0,0,0,0,0,0,0,0,0,0,0,0,0,0,0,0,0,0,0,0,0,0,0,0,0,0,0,0,0,0,0,0,0,0,0,0,0,0,0,0,0,0,0,0,0,0,0,0,0,0,0,0,0,0,0,0,0
0.0522689613070147,0.0370068897351667,0.0346812407337423,0.0369778191226489,0.0468908979912207,0.0484607110671822,0.0506991482310532,0.0577342364603622,0.05776330707288,0.0586063548358964,0.0556992935841158,0.0618331928253728,0.062559958138318,0.0524143143696038,0.0566004825721678,0.0487514171923602,0.0381406436233611,0.0332567807203698,0.0320648856071397,0.0236634785894939,0.020058722637286,0.0143318119712782,0.00941887845576906,0.0065699584290241,0.00238379022646007,0.000610482862873921,0.000290706125178057,0.000174423675106834,5.81412250356115e-05,2.90706125178058e-05,0,0,0,0,0,0,0,0,0,0,0,0,0,0,0,0,0,0,0,0,0,0,0,0,0,0,0,0,0,0,0,0,0,0,0,0,0,0,0,0,0,0,0,0,0,0,0,0,0,0,0,0,0,0,0,0,0,0,0,0,0,0,0,0,0,0,0,0,0,0,0,0,0,0,0,0,0,0,0,0,0,0,0,0,0,0,0,0,0,0,0,0,0,0,0,0,0,0,0,0,0,0,0,0,0,0,0,0,0,0,0,0,0,0,0,0,0,0,0,0,0,0,0,0,0,0,0,0,0,0,0,0,0,0,0,0,0,0,0,0,0,0,0,0,0,0,0,0,0,0,0,0,0,0,0,0,0,0,0,0,0,0,0,0,0,0,0,0,0,0,0,0,0,0,0,0,0,0,0,0,0,0,0,0,0,0,0,0,0,0,0,0,0,0,0,0,0,0,0,0,0,0,0,0,0,0,0,0,0,0,0,0,0,0,0,0,0,0,0,0,0,0,0,0,0,0,0,0,0,0,0,0,0,0,0,0,0,0,0,0,0,0,0,0,0,0,0,0,0,0,0,0,0,0,0,0,0,0,0,0,0,0,0,0,0,0,0,0,0,0,0,0,0,0,0,0,0,0,0,0,0,0,0,0,0,0,0,0,0,0,0,0,0,0,0,0,0,0,0,0,0,0,0,0,0,0,0,0,0,0,0,0,0,0,0,0,0,0,0,0,0,0,0,0,0,0,0,0,0,0,0,0,0,0,0,0,0,0,0,0,0,0,0,0,0,0,0,0,0,0,0,0,0,0,0,0,0,0,0,0,0,0,0,0,0,0,0,0,0,0,0,0,0,0,0,0,0,0,0,0,0,0,0,0,0,0,0,0,0,0,0,0,0,0,0,0,0,0,0,0,0,0,0,0,0,0,0,0,0,0,0,0,0,0,0,0,0,0,0,0,0,0,0,0,0,0,0,0,0,0,0,0,0,0,0,0,0,0,0,0,0,0,0,0,0,0,0,0,0,0,0,0,0,0,0,0,0,0,0,0,0,0,0,0,0,0,0,0,0,0,0,0,0,0,0,0,0,0,0,0,0,0,0,0,0,0,0,0,0,0,0,0,0,0,0,0,0,0,0,0,0,0,0,0,0,0,0,0,0,0,0,0,0,0,0,0,0,0,0,0,0,0,0,0,0,0,0,0,0
0.0509263071222725,0.0293948126801153,0.0292301358583779,0.0324001646768217,0.0459036640592837,0.0540963359407163,0.0571428571428571,0.0608892548373816,0.0647591601482091,0.0594071634417456,0.0656237134623302,0.0606422396047756,0.0585426101276245,0.0547138740222314,0.0461095100864553,0.0557431041580898,0.0491560312885961,0.0291066282420749,0.0209551255660766,0.0193906957595718,0.0165911897900371,0.0170028818443804,0.0112391930835735,0.00596953478797859,0.0031700288184438,0.00131741457389872,0.000535199670646357,4.11692054343351e-05,0,0,0,0,0,0,0,0,0,0,0,0,0,0,0,0,0,0,0,0,0,0,0,0,0,0,0,0,0,0,0,0,0,0,0,0,0,0,0,0,0,0,0,0,0,0,0,0,0,0,0,0,0,0,0,0,0,0,0,0,0,0,0,0,0,0,0,0,0,0,0,0,0,0,0,0,0,0,0,0,0,0,0,0,0,0,0,0,0,0,0,0,0,0,0,0,0,0,0,0,0,0,0,0,0,0,0,0,0,0,0,0,0,0,0,0,0,0,0,0,0,0,0,0,0,0,0,0,0,0,0,0,0,0,0,0,0,0,0,0,0,0,0,0,0,0,0,0,0,0,0,0,0,0,0,0,0,0,0,0,0,0,0,0,0,0,0,0,0,0,0,0,0,0,0,0,0,0,0,0,0,0,0,0,0,0,0,0,0,0,0,0,0,0,0,0,0,0,0,0,0,0,0,0,0,0,0,0,0,0,0,0,0,0,0,0,0,0,0,0,0,0,0,0,0,0,0,0,0,0,0,0,0,0,0,0,0,0,0,0,0,0,0,0,0,0,0,0,0,0,0,0,0,0,0,0,0,0,0,0,0,0,0,0,0,0,0,0,0,0,0,0,0,0,0,0,0,0,0,0,0,0,0,0,0,0,0,0,0,0,0,0,0,0,0,0,0,0,0,0,0,0,0,0,0,0,0,0,0,0,0,0,0,0,0,0,0,0,0,0,0,0,0,0,0,0,0,0,0,0,0,0,0,0,0,0,0,0,0,0,0,0,0,0,0,0,0,0,0,0,0,0,0,0,0,0,0,0,0,0,0,0,0,0,0,0,0,0,0,0,0,0,0,0,0,0,0,0,0,0,0,0,0,0,0,0,0,0,0,0,0,0,0,0,0,0,0,0,0,0,0,0,0,0,0,0,0,0,0,0,0,0,0,0,0,0,0,0,0,0,0,0,0,0,0,0,0,0,0,0,0,0,0,0,0,0,0,0,0,0,0,0,0,0,0,0,0,0,0,0,0,0,0,0,0,0,0,0,0,0,0,0,0,0,0,0,0,0,0,0,0,0,0,0,0,0,0,0,0,0,0,0,0,0,0,0,0,0,0,0,0,0,0,0,0,0,0,0,0,0,0,0,0,0,0,0,0,0,0,0,0,0,0,0,0,0,0,0,0,0,0,0,0,0,0,0,0,0,0,0,0
0.051615490375802,0.0291590284142988,0.0314505041246563,0.040730980751604,0.0457149404216315,0.0488657195233731,0.0621562786434464,0.0600366636113657,0.0589482126489459,0.0596356553620532,0.0544798350137489,0.0606095325389551,0.0736136571952337,0.0556828597616865,0.0429078826764436,0.0433088909257562,0.0323098075160403,0.0315650779101742,0.0266384051329056,0.0185609532538955,0.020795142071494,0.0146654445462878,0.013576993583868,0.0120302474793767,0.00710357470210816,0.00309349220898258,0.000229147571035747,0.000515582034830431,0,0,0,0,0,0,0,0,0,0,0,0,0,0,0,0,0,0,0,0,0,0,0,0,0,0,0,0,0,0,0,0,0,0,0,0,0,0,0,0,0,0,0,0,0,0,0,0,0,0,0,0,0,0,0,0,0,0,0,0,0,0,0,0,0,0,0,0,0,0,0,0,0,0,0,0,0,0,0,0,0,0,0,0,0,0,0,0,0,0,0,0,0,0,0,0,0,0,0,0,0,0,0,0,0,0,0,0,0,0,0,0,0,0,0,0,0,0,0,0,0,0,0,0,0,0,0,0,0,0,0,0,0,0,0,0,0,0,0,0,0,0,0,0,0,0,0,0,0,0,0,0,0,0,0,0,0,0,0,0,0,0,0,0,0,0,0,0,0,0,0,0,0,0,0,0,0,0,0,0,0,0,0,0,0,0,0,0,0,0,0,0,0,0,0,0,0,0,0,0,0,0,0,0,0,0,0,0,0,0,0,0,0,0,0,0,0,0,0,0,0,0,0,0,0,0,0,0,0,0,0,0,0,0,0,0,0,0,0,0,0,0,0,0,0,0,0,0,0,0,0,0,0,0,0,0,0,0,0,0,0,0,0,0,0,0,0,0,0,0,0,0,0,0,0,0,0,0,0,0,0,0,0,0,0,0,0,0,0,0,0,0,0,0,0,0,0,0,0,0,0,0,0,0,0,0,0,0,0,0,0,0,0,0,0,0,0,0,0,0,0,0,0,0,0,0,0,0,0,0,0,0,0,0,0,0,0,0,0,0,0,0,0,0,0,0,0,0,0,0,0,0,0,0,0,0,0,0,0,0,0,0,0,0,0,0,0,0,0,0,0,0,0,0,0,0,0,0,0,0,0,0,0,0,0,0,0,0,0,0,0,0,0,0,0,0,0,0,0,0,0,0,0,0,0,0,0,0,0,0,0,0,0,0,0,0,0,0,0,0,0,0,0,0,0,0,0,0,0,0,0,0,0,0,0,0,0,0,0,0,0,0,0,0,0,0,0,0,0,0,0,0,0,0,0,0,0,0,0,0,0,0,0,0,0,0,0,0,0,0,0,0,0,0,0,0,0,0,0,0,0,0,0,0,0,0,0,0,0,0,0,0,0,0,0,0,0,0,0,0,0,0,0,0,0,0,0,0,0,0,0,0,0,0,0,0,0,0,0,0,0,0,0,0,0,0,0,0,0,0,0
0.0543996225524888,0.0276008492569002,0.032554847841472,0.0409530549657938,0.0525595659353621,0.0506251474404341,0.0700165133286152,0.0650625147440434,0.0716678461901392,0.0644019815994338,0.0612880396319887,0.0653927813163482,0.0650153338051427,0.0615239443264921,0.041519226232602,0.0415664071715027,0.0312809624911536,0.0253833451285681,0.0223637650389243,0.0193441849492805,0.0122670441141779,0.00882283557442793,0.00665251238499646,0.00518990327907525,0.00127388535031847,0.000707714083510262,0.000377447511205473,9.43618778013682e-05,9.43618778013682e-05,0,0,0,0,0,0,0,0,0,0,0,0,0,0,0,0,0,0,0,0,0,0,0,0,0,0,0,0,0,0,0,0,0,0,0,0,0,0,0,0,0,0,0,0,0,0,0,0,0,0,0,0,0,0,0,0,0,0,0,0,0,0,0,0,0,0,0,0,0,0,0,0,0,0,0,0,0,0,0,0,0,0,0,0,0,0,0,0,0,0,0,0,0,0,0,0,0,0,0,0,0,0,0,0,0,0,0,0,0,0,0,0,0,0,0,0,0,0,0,0,0,0,0,0,0,0,0,0,0,0,0,0,0,0,0,0,0,0,0,0,0,0,0,0,0,0,0,0,0,0,0,0,0,0,0,0,0,0,0,0,0,0,0,0,0,0,0,0,0,0,0,0,0,0,0,0,0,0,0,0,0,0,0,0,0,0,0,0,0,0,0,0,0,0,0,0,0,0,0,0,0,0,0,0,0,0,0,0,0,0,0,0,0,0,0,0,0,0,0,0,0,0,0,0,0,0,0,0,0,0,0,0,0,0,0,0,0,0,0,0,0,0,0,0,0,0,0,0,0,0,0,0,0,0,0,0,0,0,0,0,0,0,0,0,0,0,0,0,0,0,0,0,0,0,0,0,0,0,0,0,0,0,0,0,0,0,0,0,0,0,0,0,0,0,0,0,0,0,0,0,0,0,0,0,0,0,0,0,0,0,0,0,0,0,0,0,0,0,0,0,0,0,0,0,0,0,0,0,0,0,0,0,0,0,0,0,0,0,0,0,0,0,0,0,0,0,0,0,0,0,0,0,0,0,0,0,0,0,0,0,0,0,0,0,0,0,0,0,0,0,0,0,0,0,0,0,0,0,0,0,0,0,0,0,0,0,0,0,0,0,0,0,0,0,0,0,0,0,0,0,0,0,0,0,0,0,0,0,0,0,0,0,0,0,0,0,0,0,0,0,0,0,0,0,0,0,0,0,0,0,0,0,0,0,0,0,0,0,0,0,0,0,0,0,0,0,0,0,0,0,0,0,0,0,0,0,0,0,0,0,0,0,0,0,0,0,0,0,0,0,0,0,0,0,0,0,0,0,0,0,0,0,0,0,0,0,0,0,0,0,0,0,0,0,0,0,0,0,0,0,0,0,0,0,0,0,0,0,0,0,0,0,0,0,0,0,0,0,0,0,0,0,0,0,0,0,0,0,0,0
0.0562653074733567,0.0307804329118951,0.0385251869994042,0.0426292447209903,0.0442841067055008,0.0528893890249553,0.0563976964321176,0.0551400013238896,0.0462037466075329,0.0550738068445092,0.0600383927980406,0.0657311180247567,0.0587145032104322,0.0573244191434434,0.0493148871384127,0.0438207453498378,0.0431588005560336,0.0348844906334812,0.0281988482160588,0.0210498444429735,0.0161514529688224,0.0164162308863441,0.0132388958760839,0.00887006023697624,0.00238300125769511,0.00145627854636923,0.000463361355662938,0.000529555835043357,6.61944793804197e-05,0,0,0,0,0,0,0,0,0,0,0,0,0,0,0,0,0,0,0,0,0,0,0,0,0,0,0,0,0,0,0,0,0,0,0,0,0,0,0,0,0,0,0,0,0,0,0,0,0,0,0,0,0,0,0,0,0,0,0,0,0,0,0,0,0,0,0,0,0,0,0,0,0,0,0,0,0,0,0,0,0,0,0,0,0,0,0,0,0,0,0,0,0,0,0,0,0,0,0,0,0,0,0,0,0,0,0,0,0,0,0,0,0,0,0,0,0,0,0,0,0,0,0,0,0,0,0,0,0,0,0,0,0,0,0,0,0,0,0,0,0,0,0,0,0,0,0,0,0,0,0,0,0,0,0,0,0,0,0,0,0,0,0,0,0,0,0,0,0,0,0,0,0,0,0,0,0,0,0,0,0,0,0,0,0,0,0,0,0,0,0,0,0,0,0,0,0,0,0,0,0,0,0,0,0,0,0,0,0,0,0,0,0,0,0,0,0,0,0,0,0,0,0,0,0,0,0,0,0,0,0,0,0,0,0,0,0,0,0,0,0,0,0,0,0,0,0,0,0,0,0,0,0,0,0,0,0,0,0,0,0,0,0,0,0,0,0,0,0,0,0,0,0,0,0,0,0,0,0,0,0,0,0,0,0,0,0,0,0,0,0,0,0,0,0,0,0,0,0,0,0,0,0,0,0,0,0,0,0,0,0,0,0,0,0,0,0,0,0,0,0,0,0,0,0,0,0,0,0,0,0,0,0,0,0,0,0,0,0,0,0,0,0,0,0,0,0,0,0,0,0,0,0,0,0,0,0,0,0,0,0,0,0,0,0,0,0,0,0,0,0,0,0,0,0,0,0,0,0,0,0,0,0,0,0,0,0,0,0,0,0,0,0,0,0,0,0,0,0,0,0,0,0,0,0,0,0,0,0,0,0,0,0,0,0,0,0,0,0,0,0,0,0,0,0,0,0,0,0,0,0,0,0,0,0,0,0,0,0,0,0,0,0,0,0,0,0,0,0,0,0,0,0,0,0,0,0,0,0,0,0,0,0,0,0,0,0,0,0,0,0,0,0,0,0,0,0,0,0,0,0,0,0,0,0,0,0,0,0,0,0,0,0,0,0,0,0,0,0,0,0,0,0,0,0,0,0,0,0,0,0,0,0,0,0,0,0,0,0,0,0,0,0,0,0,0,0,0,0,0
0.0601737701068451,0.0401549841493484,0.0420922860162029,0.0473171304449924,0.0580603498884584,0.0555946929670072,0.0544792767406364,0.0495479628977339,0.0469061876247505,0.0438534695315252,0.0392156862745098,0.0399788657978161,0.0439121756487026,0.0499001996007984,0.0480803099682987,0.0402136902665258,0.0408594575554773,0.0471410120934601,0.0391569801573324,0.0336386051426559,0.0253023365034637,0.0171421862158037,0.0207232593636257,0.00886462369378889,0.00481390160854761,0.00281789362451567,5.87061171774099e-05,0,0,0,0,0,0,0,0,0,0,0,0,0,0,0,0,0,0,0,0,0,0,0,0,0,0,0,0,0,0,0,0,0,0,0,0,0,0,0,0,0,0,0,0,0,0,0,0,0,0,0,0,0,0,0,0,0,0,0,0,0,0,0,0,0,0,0,0,0,0,0,0,0,0,0,0,0,0,0,0,0,0,0,0,0,0,0,0,0,0,0,0,0,0,0,0,0,0,0,0,0,0,0,0,0,0,0,0,0,0,0,0,0,0,0,0,0,0,0,0,0,0,0,0,0,0,0,0,0,0,0,0,0,0,0,0,0,0,0,0,0,0,0,0,0,0,0,0,0,0,0,0,0,0,0,0,0,0,0,0,0,0,0,0,0,0,0,0,0,0,0,0,0,0,0,0,0,0,0,0,0,0,0,0,0,0,0,0,0,0,0,0,0,0,0,0,0,0,0,0,0,0,0,0,0,0,0,0,0,0,0,0,0,0,0,0,0,0,0,0,0,0,0,0,0,0,0,0,0,0,0,0,0,0,0,0,0,0,0,0,0,0,0,0,0,0,0,0,0,0,0,0,0,0,0,0,0,0,0,0,0,0,0,0,0,0,0,0,0,0,0,0,0,0,0,0,0,0,0,0,0,0,0,0,0,0,0,0,0,0,0,0,0,0,0,0,0,0,0,0,0,0,0,0,0,0,0,0,0,0,0,0,0,0,0,0,0,0,0,0,0,0,0,0,0,0,0,0,0,0,0,0,0,0,0,0,0,0,0,0,0,0,0,0,0,0,0,0,0,0,0,0,0,0,0,0,0,0,0,0,0,0,0,0,0,0,0,0,0,0,0,0,0,0,0,0,0,0,0,0,0,0,0,0,0,0,0,0,0,0,0,0,0,0,0,0,0,0,0,0,0,0,0,0,0,0,0,0,0,0,0,0,0,0,0,0,0,0,0,0,0,0,0,0,0,0,0,0,0,0,0,0,0,0,0,0,0,0,0,0,0,0,0,0,0,0,0,0,0,0,0,0,0,0,0,0,0,0,0,0,0,0,0,0,0,0,0,0,0,0,0,0,0,0,0,0,0,0,0,0,0,0,0,0,0,0,0,0,0,0,0,0,0,0,0,0,0,0,0,0,0,0,0,0,0,0,0,0,0,0,0,0,0,0,0,0,0,0,0,0,0,0,0,0,0,0,0,0,0,0,0,0
0.0563121272365805,0.0273359840954274,0.0314115308151093,0.0518886679920477,0.0494532803180915,0.0569085487077535,0.0581013916500994,0.0683399602385686,0.0743538767395626,0.0594433399602386,0.0570576540755467,0.0490556660039761,0.0533300198807157,0.0565109343936382,0.0497017892644135,0.0438369781312127,0.036182902584493,0.0313618290258449,0.0233598409542744,0.0203777335984095,0.0153578528827038,0.0136679920477137,0.00685884691848907,0.00482107355864811,0.00188866799204771,0.00248508946322068,0.000447316103379722,0.000149105367793241,0,0,0,0,0,0,0,0,0,0,0,0,0,0,0,0,0,0,0,0,0,0,0,0,0,0,0,0,0,0,0,0,0,0,0,0,0,0,0,0,0,0,0,0,0,0,0,0,0,0,0,0,0,0,0,0,0,0,0,0,0,0,0,0,0,0,0,0,0,0,0,0,0,0,0,0,0,0,0,0,0,0,0,0,0,0,0,0,0,0,0,0,0,0,0,0,0,0,0,0,0,0,0,0,0,0,0,0,0,0,0,0,0,0,0,0,0,0,0,0,0,0,0,0,0,0,0,0,0,0,0,0,0,0,0,0,0,0,0,0,0,0,0,0,0,0,0,0,0,0,0,0,0,0,0,0,0,0,0,0,0,0,0,0,0,0,0,0,0,0,0,0,0,0,0,0,0,0,0,0,0,0,0,0,0,0,0,0,0,0,0,0,0,0,0,0,0,0,0,0,0,0,0,0,0,0,0,0,0,0,0,0,0,0,0,0,0,0,0,0,0,0,0,0,0,0,0,0,0,0,0,0,0,0,0,0,0,0,0,0,0,0,0,0,0,0,0,0,0,0,0,0,0,0,0,0,0,0,0,0,0,0,0,0,0,0,0,0,0,0,0,0,0,0,0,0,0,0,0,0,0,0,0,0,0,0,0,0,0,0,0,0,0,0,0,0,0,0,0,0,0,0,0,0,0,0,0,0,0,0,0,0,0,0,0,0,0,0,0,0,0,0,0,0,0,0,0,0,0,0,0,0,0,0,0,0,0,0,0,0,0,0,0,0,0,0,0,0,0,0,0,0,0,0,0,0,0,0,0,0,0,0,0,0,0,0,0,0,0,0,0,0,0,0,0,0,0,0,0,0,0,0,0,0,0,0,0,0,0,0,0,0,0,0,0,0,0,0,0,0,0,0,0,0,0,0,0,0,0,0,0,0,0,0,0,0,0,0,0,0,0,0,0,0,0,0,0,0,0,0,0,0,0,0,0,0,0,0,0,0,0,0,0,0,0,0,0,0,0,0,0,0,0,0,0,0,0,0,0,0,0,0,0,0,0,0,0,0,0,0,0,0,0,0,0,0,0,0,0,0,0,0,0,0,0,0,0,0,0,0,0,0,0,0,0,0,0,0,0,0,0,0,0,0,0,0,0,0,0,0,0,0,0,0,0,0,0,0,0,0,0,0,0,0,0,0,0,0,0,0,0
0.0488991437784944,0.0267986211497832,0.0281329923273657,0.0405315245190704,0.0415601023017903,0.0514566885355276,0.0560435894584677,0.0533470477037696,0.0545146224841543,0.0599633047926165,0.0646336039141555,0.0597409095963527,0.0607694873790726,0.0600189035916824,0.0478149671967086,0.0442844434560214,0.0419492938952519,0.0381685755587679,0.0329978872456355,0.025075058378739,0.0229901034137663,0.0148170799510731,0.0110085622150562,0.00764483487156677,0.00294673635049483,0.001862559768709,0.00125097297898365,0.000555987990659402,0.000194595796730791,2.77993995329701e-05,0,0,0,0,0,0,0,0,0,0,0,0,0,0,0,0,0,0,0,0,0,0,0,0,0,0,0,0,0,0,0,0,0,0,0,0,0,0,0,0,0,0,0,0,0,0,0,0,0,0,0,0,0,0,0,0,0,0,0,0,0,0,0,0,0,0,0,0,0,0,0,0,0,0,0,0,0,0,0,0,0,0,0,0,0,0,0,0,0,0,0,0,0,0,0,0,0,0,0,0,0,0,0,0,0,0,0,0,0,0,0,0,0,0,0,0,0,0,0,0,0,0,0,0,0,0,0,0,0,0,0,0,0,0,0,0,0,0,0,0,0,0,0,0,0,0,0,0,0,0,0,0,0,0,0,0,0,0,0,0,0,0,0,0,0,0,0,0,0,0,0,0,0,0,0,0,0,0,0,0,0,0,0,0,0,0,0,0,0,0,0,0,0,0,0,0,0,0,0,0,0,0,0,0,0,0,0,0,0,0,0,0,0,0,0,0,0,0,0,0,0,0,0,0,0,0,0,0,0,0,0,0,0,0,0,0,0,0,0,0,0,0,0,0,0,0,0,0,0,0,0,0,0,0,0,0,0,0,0,0,0,0,0,0,0,0,0,0,0,0,0,0,0,0,0,0,0,0,0,0,0,0,0,0,0,0,0,0,0,0,0,0,0,0,0,0,0,0,0,0,0,0,0,0,0,0,0,0,0,0,0,0,0,0,0,0,0,0,0,0,0,0,0,0,0,0,0,0,0,0,0,0,0,0,0,0,0,0,0,0,0,0,0,0,0,0,0,0,0,0,0,0,0,0,0,0,0,0,0,0,0,0,0,0,0,0,0,0,0,0,0,0,0,0,0,0,0,0,0,0,0,0,0,0,0,0,0,0,0,0,0,0,0,0,0,0,0,0,0,0,0,0,0,0,0,0,0,0,0,0,0,0,0,0,0,0,0,0,0,0,0,0,0,0,0,0,0,0,0,0,0,0,0,0,0,0,0,0,0,0,0,0,0,0,0,0,0,0,0,0,0,0,0,0,0,0,0,0,0,0,0,0,0,0,0,0,0,0,0,0,0,0,0,0,0,0,0,0,0,0,0,0,0,0,0,0,0,0,0,0,0,0,0,0,0,0,0,0,0,0,0,0,0,0,0,0,0,0,0,0,0,0,0,0,0,0,0,0,0,0,0,0,0,0,0,0,0,0,0
0.0443517138599106,0.0286140089418778,0.0328166915052161,0.0341877794336811,0.0461102831594635,0.0518032786885246,0.0510879284649776,0.0489716840536513,0.0495380029806259,0.0594336810730253,0.0627719821162444,0.058301043219076,0.0598807749627422,0.0578241430700447,0.0556780923994039,0.0472727272727273,0.0487034277198212,0.0449180327868852,0.0375558867362146,0.0260506706408346,0.0210134128166915,0.0156482861400894,0.00795827123695976,0.00503725782414307,0.00250372578241431,0.000804769001490313,0.000566318926974665,0.000476900149031297,5.96125186289121e-05,5.96125186289121e-05,0,0,0,0,0,0,0,0,0,0,0,0,0,0,0,0,0,0,0,0,0,0,0,0,0,0,0,0,0,0,0,0,0,0,0,0,0,0,0,0,0,0,0,0,0,0,0,0,0,0,0,0,0,0,0,0,0,0,0,0,0,0,0,0,0,0,0,0,0,0,0,0,0,0,0,0,0,0,0,0,0,0,0,0,0,0,0,0,0,0,0,0,0,0,0,0,0,0,0,0,0,0,0,0,0,0,0,0,0,0,0,0,0,0,0,0,0,0,0,0,0,0,0,0,0,0,0,0,0,0,0,0,0,0,0,0,0,0,0,0,0,0,0,0,0,0,0,0,0,0,0,0,0,0,0,0,0,0,0,0,0,0,0,0,0,0,0,0,0,0,0,0,0,0,0,0,0,0,0,0,0,0,0,0,0,0,0,0,0,0,0,0,0,0,0,0,0,0,0,0,0,0,0,0,0,0,0,0,0,0,0,0,0,0,0,0,0,0,0,0,0,0,0,0,0,0,0,0,0,0,0,0,0,0,0,0,0,0,0,0,0,0,0,0,0,0,0,0,0,0,0,0,0,0,0,0,0,0,0,0,0,0,0,0,0,0,0,0,0,0,0,0,0,0,0,0,0,0,0,0,0,0,0,0,0,0,0,0,0,0,0,0,0,0,0,0,0,0,0,0,0,0,0,0,0,0,0,0,0,0,0,0,0,0,0,0,0,0,0,0,0,0,0,0,0,0,0,0,0,0,0,0,0,0,0,0,0,0,0,0,0,0,0,0,0,0,0,0,0,0,0,0,0,0,0,0,0,0,0,0,0,0,0,0,0,0,0,0,0,0,0,0,0,0,0,0,0,0,0,0,0,0,0,0,0,0,0,0,0,0,0,0,0,0,0,0,0,0,0,0,0,0,0,0,0,0,0,0,0,0,0,0,0,0,0,0,0,0,0,0,0,0,0,0,0,0,0,0,0,0,0,0,0,0,0,0,0,0,0,0,0,0,0,0,0,0,0,0,0,0,0,0,0,0,0,0,0,0,0,0,0,0,0,0,0,0,0,0,0,0,0,0,0,0,0,0,0,0,0,0,0,0,0,0,0,0,0,0,0,0,0,0,0,0,0,0,0,0,0,0,0,0,0,0,0,0,0,0,0,0,0,0,0,0,0,0,0,0,0,0,0,0,0,0,0,0,0,0,0
0.0489420977336044,0.0280475867781041,0.0304946916647843,0.0303817483623221,0.0334312175288005,0.0412996009336646,0.0501844740606882,0.0497703486183269,0.0546645583916874,0.0597846547699721,0.0583916873729388,0.0644906257058956,0.0567351856034937,0.0539868985769144,0.0480385513139071,0.0480761990813945,0.0478126647089828,0.0401325201415556,0.0311723514795573,0.0293652586401626,0.0264287327761464,0.0233416158421806,0.0152473458323921,0.00869663428958663,0.00790603117235148,0.00549657405315865,0.00316241246894059,0.00244710488668022,0.00135531962954597,0.000451773209848656,0.000150591069949552,7.5295534974776e-05,3.7647767487388e-05,0,0,0,0,0,0,0,0,0,0,0,0,0,0,0,0,0,0,0,0,0,0,0,0,0,0,0,0,0,0,0,0,0,0,0,0,0,0,0,0,0,0,0,0,0,0,0,0,0,0,0,0,0,0,0,0,0,0,0,0,0,0,0,0,0,0,0,0,0,0,0,0,0,0,0,0,0,0,0,0,0,0,0,0,0,0,0,0,0,0,0,0,0,0,0,0,0,0,0,0,0,0,0,0,0,0,0,0,0,0,0,0,0,0,0,0,0,0,0,0,0,0,0,0,0,0,0,0,0,0,0,0,0,0,0,0,0,0,0,0,0,0,0,0,0,0,0,0,0,0,0,0,0,0,0,0,0,0,0,0,0,0,0,0,0,0,0,0,0,0,0,0,0,0,0,0,0,0,0,0,0,0,0,0,0,0,0,0,0,0,0,0,0,0,0,0,0,0,0,0,0,0,0,0,0,0,0,0,0,0,0,0,0,0,0,0,0,0,0,0,0,0,0,0,0,0,0,0,0,0,0,0,0,0,0,0,0,0,0,0,0,0,0,0,0,0,0,0,0,0,0,0,0,0,0,0,0,0,0,0,0,0,0,0,0,0,0,0,0,0,0,0,0,0,0,0,0,0,0,0,0,0,0,0,0,0,0,0,0,0,0,0,0,0,0,0,0,0,0,0,0,0,0,0,0,0,0,0,0,0,0,0,0,0,0,0,0,0,0,0,0,0,0,0,0,0,0,0,0,0,0,0,0,0,0,0,0,0,0,0,0,0,0,0,0,0,0,0,0,0,0,0,0,0,0,0,0,0,0,0,0,0,0,0,0,0,0,0,0,0,0,0,0,0,0,0,0,0,0,0,0,0,0,0,0,0,0,0,0,0,0,0,0,0,0,0,0,0,0,0,0,0,0,0,0,0,0,0,0,0,0,0,0,0,0,0,0,0,0,0,0,0,0,0,0,0,0,0,0,0,0,0,0,0,0,0,0,0,0,0,0,0,0,0,0,0,0,0,0,0,0,0,0,0,0,0,0,0,0,0,0,0,0,0,0,0,0,0,0,0,0,0,0,0,0,0,0,0,0,0,0,0,0,0,0,0,0,0,0,0,0,0,0,0,0,0,0,0,0,0,0,0,0,0,0,0,0,0,0,0,0,0,0,0,0,0,0,0,0,0,0,0,0,0,0,0
0.835331144282384,0.0630056716320048,0.0129410526424767,0.00505736337267988,0.00362349473989347,0.00259511242323799,0.00160469052766711,0.0060840202156497,0.00478991495140203,0.00954877137646212,0.00435164463524349,0.00677420968991512,0.00232248758090315,0.00318349895004926,0.00331636042384536,0.00231903663353182,0.0026468766338079,0.00143214315910075,0.0031627932658213,0.00966092716603026,0.0111638147462432,0.00136312421167421,0.00155120084341154,0.00170994442249258,0.000201880421222636,0.000258821052849534,0,0,0,0,0,0,0,0,0,0,0,0,0,0,0,0,0,0,0,0,0,0,0,0,0,0,0,0,0,0,0,0,0,0,0,0,0,0,0,0,0,0,0,0,0,0,0,0,0,0,0,0,0,0,0,0,0,0,0,0,0,0,0,0,0,0,0,0,0,0,0,0,0,0,0,0,0,0,0,0,0,0,0,0,0,0,0,0,0,0,0,0,0,0,0,0,0,0,0,0,0,0,0,0,0,0,0,0,0,0,0,0,0,0,0,0,0,0,0,0,0,0,0,0,0,0,0,0,0,0,0,0,0,0,0,0,0,0,0,0,0,0,0,0,0,0,0,0,0,0,0,0,0,0,0,0,0,0,0,0,0,0,0,0,0,0,0,0,0,0,0,0,0,0,0,0,0,0,0,0,0,0,0,0,0,0,0,0,0,0,0,0,0,0,0,0,0,0,0,0,0,0,0,0,0,0,0,0,0,0,0,0,0,0,0,0,0,0,0,0,0,0,0,0,0,0,0,0,0,0,0,0,0,0,0,0,0,0,0,0,0,0,0,0,0,0,0,0,0,0,0,0,0,0,0,0,0,0,0,0,0,0,0,0,0,0,0,0,0,0,0,0,0,0,0,0,0,0,0,0,0,0,0,0,0,0,0,0,0,0,0,0,0,0,0,0,0,0,0,0,0,0,0,0,0,0,0,0,0,0,0,0,0,0,0,0,0,0,0,0,0,0,0,0,0,0,0,0,0,0,0,0,0,0,0,0,0,0,0,0,0,0,0,0,0,0,0,0,0,0,0,0,0,0,0,0,0,0,0,0,0,0,0,0,0,0,0,0,0,0,0,0,0,0,0,0,0,0,0,0,0,0,0,0,0,0,0,0,0,0,0,0,0,0,0,0,0,0,0,0,0,0,0,0,0,0,0,0,0,0,0,0,0,0,0,0,0,0,0,0,0,0,0,0,0,0,0,0,0,0,0,0,0,0,0,0,0,0,0,0,0,0,0,0,0,0,0,0,0,0,0,0,0,0,0,0,0,0,0,0,0,0,0,0,0,0,0,0,0,0,0,0,0,0,0,0,0,0,0,0,0,0,0,0,0,0,0,0,0,0,0,0,0,0,0,0,0,0,0,0,0,0,0,0,0,0,0,0,0,0,0,0,0,0,0,0,0,0,0,0,0,0,0,0,0,0,0,0,0,0,0,0,0
0.0726024037282315,0.0113441255825362,0.00619327937208732,0.00472160902624479,0.0147780230561688,0.0144101054697081,0.00993377483443709,0.0104243316163846,0.0141035074809909,0.0113441255825362,0.0184571989207751,0.0179666421388276,0.0196222712779004,0.0233014471425067,0.0247117978906058,0.0240986019131714,0.0269806230071131,0.0294947265145941,0.0242212411086583,0.0210939416237429,0.0271645818003434,0.0222590139808683,0.024589158695119,0.0166789305862154,0.0283296541574687,0.0237306843267108,0.019009075300466,0.0241599215109149,0.0232401275447633,0.0188864361049791,0.0189477557027226,0.0219524159921511,0.0193156732891832,0.0125091979396615,0.0142874662742212,0.0173534461613932,0.0157591366200638,0.0187637969094923,0.0161270542065244,0.0138582290900172,0.012570517537405,0.0114054451802796,0.0151459406426294,0.0142261466764778,0.00852342408633799,0.0090139808682855,0.00705175374049546,0.00993377483443709,0.00827814569536424,0.0071130733382389,0.00913662006377238,0.00607064017660044,0.00766494971792985,0.00643855776306107,0.00398577385332352,0.0063159185675742,0.00453765023301447,0.0049055678194751,0.00312729948491538,0.00441501103752759,0.00472160902624479,0.0063159185675742,0.00386313465783664,0.00398577385332352,0.00214618592102036,0.0033112582781457,0.00582536178562669,0.00723571253372578,0.0022075055187638,0.00202354672553348,0.000981113563895021,0.000674515575177827,0.000122639195486878,0,0,0,0,0,0,0,0,0,0,0,0,0,0,0,0,0,0,0,0,0,0,0,0,0,0,0,0,0,0,0,0,0,0,0,0,0,0,0,0,0,0,0,0,0,0,0,0,0,0,0,0,0,0,0,0,0,0,0,0,0,0,0,0,0,0,0,0,0,0,0,0,0,0,0,0,0,0,0,0,0,0,0,0,0,0,0,0,0,0,0,0,0,0,0,0,0,0,0,0,0,0,0,0,0,0,0,0,0,0,0,0,0,0,0,0,0,0,0,0,0,0,0,0,0,0,0,0,0,0,0,0,0,0,0,0,0,0,0,0,0,0,0,0,0,0,0,0,0,0,0,0,0,0,0,0,0,0,0,0,0,0,0,0,0,0,0,0,0,0,0,0,0,0,0,0,0,0,0,0,0,0,0,0,0,0,0,0,0,0,0,0,0,0,0,0,0,0,0,0,0,0,0,0,0,0,0,0,0,0,0,0,0,0,0,0,0,0,0,0,0,0,0,0,0,0,0,0,0,0,0,0,0,0,0,0,0,0,0,0,0,0,0,0,0,0,0,0,0,0,0,0,0,0,0,0,0,0,0,0,0,0,0,0,0,0,0,0,0,0,0,0,0,0,0,0,0,0,0,0,0,0,0,0,0,0,0,0,0,0,0,0,0,0,0,0,0,0,0,0,0,0,0,0,0,0,0,0,0,0,0,0,0,0,0,0,0,0,0,0,0,0,0,0,0,0,0,0,0,0,0,0,0,0,0,0,0,0,0,0,0,0,0,0,0,0,0,0,0,0,0,0,0,0,0,0,0,0,0,0,0,0,0,0,0,0,0,0,0,0,0,0,0,0,0,0,0,0,0,0,0,0,0,0,0,0,0,0,0,0,0,0,0,0,0,0,0,0,0,0,0,0,0,0,0,0,0,0,0,0,0,0,0,0,0,0,0,0,0,0,0,0,0,0,0,0,0,0,0,0,0,0,0,0,0,0,0,0,0,0,0,0,0,0,0,0,0,0,0,0,0,0,0,0,0,0,0,0,0,0,0,0,0,0,0,0,0,0,0,0,0,0,0,0,0,0,0,0,0,0,0,0,0,0,0,0
0.0589877835951134,0.00977312390924956,0.00494473531122746,0.00226876090750436,0.00418848167539267,0.00343222803955788,0.00372309482257126,0.00575916230366492,0.00546829552065154,0.00570098894706225,0.00965677719604421,0.0106457242582897,0.00977312390924956,0.0136707388016289,0.0089586969168121,0.0100058173356603,0.00936591041303083,0.0105293775450844,0.0127981384525887,0.0192553810354857,0.0132635253054101,0.00971495055264689,0.00965677719604421,0.00796974985456661,0.00884235020360675,0.0135543920884235,0.00924956369982548,0.0134380453752182,0.0140197789412449,0.0109365910413031,0.0115183246073298,0.00866783013379872,0.010238510762071,0.0152995927865038,0.0109365910413031,0.0153577661431065,0.00907504363001745,0.00674810936591041,0.00488656195462478,0.00523560209424084,0.00593368237347295,0.00610820244328098,0.0045956951716114,0.00686445607911576,0.00698080279232112,0.00831878999418267,0.00610820244328098,0.00668993600930774,0.0072716695753345,0.00453752181500873,0.00756253635834788,0.00488656195462478,0.00407213496218732,0.00471204188481675,0.00395578824898197,0.00279232111692845,0.00331588132635253,0.00255962769051774,0.00273414776032577,0.00331588132635253,0.00378126817917394,0.00279232111692845,0.00162885398487493,0.00174520069808028,0.0016870273414776,0.00116346713205352,0.0016870273414776,0.00157068062827225,0.00104712041884817,0.00174520069808028,0.00162885398487493,0.0012216404886562,0.0016870273414776,0.00221058755090169,0.00186154741128563,0.00162885398487493,0.00174520069808028,0.0016870273414776,0.00232693426410704,0.00232693426410704,0.00296684118673647,0.00267597440372309,0.00151250727166958,0.00279232111692845,0.0016870273414776,0.00186154741128563,0.0012216404886562,0.0014543339150669,0.00337405468295521,0.0016870273414776,0.00162885398487493,0.00203606748109366,0.00104712041884817,0.00110529377545084,0.00116346713205352,0.000639906922629436,0.00127981384525887,0.00221058755090169,0.00285049447353112,0.00191972076788831,0.00180337405468296,0.00191972076788831,0.0014543339150669,0.00174520069808028,0.00279232111692845,0.0014543339150669,0.00215241419429901,0.00151250727166958,0.00273414776032577,0.00261780104712042,0.00191972076788831,0.00261780104712042,0.00407213496218732,0.00261780104712042,0.00191972076788831,0.00110529377545084,0.00157068062827225,0.00139616055846422,0.00215241419429901,0.00157068062827225,0.00133798720186155,0.000988947062245492,0.00116346713205352,0.000814426992437464,0.00279232111692845,0.00110529377545084,0.0014543339150669,0.00116346713205352,0.00116346713205352,0.00221058755090169,0.00151250727166958,0.0014543339150669,0.00104712041884817,0.0014543339150669,0.00104712041884817,0.000930773705642816,0.00209424083769634,0.000698080279232112,0.000930773705642816,0.0016870273414776,0.00267597440372309,0.00413030831878999,0.00471204188481675,0.00442117510180337,0.00197789412449098,0.00261780104712042,0.00209424083769634,0.00197789412449098,0.00244328097731239,0.00162885398487493,0.00174520069808028,0.00133798720186155,0.00255962769051774,0.00319953461314718,0.00104712041884817,0.00104712041884817,0.00191972076788831,0.00325770796974985,0.00465386852821408,0.00517742873763816,0.00226876090750436,0.00203606748109366,0.00250145433391507,0.00401396160558464,0.00180337405468296,0.000814426992437464,0.00133798720186155,0.00151250727166958,0.00180337405468296,0.00349040139616056,0.00197789412449098,0.0016870273414776,0.00139616055846422,0.000930773705642816,0.000523560209424084,0.0014543339150669,0.000465386852821408,0.000523560209424084,0.00209424083769634,0.00203606748109366,0.00127981384525887,0.00110529377545084,0.00139616055846422,0.00127981384525887,0.00186154741128563,0.00110529377545084,0.000639906922629436,0.000639906922629436,0.00110529377545084,0.000814426992437464,0.00308318789994183,0.00162885398487493,0.000814426992437464,0.000232693426410704,0.000116346713205352,0.000349040139616056,0.000523560209424084,0.000930773705642816,0.000930773705642816,0.000756253635834788,0.00191972076788831,0.0012216404886562,0.000349040139616056,0.000116346713205352,0.000232693426410704,0.000930773705642816,0.000698080279232112,0.000639906922629436,0.000698080279232112,0.00058173356602676,0.00110529377545084,0.000930773705642816,0.000756253635834788,0.000523560209424084,0.000523560209424084,0.000465386852821408,0.000407213496218732,0.000756253635834788,0.000349040139616056,0.000116346713205352,0.00058173356602676,0.000465386852821408,0.000407213496218732,0.000407213496218732,0.000116346713205352,0.00029086678301338,0.000349040139616056,0.00029086678301338,0.000349040139616056,0.00058173356602676,0.000523560209424084,0.000349040139616056,0.000232693426410704,0.000407213496218732,0.000232693426410704,0.000523560209424084,0.00058173356602676,0.00058173356602676,0.00029086678301338,0.00087260034904014,0.000349040139616056,0.000407213496218732,0.00058173356602676,0.000698080279232112,0.00029086678301338,0.00058173356602676,0.000232693426410704,0.000814426992437464,0.000639906922629436,0.000930773705642816,0.000814426992437464,0.000407213496218732,0.000232693426410704,0.00029086678301338,0.00029086678301338,0.000349040139616056,0.000349040139616056,0.00029086678301338,0.000465386852821408,0.000465386852821408,0.00029086678301338,0.000349040139616056,0.00029086678301338,0.00029086678301338,0.00029086678301338,0.000523560209424084,0.000349040139616056,0.000232693426410704,0.00058173356602676,0.000523560209424084,0.000698080279232112,0.00029086678301338,0.00087260034904014,0.000814426992437464,0.000407213496218732,0.000639906922629436,0.000814426992437464,0.000523560209424084,0.000988947062245492,0.000756253635834788,0.000756253635834788,0.000698080279232112,0.00151250727166958,0.000698080279232112,0.00104712041884817,0.00058173356602676,0.00127981384525887,0.000698080279232112,0.000930773705642816,0.00058173356602676,0.000523560209424084,0.000930773705642816,0.000988947062245492,0.000756253635834788,0.000639906922629436,0.000930773705642816,0.000639906922629436,0.00127981384525887,0.00139616055846422,0.00110529377545084,0.000930773705642816,0.00203606748109366,0.00110529377545084,0.000814426992437464,0.00087260034904014,0.000988947062245492,0.0016870273414776,0.0012216404886562,0.000988947062245492,0.000988947062245492,0.00087260034904014,0.00151250727166958,0.00058173356602676,0.000756253635834788,0.000930773705642816,0.00110529377545084,0.00110529377545084,0.00087260034904014,0.00157068062827225,0.00255962769051774,0.000756253635834788,0.00186154741128563,0.00133798720186155,0.00174520069808028,0.00209424083769634,0.00279232111692845,0.00191972076788831,0.00191972076788831,0.0029086678301338,0.00302501454333915,0.00116346713205352,0.000756253635834788,0.00133798720186155,0.0012216404886562,0.0014543339150669,0.00139616055846422,0.00127981384525887,0.0012216404886562,0.00180337405468296,0.00162885398487493,0.000698080279232112,0.00104712041884817,0.00244328097731239,0.00191972076788831,0.00191972076788831,0.0014543339150669,0.00127981384525887,0.0016870273414776,0.00133798720186155,0.00221058755090169,0.0012216404886562,0.00215241419429901,0.00151250727166958,0.0014543339150669,0.0014543339150669,0.00215241419429901,0.00226876090750436,0.00151250727166958,0.0014543339150669,0.00203606748109366,0.00221058755090169,0.00238510762070971,0.00151250727166958,0.00191972076788831,0.00157068062827225,0.00215241419429901,0.00139616055846422,0.00133798720186155,0.00180337405468296,0.0012216404886562,0.00226876090750436,0.00226876090750436,0.00319953461314718,0.00157068062827225,0.00174520069808028,0.00104712041884817,0.0016870273414776,0.00191972076788831,0.00104712041884817,0.0012216404886562,0.00116346713205352,0.000988947062245492,0.00174520069808028,0.0014543339150669,0.0016870273414776,0.00110529377545084,0.00197789412449098,0.00180337405468296,0.00133798720186155,0.000930773705642816,0.0014543339150669,0.00151250727166958,0.0014543339150669,0.00110529377545084,0.000756253635834788,0.00151250727166958,0.00110529377545084,0.000639906922629436,0.000930773705642816,0.00104712041884817,0.000814426992437464,0.00058173356602676,0.00058173356602676,0.000756253635834788,0.000523560209424084,0.000349040139616056,0.000523560209424084,0.000639906922629436,5.8173356602676e-05,0.000174520069808028,0.00029086678301338,0,5.8173356602676e-05,0,0.000174520069808028,0,0,0,0,0,0,0,0,0,0,0,0,0,0,0,0,0,0,0,0,0,0,0,0,0,0,0,0,0,0,0,0,0,0,0,0,0,0,0,0,0,0,0,0,0,0,0,0,0,0,0,0,0,0,0,0,0,0,0,0,0,0,0,0,0,0,0,0,0,0,0,0,0,0,0,0,0,0,0,0,0,0,0,0,0,0,0,0,0,0,0,0,0,0,0,0,0,0,0,0,0,0,0,0,0,0,0,0,0,0,0,0,0,0,0,0,0,0,0,0,0,0,0,0,0,0,0,0,0,0,0,0,0,0,0,0,0,0,0,0,0,0,0,0
0.126249698140546,0.0247766240038638,0.0280850036223135,0.0254769379376962,0.022410045882637,0.0238348225066409,0.0207920792079208,0.0231828060854866,0.0222410045882637,0.0209369717459551,0.0236899299686066,0.0234725911615552,0.0215406906544313,0.0235208886742333,0.0262255493842067,0.0220719632938904,0.0230862110601304,0.0281091523786525,0.0280608548659744,0.0317073170731707,0.0277952185462449,0.0270466070997344,0.0247766240038638,0.0307896643322869,0.0352571842550109,0.0294856314899783,0.0272397971504468,0.0219512195121951,0.0137164936005796,0.0134991547935281,0.0106013040328423,0.0111567254286404,0.0057715527650326,0.00524028012557353,0.00627867664815262,0.0091523786524994,0.0073653706834098,0.00219753682685342,0.0032359333494325,0.00306689205505916,0.000965950253561942,0.00229413185220961,0.00306689205505916,0.00207679304515817,0.00166626418739435,0.00171456170007245,0.00226998309587056,0.00350156966916204,0.00268051195363439,0.00268051195363439,0.00415358609031635,0.00379135474523062,0.00374305723255252,0.00236657812122676,0.00507123883120019,0.00258391692827819,0.00142477662400386,0.00340497464380584,0.00275295822265153,0.00258391692827819,0.00200434677614103,0.00272880946631248,0.000120743781695243,0.00016904129437334,0.000265636319729534,0.000241487563390485,7.24462690171456e-05,0,0,0,0,0,0,0,2.41487563390485e-05,4.82975126780971e-05,0,0,0,0,0,0,0,0,4.82975126780971e-05,0.000120743781695243,2.41487563390485e-05,9.65950253561942e-05,4.82975126780971e-05,0.000120743781695243,0.000193190050712388,7.24462690171456e-05,0,2.41487563390485e-05,0,4.82975126780971e-05,0.000144892538034291,0.000144892538034291,7.24462690171456e-05,0.000434677614102874,9.65950253561942e-05,0,9.65950253561942e-05,0,4.82975126780971e-05,0,0.000193190050712388,0.000313933832407631,0.000627867664815262,0.000434677614102874,0.000434677614102874,0.000241487563390485,0.000265636319729534,0.000217338807051437,0.000289785076068582,0.000217338807051437,0.000434677614102874,0.000362231345085728,4.82975126780971e-05,2.41487563390485e-05,0,2.41487563390485e-05,9.65950253561942e-05,0.000120743781695243,9.65950253561942e-05,0,9.65950253561942e-05,0,0,0,0,0,0,0,0,0,0,0,0,0,0,0,0,0,0,0,0,0,0,0,0,0,0,0,0,0,0,0,0,0,0,0,0,0,0,0,0,0,0,0,0,0,0,0,0,0,0,0,0,0,0,2.41487563390485e-05,0,0,0,0,0,0,0,0.00016904129437334,0,0,0,2.41487563390485e-05,0,0,0,4.82975126780971e-05,0,4.82975126780971e-05,0,4.82975126780971e-05,0.000193190050712388,0,9.65950253561942e-05,4.82975126780971e-05,4.82975126780971e-05,2.41487563390485e-05,2.41487563390485e-05,0,0,0,0,0,0,0,0,0,0,0,0,0,0,2.41487563390485e-05,0,0,0,0,0,0,2.41487563390485e-05,4.82975126780971e-05,0,4.82975126780971e-05,2.41487563390485e-05,0,0,0,2.41487563390485e-05,7.24462690171456e-05,0,4.82975126780971e-05,0,0.000144892538034291,2.41487563390485e-05,0,0,0,0,2.41487563390485e-05,4.82975126780971e-05,0,0,2.41487563390485e-05,0.000120743781695243,2.41487563390485e-05,2.41487563390485e-05,0.000144892538034291,0.00016904129437334,2.41487563390485e-05,0.000120743781695243,4.82975126780971e-05,0.000241487563390485,7.24462690171456e-05,0,0,0,0,0,0,0,0,0,0,0,0,0,0,0,0,0,0,0,0,0,0.000144892538034291,0,0,0,0,0,0,0,0,0,0,0,0,0,0,0,0,0,0,0,0,0,0,0,0,0,0,0,0,0,0,2.41487563390485e-05,0,0,7.24462690171456e-05,7.24462690171456e-05,0,0,0,0,2.41487563390485e-05,0,2.41487563390485e-05,0.000144892538034291,2.41487563390485e-05,0,0,2.41487563390485e-05,0,4.82975126780971e-05,2.41487563390485e-05,2.41487563390485e-05,0,4.82975126780971e-05,2.41487563390485e-05,0,7.24462690171456e-05,2.41487563390485e-05,9.65950253561942e-05,2.41487563390485e-05,0,0,0,0,0,0,0,0,0,0,0,0,0,0,0,0,0,0,0,0,0,0,0,0,0,0,0,0,0.000193190050712388,0.000193190050712388,4.82975126780971e-05,2.41487563390485e-05,2.41487563390485e-05,9.65950253561942e-05,0.000217338807051437,0.000217338807051437,2.41487563390485e-05,2.41487563390485e-05,0,0,0,0,0,0,2.41487563390485e-05,0,2.41487563390485e-05,2.41487563390485e-05,4.82975126780971e-05,9.65950253561942e-05,0.000144892538034291,0.000241487563390485,0.000458826370441922,0.000120743781695243,2.41487563390485e-05,0.000120743781695243,0.000193190050712388,0.000362231345085728,0.000217338807051437,4.82975126780971e-05,0.000193190050712388,0.000144892538034291,0.00016904129437334,0.000193190050712388,0,4.82975126780971e-05,0.00016904129437334,0.00016904129437334,0.00099009900990099,0.000796908959188602,0.000627867664815262,0.000193190050712388,2.41487563390485e-05,0,0,0.000265636319729534,0.00161796667471625,0.00144892538034291,0.00130403284230862,0.000941801497222893,0.00176285921275054,0.00106254527891814,0.00103839652257909,0.00101424776624004,0.00130403284230862,0.00161796667471625,0.00214923931417532,0.00099009900990099,0.00113499154793528,0.000144892538034291,2.41487563390485e-05,0,0,0,0,0,0,0,0,0,0,0,0,0,0,0,0,0,0,0,0,0,0,0,0,0,0,0,0,0,0,0,0,0,0,0,0,0,0,0,0,0,0,0,0,0,0,0,0,0,0,0,0,0,0,0,0,0,0,0,0,0,0,0,0,0,0,0,0,0,0,0,0,0,0,0,0,0,0,0,0,0,0,0,0,0,0,0,0,0,0,0,0,0,0,0,0,0,0,0,0,0,0,0,0,0,0,0,0,0,0,0,0,0,0,0,0,0,0,0,0,0,0,0
0.0678506264444715,0.0195596642744192,0.020557109840652,0.0237805619754288,0.03055589344362,0.0315411750395329,0.0363094514049386,0.0411263836516239,0.0428658314073714,0.0436443255078458,0.0502858533025179,0.0554433767181608,0.0528037951587398,0.056671937720472,0.0489843084782873,0.0491302761221263,0.0390950006081985,0.0374163727040506,0.0396788711835543,0.0316263228317723,0.0290962170052305,0.0259579126626931,0.0229655759639946,0.0219316384868021,0.0289624133317115,0.0191582532538621,0.0123099379637514,0.0094027490572923,0.00673883955723148,0.0022503345091838,0.00114341321007177,0.000669018367595183,0.000279771317357986,0.000206787495438511,0,0,0,0,0,0,0,0,0,0,0,0,0,0,0,0,0,0,0,0,0,0,0,0,0,0,0,0,0,0,0,0,0,0,0,0,0,0,0,0,0,0,0,0,0,0,0,0,0,0,0,0,0,0,0,0,0,0,0,0,0,0,0,0,0,0,0,0,0,0,0,0,0,0,0,0,0,0,0,0,0,0,0,0,0,0,0,0,0,0,0,0,0,0,0,0,0,0,0,0,0,0,0,0,0,0,0,0,0,0,0,0,0,0,0,0,0,0,0,0,0,0,0,0,0,0,0,0,0,0,0,0,0,0,0,0,0,0,0,0,0,0,0,0,0,0,0,0,0,0,0,0,0,0,0,0,0,0,0,0,0,0,0,0,0,0,0,0,0,0,0,0,0,0,0,0,0,0,0,0,0,0,0,0,0,0,0,0,0,0,0,0,0,0,0,0,0,0,0,0,0,0,0,0,0,0,0,0,0,0,0,0,0,0,0,0,0,0,0,0,0,0,0,0,0,0,0,0,0,0,0,0,0,0,0,0,0,0,0,0,0,0,0,0,0,0,0,0,0,0,0,0,0,0,0,0,0,0,0,0,0,0,0,0,0,0,0,0,0,0,0,0,0,0,0,0,0,0,0,0,0,0,0,0,0,0,0,0,0,0,0,0,0,0,0,0,0,0,0,0,0,0,0,0,0,0,0,0,0,0,0,0,0,0,0,0,0,0,0,0,0,0,0,0,0,0,0,0,0,0,0,0,0,0,0,0,0,0,0,0,0,0,0,0,0,0,0,0,0,0,0,0,0,0,0,0,0,0,0,0,0,0,0,0,0,0,0,0,0,0,0,0,0,0,0,0,0,0,0,0,0,0,0,0,0,0,0,0,0,0,0,0,0,0,0,0,0,0,0,0,0,0,0,0,0,0,0,0,0,0,0,0,0,0,0,0,0,0,0,0,0,0,0,0,0,0,0,0,0,0,0,0,0,0,0,0,0,0,0,0,0,0,0,0,0,0,0,0,0,0,0,0,0,0,0,0,0,0,0,0,0,0,0,0,0,0,0,0,0,0,0,0,0,0,0,0,0,0,0,0,0,0,0,0,0,0,0,0,0,0,0,0,0,0,0,0,0,0,0,0,0,0,0,0,0,0,0,0,0,0,0,0,0,0,0,0,0,0,0,0,0,0,0,0,0
0.048881680684947,0.0247048617659262,0.0230452985327952,0.0286651831177158,0.0352280013578245,0.0386225625165013,0.0446950552559122,0.0476370082600988,0.0538980877305473,0.0577075396975069,0.0598574284313356,0.0563497152340361,0.0537472183457172,0.0620073171651643,0.0527288499981141,0.0521253724587938,0.0513710255346434,0.0448836419869498,0.0349262625881643,0.0277976841549429,0.0219514954927771,0.0164070456002716,0.0157281333685362,0.0153132425602535,0.00773205597254177,0.00765662128012673,0.0065251008939011,0.00392260400558217,0.00335684381246935,0.00120695507864067,0.000829781616565458,0.000339456115867688,7.54346924150417e-05,7.54346924150417e-05,0,0,0,0,0,0,0,0,0,0,0,0,0,0,0,0,0,0,0,0,0,0,0,0,0,0,0,0,0,0,0,0,0,0,0,0,0,0,0,0,0,0,0,0,0,0,0,0,0,0,0,0,0,0,0,0,0,0,0,0,0,0,0,0,0,0,0,0,0,0,0,0,0,0,0,0,0,0,0,0,0,0,0,0,0,0,0,0,0,0,0,0,0,0,0,0,0,0,0,0,0,0,0,0,0,0,0,0,0,0,0,0,0,0,0,0,0,0,0,0,0,0,0,0,0,0,0,0,0,0,0,0,0,0,0,0,0,0,0,0,0,0,0,0,0,0,0,0,0,0,0,0,0,0,0,0,0,0,0,0,0,0,0,0,0,0,0,0,0,0,0,0,0,0,0,0,0,0,0,0,0,0,0,0,0,0,0,0,0,0,0,0,0,0,0,0,0,0,0,0,0,0,0,0,0,0,0,0,0,0,0,0,0,0,0,0,0,0,0,0,0,0,0,0,0,0,0,0,0,0,0,0,0,0,0,0,0,0,0,0,0,0,0,0,0,0,0,0,0,0,0,0,0,0,0,0,0,0,0,0,0,0,0,0,0,0,0,0,0,0,0,0,0,0,0,0,0,0,0,0,0,0,0,0,0,0,0,0,0,0,0,0,0,0,0,0,0,0,0,0,0,0,0,0,0,0,0,0,0,0,0,0,0,0,0,0,0,0,0,0,0,0,0,0,0,0,0,0,0,0,0,0,0,0,0,0,0,0,0,0,0,0,0,0,0,0,0,0,0,0,0,0,0,0,0,0,0,0,0,0,0,0,0,0,0,0,0,0,0,0,0,0,0,0,0,0,0,0,0,0,0,0,0,0,0,0,0,0,0,0,0,0,0,0,0,0,0,0,0,0,0,0,0,0,0,0,0,0,0,0,0,0,0,0,0,0,0,0,0,0,0,0,0,0,0,0,0,0,0,0,0,0,0,0,0,0,0,0,0,0,0,0,0,0,0,0,0,0,0,0,0,0,0,0,0,0,0,0,0,0,0,0,0,0,0,0,0,0,0,0,0,0,0,0,0,0,0,0,0,0,0,0,0,0,0,0,0,0,0,0,0,0,0,0,0,0,0,0,0,0,0,0,0,0,0,0,0,0,0,0,0,0,0,0,0,0,0,0,0,0,0,0,0,0,0
0.0470526037536347,0.0251417158633653,0.025993479601727,0.0314271448292067,0.0387405645137604,0.0365377272593767,0.0447029106822921,0.048491790759832,0.0486386465767909,0.0530149499221664,0.0559520662613446,0.0598878021558434,0.056980056980057,0.0510764531383088,0.0459658707081387,0.0460833553617059,0.0454959320938702,0.0370957793638206,0.0317502276265163,0.0277851205686257,0.0277851205686257,0.0226157958116721,0.0190325138778747,0.0181513789761212,0.0133051370164772,0.0117778365201046,0.010103680206773,0.00939877228537022,0.00578611918818104,0.00267277586865216,0.00117484653567128,0.000323082797309601,5.87423267835639e-05,0,0,0,0,0,0,0,0,0,0,0,0,0,0,0,0,0,0,0,0,0,0,0,0,0,0,0,0,0,0,0,0,0,0,0,0,0,0,0,0,0,0,0,0,0,0,0,0,0,0,0,0,0,0,0,0,0,0,0,0,0,0,0,0,0,0,0,0,0,0,0,0,0,0,0,0,0,0,0,0,0,0,0,0,0,0,0,0,0,0,0,0,0,0,0,0,0,0,0,0,0,0,0,0,0,0,0,0,0,0,0,0,0,0,0,0,0,0,0,0,0,0,0,0,0,0,0,0,0,0,0,0,0,0,0,0,0,0,0,0,0,0,0,0,0,0,0,0,0,0,0,0,0,0,0,0,0,0,0,0,0,0,0,0,0,0,0,0,0,0,0,0,0,0,0,0,0,0,0,0,0,0,0,0,0,0,0,0,0,0,0,0,0,0,0,0,0,0,0,0,0,0,0,0,0,0,0,0,0,0,0,0,0,0,0,0,0,0,0,0,0,0,0,0,0,0,0,0,0,0,0,0,0,0,0,0,0,0,0,0,0,0,0,0,0,0,0,0,0,0,0,0,0,0,0,0,0,0,0,0,0,0,0,0,0,0,0,0,0,0,0,0,0,0,0,0,0,0,0,0,0,0,0,0,0,0,0,0,0,0,0,0,0,0,0,0,0,0,0,0,0,0,0,0,0,0,0,0,0,0,0,0,0,0,0,0,0,0,0,0,0,0,0,0,0,0,0,0,0,0,0,0,0,0,0,0,0,0,0,0,0,0,0,0,0,0,0,0,0,0,0,0,0,0,0,0,0,0,0,0,0,0,0,0,0,0,0,0,0,0,0,0,0,0,0,0,0,0,0,0,0,0,0,0,0,0,0,0,0,0,0,0,0,0,0,0,0,0,0,0,0,0,0,0,0,0,0,0,0,0,0,0,0,0,0,0,0,0,0,0,0,0,0,0,0,0,0,0,0,0,0,0,0,0,0,0,0,0,0,0,0,0,0,0,0,0,0,0,0,0,0,0,0,0,0,0,0,0,0,0,0,0,0,0,0,0,0,0,0,0,0,0,0,0,0,0,0,0,0,0,0,0,0,0,0,0,0,0,0,0,0,0,0,0,0,0,0,0,0,0,0,0,0,0,0,0,0,0,0,0,0,0,0,0,0,0,0,0,0,0,0,0,0,0,0,0
0.038452590647745,0.0256904516600751,0.0264216158729104,0.0307753664129748,0.0384858253846921,0.0421748811858154,0.0476253780451328,0.0509156170028914,0.0491541759446974,0.0556349496493735,0.0498521054205856,0.0448004254046329,0.0423742896074978,0.0449001296154741,0.0427398717139154,0.0392834590714215,0.0398484495995214,0.0353617601116687,0.0310412443085513,0.0292133337764632,0.0286483432483632,0.0266542590315398,0.0254578085014457,0.0252584000797634,0.0242281232344046,0.0222672737545282,0.0152879789956463,0.0129615474093523,0.00857456213234072,0.00405463790754096,0.00152879789956462,0.000265877895576457,3.32347369470571e-05,3.32347369470571e-05,0,0,0,0,0,0,0,0,0,0,0,0,0,0,0,0,0,0,0,0,0,0,0,0,0,0,0,0,0,0,0,0,0,0,0,0,0,0,0,0,0,0,0,0,0,0,0,0,0,0,0,0,0,0,0,0,0,0,0,0,0,0,0,0,0,0,0,0,0,0,0,0,0,0,0,0,0,0,0,0,0,0,0,0,0,0,0,0,0,0,0,0,0,0,0,0,0,0,0,0,0,0,0,0,0,0,0,0,0,0,0,0,0,0,0,0,0,0,0,0,0,0,0,0,0,0,0,0,0,0,0,0,0,0,0,0,0,0,0,0,0,0,0,0,0,0,0,0,0,0,0,0,0,0,0,0,0,0,0,0,0,0,0,0,0,0,0,0,0,0,0,0,0,0,0,0,0,0,0,0,0,0,0,0,0,0,0,0,0,0,0,0,0,0,0,0,0,0,0,0,0,0,0,0,0,0,0,0,0,0,0,0,0,0,0,0,0,0,0,0,0,0,0,0,0,0,0,0,0,0,0,0,0,0,0,0,0,0,0,0,0,0,0,0,0,0,0,0,0,0,0,0,0,0,0,0,0,0,0,0,0,0,0,0,0,0,0,0,0,0,0,0,0,0,0,0,0,0,0,0,0,0,0,0,0,0,0,0,0,0,0,0,0,0,0,0,0,0,0,0,0,0,0,0,0,0,0,0,0,0,0,0,0,0,0,0,0,0,0,0,0,0,0,0,0,0,0,0,0,0,0,0,0,0,0,0,0,0,0,0,0,0,0,0,0,0,0,0,0,0,0,0,0,0,0,0,0,0,0,0,0,0,0,0,0,0,0,0,0,0,0,0,0,0,0,0,0,0,0,0,0,0,0,0,0,0,0,0,0,0,0,0,0,0,0,0,0,0,0,0,0,0,0,0,0,0,0,0,0,0,0,0,0,0,0,0,0,0,0,0,0,0,0,0,0,0,0,0,0,0,0,0,0,0,0,0,0,0,0,0,0,0,0,0,0,0,0,0,0,0,0,0,0,0,0,0,0,0,0,0,0,0,0,0,0,0,0,0,0,0,0,0,0,0,0,0,0,0,0,0,0,0,0,0,0,0,0,0,0,0,0,0,0,0,0,0,0,0,0,0,0,0,0,0,0,0,0,0,0,0,0,0,0,0,0,0,0,0,0,0,0,0,0,0,0
0.0453219074354523,0.0245632179662394,0.0259668304214531,0.0295497358992354,0.0351272485502161,0.0406678240313227,0.0454696561149485,0.0512687917851734,0.047575074797769,0.0499759908395819,0.0545561999039634,0.0608355187825509,0.0530787131090016,0.0458390278136889,0.0463561481919255,0.0484615668747461,0.0405939496915746,0.0331326413770177,0.0311749713736933,0.0297344217486056,0.0238614117386326,0.0231596055110257,0.0219037417353082,0.0152550511579803,0.0134451298341521,0.0164370405939497,0.0132973811546559,0.0138883758726406,0.0110072766224652,0.00487570642337384,0.00217929302256861,0.0012558637757175,0.000110811509622133,7.38743397480885e-05,0,0,0,0,0,0,0,0,0,0,0,0,0,0,0,0,0,0,0,0,0,0,0,0,0,0,0,0,0,0,0,0,0,0,0,0,0,0,0,0,0,0,0,0,0,0,0,0,0,0,0,0,0,0,0,0,0,0,0,0,0,0,0,0,0,0,0,0,0,0,0,0,0,0,0,0,0,0,0,0,0,0,0,0,0,0,0,0,0,0,0,0,0,0,0,0,0,0,0,0,0,0,0,0,0,0,0,0,0,0,0,0,0,0,0,0,0,0,0,0,0,0,0,0,0,0,0,0,0,0,0,0,0,0,0,0,0,0,0,0,0,0,0,0,0,0,0,0,0,0,0,0,0,0,0,0,0,0,0,0,0,0,0,0,0,0,0,0,0,0,0,0,0,0,0,0,0,0,0,0,0,0,0,0,0,0,0,0,0,0,0,0,0,0,0,0,0,0,0,0,0,0,0,0,0,0,0,0,0,0,0,0,0,0,0,0,0,0,0,0,0,0,0,0,0,0,0,0,0,0,0,0,0,0,0,0,0,0,0,0,0,0,0,0,0,0,0,0,0,0,0,0,0,0,0,0,0,0,0,0,0,0,0,0,0,0,0,0,0,0,0,0,0,0,0,0,0,0,0,0,0,0,0,0,0,0,0,0,0,0,0,0,0,0,0,0,0,0,0,0,0,0,0,0,0,0,0,0,0,0,0,0,0,0,0,0,0,0,0,0,0,0,0,0,0,0,0,0,0,0,0,0,0,0,0,0,0,0,0,0,0,0,0,0,0,0,0,0,0,0,0,0,0,0,0,0,0,0,0,0,0,0,0,0,0,0,0,0,0,0,0,0,0,0,0,0,0,0,0,0,0,0,0,0,0,0,0,0,0,0,0,0,0,0,0,0,0,0,0,0,0,0,0,0,0,0,0,0,0,0,0,0,0,0,0,0,0,0,0,0,0,0,0,0,0,0,0,0,0,0,0,0,0,0,0,0,0,0,0,0,0,0,0,0,0,0,0,0,0,0,0,0,0,0,0,0,0,0,0,0,0,0,0,0,0,0,0,0,0,0,0,0,0,0,0,0,0,0,0,0,0,0,0,0,0,0,0,0,0,0,0,0,0,0,0,0,0,0,0,0,0,0,0,0,0,0,0,0,0,0,0,0,0,0,0,0,0,0,0,0,0,0,0,0,0
0.0555204549044385,0.0299584057284263,0.0252987942926341,0.0333280682356658,0.0343284367925025,0.0355920602327173,0.0416732480387511,0.0505975885852683,0.0397514873900911,0.046780392776286,0.0516242826304428,0.0493602906333913,0.0487548044016217,0.0476228084030959,0.0526509766756173,0.0463328594745433,0.0453588164060443,0.0384088874848628,0.0309061233085874,0.0361448954878113,0.0327752329805718,0.0244827041541621,0.0174274732796293,0.015689991049334,0.0177960301163587,0.0182435634181014,0.0139261833307008,0.0113199599852577,0.00560732901595325,0.0024219449270784,0.000289580371715895,2.63254883378087e-05,0,0,0,0,0,0,0,0,0,0,0,0,0,0,0,0,0,0,0,0,0,0,0,0,0,0,0,0,0,0,0,0,0,0,0,0,0,0,0,0,0,0,0,0,0,0,0,0,0,0,0,0,0,0,0,0,0,0,0,0,0,0,0,0,0,0,0,0,0,0,0,0,0,0,0,0,0,0,0,0,0,0,0,0,0,0,0,0,0,0,0,0,0,0,0,0,0,0,0,0,0,0,0,0,0,0,0,0,0,0,0,0,0,0,0,0,0,0,0,0,0,0,0,0,0,0,0,0,0,0,0,0,0,0,0,0,0,0,0,0,0,0,0,0,0,0,0,0,0,0,0,0,0,0,0,0,0,0,0,0,0,0,0,0,0,0,0,0,0,0,0,0,0,0,0,0,0,0,0,0,0,0,0,0,0,0,0,0,0,0,0,0,0,0,0,0,0,0,0,0,0,0,0,0,0,0,0,0,0,0,0,0,0,0,0,0,0,0,0,0,0,0,0,0,0,0,0,0,0,0,0,0,0,0,0,0,0,0,0,0,0,0,0,0,0,0,0,0,0,0,0,0,0,0,0,0,0,0,0,0,0,0,0,0,0,0,0,0,0,0,0,0,0,0,0,0,0,0,0,0,0,0,0,0,0,0,0,0,0,0,0,0,0,0,0,0,0,0,0,0,0,0,0,0,0,0,0,0,0,0,0,0,0,0,0,0,0,0,0,0,0,0,0,0,0,0,0,0,0,0,0,0,0,0,0,0,0,0,0,0,0,0,0,0,0,0,0,0,0,0,0,0,0,0,0,0,0,0,0,0,0,0,0,0,0,0,0,0,0,0,0,0,0,0,0,0,0,0,0,0,0,0,0,0,0,0,0,0,0,0,0,0,0,0,0,0,0,0,0,0,0,0,0,0,0,0,0,0,0,0,0,0,0,0,0,0,0,0,0,0,0,0,0,0,0,0,0,0,0,0,0,0,0,0,0,0,0,0,0,0,0,0,0,0,0,0,0,0,0,0,0,0,0,0,0,0,0,0,0,0,0,0,0,0,0,0,0,0,0,0,0,0,0,0,0,0,0,0,0,0,0,0,0,0,0,0,0,0,0,0,0,0,0,0,0,0,0,0,0,0,0,0,0,0,0,0,0,0,0,0,0,0,0,0,0,0,0,0,0,0,0,0,0,0,0,0,0
0.0435527099463967,0.025188604327973,0.0279928528886242,0.0343954734961286,0.0364800476474092,0.0441234862021044,0.0449176096883065,0.0451905896366885,0.0448431606114751,0.0474240619416319,0.0561097875719674,0.0539259479849117,0.0507246376811594,0.0572265237244391,0.0571024419297201,0.0476225928131825,0.0420885447687115,0.0456869168155648,0.0332539209847131,0.0291840381179273,0.0243448481238833,0.0223843557673218,0.0207712924359738,0.0193071272582887,0.0152124280325591,0.0121103831645821,0.0102739726027397,0.0053603335318642,0.00183641056184237,0.00111673615247171,0.000198530871550526,0,4.96327178876315e-05,0,0,0,0,0,0,0,0,0,0,0,0,0,0,0,0,0,0,0,0,0,0,0,0,0,0,0,0,0,0,0,0,0,0,0,0,0,0,0,0,0,0,0,0,0,0,0,0,0,0,0,0,0,0,0,0,0,0,0,0,0,0,0,0,0,0,0,0,0,0,0,0,0,0,0,0,0,0,0,0,0,0,0,0,0,0,0,0,0,0,0,0,0,0,0,0,0,0,0,0,0,0,0,0,0,0,0,0,0,0,0,0,0,0,0,0,0,0,0,0,0,0,0,0,0,0,0,0,0,0,0,0,0,0,0,0,0,0,0,0,0,0,0,0,0,0,0,0,0,0,0,0,0,0,0,0,0,0,0,0,0,0,0,0,0,0,0,0,0,0,0,0,0,0,0,0,0,0,0,0,0,0,0,0,0,0,0,0,0,0,0,0,0,0,0,0,0,0,0,0,0,0,0,0,0,0,0,0,0,0,0,0,0,0,0,0,0,0,0,0,0,0,0,0,0,0,0,0,0,0,0,0,0,0,0,0,0,0,0,0,0,0,0,0,0,0,0,0,0,0,0,0,0,0,0,0,0,0,0,0,0,0,0,0,0,0,0,0,0,0,0,0,0,0,0,0,0,0,0,0,0,0,0,0,0,0,0,0,0,0,0,0,0,0,0,0,0,0,0,0,0,0,0,0,0,0,0,0,0,0,0,0,0,0,0,0,0,0,0,0,0,0,0,0,0,0,0,0,0,0,0,0,0,0,0,0,0,0,0,0,0,0,0,0,0,0,0,0,0,0,0,0,0,0,0,0,0,0,0,0,0,0,0,0,0,0,0,0,0,0,0,0,0,0,0,0,0,0,0,0,0,0,0,0,0,0,0,0,0,0,0,0,0,0,0,0,0,0,0,0,0,0,0,0,0,0,0,0,0,0,0,0,0,0,0,0,0,0,0,0,0,0,0,0,0,0,0,0,0,0,0,0,0,0,0,0,0,0,0,0,0,0,0,0,0,0,0,0,0,0,0,0,0,0,0,0,0,0,0,0,0,0,0,0,0,0,0,0,0,0,0,0,0,0,0,0,0,0,0,0,0,0,0,0,0,0,0,0,0,0,0,0,0,0,0,0,0,0,0,0,0,0,0,0,0,0,0,0,0,0,0,0,0,0,0,0,0,0,0,0,0,0,0,0,0,0
0.0863685056239957,0.0498928762720943,0.0475093733261918,0.0437868237814676,0.0454472415640064,0.0463577932512051,0.0565881092662025,0.0593197643277986,0.0603106588109266,0.0557846813069095,0.0493036957686127,0.0630423138725228,0.0549544724156401,0.0472683449384039,0.0448312801285485,0.0329137653990359,0.0241028387787895,0.019309051955008,0.0175682913765399,0.0164434922335297,0.0144617032672737,0.0131762185324049,0.0122656668452062,0.0108730583824317,0.0100160685591859,0.00782003213711837,0.00495447241564006,0.00401713979646492,0.00109801821103374,0.000187466523835029,2.67809319764328e-05,0,0,0,0,0,0,0,0,0,0,0,0,0,0,0,0,0,0,0,0,0,0,0,0,0,0,0,0,0,0,0,0,0,0,0,0,0,0,0,0,0,0,0,0,0,0,0,0,0,0,0,0,0,0,0,0,0,0,0,0,0,0,0,0,0,0,0,0,0,0,0,0,0,0,0,0,0,0,0,0,0,0,0,0,0,0,0,0,0,0,0,0,0,0,0,0,0,0,0,0,0,0,0,0,0,0,0,0,0,0,0,0,0,0,0,0,0,0,0,0,0,0,0,0,0,0,0,0,0,0,0,0,0,0,0,0,0,0,0,0,0,0,0,0,0,0,0,0,0,0,0,0,0,0,0,0,0,0,0,0,0,0,0,0,0,0,0,0,0,0,0,0,0,0,0,0,0,0,0,0,0,0,0,0,0,0,0,0,0,0,0,0,0,0,0,0,0,0,0,0,0,0,0,0,0,0,0,0,0,0,0,0,0,0,0,0,0,0,0,0,0,0,0,0,0,0,0,0,0,0,0,0,0,0,0,0,0,0,0,0,0,0,0,0,0,0,0,0,0,0,0,0,0,0,0,0,0,0,0,0,0,0,0,0,0,0,0,0,0,0,0,0,0,0,0,0,0,0,0,0,0,0,0,0,0,0,0,0,0,0,0,0,0,0,0,0,0,0,0,0,0,0,0,0,0,0,0,0,0,0,0,0,0,0,0,0,0,0,0,0,0,0,0,0,0,0,0,0,0,0,0,0,0,0,0,0,0,0,0,0,0,0,0,0,0,0,0,0,0,0,0,0,0,0,0,0,0,0,0,0,0,0,0,0,0,0,0,0,0,0,0,0,0,0,0,0,0,0,0,0,0,0,0,0,0,0,0,0,0,0,0,0,0,0,0,0,0,0,0,0,0,0,0,0,0,0,0,0,0,0,0,0,0,0,0,0,0,0,0,0,0,0,0,0,0,0,0,0,0,0,0,0,0,0,0,0,0,0,0,0,0,0,0,0,0,0,0,0,0,0,0,0,0,0,0,0,0,0,0,0,0,0,0,0,0,0,0,0,0,0,0,0,0,0,0,0,0,0,0,0,0,0,0,0,0,0,0,0,0,0,0,0,0,0,0,0,0,0,0,0,0,0,0,0,0,0,0,0,0,0,0,0,0,0,0,0,0,0,0,0,0,0,0,0,0,0,0,0
0.0412376535932301,0.024627315360633,0.0289239959129136,0.0307841442007912,0.0419450339280568,0.0481280620398753,0.0522413476905342,0.0568000209594173,0.0586077707039744,0.0592889517671409,0.0576383976525453,0.0585815714323142,0.0553590610181037,0.0460583195787157,0.0413424506798711,0.0416830412114543,0.0405826718017239,0.0352642196546936,0.0298671696926825,0.0259372789436454,0.0227147685294349,0.0249941051638764,0.0220597867379287,0.0149597841180015,0.0126280489402395,0.0101653174041762,0.00833136838795881,0.0054756477769918,0.00288191988262726,0.000707380334826692,0.000130996358301239,2.61992716602478e-05,2.61992716602478e-05,0,0,0,0,0,0,0,0,0,0,0,0,0,0,0,0,0,0,0,0,0,0,0,0,0,0,0,0,0,0,0,0,0,0,0,0,0,0,0,0,0,0,0,0,0,0,0,0,0,0,0,0,0,0,0,0,0,0,0,0,0,0,0,0,0,0,0,0,0,0,0,0,0,0,0,0,0,0,0,0,0,0,0,0,0,0,0,0,0,0,0,0,0,0,0,0,0,0,0,0,0,0,0,0,0,0,0,0,0,0,0,0,0,0,0,0,0,0,0,0,0,0,0,0,0,0,0,0,0,0,0,0,0,0,0,0,0,0,0,0,0,0,0,0,0,0,0,0,0,0,0,0,0,0,0,0,0,0,0,0,0,0,0,0,0,0,0,0,0,0,0,0,0,0,0,0,0,0,0,0,0,0,0,0,0,0,0,0,0,0,0,0,0,0,0,0,0,0,0,0,0,0,0,0,0,0,0,0,0,0,0,0,0,0,0,0,0,0,0,0,0,0,0,0,0,0,0,0,0,0,0,0,0,0,0,0,0,0,0,0,0,0,0,0,0,0,0,0,0,0,0,0,0,0,0,0,0,0,0,0,0,0,0,0,0,0,0,0,0,0,0,0,0,0,0,0,0,0,0,0,0,0,0,0,0,0,0,0,0,0,0,0,0,0,0,0,0,0,0,0,0,0,0,0,0,0,0,0,0,0,0,0,0,0,0,0,0,0,0,0,0,0,0,0,0,0,0,0,0,0,0,0,0,0,0,0,0,0,0,0,0,0,0,0,0,0,0,0,0,0,0,0,0,0,0,0,0,0,0,0,0,0,0,0,0,0,0,0,0,0,0,0,0,0,0,0,0,0,0,0,0,0,0,0,0,0,0,0,0,0,0,0,0,0,0,0,0,0,0,0,0,0,0,0,0,0,0,0,0,0,0,0,0,0,0,0,0,0,0,0,0,0,0,0,0,0,0,0,0,0,0,0,0,0,0,0,0,0,0,0,0,0,0,0,0,0,0,0,0,0,0,0,0,0,0,0,0,0,0,0,0,0,0,0,0,0,0,0,0,0,0,0,0,0,0,0,0,0,0,0,0,0,0,0,0,0,0,0,0,0,0,0,0,0,0,0,0,0,0,0,0,0,0,0,0,0,0,0,0,0,0,0,0,0,0,0,0,0,0,0,0,0,0,0,0,0
0.0463399417718009,0.0264799667267434,0.0291834188271177,0.0370164979897407,0.0477263274643006,0.055871343407736,0.0552474698461112,0.0535144877304866,0.0543116595036739,0.0553514487730487,0.0515735477609871,0.0492513517260502,0.0430472757521142,0.0463052821294884,0.0447109385831138,0.0374670733398031,0.036115347289616,0.0362886455011784,0.0367392208512408,0.031817551642867,0.0284555663385554,0.0216969360876196,0.0207264661028698,0.0169485650908083,0.0146263690558713,0.00970469984749757,0.00443643421599889,0.00350062387356162,0.00343130458893664,0.00138638569249965,0.000589213919312353,0.000138638569249965,0,0,0,0,0,0,0,0,0,0,0,0,0,0,0,0,0,0,0,0,0,0,0,0,0,0,0,0,0,0,0,0,0,0,0,0,0,0,0,0,0,0,0,0,0,0,0,0,0,0,0,0,0,0,0,0,0,0,0,0,0,0,0,0,0,0,0,0,0,0,0,0,0,0,0,0,0,0,0,0,0,0,0,0,0,0,0,0,0,0,0,0,0,0,0,0,0,0,0,0,0,0,0,0,0,0,0,0,0,0,0,0,0,0,0,0,0,0,0,0,0,0,0,0,0,0,0,0,0,0,0,0,0,0,0,0,0,0,0,0,0,0,0,0,0,0,0,0,0,0,0,0,0,0,0,0,0,0,0,0,0,0,0,0,0,0,0,0,0,0,0,0,0,0,0,0,0,0,0,0,0,0,0,0,0,0,0,0,0,0,0,0,0,0,0,0,0,0,0,0,0,0,0,0,0,0,0,0,0,0,0,0,0,0,0,0,0,0,0,0,0,0,0,0,0,0,0,0,0,0,0,0,0,0,0,0,0,0,0,0,0,0,0,0,0,0,0,0,0,0,0,0,0,0,0,0,0,0,0,0,0,0,0,0,0,0,0,0,0,0,0,0,0,0,0,0,0,0,0,0,0,0,0,0,0,0,0,0,0,0,0,0,0,0,0,0,0,0,0,0,0,0,0,0,0,0,0,0,0,0,0,0,0,0,0,0,0,0,0,0,0,0,0,0,0,0,0,0,0,0,0,0,0,0,0,0,0,0,0,0,0,0,0,0,0,0,0,0,0,0,0,0,0,0,0,0,0,0,0,0,0,0,0,0,0,0,0,0,0,0,0,0,0,0,0,0,0,0,0,0,0,0,0,0,0,0,0,0,0,0,0,0,0,0,0,0,0,0,0,0,0,0,0,0,0,0,0,0,0,0,0,0,0,0,0,0,0,0,0,0,0,0,0,0,0,0,0,0,0,0,0,0,0,0,0,0,0,0,0,0,0,0,0,0,0,0,0,0,0,0,0,0,0,0,0,0,0,0,0,0,0,0,0,0,0,0,0,0,0,0,0,0,0,0,0,0,0,0,0,0,0,0,0,0,0,0,0,0,0,0,0,0,0,0,0,0,0,0,0,0,0,0,0,0,0,0,0,0,0,0,0,0,0,0,0,0,0,0,0,0,0,0,0,0,0,0,0
0.0546960652941893,0.0259471311974662,0.0308807406505055,0.0383116092094043,0.046717017907175,0.0553051528809843,0.0520160799122914,0.0569496893653307,0.0487270069435985,0.0495797295651115,0.0507369959800219,0.0477524668047265,0.0404434157631867,0.0367888902424169,0.0358143501035449,0.03155073699598,0.0375197953465708,0.0378852478986478,0.03155073699598,0.032890729686929,0.0301498355463516,0.0238153246436838,0.0213789742965038,0.0175417224996955,0.0188208064319649,0.017115361188939,0.0128517480813741,0.00572542331587282,0.00408088683152637,0.00341089048605189,0.00255816786453892,0.000365452552076989,0.000121817517358996,0,0,0,0,0,0,0,0,0,0,0,0,0,0,0,0,0,0,0,0,0,0,0,0,0,0,0,0,0,0,0,0,0,0,0,0,0,0,0,0,0,0,0,0,0,0,0,0,0,0,0,0,0,0,0,0,0,0,0,0,0,0,0,0,0,0,0,0,0,0,0,0,0,0,0,0,0,0,0,0,0,0,0,0,0,0,0,0,0,0,0,0,0,0,0,0,0,0,0,0,0,0,0,0,0,0,0,0,0,0,0,0,0,0,0,0,0,0,0,0,0,0,0,0,0,0,0,0,0,0,0,0,0,0,0,0,0,0,0,0,0,0,0,0,0,0,0,0,0,0,0,0,0,0,0,0,0,0,0,0,0,0,0,0,0,0,0,0,0,0,0,0,0,0,0,0,0,0,0,0,0,0,0,0,0,0,0,0,0,0,0,0,0,0,0,0,0,0,0,0,0,0,0,0,0,0,0,0,0,0,0,0,0,0,0,0,0,0,0,0,0,0,0,0,0,0,0,0,0,0,0,0,0,0,0,0,0,0,0,0,0,0,0,0,0,0,0,0,0,0,0,0,0,0,0,0,0,0,0,0,0,0,0,0,0,0,0,0,0,0,0,0,0,0,0,0,0,0,0,0,0,0,0,0,0,0,0,0,0,0,0,0,0,0,0,0,0,0,0,0,0,0,0,0,0,0,0,0,0,0,0,0,0,0,0,0,0,0,0,0,0,0,0,0,0,0,0,0,0,0,0,0,0,0,0,0,0,0,0,0,0,0,0,0,0,0,0,0,0,0,0,0,0,0,0,0,0,0,0,0,0,0,0,0,0,0,0,0,0,0,0,0,0,0,0,0,0,0,0,0,0,0,0,0,0,0,0,0,0,0,0,0,0,0,0,0,0,0,0,0,0,0,0,0,0,0,0,0,0,0,0,0,0,0,0,0,0,0,0,0,0,0,0,0,0,0,0,0,0,0,0,0,0,0,0,0,0,0,0,0,0,0,0,0,0,0,0,0,0,0,0,0,0,0,0,0,0,0,0,0,0,0,0,0,0,0,0,0,0,0,0,0,0,0,0,0,0,0,0,0,0,0,0,0,0,0,0,0,0,0,0,0,0,0,0,0,0,0,0,0,0,0,0,0,0,0,0,0,0,0,0,0,0,0,0,0,0,0,0,0,0,0,0,0,0,0
0.0578445929225439,0.0230759712942341,0.0227666419203168,0.0282727047760455,0.0325414501361049,0.034397426379609,0.03334570650829,0.0367483296213808,0.0388517693640188,0.0442341004701806,0.0470799307102202,0.0412026726057906,0.0434298440979955,0.0397797574857708,0.0377381836179164,0.038356842365751,0.0374907201187825,0.0308092056421678,0.034397426379609,0.0335931700074239,0.0327270477604553,0.0277777777777778,0.023323434793368,0.0207250680524623,0.0222098490472655,0.0219623855481317,0.0187453600593912,0.0189928235585251,0.0211581291759465,0.0160851274437021,0.016208859193269,0.0134867607027963,0.00556792873051225,0.00303142786439,0.00154664686958674,0.000371195248700817,6.18658747834694e-05,6.18658747834694e-05,0,0,0,0,0,0,0,0,0,0,0,0,0,0,0,0,0,0,0,0,0,0,0,0,0,0,0,0,0,0,0,0,0,0,0,0,0,0,0,0,0,0,0,0,0,0,0,0,0,0,0,0,0,0,0,0,0,0,0,0,0,0,0,0,0,0,0,0,0,0,0,0,0,0,0,0,0,0,0,0,0,0,0,0,0,0,0,0,0,0,0,0,0,0,0,0,0,0,0,0,0,0,0,0,0,0,0,0,0,0,0,0,0,0,0,0,0,0,0,0,0,0,0,0,0,0,0,0,0,0,0,0,0,0,0,0,0,0,0,0,0,0,0,0,0,0,0,0,0,0,0,0,0,0,0,0,0,0,0,0,0,0,0,0,0,0,0,0,0,0,0,0,0,0,0,0,0,0,0,0,0,0,0,0,0,0,0,0,0,0,0,0,0,0,0,0,0,0,0,0,0,0,0,0,0,0,0,0,0,0,0,0,0,0,0,0,0,0,0,0,0,0,0,0,0,0,0,0,0,0,0,0,0,0,0,0,0,0,0,0,0,0,0,0,0,0,0,0,0,0,0,0,0,0,0,0,0,0,0,0,0,0,0,0,0,0,0,0,0,0,0,0,0,0,0,0,0,0,0,0,0,0,0,0,0,0,0,0,0,0,0,0,0,0,0,0,0,0,0,0,0,0,0,0,0,0,0,0,0,0,0,0,0,0,0,0,0,0,0,0,0,0,0,0,0,0,0,0,0,0,0,0,0,0,0,0,0,0,0,0,0,0,0,0,0,0,0,0,0,0,0,0,0,0,0,0,0,0,0,0,0,0,0,0,0,0,0,0,0,0,0,0,0,0,0,0,0,0,0,0,0,0,0,0,0,0,0,0,0,0,0,0,0,0,0,0,0,0,0,0,0,0,0,0,0,0,0,0,0,0,0,0,0,0,0,0,0,0,0,0,0,0,0,0,0,0,0,0,0,0,0,0,0,0,0,0,0,0,0,0,0,0,0,0,0,0,0,0,0,0,0,0,0,0,0,0,0,0,0,0,0,0,0,0,0,0,0,0,0,0,0,0,0,0,0,0,0,0,0,0,0,0,0,0,0,0,0,0,0,0,0,0,0,0,0,0,0,0,0,0,0,0,0,0,0,0,0,0,0,0,0,0,0,0,0,0,0,0,0,0,0
0.0695205286045067,0.0272208731010335,0.0297057660812108,0.0276161969842435,0.0341108036369797,0.0369345456599085,0.0349579262438584,0.0342802281583554,0.0374992940644943,0.0435421019935619,0.0442762749195234,0.0566442649799514,0.042186705822556,0.0452363472073191,0.0392500141187101,0.0409442593324674,0.0352403004461512,0.0314000112949681,0.0346755520415655,0.0328683571468911,0.026486700175072,0.0297622409216694,0.024623030439939,0.0259219517704862,0.0290280679957079,0.0223075619811374,0.0240582820353533,0.0147399333596883,0.0123115152199695,0.00824532670695205,0.00271079234201163,0.000677698085502908,0.000734172925961484,0.000282374202292879,0,0,0,0,0,0,0,0,0,0,0,0,0,0,0,0,0,0,0,0,0,0,0,0,0,0,0,0,0,0,0,0,0,0,0,0,0,0,0,0,0,0,0,0,0,0,0,0,0,0,0,0,0,0,0,0,0,0,0,0,0,0,0,0,0,0,0,0,0,0,0,0,0,0,0,0,0,0,0,0,0,0,0,0,0,0,0,0,0,0,0,0,0,0,0,0,0,0,0,0,0,0,0,0,0,0,0,0,0,0,0,0,0,0,0,0,0,0,0,0,0,0,0,0,0,0,0,0,0,0,0,0,0,0,0,0,0,0,0,0,0,0,0,0,0,0,0,0,0,0,0,0,0,0,0,0,0,0,0,0,0,0,0,0,0,0,0,0,0,0,0,0,0,0,0,0,0,0,0,0,0,0,0,0,0,0,0,0,0,0,0,0,0,0,0,0,0,0,0,0,0,0,0,0,0,0,0,0,0,0,0,0,0,0,0,0,0,0,0,0,0,0,0,0,0,0,0,0,0,0,0,0,0,0,0,0,0,0,0,0,0,0,0,0,0,0,0,0,0,0,0,0,0,0,0,0,0,0,0,0,0,0,0,0,0,0,0,0,0,0,0,0,0,0,0,0,0,0,0,0,0,0,0,0,0,0,0,0,0,0,0,0,0,0,0,0,0,0,0,0,0,0,0,0,0,0,0,0,0,0,0,0,0,0,0,0,0,0,0,0,0,0,0,0,0,0,0,0,0,0,0,0,0,0,0,0,0,0,0,0,0,0,0,0,0,0,0,0,0,0,0,0,0,0,0,0,0,0,0,0,0,0,0,0,0,0,0,0,0,0,0,0,0,0,0,0,0,0,0,0,0,0,0,0,0,0,0,0,0,0,0,0,0,0,0,0,0,0,0,0,0,0,0,0,0,0,0,0,0,0,0,0,0,0,0,0,0,0,0,0,0,0,0,0,0,0,0,0,0,0,0,0,0,0,0,0,0,0,0,0,0,0,0,0,0,0,0,0,0,0,0,0,0,0,0,0,0,0,0,0,0,0,0,0,0,0,0,0,0,0,0,0,0,0,0,0,0,0,0,0,0,0,0,0,0,0,0,0,0,0,0,0,0,0,0,0,0,0,0,0,0,0,0,0,0,0,0,0,0,0,0,0,0,0,0,0,0,0,0,0,0,0,0,0,0
0.0325029466408295,0.0232135365683121,0.023653035539485,0.0297660666839803,0.0338414207803104,0.038875681722836,0.0494436342569471,0.049044089737699,0.0495235431607967,0.054397986295623,0.0618694688055617,0.0542181912619614,0.05295962602633,0.0529995804782548,0.05603611882454,0.0493237709011727,0.0447090317038576,0.0377969115208662,0.0350200771120922,0.0297261122320555,0.0252112591645524,0.0215953812653575,0.0191781369239067,0.0165211658709072,0.0140439898515692,0.0145234432746669,0.0117665860918553,0.00912959226481811,0.00571348662524722,0.00187785924046587,0.000918952394270532,0.000459476197135266,9.98861298120143e-05,3.99544519248057e-05,0,0,0,0,0,0,0,0,0,0,0,0,0,0,0,0,0,0,0,0,0,0,0,0,0,0,0,0,0,0,0,0,0,0,0,0,0,0,0,0,0,0,0,0,0,0,0,0,0,0,0,0,0,0,0,0,0,0,0,0,0,0,0,0,0,0,0,0,0,0,0,0,0,0,0,0,0,0,0,0,0,0,0,0,0,0,0,0,0,0,0,0,0,0,0,0,0,0,0,0,0,0,0,0,0,0,0,0,0,0,0,0,0,0,0,0,0,0,0,0,0,0,0,0,0,0,0,0,0,0,0,0,0,0,0,0,0,0,0,0,0,0,0,0,0,0,0,0,0,0,0,0,0,0,0,0,0,0,0,0,0,0,0,0,0,0,0,0,0,0,0,0,0,0,0,0,0,0,0,0,0,0,0,0,0,0,0,0,0,0,0,0,0,0,0,0,0,0,0,0,0,0,0,0,0,0,0,0,0,0,0,0,0,0,0,0,0,0,0,0,0,0,0,0,0,0,0,0,0,0,0,0,0,0,0,0,0,0,0,0,0,0,0,0,0,0,0,0,0,0,0,0,0,0,0,0,0,0,0,0,0,0,0,0,0,0,0,0,0,0,0,0,0,0,0,0,0,0,0,0,0,0,0,0,0,0,0,0,0,0,0,0,0,0,0,0,0,0,0,0,0,0,0,0,0,0,0,0,0,0,0,0,0,0,0,0,0,0,0,0,0,0,0,0,0,0,0,0,0,0,0,0,0,0,0,0,0,0,0,0,0,0,0,0,0,0,0,0,0,0,0,0,0,0,0,0,0,0,0,0,0,0,0,0,0,0,0,0,0,0,0,0,0,0,0,0,0,0,0,0,0,0,0,0,0,0,0,0,0,0,0,0,0,0,0,0,0,0,0,0,0,0,0,0,0,0,0,0,0,0,0,0,0,0,0,0,0,0,0,0,0,0,0,0,0,0,0,0,0,0,0,0,0,0,0,0,0,0,0,0,0,0,0,0,0,0,0,0,0,0,0,0,0,0,0,0,0,0,0,0,0,0,0,0,0,0,0,0,0,0,0,0,0,0,0,0,0,0,0,0,0,0,0,0,0,0,0,0,0,0,0,0,0,0,0,0,0,0,0,0,0,0,0,0,0,0,0,0,0,0,0,0,0,0,0,0,0,0,0,0,0,0,0,0,0
0.0321235298362075,0.0201168915506169,0.0241431560718667,0.030348509993506,0.0329028068403204,0.0396854029872285,0.0393823508189624,0.04146042282993,0.0437693917310051,0.0460639295764485,0.0507973158236525,0.0533227505592034,0.0509993506024966,0.0481420015874161,0.0470452413594054,0.0460494985208168,0.0424705967241504,0.0385597806479544,0.0388195396493254,0.0330326863410058,0.0338263944007504,0.0321812540587344,0.0304783894941915,0.0240565697380763,0.0198715636048777,0.0186160617649181,0.0171152319792193,0.00933689299372249,0.00663828559059095,0.00393967818745941,0.00196262356591385,0.00160184717512086,0.000591673280900498,0.000404069557688145,0.000144310556317195,0,0,0,0,0,0,0,0,0,0,0,0,0,0,0,0,0,0,0,0,0,0,0,0,0,0,0,0,0,0,0,0,0,0,0,0,0,0,0,0,0,0,0,0,0,0,0,0,0,0,0,0,0,0,0,0,0,0,0,0,0,0,0,0,0,0,0,0,0,0,0,0,0,0,0,0,0,0,0,0,0,0,0,0,0,0,0,0,0,0,0,0,0,0,0,0,0,0,0,0,0,0,0,0,0,0,0,0,0,0,0,0,0,0,0,0,0,0,0,0,0,0,0,0,0,0,0,0,0,0,0,0,0,0,0,0,0,0,0,0,0,0,0,0,0,0,0,0,0,0,0,0,0,0,0,0,0,0,0,0,0,0,0,0,0,0,0,0,0,0,0,0,0,0,0,0,0,0,0,0,0,0,0,0,0,0,0,0,0,0,0,0,0,0,0,0,0,0,0,0,0,0,0,0,0,0,0,0,0,0,0,0,0,0,0,0,0,0,0,0,0,0,0,0,0,0,0,0,0,0,0,0,0,0,0,0,0,0,0,0,0,0,0,0,0,0,0,0,0,0,0,0,0,0,0,0,0,0,0,0,0,0,0,0,0,0,0,0,0,0,0,0,0,0,0,0,0,0,0,0,0,0,0,0,0,0,0,0,0,0,0,0,0,0,0,0,0,0,0,0,0,0,0,0,0,0,0,0,0,0,0,0,0,0,0,0,0,0,0,0,0,0,0,0,0,0,0,0,0,0,0,0,0,0,0,0,0,0,0,0,0,0,0,0,0,0,0,0,0,0,0,0,0,0,0,0,0,0,0,0,0,0,0,0,0,0,0,0,0,0,0,0,0,0,0,0,0,0,0,0,0,0,0,0,0,0,0,0,0,0,0,0,0,0,0,0,0,0,0,0,0,0,0,0,0,0,0,0,0,0,0,0,0,0,0,0,0,0,0,0,0,0,0,0,0,0,0,0,0,0,0,0,0,0,0,0,0,0,0,0,0,0,0,0,0,0,0,0,0,0,0,0,0,0,0,0,0,0,0,0,0,0,0,0,0,0,0,0,0,0,0,0,0,0,0,0,0,0,0,0,0,0,0,0,0,0,0,0,0,0,0,0,0,0,0,0,0,0,0,0,0,0,0,0,0,0,0,0,0,0,0,0,0,0,0,0,0,0,0,0,0,0,0,0
0.869501074363259,0.0372465839130714,0.00344931080978171,0.00266686974297408,0.000503211144111011,4.77826605684046e-05,0.000138868357276926,0.00025384538426965,0.000428550736972879,0.00464238411584906,0.00458265579013855,0.00423921791730315,0.000964612460224668,0.00266239011854579,0.0051844186716719,0.0014708100206212,0.000446469234686031,0.00023144726212821,0.00121995105263708,0.00876065217358843,0.0105763932751878,0.00892938469372061,0.002510082887984,0.000206062723701245,0.00126026767249167,0.00372256789990727,0.00944006187854544,0.00618038850289458,0.00162610366746852,0.00100044945565097,0.00322383638022455,0.00229506091542618,0.000382261284547237,5.97283257105058e-06,0,0,0,0,0,0,0,0,0,0,0,0,0,0,0,0,0,0,0,0,0,0,0,0,0,0,0,0,0,0,0,0,0,0,0,0,0,0,0,0,0,0,0,0,0,0,0,0,0,0,0,0,0,0,0,0,0,0,0,0,0,0,0,0,0,0,0,0,0,0,0,0,0,0,0,0,0,0,0,0,0,0,0,0,0,0,0,0,0,0,0,0,0,0,0,0,0,0,0,0,0,0,0,0,0,0,0,0,0,0,0,0,0,0,0,0,0,0,0,0,0,0,0,0,0,0,0,0,0,0,0,0,0,0,0,0,0,0,0,0,0,0,0,0,0,0,0,0,0,0,0,0,0,0,0,0,0,0,0,0,0,0,0,0,0,0,0,0,0,0,0,0,0,0,0,0,0,0,0,0,0,0,0,0,0,0,0,0,0,0,0,0,0,0,0,0,0,0,0,0,0,0,0,0,0,0,0,0,0,0,0,0,0,0,0,0,0,0,0,0,0,0,0,0,0,0,0,0,0,0,0,0,0,0,0,0,0,0,0,0,0,0,0,0,0,0,0,0,0,0,0,0,0,0,0,0,0,0,0,0,0,0,0,0,0,0,0,0,0,0,0,0,0,0,0,0,0,0,0,0,0,0,0,0,0,0,0,0,0,0,0,0,0,0,0,0,0,0,0,0,0,0,0,0,0,0,0,0,0,0,0,0,0,0,0,0,0,0,0,0,0,0,0,0,0,0,0,0,0,0,0,0,0,0,0,0,0,0,0,0,0,0,0,0,0,0,0,0,0,0,0,0,0,0,0,0,0,0,0,0,0,0,0,0,0,0,0,0,0,0,0,0,0,0,0,0,0,0,0,0,0,0,0,0,0,0,0,0,0,0,0,0,0,0,0,0,0,0,0,0,0,0,0,0,0,0,0,0,0,0,0,0,0,0,0,0,0,0,0,0,0,0,0,0,0,0,0,0,0,0,0,0,0,0,0,0,0,0,0,0,0,0,0,0,0,0,0,0,0,0,0,0,0,0,0,0,0,0,0,0,0,0,0,0,0,0,0,0,0,0,0,0,0,0,0,0,0,0,0,0,0,0,0,0,0,0,0,0,0,0,0,0,0,0,0,0,0,0,0,0,0,0,0,0,0,0,0,0,0,0,0,0,0,0,0,0,0,0,0,0,0,0,0,0,0
0.782518415514131,0.0324821750708702,0.00202812258397045,0.00133015849153853,0.000457703375998626,0.000265763250579847,0.000226838330040375,0.000636221115024482,0.00156505025341466,0.00284688815393866,0.00101339017266558,0.00191940125418778,0.00324821750708702,0.00417033545228073,0.00198651318615239,0.00242676745984022,0.000767760501675114,0.00066575036508891,0.00252475088050855,0.00298245425650717,0.00569646078515591,0.00796215960828107,0.00672864229877158,0.00423610514560605,0.00459582510093635,0.00310325573404347,0.00493272699939868,0.00297305858603213,0.00169524740142599,0.0152276973627695,0.0110506507172923,0.00890441113306417,0.00501594579503479,0.00253683102826218,0.00336230779142685,0.00464951464650803,0.00637966025255562,0.0035945150760244,0.00204557168628125,0.00748432265269307,0.00691789794691178,0.0031998969160725,0.00327372004123357,0.00217845331157117,0.00634073533201615,0.00450992182802165,0.00874334249634911,0.00231670389141826,0.000731520058414226,0.000887219740572116,0.00178249291297998,4.42938750966412e-05,0.000280527875612061,0.000263078773301263,0.00029260802336569,0,0,0,0,0,0,0,0,0,0,0,0,0,0,0,0,0,0,0,0,0,0,0,0,0,0,0,0,0,0,0,0,0,0,0,0,0,0,0,0,0,0,0,0,0,0,0,0,0,0,0,0,0,0,0,0,0,0,0,0,0,0,0,0,0,0,0,0,0,0,0,0,0,0,0,0,0,0,0,0,0,0,0,0,0,0,0,0,0,0,0,0,0,0,0,0,0,0,0,0,0,0,0,0,0,0,0,0,0,0,0,0,0,0,0,0,0,0,0,0,0,0,0,0,0,0,0,0,0,0,0,0,0,0,0,0,0,0,0,0,0,0,0,0,0,0,0,0,0,0,0,0,0,0,0,0,0,0,0,0,0,0,0,0,0,0,0,0,0,0,0,0,0,0,0,0,0,0,0,0,0,0,0,0,0,0,0,0,0,0,0,0,0,0,0,0,0,0,0,0,0,0,0,0,0,0,0,0,0,0,0,0,0,0,0,0,0,0,0,0,0,0,0,0,0,0,0,0,0,0,0,0,0,0,0,0,0,0,0,0,0,0,0,0,0,0,0,0,0,0,0,0,0,0,0,0,0,0,0,0,0,0,0,0,0,0,0,0,0,0,0,0,0,0,0,0,0,0,0,0,0,0,0,0,0,0,0,0,0,0,0,0,0,0,0,0,0,0,0,0,0,0,0,0,0,0,0,0,0,0,0,0,0,0,0,0,0,0,0,0,0,0,0,0,0,0,0,0,0,0,0,0,0,0,0,0,0,0,0,0,0,0,0,0,0,0,0,0,0,0,0,0,0,0,0,0,0,0,0,0,0,0,0,0,0,0,0,0,0,0,0,0,0,0,0,0,0,0,0,0,0,0,0,0,0,0,0,0,0,0,0,0,0,0,0,0,0,0,0,0,0,0,0,0,0,0,0,0,0,0,0,0,0,0,0,0,0,0,0,0,0,0,0,0,0,0,0,0,0,0,0,0,0,0,0,0,0,0,0,0,0,0,0,0,0,0,0,0,0,0,0,0,0,0,0,0,0,0,0,0,0,0,0,0,0,0,0,0,0,0,0,0,0,0,0,0,0,0,0,0,0,0,0,0,0,0,0,0,0,0,0,0,0,0,0,0,0,0,0,0,0,0,0,0
0.0506409516110405,0.00906571197597875,0.00513916156600069,0.00346460330292182,0.00398429379836009,0.00606305578011318,0.0049659314008546,0.00606305578011318,0.00612079916849521,0.00588982561496709,0.00952765908303499,0.013338722716249,0.00970088924818108,0.0122993417253724,0.0113177041228779,0.0102783231320014,0.0103938099087654,0.0165723524656427,0.0174385032913731,0.0220002309735535,0.0157639450282943,0.0118373946183162,0.011433190899642,0.0120683681718443,0.0139738999884513,0.0121261115602264,0.0104515532971475,0.0146668206490357,0.0142048735419794,0.00998960619009123,0.00970088924818108,0.0093544289178889,0.0124148285021365,0.0118951380066982,0.00906571197597875,0.00987411941332717,0.00906571197597875,0.00802633098510221,0.00704469338260769,0.00560110867305694,0.00635177272202333,0.00871925164568657,0.00837279131539439,0.00929668552950687,0.00698694999422566,0.00773761404319205,0.00733341032451784,0.00467721445894445,0.00733341032451784,0.00490818801247257,0.00623628594525927,0.00542787850791084,0.00479270123570851,0.00329137313777572,0.00329137313777572,0.00259845247719136,0.00288716941910151,0.00300265619586557,0.00277168264233745,0.00288716941910151,0.00242522231204527,0.00138584132116873,0.00155907148631482,0.001905531816607,0.00150132809793279,0.000519690495438272,0.000577433883820303,0.00213650537013512,0.00225199214689918,0.00254070908880933,0.00138584132116873,0.000404203718674212,0.00121261115602264,0.00103938099087654,0.00150132809793279,0.00155907148631482,0.0013280979327867,0.0013280979327867,0.00150132809793279,0.00259845247719136,0.00230973553528121,0.0013280979327867,0.00150132809793279,0.001905531816607,0.00150132809793279,0.00207876198175309,0.00115486776764061,0.000808407437348424,0.00242522231204527,0.00225199214689918,0.001905531816607,0.00282942603071948,0.00230973553528121,0.00196327520498903,0.00213650537013512,0.00103938099087654,0.00150132809793279,0.00265619586557339,0.00207876198175309,0.00213650537013512,0.00167455826307888,0.00202101859337106,0.00121261115602264,0.00213650537013512,0.00265619586557339,0.00144358470955076,0.00121261115602264,0.00127035454440467,0.000750664048966393,0.00202101859337106,0.00121261115602264,0.00155907148631482,0.00196327520498903,0.00265619586557339,0.00207876198175309,0.00144358470955076,0.00196327520498903,0.00236747892366324,0.00219424875851715,0.00219424875851715,0.00173230165146091,0.00150132809793279,0.00115486776764061,0.00213650537013512,0.0024829657004273,0.00150132809793279,0.00207876198175309,0.00179004503984294,0.00179004503984294,0.00144358470955076,0.00144358470955076,0.00179004503984294,0.00173230165146091,0.00179004503984294,0.000866150825730454,0.00167455826307888,0.000866150825730454,0.000808407437348424,0.000519690495438272,0.00144358470955076,0.00150132809793279,0.00150132809793279,0.0013280979327867,0.000750664048966393,0.00207876198175309,0.000519690495438272,0.000808407437348424,0.000635177272202333,0.000750664048966393,0.000750664048966393,0.00103938099087654,0.000808407437348424,0.00127035454440467,0.00115486776764061,0.00109712437925857,0.000866150825730454,0.000808407437348424,0.000866150825730454,0.000577433883820303,0.00155907148631482,0.00196327520498903,0.00179004503984294,0.00242522231204527,0.00409978057512415,0.000866150825730454,0.000577433883820303,0.000404203718674212,0.00127035454440467,0.00144358470955076,0.00311814297262963,0.00173230165146091,0.00121261115602264,0.000404203718674212,0.000808407437348424,0.000288716941910151,0.00103938099087654,0.000519690495438272,0.000173230165146091,0.00127035454440467,0.000981637602494514,0.000577433883820303,0.000923894214112484,0.000346460330292182,0.00196327520498903,0.000866150825730454,0.000461947107056242,0.000635177272202333,0.000692920660584363,0.000635177272202333,0.000461947107056242,0.00103938099087654,0.000750664048966393,0.000866150825730454,0.000346460330292182,0.000230973553528121,0.000288716941910151,0.000288716941910151,0.000692920660584363,0.000346460330292182,0.000288716941910151,0.000981637602494514,0.000230973553528121,0.000635177272202333,0.000230973553528121,0.00109712437925857,0.000750664048966393,0.000692920660584363,0.00127035454440467,0.000288716941910151,0.000692920660584363,0.000404203718674212,0.000173230165146091,0.000981637602494514,0.000692920660584363,0.000346460330292182,0.00103938099087654,0.000346460330292182,0.000230973553528121,0.000404203718674212,5.77433883820303e-05,0.000346460330292182,0.000404203718674212,0.000577433883820303,0.000230973553528121,0.000288716941910151,0.000230973553528121,0.000692920660584363,0.000577433883820303,0.000519690495438272,0.000577433883820303,0.000635177272202333,0.000404203718674212,0.000288716941910151,0.000230973553528121,0.000346460330292182,0.000635177272202333,0.000577433883820303,0.000519690495438272,0.000346460330292182,0.000577433883820303,0.000519690495438272,0.000404203718674212,0.000577433883820303,0.000577433883820303,0.000519690495438272,0.000519690495438272,0.000230973553528121,0.000866150825730454,0.000750664048966393,0.000866150825730454,0.000577433883820303,0.000692920660584363,0.000577433883820303,0.000288716941910151,0.000461947107056242,0.000404203718674212,0.000461947107056242,0.00109712437925857,0.000519690495438272,0.000923894214112484,0.000461947107056242,0.000288716941910151,0.000635177272202333,0.000519690495438272,0.000808407437348424,0.000866150825730454,0.000230973553528121,0.000346460330292182,0.000461947107056242,0.000750664048966393,0.000519690495438272,0.000404203718674212,0.000173230165146091,0.000577433883820303,0.000750664048966393,0.000808407437348424,0.000577433883820303,0.000404203718674212,0.000692920660584363,0.000750664048966393,0.00127035454440467,0.000692920660584363,0.00115486776764061,0.000115486776764061,0.00115486776764061,0.00103938099087654,0.00109712437925857,0.000866150825730454,0.00115486776764061,0.000577433883820303,0.000692920660584363,0.000808407437348424,0.000923894214112484,0.000750664048966393,0.000750664048966393,0.000866150825730454,0.000866150825730454,0.00103938099087654,0.000808407437348424,0.000692920660584363,0.000577433883820303,0.00127035454440467,0.00103938099087654,0.000461947107056242,0.000808407437348424,0.000923894214112484,0.000577433883820303,0.000577433883820303,0.000750664048966393,0.0013280979327867,0.0013280979327867,0.00138584132116873,0.00109712437925857,0.00161681487469685,0.00155907148631482,0.00202101859337106,0.000981637602494514,0.0013280979327867,0.00184778842822497,0.00150132809793279,0.00144358470955076,0.00109712437925857,0.00150132809793279,0.000577433883820303,0.00161681487469685,0.00184778842822497,0.00144358470955076,0.00155907148631482,0.00161681487469685,0.00254070908880933,0.00179004503984294,0.00179004503984294,0.001905531816607,0.00155907148631482,0.00138584132116873,0.00161681487469685,0.00138584132116873,0.00127035454440467,0.00196327520498903,0.00196327520498903,0.000866150825730454,0.00196327520498903,0.00155907148631482,0.00225199214689918,0.00219424875851715,0.00207876198175309,0.00219424875851715,0.00271393925395542,0.00242522231204527,0.00334911652615776,0.00173230165146091,0.00294491280748354,0.00225199214689918,0.00138584132116873,0.00161681487469685,0.00179004503984294,0.00282942603071948,0.00167455826307888,0.00184778842822497,0.00334911652615776,0.0030603995842476,0.00369557685644994,0.0024829657004273,0.00254070908880933,0.00242522231204527,0.00288716941910151,0.00184778842822497,0.00173230165146091,0.00184778842822497,0.00179004503984294,0.00202101859337106,0.00317588636101166,0.003811063633214,0.00121261115602264,0.00179004503984294,0.00219424875851715,0.00225199214689918,0.00271393925395542,0.00213650537013512,0.0024829657004273,0.0024829657004273,0.00242522231204527,0.00179004503984294,0.00173230165146091,0.00184778842822497,0.00150132809793279,0.00144358470955076,0.001905531816607,0.00167455826307888,0.00173230165146091,0.00144358470955076,0.00144358470955076,0.00184778842822497,0.00121261115602264,0.00161681487469685,0.00155907148631482,0.00144358470955076,0.00207876198175309,0.00155907148631482,0.000866150825730454,0.000635177272202333,0.000519690495438272,0.000577433883820303,0.000346460330292182,0.000461947107056242,0.000288716941910151,5.77433883820303e-05,0.000230973553528121,0,0,0,0,0,0,0,0,0,0,0,0,0,0,0,0,0,0,0,0,0,0,0,0,0,0,0,0,0,0,0,0,0,0,0,0,0,0,0,0,0,0,0,0,0,0,0,0,0,0,0,0,0,0,0,0,0,0,0,0,0,0,0,0,0,0,0,0,0,0,0,0,0,0,0,0,0,0,0,0,0,0,0,0,0,0,0,0,0,0,0,0,0,0,0,0,0,0,0,0,0,0,0,0,0,0,0,0,0,0,0,0,0,0,0,0,0,0,0,0,0,0,0,0,0,0,0,0,0,0,0,0,0,0,0,0,0,0,0,0,0,0,0,0,0,0,0,0,0,0,0
0.140135235803106,0.0371898458541058,0.0349550169044754,0.0392814165377342,0.0309724371096212,0.0323763681164403,0.0436078161709931,0.0475330926594464,0.0452409604034153,0.0450977021374133,0.0414302905277635,0.047131969514641,0.037648272305312,0.0306286172712165,0.0323190648100395,0.0338089507764598,0.0363589479112945,0.0287949114663916,0.0159303191794167,0.0153286344622085,0.0108876282161481,0.0122342559165664,0.00552976906767521,0.00707695834049625,0.00621740874448456,0.00541516245487365,0.00656122858288923,0.00636066701048651,0.00977021374133288,0.0046988711248639,0.00487078104406624,0.00297977193284052,0.00234943556243195,0.00349550169044754,0.00375336656925105,0.00421179302045728,0.00366741160964988,0.00286516532003897,0.00292246862643975,0.00220617729643,0.00237808721563234,0.00240673886883273,0.00395392814165377,0.00254999713483468,0.00126067274081715,0.00103145951521403,0.00212022233682883,0.00128932439401753,0.00206291903042806,0.00169044753882299,0.00171909919202338,0.0008308979428113,0.00171909919202338,0.0011174144748152,0.000429774798005845,8.5954959601169e-05,5.73033064007793e-05,0.000315168185204286,0.000229213225603117,0,0,0,0,0,0,0,2.86516532003897e-05,5.73033064007793e-05,0,0,0,0,0,0,0,0,0,0,0,0,0,0,0,0,0,0,0,0,0,0,0,0,0,0,0,0,0,0,0,0,2.86516532003897e-05,5.73033064007793e-05,5.73033064007793e-05,2.86516532003897e-05,0,0,2.86516532003897e-05,0,2.86516532003897e-05,2.86516532003897e-05,0,0,0,0,2.86516532003897e-05,2.86516532003897e-05,5.73033064007793e-05,0,0,5.73033064007793e-05,0,2.86516532003897e-05,0,2.86516532003897e-05,0.000143258266001948,0.000114606612801559,2.86516532003897e-05,0,0,2.86516532003897e-05,0,0,2.86516532003897e-05,5.73033064007793e-05,5.73033064007793e-05,0,0,0,0,0,0,0,0,0,0,0,0,0,0,0,0,0,0,0,0,0,0,0,0,0,0,0,0,0,0,2.86516532003897e-05,0,0,0,0,0,2.86516532003897e-05,0,0,0,0,0,0,0,0,5.73033064007793e-05,2.86516532003897e-05,0,0,0,0,0,0,0,0,0,0,0,0,0,0,0,5.73033064007793e-05,0,8.5954959601169e-05,8.5954959601169e-05,0,0.000114606612801559,0.000114606612801559,0,0,8.5954959601169e-05,2.86516532003897e-05,5.73033064007793e-05,5.73033064007793e-05,0,0,0,0,0,0,0,0,0,0,0,0,0,2.86516532003897e-05,0,0,0,0,0,0,0,0,0,0,0,0,0,0,0,0,0,0,0,0,0,0,0,0,0,0,0,0,0,0,0,0,0,0,0,0,0,0,0,0,0,0,0,0,0,0,0,0,0,0,0,0,0,0,0,0,0,0,0,0,0,0,0,0,0,0,0,0,0,0,0,0,0,0,0,0,0,0,0,0,0,0,0,0,0,0,0,0,0,0,0,0,2.86516532003897e-05,2.86516532003897e-05,8.5954959601169e-05,2.86516532003897e-05,2.86516532003897e-05,0,5.73033064007793e-05,0.000229213225603117,0.000114606612801559,0.000171909919202338,0.000401123144805455,5.73033064007793e-05,2.86516532003897e-05,0,5.73033064007793e-05,5.73033064007793e-05,5.73033064007793e-05,0,0,0,0,0,0,0,0,0,0,0,0,0,0,0,0,0,0,0,0,0,0,0,0,0,0,0,0,0,0,0,0,0,0,0,0,0,2.86516532003897e-05,0,0,0,0,0,0,5.73033064007793e-05,0.000257864878803507,0,0,0,5.73033064007793e-05,5.73033064007793e-05,0,0,0,8.5954959601169e-05,0.000143258266001948,0.000114606612801559,0.000171909919202338,0.000401123144805455,0.000515729757607014,5.73033064007793e-05,0.000200561572402728,0.000372471491605066,0,0,8.5954959601169e-05,2.86516532003897e-05,0,5.73033064007793e-05,2.86516532003897e-05,0.000200561572402728,0.000601684717208183,0.00103145951521403,0.000229213225603117,0,8.5954959601169e-05,0,5.73033064007793e-05,0.000229213225603117,0.000658988023608962,0.000515729757607014,0.000630336370408573,0.000658988023608962,0.000573033064007793,0.00100280786201364,0.0008308979428113,0.000945504555612859,0.00174775084522377,0.00340954673084637,0.00143258266001948,0.00146123431321987,0.00381066987565182,0.00424044467365767,0.00220617729643,0.00343819838404676,0.00283651366683858,0.00177640249842416,0.00128932439401753,0.00212022233682883,0.00117471778121598,0.000658988023608962,0.000315168185204286,0.000515729757607014,0.000658988023608962,0.000229213225603117,0.000315168185204286,0.000372471491605066,5.73033064007793e-05,0.000171909919202338,0.000229213225603117,5.73033064007793e-05,8.5954959601169e-05,0,0,0,0,0,0,0,0,0,0,0,0,0,0,0,0,0,0,0,0,0,0,0,0,0,0,0,0,0,0,0,0,0,0,0,0,0,0,0,0,0,0,0,0,0,0,0,0,0,0,0,0,0,0,0,0,0,0,0,0,0,0,0,0,0,0,0,0,0,0,0,0,0,0,0,0,0,0,0,0,0,0,0,0,0,0,0,0,0,0,0,0,0,0,0,0,0,0,0,0,0,0,0,0,0,0,0,0,0,0,0,0,0,0
0.101886409736308,0.0326166328600406,0.0310141987829615,0.0339350912778905,0.0425760649087221,0.0451926977687627,0.0455983772819473,0.0529614604462475,0.0567342799188641,0.0616430020283976,0.0754361054766734,0.0717444219066937,0.0529614604462475,0.0508924949290061,0.0488640973630832,0.041419878296146,0.0470385395537525,0.0319675456389452,0.0211764705882353,0.0209939148073022,0.0150709939148073,0.00724137931034483,0.00519269776876268,0.00290060851926978,0.00107505070993915,0.00174442190669371,0.000121703853955375,0,0,0,0,0,0,0,0,0,0,0,0,0,0,0,0,0,0,0,0,0,0,0,0,0,0,0,0,0,0,0,0,0,0,0,0,0,0,0,0,0,0,0,0,0,0,0,0,0,0,0,0,0,0,0,0,0,0,0,0,0,0,0,0,0,0,0,0,0,0,0,0,0,0,0,0,0,0,0,0,0,0,0,0,0,0,0,0,0,0,0,0,0,0,0,0,0,0,0,0,0,0,0,0,0,0,0,0,0,0,0,0,0,0,0,0,0,0,0,0,0,0,0,0,0,0,0,0,0,0,0,0,0,0,0,0,0,0,0,0,0,0,0,0,0,0,0,0,0,0,0,0,0,0,0,0,0,0,0,0,0,0,0,0,0,0,0,0,0,0,0,0,0,0,0,0,0,0,0,0,0,0,0,0,0,0,0,0,0,0,0,0,0,0,0,0,0,0,0,0,0,0,0,0,0,0,0,0,0,0,0,0,0,0,0,0,0,0,0,0,0,0,0,0,0,0,0,0,0,0,0,0,0,0,0,0,0,0,0,0,0,0,0,0,0,0,0,0,0,0,0,0,0,0,0,0,0,0,0,0,0,0,0,0,0,0,0,0,0,0,0,0,0,0,0,0,0,0,0,0,0,0,0,0,0,0,0,0,0,0,0,0,0,0,0,0,0,0,0,0,0,0,0,0,0,0,0,0,0,0,0,0,0,0,0,0,0,0,0,0,0,0,0,0,0,0,0,0,0,0,0,0,0,0,0,0,0,0,0,0,0,0,0,0,0,0,0,0,0,0,0,0,0,0,0,0,0,0,0,0,0,0,0,0,0,0,0,0,0,0,0,0,0,0,0,0,0,0,0,0,0,0,0,0,0,0,0,0,0,0,0,0,0,0,0,0,0,0,0,0,0,0,0,0,0,0,0,0,0,0,0,0,0,0,0,0,0,0,0,0,0,0,0,0,0,0,0,0,0,0,0,0,0,0,0,0,0,0,0,0,0,0,0,0,0,0,0,0,0,0,0,0,0,0,0,0,0,0,0,0,0,0,0,0,0,0,0,0,0,0,0,0,0,0,0,0,0,0,0,0,0,0,0,0,0,0,0,0,0,0,0,0,0,0,0,0,0,0,0,0,0,0,0,0,0,0,0,0,0,0,0,0,0,0,0,0,0,0,0,0,0,0,0,0,0,0,0,0,0,0,0,0
0.0476377250846853,0.02688536280977,0.0363701194508825,0.0500267427348904,0.0527723301836334,0.0601533250133714,0.0665002674273489,0.0623640577643074,0.0699589944731681,0.0674986628632555,0.0602959529327866,0.0680691745409164,0.0598324121946871,0.0555179176323765,0.0508825102513817,0.0396149046175789,0.0374041718666429,0.032233909787841,0.0248172579782492,0.0157247281155286,0.0072383669103227,0.00374398288464967,0.00174719201283651,0.00156890711356748,0.00106970939561419,7.13139597076128e-05,0,0,0,0,0,0,0,0,0,0,0,0,0,0,0,0,0,0,0,0,0,0,0,0,0,0,0,0,0,0,0,0,0,0,0,0,0,0,0,0,0,0,0,0,0,0,0,0,0,0,0,0,0,0,0,0,0,0,0,0,0,0,0,0,0,0,0,0,0,0,0,0,0,0,0,0,0,0,0,0,0,0,0,0,0,0,0,0,0,0,0,0,0,0,0,0,0,0,0,0,0,0,0,0,0,0,0,0,0,0,0,0,0,0,0,0,0,0,0,0,0,0,0,0,0,0,0,0,0,0,0,0,0,0,0,0,0,0,0,0,0,0,0,0,0,0,0,0,0,0,0,0,0,0,0,0,0,0,0,0,0,0,0,0,0,0,0,0,0,0,0,0,0,0,0,0,0,0,0,0,0,0,0,0,0,0,0,0,0,0,0,0,0,0,0,0,0,0,0,0,0,0,0,0,0,0,0,0,0,0,0,0,0,0,0,0,0,0,0,0,0,0,0,0,0,0,0,0,0,0,0,0,0,0,0,0,0,0,0,0,0,0,0,0,0,0,0,0,0,0,0,0,0,0,0,0,0,0,0,0,0,0,0,0,0,0,0,0,0,0,0,0,0,0,0,0,0,0,0,0,0,0,0,0,0,0,0,0,0,0,0,0,0,0,0,0,0,0,0,0,0,0,0,0,0,0,0,0,0,0,0,0,0,0,0,0,0,0,0,0,0,0,0,0,0,0,0,0,0,0,0,0,0,0,0,0,0,0,0,0,0,0,0,0,0,0,0,0,0,0,0,0,0,0,0,0,0,0,0,0,0,0,0,0,0,0,0,0,0,0,0,0,0,0,0,0,0,0,0,0,0,0,0,0,0,0,0,0,0,0,0,0,0,0,0,0,0,0,0,0,0,0,0,0,0,0,0,0,0,0,0,0,0,0,0,0,0,0,0,0,0,0,0,0,0,0,0,0,0,0,0,0,0,0,0,0,0,0,0,0,0,0,0,0,0,0,0,0,0,0,0,0,0,0,0,0,0,0,0,0,0,0,0,0,0,0,0,0,0,0,0,0,0,0,0,0,0,0,0,0,0,0,0,0,0,0,0,0,0,0,0,0,0,0,0,0,0,0,0,0,0,0,0,0,0,0,0,0,0,0,0,0,0,0,0,0,0,0,0,0,0,0,0,0,0,0,0,0,0,0,0,0,0
0.0557326591183907,0.0359459162361218,0.0402330438606134,0.0460224982594995,0.0565387856802609,0.0607526290718552,0.0674581363819574,0.0674947784984061,0.0716719797735517,0.0681909787109303,0.0684108314096222,0.0589938074823202,0.0540104796453043,0.0594701549961526,0.0430544868271591,0.0362756952841596,0.0286174929463926,0.0259059763291928,0.0206661536770364,0.013557583085999,0.00707192847458869,0.00611923344692389,0.00414055915869701,0.00249166391850793,0.00102597926056209,0.000146568465794584,0,0,0,0,0,0,0,0,0,0,0,0,0,0,0,0,0,0,0,0,0,0,0,0,0,0,0,0,0,0,0,0,0,0,0,0,0,0,0,0,0,0,0,0,0,0,0,0,0,0,0,0,0,0,0,0,0,0,0,0,0,0,0,0,0,0,0,0,0,0,0,0,0,0,0,0,0,0,0,0,0,0,0,0,0,0,0,0,0,0,0,0,0,0,0,0,0,0,0,0,0,0,0,0,0,0,0,0,0,0,0,0,0,0,0,0,0,0,0,0,0,0,0,0,0,0,0,0,0,0,0,0,0,0,0,0,0,0,0,0,0,0,0,0,0,0,0,0,0,0,0,0,0,0,0,0,0,0,0,0,0,0,0,0,0,0,0,0,0,0,0,0,0,0,0,0,0,0,0,0,0,0,0,0,0,0,0,0,0,0,0,0,0,0,0,0,0,0,0,0,0,0,0,0,0,0,0,0,0,0,0,0,0,0,0,0,0,0,0,0,0,0,0,0,0,0,0,0,0,0,0,0,0,0,0,0,0,0,0,0,0,0,0,0,0,0,0,0,0,0,0,0,0,0,0,0,0,0,0,0,0,0,0,0,0,0,0,0,0,0,0,0,0,0,0,0,0,0,0,0,0,0,0,0,0,0,0,0,0,0,0,0,0,0,0,0,0,0,0,0,0,0,0,0,0,0,0,0,0,0,0,0,0,0,0,0,0,0,0,0,0,0,0,0,0,0,0,0,0,0,0,0,0,0,0,0,0,0,0,0,0,0,0,0,0,0,0,0,0,0,0,0,0,0,0,0,0,0,0,0,0,0,0,0,0,0,0,0,0,0,0,0,0,0,0,0,0,0,0,0,0,0,0,0,0,0,0,0,0,0,0,0,0,0,0,0,0,0,0,0,0,0,0,0,0,0,0,0,0,0,0,0,0,0,0,0,0,0,0,0,0,0,0,0,0,0,0,0,0,0,0,0,0,0,0,0,0,0,0,0,0,0,0,0,0,0,0,0,0,0,0,0,0,0,0,0,0,0,0,0,0,0,0,0,0,0,0,0,0,0,0,0,0,0,0,0,0,0,0,0,0,0,0,0,0,0,0,0,0,0,0,0,0,0,0,0,0,0,0,0,0,0,0,0,0,0,0,0,0,0,0,0,0,0,0,0,0,0,0,0,0,0,0,0,0,0,0,0,0,0,0,0,0
0.0529974646274638,0.0406886398953136,0.0419972192688313,0.0520160300973256,0.0575774924347755,0.0630162754559581,0.0683732722662959,0.0687822033205202,0.0680461274229165,0.0659196859409504,0.0678007687903819,0.0568005234317494,0.060889833973992,0.0502985196695837,0.0478040402388157,0.0450642021755132,0.0314467980698454,0.0264578392083095,0.0152122352171424,0.0104277418827186,0.00511163817780322,0.00220822769281099,0.000817862108448516,0.000204465527112129,4.08931054224258e-05,0,0,0,0,0,0,0,0,0,0,0,0,0,0,0,0,0,0,0,0,0,0,0,0,0,0,0,0,0,0,0,0,0,0,0,0,0,0,0,0,0,0,0,0,0,0,0,0,0,0,0,0,0,0,0,0,0,0,0,0,0,0,0,0,0,0,0,0,0,0,0,0,0,0,0,0,0,0,0,0,0,0,0,0,0,0,0,0,0,0,0,0,0,0,0,0,0,0,0,0,0,0,0,0,0,0,0,0,0,0,0,0,0,0,0,0,0,0,0,0,0,0,0,0,0,0,0,0,0,0,0,0,0,0,0,0,0,0,0,0,0,0,0,0,0,0,0,0,0,0,0,0,0,0,0,0,0,0,0,0,0,0,0,0,0,0,0,0,0,0,0,0,0,0,0,0,0,0,0,0,0,0,0,0,0,0,0,0,0,0,0,0,0,0,0,0,0,0,0,0,0,0,0,0,0,0,0,0,0,0,0,0,0,0,0,0,0,0,0,0,0,0,0,0,0,0,0,0,0,0,0,0,0,0,0,0,0,0,0,0,0,0,0,0,0,0,0,0,0,0,0,0,0,0,0,0,0,0,0,0,0,0,0,0,0,0,0,0,0,0,0,0,0,0,0,0,0,0,0,0,0,0,0,0,0,0,0,0,0,0,0,0,0,0,0,0,0,0,0,0,0,0,0,0,0,0,0,0,0,0,0,0,0,0,0,0,0,0,0,0,0,0,0,0,0,0,0,0,0,0,0,0,0,0,0,0,0,0,0,0,0,0,0,0,0,0,0,0,0,0,0,0,0,0,0,0,0,0,0,0,0,0,0,0,0,0,0,0,0,0,0,0,0,0,0,0,0,0,0,0,0,0,0,0,0,0,0,0,0,0,0,0,0,0,0,0,0,0,0,0,0,0,0,0,0,0,0,0,0,0,0,0,0,0,0,0,0,0,0,0,0,0,0,0,0,0,0,0,0,0,0,0,0,0,0,0,0,0,0,0,0,0,0,0,0,0,0,0,0,0,0,0,0,0,0,0,0,0,0,0,0,0,0,0,0,0,0,0,0,0,0,0,0,0,0,0,0,0,0,0,0,0,0,0,0,0,0,0,0,0,0,0,0,0,0,0,0,0,0,0,0,0,0,0,0,0,0,0,0,0,0,0,0,0,0,0,0,0,0,0,0,0,0,0,0,0,0,0,0,0,0,0,0,0
0.0766167267210317,0.044452873127252,0.04270813578608,0.0438839370377394,0.0480561350274986,0.0498388014413048,0.0464251849042291,0.0493077944244263,0.0556040204816992,0.0669068841266831,0.0637208420254125,0.0625071117011189,0.0643656362601934,0.0585624881471648,0.0491181490612555,0.0452114545799355,0.0369049876730514,0.033339654845439,0.0229091598710412,0.0192679688981604,0.00910297743220178,0.00682723307415134,0.00280675137492888,0.00128958846956192,0.00018964536317087,7.58581452683482e-05,0,0,0,0,0,0,0,0,0,0,0,0,0,0,0,0,0,0,0,0,0,0,0,0,0,0,0,0,0,0,0,0,0,0,0,0,0,0,0,0,0,0,0,0,0,0,0,0,0,0,0,0,0,0,0,0,0,0,0,0,0,0,0,0,0,0,0,0,0,0,0,0,0,0,0,0,0,0,0,0,0,0,0,0,0,0,0,0,0,0,0,0,0,0,0,0,0,0,0,0,0,0,0,0,0,0,0,0,0,0,0,0,0,0,0,0,0,0,0,0,0,0,0,0,0,0,0,0,0,0,0,0,0,0,0,0,0,0,0,0,0,0,0,0,0,0,0,0,0,0,0,0,0,0,0,0,0,0,0,0,0,0,0,0,0,0,0,0,0,0,0,0,0,0,0,0,0,0,0,0,0,0,0,0,0,0,0,0,0,0,0,0,0,0,0,0,0,0,0,0,0,0,0,0,0,0,0,0,0,0,0,0,0,0,0,0,0,0,0,0,0,0,0,0,0,0,0,0,0,0,0,0,0,0,0,0,0,0,0,0,0,0,0,0,0,0,0,0,0,0,0,0,0,0,0,0,0,0,0,0,0,0,0,0,0,0,0,0,0,0,0,0,0,0,0,0,0,0,0,0,0,0,0,0,0,0,0,0,0,0,0,0,0,0,0,0,0,0,0,0,0,0,0,0,0,0,0,0,0,0,0,0,0,0,0,0,0,0,0,0,0,0,0,0,0,0,0,0,0,0,0,0,0,0,0,0,0,0,0,0,0,0,0,0,0,0,0,0,0,0,0,0,0,0,0,0,0,0,0,0,0,0,0,0,0,0,0,0,0,0,0,0,0,0,0,0,0,0,0,0,0,0,0,0,0,0,0,0,0,0,0,0,0,0,0,0,0,0,0,0,0,0,0,0,0,0,0,0,0,0,0,0,0,0,0,0,0,0,0,0,0,0,0,0,0,0,0,0,0,0,0,0,0,0,0,0,0,0,0,0,0,0,0,0,0,0,0,0,0,0,0,0,0,0,0,0,0,0,0,0,0,0,0,0,0,0,0,0,0,0,0,0,0,0,0,0,0,0,0,0,0,0,0,0,0,0,0,0,0,0,0,0,0,0,0,0,0,0,0,0,0,0,0,0,0,0,0,0,0,0,0,0,0,0,0,0,0,0,0,0,0,0,0,0,0,0,0,0,0,0,0,0,0
0.0867440211916577,0.0427564078647913,0.0462261687124576,0.0490243629444465,0.0526433608178189,0.0570085438197217,0.0689101966197814,0.0740961832630676,0.0635003544379361,0.0617841286423162,0.0656642913106742,0.0575308734096929,0.0534268552027758,0.0535760922284819,0.0460769316867515,0.0325709808603515,0.0253329851136067,0.0195500503674962,0.0171249486997724,0.0114166324665149,0.00593217177181659,0.00567100697683095,0.00194008133417901,0.000858112897809947,0.000485020333544752,0.000149237025706078,0,0,0,0,0,0,0,0,0,0,0,0,0,0,0,0,0,0,0,0,0,0,0,0,0,0,0,0,0,0,0,0,0,0,0,0,0,0,0,0,0,0,0,0,0,0,0,0,0,0,0,0,0,0,0,0,0,0,0,0,0,0,0,0,0,0,0,0,0,0,0,0,0,0,0,0,0,0,0,0,0,0,0,0,0,0,0,0,0,0,0,0,0,0,0,0,0,0,0,0,0,0,0,0,0,0,0,0,0,0,0,0,0,0,0,0,0,0,0,0,0,0,0,0,0,0,0,0,0,0,0,0,0,0,0,0,0,0,0,0,0,0,0,0,0,0,0,0,0,0,0,0,0,0,0,0,0,0,0,0,0,0,0,0,0,0,0,0,0,0,0,0,0,0,0,0,0,0,0,0,0,0,0,0,0,0,0,0,0,0,0,0,0,0,0,0,0,0,0,0,0,0,0,0,0,0,0,0,0,0,0,0,0,0,0,0,0,0,0,0,0,0,0,0,0,0,0,0,0,0,0,0,0,0,0,0,0,0,0,0,0,0,0,0,0,0,0,0,0,0,0,0,0,0,0,0,0,0,0,0,0,0,0,0,0,0,0,0,0,0,0,0,0,0,0,0,0,0,0,0,0,0,0,0,0,0,0,0,0,0,0,0,0,0,0,0,0,0,0,0,0,0,0,0,0,0,0,0,0,0,0,0,0,0,0,0,0,0,0,0,0,0,0,0,0,0,0,0,0,0,0,0,0,0,0,0,0,0,0,0,0,0,0,0,0,0,0,0,0,0,0,0,0,0,0,0,0,0,0,0,0,0,0,0,0,0,0,0,0,0,0,0,0,0,0,0,0,0,0,0,0,0,0,0,0,0,0,0,0,0,0,0,0,0,0,0,0,0,0,0,0,0,0,0,0,0,0,0,0,0,0,0,0,0,0,0,0,0,0,0,0,0,0,0,0,0,0,0,0,0,0,0,0,0,0,0,0,0,0,0,0,0,0,0,0,0,0,0,0,0,0,0,0,0,0,0,0,0,0,0,0,0,0,0,0,0,0,0,0,0,0,0,0,0,0,0,0,0,0,0,0,0,0,0,0,0,0,0,0,0,0,0,0,0,0,0,0,0,0,0,0,0,0,0,0,0,0,0,0,0,0,0,0,0,0,0,0,0,0,0,0,0,0,0,0,0,0,0,0,0,0,0,0
0.0720865533230294,0.0330139103554869,0.035548686244204,0.0424729520865533,0.0546522411128284,0.0542812982998454,0.0579907264296754,0.0593508500772798,0.0587944358578053,0.0635548686244204,0.0609582689335394,0.0517465224111283,0.0527357032457496,0.0587326120556414,0.0558887171561051,0.0450695517774343,0.0343122102009274,0.0291190108191654,0.0209582689335394,0.0223183925811437,0.0165069551777434,0.00865533230293663,0.00754250386398764,0.00296754250386399,0.000309119010819165,0.000432766615146832,0,0,0,0,0,0,0,0,0,0,0,0,0,0,0,0,0,0,0,0,0,0,0,0,0,0,0,0,0,0,0,0,0,0,0,0,0,0,0,0,0,0,0,0,0,0,0,0,0,0,0,0,0,0,0,0,0,0,0,0,0,0,0,0,0,0,0,0,0,0,0,0,0,0,0,0,0,0,0,0,0,0,0,0,0,0,0,0,0,0,0,0,0,0,0,0,0,0,0,0,0,0,0,0,0,0,0,0,0,0,0,0,0,0,0,0,0,0,0,0,0,0,0,0,0,0,0,0,0,0,0,0,0,0,0,0,0,0,0,0,0,0,0,0,0,0,0,0,0,0,0,0,0,0,0,0,0,0,0,0,0,0,0,0,0,0,0,0,0,0,0,0,0,0,0,0,0,0,0,0,0,0,0,0,0,0,0,0,0,0,0,0,0,0,0,0,0,0,0,0,0,0,0,0,0,0,0,0,0,0,0,0,0,0,0,0,0,0,0,0,0,0,0,0,0,0,0,0,0,0,0,0,0,0,0,0,0,0,0,0,0,0,0,0,0,0,0,0,0,0,0,0,0,0,0,0,0,0,0,0,0,0,0,0,0,0,0,0,0,0,0,0,0,0,0,0,0,0,0,0,0,0,0,0,0,0,0,0,0,0,0,0,0,0,0,0,0,0,0,0,0,0,0,0,0,0,0,0,0,0,0,0,0,0,0,0,0,0,0,0,0,0,0,0,0,0,0,0,0,0,0,0,0,0,0,0,0,0,0,0,0,0,0,0,0,0,0,0,0,0,0,0,0,0,0,0,0,0,0,0,0,0,0,0,0,0,0,0,0,0,0,0,0,0,0,0,0,0,0,0,0,0,0,0,0,0,0,0,0,0,0,0,0,0,0,0,0,0,0,0,0,0,0,0,0,0,0,0,0,0,0,0,0,0,0,0,0,0,0,0,0,0,0,0,0,0,0,0,0,0,0,0,0,0,0,0,0,0,0,0,0,0,0,0,0,0,0,0,0,0,0,0,0,0,0,0,0,0,0,0,0,0,0,0,0,0,0,0,0,0,0,0,0,0,0,0,0,0,0,0,0,0,0,0,0,0,0,0,0,0,0,0,0,0,0,0,0,0,0,0,0,0,0,0,0,0,0,0,0,0,0,0,0,0,0,0,0,0,0,0,0,0,0,0,0,0,0,0,0,0,0,0,0
0.0764280425992369,0.0474400592288855,0.0343983142547981,0.0378153653397118,0.0477817643373768,0.0570647531180591,0.0518252747878581,0.0584315735520246,0.0677715131841221,0.0679423657383678,0.0701064980921465,0.0527364884105017,0.0661768893444957,0.0720997778916795,0.0587163278091007,0.0366763483114073,0.0280767697477077,0.0237485050401504,0.0183381741557036,0.0138960077453158,0.00717580727831881,0.00358790363915941,0.00170852554245686,0,5.69508514152287e-05,0,0,0,0,0,0,0,0,0,0,0,0,0,0,0,0,0,0,0,0,0,0,0,0,0,0,0,0,0,0,0,0,0,0,0,0,0,0,0,0,0,0,0,0,0,0,0,0,0,0,0,0,0,0,0,0,0,0,0,0,0,0,0,0,0,0,0,0,0,0,0,0,0,0,0,0,0,0,0,0,0,0,0,0,0,0,0,0,0,0,0,0,0,0,0,0,0,0,0,0,0,0,0,0,0,0,0,0,0,0,0,0,0,0,0,0,0,0,0,0,0,0,0,0,0,0,0,0,0,0,0,0,0,0,0,0,0,0,0,0,0,0,0,0,0,0,0,0,0,0,0,0,0,0,0,0,0,0,0,0,0,0,0,0,0,0,0,0,0,0,0,0,0,0,0,0,0,0,0,0,0,0,0,0,0,0,0,0,0,0,0,0,0,0,0,0,0,0,0,0,0,0,0,0,0,0,0,0,0,0,0,0,0,0,0,0,0,0,0,0,0,0,0,0,0,0,0,0,0,0,0,0,0,0,0,0,0,0,0,0,0,0,0,0,0,0,0,0,0,0,0,0,0,0,0,0,0,0,0,0,0,0,0,0,0,0,0,0,0,0,0,0,0,0,0,0,0,0,0,0,0,0,0,0,0,0,0,0,0,0,0,0,0,0,0,0,0,0,0,0,0,0,0,0,0,0,0,0,0,0,0,0,0,0,0,0,0,0,0,0,0,0,0,0,0,0,0,0,0,0,0,0,0,0,0,0,0,0,0,0,0,0,0,0,0,0,0,0,0,0,0,0,0,0,0,0,0,0,0,0,0,0,0,0,0,0,0,0,0,0,0,0,0,0,0,0,0,0,0,0,0,0,0,0,0,0,0,0,0,0,0,0,0,0,0,0,0,0,0,0,0,0,0,0,0,0,0,0,0,0,0,0,0,0,0,0,0,0,0,0,0,0,0,0,0,0,0,0,0,0,0,0,0,0,0,0,0,0,0,0,0,0,0,0,0,0,0,0,0,0,0,0,0,0,0,0,0,0,0,0,0,0,0,0,0,0,0,0,0,0,0,0,0,0,0,0,0,0,0,0,0,0,0,0,0,0,0,0,0,0,0,0,0,0,0,0,0,0,0,0,0,0,0,0,0,0,0,0,0,0,0,0,0,0,0,0,0,0,0,0,0,0,0,0,0,0,0,0,0,0,0,0,0,0
0.069693827430006,0.0426240244501446,0.0387491131364951,0.0513016427440921,0.0529935054303335,0.0674562025869126,0.0603612945478361,0.0680565409594499,0.0693663701358948,0.0662555258418381,0.0717131474103586,0.0699121322927468,0.0600338372537248,0.056595535665557,0.036838945587513,0.0391311466462915,0.0301260710582328,0.0195382852153032,0.0124433771762266,0.00693117939202096,0.00360203023522349,0.00311084429405665,0.00163728647055613,0.0012006767450745,0.000327457294111226,0,0,0,0,0,0,0,0,0,0,0,0,0,0,0,0,0,0,0,0,0,0,0,0,0,0,0,0,0,0,0,0,0,0,0,0,0,0,0,0,0,0,0,0,0,0,0,0,0,0,0,0,0,0,0,0,0,0,0,0,0,0,0,0,0,0,0,0,0,0,0,0,0,0,0,0,0,0,0,0,0,0,0,0,0,0,0,0,0,0,0,0,0,0,0,0,0,0,0,0,0,0,0,0,0,0,0,0,0,0,0,0,0,0,0,0,0,0,0,0,0,0,0,0,0,0,0,0,0,0,0,0,0,0,0,0,0,0,0,0,0,0,0,0,0,0,0,0,0,0,0,0,0,0,0,0,0,0,0,0,0,0,0,0,0,0,0,0,0,0,0,0,0,0,0,0,0,0,0,0,0,0,0,0,0,0,0,0,0,0,0,0,0,0,0,0,0,0,0,0,0,0,0,0,0,0,0,0,0,0,0,0,0,0,0,0,0,0,0,0,0,0,0,0,0,0,0,0,0,0,0,0,0,0,0,0,0,0,0,0,0,0,0,0,0,0,0,0,0,0,0,0,0,0,0,0,0,0,0,0,0,0,0,0,0,0,0,0,0,0,0,0,0,0,0,0,0,0,0,0,0,0,0,0,0,0,0,0,0,0,0,0,0,0,0,0,0,0,0,0,0,0,0,0,0,0,0,0,0,0,0,0,0,0,0,0,0,0,0,0,0,0,0,0,0,0,0,0,0,0,0,0,0,0,0,0,0,0,0,0,0,0,0,0,0,0,0,0,0,0,0,0,0,0,0,0,0,0,0,0,0,0,0,0,0,0,0,0,0,0,0,0,0,0,0,0,0,0,0,0,0,0,0,0,0,0,0,0,0,0,0,0,0,0,0,0,0,0,0,0,0,0,0,0,0,0,0,0,0,0,0,0,0,0,0,0,0,0,0,0,0,0,0,0,0,0,0,0,0,0,0,0,0,0,0,0,0,0,0,0,0,0,0,0,0,0,0,0,0,0,0,0,0,0,0,0,0,0,0,0,0,0,0,0,0,0,0,0,0,0,0,0,0,0,0,0,0,0,0,0,0,0,0,0,0,0,0,0,0,0,0,0,0,0,0,0,0,0,0,0,0,0,0,0,0,0,0,0,0,0,0,0,0,0,0,0,0,0,0,0,0,0,0,0,0,0,0,0,0,0,0,0,0,0
0.0635753004949328,0.0320527928352581,0.0342328541126561,0.0376502474664153,0.0423638934716003,0.0486683950035352,0.0415390054206929,0.046841857176526,0.0510841385811926,0.0705279283525807,0.0674051378741456,0.0544426113598869,0.0608060334668866,0.0612773980674051,0.0628093330190903,0.0587438133396182,0.0428941786471836,0.0354701861890172,0.0299316521329248,0.0220952156493047,0.0178529342446382,0.0109003063869903,0.00430120197973132,0.000648126325712939,0.000883808625972189,0.000412444025453688,0.000471364600518501,0.000117841150129625,0,0,0,0,0,0,0,0,0,0,0,0,0,0,0,0,0,0,0,0,0,0,0,0,0,0,0,0,0,0,0,0,0,0,0,0,0,0,0,0,0,0,0,0,0,0,0,0,0,0,0,0,0,0,0,0,0,0,0,0,0,0,0,0,0,0,0,0,0,0,0,0,0,0,0,0,0,0,0,0,0,0,0,0,0,0,0,0,0,0,0,0,0,0,0,0,0,0,0,0,0,0,0,0,0,0,0,0,0,0,0,0,0,0,0,0,0,0,0,0,0,0,0,0,0,0,0,0,0,0,0,0,0,0,0,0,0,0,0,0,0,0,0,0,0,0,0,0,0,0,0,0,0,0,0,0,0,0,0,0,0,0,0,0,0,0,0,0,0,0,0,0,0,0,0,0,0,0,0,0,0,0,0,0,0,0,0,0,0,0,0,0,0,0,0,0,0,0,0,0,0,0,0,0,0,0,0,0,0,0,0,0,0,0,0,0,0,0,0,0,0,0,0,0,0,0,0,0,0,0,0,0,0,0,0,0,0,0,0,0,0,0,0,0,0,0,0,0,0,0,0,0,0,0,0,0,0,0,0,0,0,0,0,0,0,0,0,0,0,0,0,0,0,0,0,0,0,0,0,0,0,0,0,0,0,0,0,0,0,0,0,0,0,0,0,0,0,0,0,0,0,0,0,0,0,0,0,0,0,0,0,0,0,0,0,0,0,0,0,0,0,0,0,0,0,0,0,0,0,0,0,0,0,0,0,0,0,0,0,0,0,0,0,0,0,0,0,0,0,0,0,0,0,0,0,0,0,0,0,0,0,0,0,0,0,0,0,0,0,0,0,0,0,0,0,0,0,0,0,0,0,0,0,0,0,0,0,0,0,0,0,0,0,0,0,0,0,0,0,0,0,0,0,0,0,0,0,0,0,0,0,0,0,0,0,0,0,0,0,0,0,0,0,0,0,0,0,0,0,0,0,0,0,0,0,0,0,0,0,0,0,0,0,0,0,0,0,0,0,0,0,0,0,0,0,0,0,0,0,0,0,0,0,0,0,0,0,0,0,0,0,0,0,0,0,0,0,0,0,0,0,0,0,0,0,0,0,0,0,0,0,0,0,0,0,0,0,0,0,0,0,0,0,0,0,0,0,0,0,0,0,0,0,0,0,0,0,0,0,0,0,0,0,0,0,0,0,0,0,0,0
0.0552832083161066,0.0246884413206544,0.0281141102120371,0.0297678814009804,0.0388045596834209,0.0452424546689504,0.0502628314925285,0.0441202527907389,0.0587088772074892,0.0587679404642372,0.0519756659382198,0.0532159943299274,0.0473687319118776,0.0522709822219597,0.051621286397732,0.0479003012226094,0.0433524304530152,0.0414033429803319,0.0425255448585435,0.0300631976847203,0.0254562636583781,0.0274053511310614,0.0159470793219538,0.00974543736341622,0.00915480479593645,0.0064378949855295,0.00525662985056996,0.00295316283739885,0.0015356446754474,0.000649695824227748,0,0,0,0,0,0,0,0,0,0,0,0,0,0,0,0,0,0,0,0,0,0,0,0,0,0,0,0,0,0,0,0,0,0,0,0,0,0,0,0,0,0,0,0,0,0,0,0,0,0,0,0,0,0,0,0,0,0,0,0,0,0,0,0,0,0,0,0,0,0,0,0,0,0,0,0,0,0,0,0,0,0,0,0,0,0,0,0,0,0,0,0,0,0,0,0,0,0,0,0,0,0,0,0,0,0,0,0,0,0,0,0,0,0,0,0,0,0,0,0,0,0,0,0,0,0,0,0,0,0,0,0,0,0,0,0,0,0,0,0,0,0,0,0,0,0,0,0,0,0,0,0,0,0,0,0,0,0,0,0,0,0,0,0,0,0,0,0,0,0,0,0,0,0,0,0,0,0,0,0,0,0,0,0,0,0,0,0,0,0,0,0,0,0,0,0,0,0,0,0,0,0,0,0,0,0,0,0,0,0,0,0,0,0,0,0,0,0,0,0,0,0,0,0,0,0,0,0,0,0,0,0,0,0,0,0,0,0,0,0,0,0,0,0,0,0,0,0,0,0,0,0,0,0,0,0,0,0,0,0,0,0,0,0,0,0,0,0,0,0,0,0,0,0,0,0,0,0,0,0,0,0,0,0,0,0,0,0,0,0,0,0,0,0,0,0,0,0,0,0,0,0,0,0,0,0,0,0,0,0,0,0,0,0,0,0,0,0,0,0,0,0,0,0,0,0,0,0,0,0,0,0,0,0,0,0,0,0,0,0,0,0,0,0,0,0,0,0,0,0,0,0,0,0,0,0,0,0,0,0,0,0,0,0,0,0,0,0,0,0,0,0,0,0,0,0,0,0,0,0,0,0,0,0,0,0,0,0,0,0,0,0,0,0,0,0,0,0,0,0,0,0,0,0,0,0,0,0,0,0,0,0,0,0,0,0,0,0,0,0,0,0,0,0,0,0,0,0,0,0,0,0,0,0,0,0,0,0,0,0,0,0,0,0,0,0,0,0,0,0,0,0,0,0,0,0,0,0,0,0,0,0,0,0,0,0,0,0,0,0,0,0,0,0,0,0,0,0,0,0,0,0,0,0,0,0,0,0,0,0,0,0,0,0,0,0,0,0,0,0,0,0,0,0,0,0,0,0,0,0,0,0,0,0,0,0,0,0,0,0,0,0,0,0,0,0,0,0,0
0.0608706656542647,0.0230321437610731,0.0221462920779549,0.0249936724879777,0.030751708428246,0.0334725385978233,0.034484940521387,0.0347380410022779,0.0435332827132372,0.0469501392052645,0.045431536319919,0.0376486965325234,0.0375854214123007,0.0370792204505189,0.0371424955707416,0.0405593520627689,0.0332827132371551,0.0412553783852189,0.0429638066312326,0.0379650721336371,0.0386610984560871,0.0344216654011643,0.0360668185269552,0.0229688686408504,0.0217666413566186,0.0199949379903822,0.0201847633510504,0.0179701341432549,0.0171475575803594,0.0105036699569729,0.00658061250316376,0.00329030625158188,0.00272083016957732,0.00126550240445457,0.000316375601113642,0.000126550240445457,0,0.000126550240445457,0,0,0,0,0,0,0,0,0,0,0,0,0,0,0,0,0,0,0,0,0,0,0,0,0,0,0,0,0,0,0,0,0,0,0,0,0,0,0,0,0,0,0,0,0,0,0,0,0,0,0,0,0,0,0,0,0,0,0,0,0,0,0,0,0,0,0,0,0,0,0,0,0,0,0,0,0,0,0,0,0,0,0,0,0,0,0,0,0,0,0,0,0,0,0,0,0,0,0,0,0,0,0,0,0,0,0,0,0,0,0,0,0,0,0,0,0,0,0,0,0,0,0,0,0,0,0,0,0,0,0,0,0,0,0,0,0,0,0,0,0,0,0,0,0,0,0,0,0,0,0,0,0,0,0,0,0,0,0,0,0,0,0,0,0,0,0,0,0,0,0,0,0,0,0,0,0,0,0,0,0,0,0,0,0,0,0,0,0,0,0,0,0,0,0,0,0,0,0,0,0,0,0,0,0,0,0,0,0,0,0,0,0,0,0,0,0,0,0,0,0,0,0,0,0,0,0,0,0,0,0,0,0,0,0,0,0,0,0,0,0,0,0,0,0,0,0,0,0,0,0,0,0,0,0,0,0,0,0,0,0,0,0,0,0,0,0,0,0,0,0,0,0,0,0,0,0,0,0,0,0,0,0,0,0,0,0,0,0,0,0,0,0,0,0,0,0,0,0,0,0,0,0,0,0,0,0,0,0,0,0,0,0,0,0,0,0,0,0,0,0,0,0,0,0,0,0,0,0,0,0,0,0,0,0,0,0,0,0,0,0,0,0,0,0,0,0,0,0,0,0,0,0,0,0,0,0,0,0,0,0,0,0,0,0,0,0,0,0,0,0,0,0,0,0,0,0,0,0,0,0,0,0,0,0,0,0,0,0,0,0,0,0,0,0,0,0,0,0,0,0,0,0,0,0,0,0,0,0,0,0,0,0,0,0,0,0,0,0,0,0,0,0,0,0,0,0,0,0,0,0,0,0,0,0,0,0,0,0,0,0,0,0,0,0,0,0,0,0,0,0,0,0,0,0,0,0,0,0,0,0,0,0,0,0,0,0,0,0,0,0,0,0,0,0,0,0,0,0,0,0,0,0,0,0,0,0,0,0,0,0,0,0,0,0,0,0,0,0,0,0,0,0,0,0,0,0,0,0,0,0,0,0,0,0,0,0,0,0,0,0
0.0555724818719152,0.0281518493693255,0.0372311254646274,0.0377795381146792,0.0461275973432454,0.056973980866492,0.0560599597830723,0.0611175431113278,0.0577661324721224,0.0473462921211383,0.0522820059716044,0.0528913533605508,0.0531960270550241,0.0515507891048687,0.0495399427213454,0.0449698373042472,0.0448479678264579,0.0389982328925721,0.0372311254646274,0.0304673694473219,0.0191335080129182,0.0147462068125038,0.00974955822314301,0.00725123392846262,0.00517945280604473,0.00280299798915362,0.00079215160563037,0.000243738955578575,0,0,0,0,0,0,0,0,0,0,0,0,0,0,0,0,0,0,0,0,0,0,0,0,0,0,0,0,0,0,0,0,0,0,0,0,0,0,0,0,0,0,0,0,0,0,0,0,0,0,0,0,0,0,0,0,0,0,0,0,0,0,0,0,0,0,0,0,0,0,0,0,0,0,0,0,0,0,0,0,0,0,0,0,0,0,0,0,0,0,0,0,0,0,0,0,0,0,0,0,0,0,0,0,0,0,0,0,0,0,0,0,0,0,0,0,0,0,0,0,0,0,0,0,0,0,0,0,0,0,0,0,0,0,0,0,0,0,0,0,0,0,0,0,0,0,0,0,0,0,0,0,0,0,0,0,0,0,0,0,0,0,0,0,0,0,0,0,0,0,0,0,0,0,0,0,0,0,0,0,0,0,0,0,0,0,0,0,0,0,0,0,0,0,0,0,0,0,0,0,0,0,0,0,0,0,0,0,0,0,0,0,0,0,0,0,0,0,0,0,0,0,0,0,0,0,0,0,0,0,0,0,0,0,0,0,0,0,0,0,0,0,0,0,0,0,0,0,0,0,0,0,0,0,0,0,0,0,0,0,0,0,0,0,0,0,0,0,0,0,0,0,0,0,0,0,0,0,0,0,0,0,0,0,0,0,0,0,0,0,0,0,0,0,0,0,0,0,0,0,0,0,0,0,0,0,0,0,0,0,0,0,0,0,0,0,0,0,0,0,0,0,0,0,0,0,0,0,0,0,0,0,0,0,0,0,0,0,0,0,0,0,0,0,0,0,0,0,0,0,0,0,0,0,0,0,0,0,0,0,0,0,0,0,0,0,0,0,0,0,0,0,0,0,0,0,0,0,0,0,0,0,0,0,0,0,0,0,0,0,0,0,0,0,0,0,0,0,0,0,0,0,0,0,0,0,0,0,0,0,0,0,0,0,0,0,0,0,0,0,0,0,0,0,0,0,0,0,0,0,0,0,0,0,0,0,0,0,0,0,0,0,0,0,0,0,0,0,0,0,0,0,0,0,0,0,0,0,0,0,0,0,0,0,0,0,0,0,0,0,0,0,0,0,0,0,0,0,0,0,0,0,0,0,0,0,0,0,0,0,0,0,0,0,0,0,0,0,0,0,0,0,0,0,0,0,0,0,0,0,0,0,0,0,0,0,0,0,0,0,0,0,0,0,0,0,0,0,0,0,0
0.0453020134228188,0.030714019388516,0.039382923191648,0.0442300521998509,0.043903803131991,0.0526659209545116,0.056907158836689,0.0590044742729307,0.0650633855331842,0.0677665920954512,0.0605425055928412,0.058165548098434,0.0618941088739746,0.0557419835943326,0.0585850111856823,0.0592375093214019,0.0472595078299776,0.0295488441461596,0.022045115585384,0.0164056674123788,0.0108128262490679,0.00722408650260999,0.00526659209545116,0.00125838926174497,0.000792319164802386,4.6607009694258e-05,0.00023303504847129,0,0,0,0,0,0,0,0,0,0,0,0,0,0,0,0,0,0,0,0,0,0,0,0,0,0,0,0,0,0,0,0,0,0,0,0,0,0,0,0,0,0,0,0,0,0,0,0,0,0,0,0,0,0,0,0,0,0,0,0,0,0,0,0,0,0,0,0,0,0,0,0,0,0,0,0,0,0,0,0,0,0,0,0,0,0,0,0,0,0,0,0,0,0,0,0,0,0,0,0,0,0,0,0,0,0,0,0,0,0,0,0,0,0,0,0,0,0,0,0,0,0,0,0,0,0,0,0,0,0,0,0,0,0,0,0,0,0,0,0,0,0,0,0,0,0,0,0,0,0,0,0,0,0,0,0,0,0,0,0,0,0,0,0,0,0,0,0,0,0,0,0,0,0,0,0,0,0,0,0,0,0,0,0,0,0,0,0,0,0,0,0,0,0,0,0,0,0,0,0,0,0,0,0,0,0,0,0,0,0,0,0,0,0,0,0,0,0,0,0,0,0,0,0,0,0,0,0,0,0,0,0,0,0,0,0,0,0,0,0,0,0,0,0,0,0,0,0,0,0,0,0,0,0,0,0,0,0,0,0,0,0,0,0,0,0,0,0,0,0,0,0,0,0,0,0,0,0,0,0,0,0,0,0,0,0,0,0,0,0,0,0,0,0,0,0,0,0,0,0,0,0,0,0,0,0,0,0,0,0,0,0,0,0,0,0,0,0,0,0,0,0,0,0,0,0,0,0,0,0,0,0,0,0,0,0,0,0,0,0,0,0,0,0,0,0,0,0,0,0,0,0,0,0,0,0,0,0,0,0,0,0,0,0,0,0,0,0,0,0,0,0,0,0,0,0,0,0,0,0,0,0,0,0,0,0,0,0,0,0,0,0,0,0,0,0,0,0,0,0,0,0,0,0,0,0,0,0,0,0,0,0,0,0,0,0,0,0,0,0,0,0,0,0,0,0,0,0,0,0,0,0,0,0,0,0,0,0,0,0,0,0,0,0,0,0,0,0,0,0,0,0,0,0,0,0,0,0,0,0,0,0,0,0,0,0,0,0,0,0,0,0,0,0,0,0,0,0,0,0,0,0,0,0,0,0,0,0,0,0,0,0,0,0,0,0,0,0,0,0,0,0,0,0,0,0,0,0,0,0,0,0,0,0,0,0,0,0,0,0,0,0,0,0,0,0,0,0,0,0,0,0
0.0666268299970122,0.0319262452516113,0.03849929574459,0.0402492637329805,0.0533526825728798,0.0644073584019804,0.0574501685944769,0.0718340518161253,0.0720901446924751,0.066029279952196,0.0576635793247684,0.0565965256733109,0.0504076144948568,0.0431089675188868,0.0408468137777967,0.0335908489478851,0.0314994237910282,0.0318835631055529,0.0256092876349823,0.0198471979171113,0.0113961329975671,0.00810960775107772,0.00836570062742755,0.00793887916684451,0.00593281830210423,0.00209142515685689,0.00140851081992403,0.00102437150539929,0.000170728584233215,0,4.26821460583038e-05,0,0,0,0,0,0,0,0,0,0,0,0,0,0,0,0,0,0,0,0,0,0,0,0,0,0,0,0,0,0,0,0,0,0,0,0,0,0,0,0,0,0,0,0,0,0,0,0,0,0,0,0,0,0,0,0,0,0,0,0,0,0,0,0,0,0,0,0,0,0,0,0,0,0,0,0,0,0,0,0,0,0,0,0,0,0,0,0,0,0,0,0,0,0,0,0,0,0,0,0,0,0,0,0,0,0,0,0,0,0,0,0,0,0,0,0,0,0,0,0,0,0,0,0,0,0,0,0,0,0,0,0,0,0,0,0,0,0,0,0,0,0,0,0,0,0,0,0,0,0,0,0,0,0,0,0,0,0,0,0,0,0,0,0,0,0,0,0,0,0,0,0,0,0,0,0,0,0,0,0,0,0,0,0,0,0,0,0,0,0,0,0,0,0,0,0,0,0,0,0,0,0,0,0,0,0,0,0,0,0,0,0,0,0,0,0,0,0,0,0,0,0,0,0,0,0,0,0,0,0,0,0,0,0,0,0,0,0,0,0,0,0,0,0,0,0,0,0,0,0,0,0,0,0,0,0,0,0,0,0,0,0,0,0,0,0,0,0,0,0,0,0,0,0,0,0,0,0,0,0,0,0,0,0,0,0,0,0,0,0,0,0,0,0,0,0,0,0,0,0,0,0,0,0,0,0,0,0,0,0,0,0,0,0,0,0,0,0,0,0,0,0,0,0,0,0,0,0,0,0,0,0,0,0,0,0,0,0,0,0,0,0,0,0,0,0,0,0,0,0,0,0,0,0,0,0,0,0,0,0,0,0,0,0,0,0,0,0,0,0,0,0,0,0,0,0,0,0,0,0,0,0,0,0,0,0,0,0,0,0,0,0,0,0,0,0,0,0,0,0,0,0,0,0,0,0,0,0,0,0,0,0,0,0,0,0,0,0,0,0,0,0,0,0,0,0,0,0,0,0,0,0,0,0,0,0,0,0,0,0,0,0,0,0,0,0,0,0,0,0,0,0,0,0,0,0,0,0,0,0,0,0,0,0,0,0,0,0,0,0,0,0,0,0,0,0,0,0,0,0,0,0,0,0,0,0,0,0,0,0,0,0,0,0,0,0,0,0,0,0,0,0,0,0,0,0,0,0,0,0,0,0,0,0,0,0,0,0,0,0,0,0,0,0,0,0,0,0
0.875835811622915,0.0380911980480555,0.00561093786901694,0.00350946864568808,0.000266256301023056,0.000612239065064315,0.000180512746456309,0.000123350376745145,0.00265955446445629,0.00408259661568686,0.00265052882713347,0.0022203067814126,0.00635555294814922,0.00519275000639316,0.0058185275274417,0.00670303998507761,0.00526044228631428,0.00621114275098417,0.018716163261745,0.0061118607404332,0.00213606749973299,0.000515965600287617,0.000273777665458736,0.000720546712938101,0.000141401651390776,0,0,0,0,0,0,0,0,0,0,0,0,0,0,0,0,0,0,0,0,0,0,0,0,0,0,0,0,0,0,0,0,0,0,0,0,0,0,0,0,0,0,0,0,0,0,0,0,0,0,0,0,0,0,0,0,0,0,0,0,0,0,0,0,0,0,0,0,0,0,0,0,0,0,0,0,0,0,0,0,0,0,0,0,0,0,0,0,0,0,0,0,0,0,0,0,0,0,0,0,0,0,0,0,0,0,0,0,0,0,0,0,0,0,0,0,0,0,0,0,0,0,0,0,0,0,0,0,0,0,0,0,0,0,0,0,0,0,0,0,0,0,0,0,0,0,0,0,0,0,0,0,0,0,0,0,0,0,0,0,0,0,0,0,0,0,0,0,0,0,0,0,0,0,0,0,0,0,0,0,0,0,0,0,0,0,0,0,0,0,0,0,0,0,0,0,0,0,0,0,0,0,0,0,0,0,0,0,0,0,0,0,0,0,0,0,0,0,0,0,0,0,0,0,0,0,0,0,0,0,0,0,0,0,0,0,0,0,0,0,0,0,0,0,0,0,0,0,0,0,0,0,0,0,0,0,0,0,0,0,0,0,0,0,0,0,0,0,0,0,0,0,0,0,0,0,0,0,0,0,0,0,0,0,0,0,0,0,0,0,0,0,0,0,0,0,0,0,0,0,0,0,0,0,0,0,0,0,0,0,0,0,0,0,0,0,0,0,0,0,0,0,0,0,0,0,0,0,0,0,0,0,0,0,0,0,0,0,0,0,0,0,0,0,0,0,0,0,0,0,0,0,0,0,0,0,0,0,0,0,0,0,0,0,0,0,0,0,0,0,0,0,0,0,0,0,0,0,0,0,0,0,0,0,0,0,0,0,0,0,0,0,0,0,0,0,0,0,0,0,0,0,0,0,0,0,0,0,0,0,0,0,0,0,0,0,0,0,0,0,0,0,0,0,0,0,0,0,0,0,0,0,0,0,0,0,0,0,0,0,0,0,0,0,0,0,0,0,0,0,0,0,0,0,0,0,0,0,0,0,0,0,0,0,0,0,0,0,0,0,0,0,0,0,0,0,0,0,0,0,0,0,0,0,0,0,0,0,0,0,0,0,0,0,0,0,0,0,0,0,0,0,0,0,0,0,0,0,0,0,0,0,0,0,0,0,0,0,0,0,0,0,0,0,0,0,0,0,0,0,0,0,0,0
0.779432279775352,0.0329750139435597,0.00401922271843907,0.00237675832634483,0.000338390465146451,0.000762381680369474,0.000926895621922887,0.000753019098329849,0.00228982006454832,0.000981733602440691,0.000913520504723423,0.00844772402318175,0.0062863050837483,0.00490465547704362,0.0136573321723732,0.00974377287980986,0.00274323653761016,0.00596530227096115,0.00325149099118981,0.0022403321309103,0.00368083225329262,0.00714632511967386,0.00833269801526636,0.00887974030872445,0.00751681586609903,0.00260948536561552,0.00577270058328886,0.00344676770230199,0.00493140571144255,0.00616325400551322,0.00689621042804388,0.00219218170899223,0.00175347786484979,0.000611242856015526,0.0018257034977269,0.00363803187825433,0.00922214330903075,0.00476689176988913,0.0026148354124953,0.00183640359148647,0.0016384518569344,0.00556538626669716,0.000936258203962512,0.000690156047492366,0.00130541143866773,0.00132146157930709,0.00354975610473787,0.00531660908678712,0.00142177495830307,0.000858682524205618,2.67502343989289e-05,0.000494879336380185,2.80877461188754e-05,0,0,0,0,0,0,0,0,0,0,0,0,0,0,0,0,0,0,0,0,0,0,0,0,0,0,0,0,0,0,0,0,0,0,0,0,0,0,0,0,0,0,0,0,0,0,0,0,0,0,0,0,0,0,0,0,0,0,0,0,0,0,0,0,0,0,0,0,0,0,0,0,0,0,0,0,0,0,0,0,0,0,0,0,0,0,0,0,0,0,0,0,0,0,0,0,0,0,0,0,0,0,0,0,0,0,0,0,0,0,0,0,0,0,0,0,0,0,0,0,0,0,0,0,0,0,0,0,0,0,0,0,0,0,0,0,0,0,0,0,0,0,0,0,0,0,0,0,0,0,0,0,0,0,0,0,0,0,0,0,0,0,0,0,0,0,0,0,0,0,0,0,0,0,0,0,0,0,0,0,0,0,0,0,0,0,0,0,0,0,0,0,0,0,0,0,0,0,0,0,0,0,0,0,0,0,0,0,0,0,0,0,0,0,0,0,0,0,0,0,0,0,0,0,0,0,0,0,0,0,0,0,0,0,0,0,0,0,0,0,0,0,0,0,0,0,0,0,0,0,0,0,0,0,0,0,0,0,0,0,0,0,0,0,0,0,0,0,0,0,0,0,0,0,0,0,0,0,0,0,0,0,0,0,0,0,0,0,0,0,0,0,0,0,0,0,0,0,0,0,0,0,0,0,0,0,0,0,0,0,0,0,0,0,0,0,0,0,0,0,0,0,0,0,0,0,0,0,0,0,0,0,0,0,0,0,0,0,0,0,0,0,0,0,0,0,0,0,0,0,0,0,0,0,0,0,0,0,0,0,0,0,0,0,0,0,0,0,0,0,0,0,0,0,0,0,0,0,0,0,0,0,0,0,0,0,0,0,0,0,0,0,0,0,0,0,0,0,0,0,0,0,0,0,0,0,0,0,0,0,0,0,0,0,0,0,0,0,0,0,0,0,0,0,0,0,0,0,0,0,0,0,0,0,0,0,0,0,0,0,0,0,0,0,0,0,0,0,0,0,0,0,0,0,0,0,0,0,0,0,0,0,0,0,0,0,0,0,0,0,0,0,0,0,0,0,0,0,0,0,0,0,0,0,0,0,0,0,0,0,0,0,0,0,0,0,0,0,0,0,0,0,0,0,0,0
0.0600738811845213,0.00859928541149397,0.00545025131714407,0.00496578453339793,0.00666141827650942,0.00641918488463635,0.00981045237085932,0.00775146853993823,0.00865984375946224,0.00920486889117665,0.00872040210743051,0.013807303336765,0.0102343608066372,0.0128383697692727,0.0108399442863199,0.0124750196814631,0.0145945618603524,0.0164718706473687,0.0148367952522255,0.0159268455156543,0.0171985708229879,0.0169563374311149,0.0132622782050506,0.013141161509114,0.0112638527220977,0.0117483195058439,0.0146551202083207,0.0117483195058439,0.0120511112456852,0.00841761036758917,0.00974989402289106,0.00938654393508145,0.0117483195058439,0.0116272028099073,0.0101738024586689,0.0120511112456852,0.0076303518440017,0.00769091019196996,0.00720644340822382,0.00708532671228729,0.00466299279355659,0.00605583479682674,0.00484466783746139,0.00478410948949313,0.00351238418215951,0.00551080966511234,0.00484466783746139,0.00429964270574699,0.00375461757403258,0.00399685096590565,0.00399685096590565,0.00333070913825471,0.00284624235450857,0.00272512565857203,0.00224065887482589,0.00205898383092109,0.00429964270574699,0.00199842548295283,0.00205898383092109,0.00411796766184219,0.0026040089626355,0.00314903409434991,0.00393629261793738,0.00127172530733362,0.00175619209107976,0.00139284200327015,0.00314903409434991,0.00266456731060377,0.00133228365530188,0.00193786713498456,0.00115060861139708,0.00145340035123842,0.000726700175619209,0.000423908435777872,0.000666141827650942,0.00102949191546055,0.00151395869920669,0.00109005026342881,0.00109005026342881,0.0024223339187307,0.00302791739841337,0.00102949191546055,0.000787258523587477,0.00115060861139708,0.000726700175619209,0.00133228365530188,0.000605583479682674,0.000605583479682674,0.000726700175619209,0.000968933567492279,0.00109005026342881,0.00157451704717495,0.00121116695936535,0.00139284200327015,0.00139284200327015,0.00109005026342881,0.000605583479682674,0.000726700175619209,0.000605583479682674,0.00133228365530188,0.00175619209107976,0.00175619209107976,0.00139284200327015,0.00163507539514322,0.00115060861139708,0.000726700175619209,0.00115060861139708,0.00181675043904802,0.000484466783746139,0.00139284200327015,0.00121116695936535,0.00157451704717495,0.00115060861139708,0.00151395869920669,0.000666141827650942,0.00157451704717495,0.00254345061466723,0.00169563374311149,0.00127172530733362,0.00157451704717495,0.00121116695936535,0.00121116695936535,0.000968933567492279,0.00157451704717495,0.00121116695936535,0.000847816871555744,0.000726700175619209,0.00109005026342881,0.00193786713498456,0.0029673590504451,0.00211954217888936,0.00115060861139708,0.00151395869920669,0.00157451704717495,0.00169563374311149,0.00145340035123842,0.000847816871555744,0.00102949191546055,0.000968933567492279,0.00133228365530188,0.00236177557076243,0.00181675043904802,0.00151395869920669,0.00139284200327015,0.00272512565857203,0.00157451704717495,0.00199842548295283,0.00024223339187307,0.000545025131714407,0.000726700175619209,0.00187730878701629,0.00308847574638164,0.00151395869920669,0.00187730878701629,0.00405740931387392,0.00369405922606431,0.00133228365530188,0.00145340035123842,0.00163507539514322,0.000968933567492279,0.00272512565857203,0.00236177557076243,0.00290680070247684,0.00545025131714407,0.00230121722279416,0.00181675043904802,0.00193786713498456,0.00199842548295283,0.00284624235450857,0.00284624235450857,0.00230121722279416,0.00266456731060377,0.00115060861139708,0.00115060861139708,0.00218010052685763,0.00193786713498456,0.00236177557076243,0.0027856840065403,0.00514745957730273,0.0026040089626355,0.00272512565857203,0.00290680070247684,0.00145340035123842,0.00205898383092109,0.00181675043904802,0.00272512565857203,0.00187730878701629,0.00205898383092109,0.00423908435777872,0.00339126748622298,0.00169563374311149,0.00290680070247684,0.00218010052685763,0.00163507539514322,0.00314903409434991,0.00139284200327015,0.00121116695936535,0.00145340035123842,0.000908375219524011,0.000726700175619209,0.00121116695936535,0.000484466783746139,0.000605583479682674,0.000363350087809605,0.000363350087809605,0.000302791739841337,0.000363350087809605,0.000363350087809605,0.000181675043904802,0.000847816871555744,0.000423908435777872,0.000484466783746139,0.000726700175619209,0.00115060861139708,0.000423908435777872,0.000787258523587477,0.000605583479682674,0.000968933567492279,0.000363350087809605,0.000545025131714407,0.000484466783746139,0.00024223339187307,0.00024223339187307,0.000121116695936535,0.000545025131714407,0.000302791739841337,0.000545025131714407,0.00024223339187307,0.000423908435777872,0.000423908435777872,0.000181675043904802,0.000363350087809605,0.000302791739841337,0.000545025131714407,0.00024223339187307,0.000545025131714407,0.000363350087809605,0.000423908435777872,0.000545025131714407,0.000363350087809605,0.000605583479682674,0.000121116695936535,0.000484466783746139,0.000363350087809605,0.000484466783746139,0.000908375219524011,0.00109005026342881,0.000484466783746139,0.000423908435777872,0.000302791739841337,0.000605583479682674,0.000666141827650942,0.000423908435777872,0.000302791739841337,0.000423908435777872,0.000363350087809605,0.000181675043904802,0.000787258523587477,0.000484466783746139,0.000908375219524011,0.000726700175619209,0.000484466783746139,0.00102949191546055,0.000908375219524011,0.000605583479682674,0.000666141827650942,0.000545025131714407,0.000484466783746139,0.000484466783746139,0.000726700175619209,0.00109005026342881,0.000363350087809605,0.000363350087809605,0.000363350087809605,0.000968933567492279,0.000545025131714407,0.000121116695936535,0.000484466783746139,0.000423908435777872,0.00102949191546055,0.00145340035123842,0.000363350087809605,0.000484466783746139,0.000423908435777872,0.000847816871555744,0.00102949191546055,0.000726700175619209,0.000545025131714407,0.000605583479682674,0.000484466783746139,0.000484466783746139,0.00024223339187307,0.000302791739841337,0.000363350087809605,0.000423908435777872,0.00151395869920669,0.000605583479682674,0.000423908435777872,0.000605583479682674,0.000302791739841337,0.000484466783746139,0.000726700175619209,0.000666141827650942,0.000423908435777872,0.000847816871555744,0.000787258523587477,0.00109005026342881,0.000484466783746139,0.000605583479682674,0.000545025131714407,0.000968933567492279,0.000968933567492279,0.000847816871555744,0.00151395869920669,0.00139284200327015,0.00145340035123842,0.00145340035123842,0.00145340035123842,0.00127172530733362,0.00102949191546055,0.000484466783746139,0.000968933567492279,0.00115060861139708,0.00109005026342881,0.00139284200327015,0.000605583479682674,0.00151395869920669,0.000908375219524011,0.00115060861139708,0.00169563374311149,0.00163507539514322,0.00115060861139708,0.00163507539514322,0.00109005026342881,0.00115060861139708,0.000605583479682674,0.000726700175619209,0.000847816871555744,0.00157451704717495,0.00145340035123842,0.00133228365530188,0.000968933567492279,0.00139284200327015,0.00181675043904802,0.00175619209107976,0.00157451704717495,0.00211954217888936,0.00205898383092109,0.00224065887482589,0.00169563374311149,0.00218010052685763,0.00224065887482589,0.00230121722279416,0.00193786713498456,0.00133228365530188,0.000726700175619209,0.00218010052685763,0.000545025131714407,0.00109005026342881,0.00193786713498456,0.0026040089626355,0.00254345061466723,0.00133228365530188,0.00199842548295283,0.00193786713498456,0.00169563374311149,0.00145340035123842,0.00211954217888936,0.00102949191546055,0.00205898383092109,0.00187730878701629,0.0024223339187307,0.00248289226669896,0.00102949191546055,0.00151395869920669,0.00121116695936535,0.00169563374311149,0.00193786713498456,0.00211954217888936,0.00254345061466723,0.00169563374311149,0.00248289226669896,0.00109005026342881,0.000605583479682674,0.00115060861139708,0.000666141827650942,0.00133228365530188,0.00181675043904802,0.00211954217888936,0.00272512565857203,0.00181675043904802,0.00121116695936535,0.00169563374311149,0.000908375219524011,0.00115060861139708,0.000968933567492279,0.000545025131714407,0.000787258523587477,0.00121116695936535,0.00121116695936535,0.000605583479682674,0.000726700175619209,0.00121116695936535,0.000666141827650942,0.000423908435777872,0.000181675043904802,0.000121116695936535,0.00024223339187307,0,0,0,0,0,0,0,0,0,0,0,0,0,0,0,0,0,0,0,0,0,0,0,0,0,0,0,0,0,0,0,0,0,0,0,0,0,0,0,0,0,0,0,0,0,0,0,0,0,0,0,0,0,0,0,0,0,0,0,0,0,0,0,0,0,0,0,0,0,0,0,0,0,0,0,0,0,0,0,0,0,0,0,0,0,0,0,0,0,0,0,0,0,0,0,0,0,0,0,0,0,0,0,0,0,0,0,0,0,0,0,0,0,0,0,0,0,0,0,0,0,0,0,0,0,0,0,0,0,0,0,0,0,0,0,0,0,0,0,0,0,0,0,0,0,0,0,0,0,0,0
0.0711165182768346,0.0376596803627717,0.0355582591384173,0.0510424155283968,0.0494386993308632,0.042692031189515,0.034673450201847,0.0358347619310955,0.0278714815019632,0.0261018636288226,0.0316319194823868,0.0299176021677819,0.0327379306530996,0.0305259083116739,0.0197975999557596,0.0233921362605762,0.0230603329093624,0.0255488580434662,0.0204059060996516,0.0218437206215783,0.0275396781507493,0.0262124647458939,0.0228391306752198,0.0188574904606537,0.0157606591826577,0.0124979262290549,0.0125532267875906,0.00934579439252336,0.014488746336338,0.015262954155837,0.0160924625338716,0.00962229718520157,0.0102859038876293,0.0120002212022341,0.0081844826632749,0.00995410053641542,0.012332024553448,0.00945639550959465,0.00763147707791849,0.00641486479013438,0.00674666814134823,0.0037604379804236,0.000884808936570259,0.000884808936570259,0.000995410053641542,0.000331803351213847,0.000276502792678206,0.000110601117071282,0.000276502792678206,5.53005585356412e-05,0.000387103909749488,0.000663606702427695,0.000110601117071282,0.000110601117071282,5.53005585356412e-05,0,0.000221202234142565,0.000110601117071282,0,0,5.53005585356412e-05,0.000165901675606924,0.000387103909749488,0.000276502792678206,0.000221202234142565,0.000331803351213847,0.000165901675606924,0.000110601117071282,0.000165901675606924,0,0,5.53005585356412e-05,0.000165901675606924,0.000276502792678206,0.000387103909749488,0,0,0,0,0,0,0,0,0,0,0,0,0,0,0,0,0,0,0,0,0,0,0.000221202234142565,0,0,5.53005585356412e-05,0.000110601117071282,0,0,0,0,0.000110601117071282,0,0,0,0,0.000165901675606924,0,0,0.000221202234142565,5.53005585356412e-05,0,0,0,0,0,0,0,5.53005585356412e-05,0.000110601117071282,0,0,0,5.53005585356412e-05,5.53005585356412e-05,5.53005585356412e-05,5.53005585356412e-05,0,0,0,0,0,5.53005585356412e-05,0,0,0,0,0,0,0,0,0,0,0,0,5.53005585356412e-05,0,0,0,0,0,0,0,0,0,0,0,0,0,0,0,0,0.000110601117071282,0,0.000165901675606924,0.000331803351213847,0,0.000165901675606924,5.53005585356412e-05,0.000110601117071282,0,0,0,0,0,0,0,0,0,0,0,0,0,0,0,0,0,0.000221202234142565,0.000331803351213847,5.53005585356412e-05,0,0,0,0,0,0,0,0,0,0,0,0,0,0,0,0,0,0,0,0,0.000221202234142565,0.000110601117071282,5.53005585356412e-05,0,0,0,0,5.53005585356412e-05,0,0,5.53005585356412e-05,0.000110601117071282,5.53005585356412e-05,5.53005585356412e-05,5.53005585356412e-05,5.53005585356412e-05,0,0,0,0,0,0,0,0,0,0.000110601117071282,0,0,0,0,0,0,0,0,0,0,0,0,0.000165901675606924,0,0,0.000221202234142565,0,0,0.000165901675606924,0,5.53005585356412e-05,0,0,0,0,0.00044240446828513,0.000165901675606924,0.000165901675606924,5.53005585356412e-05,0.000221202234142565,0.00044240446828513,0,5.53005585356412e-05,5.53005585356412e-05,5.53005585356412e-05,5.53005585356412e-05,5.53005585356412e-05,0,5.53005585356412e-05,0,0,0.000110601117071282,0.000221202234142565,0,0,0.000110601117071282,0.000110601117071282,0.000221202234142565,5.53005585356412e-05,0.000387103909749488,0.000331803351213847,0.000331803351213847,0.000110601117071282,5.53005585356412e-05,0,0.000387103909749488,0.000387103909749488,0.000110601117071282,0,0.000110601117071282,0.000165901675606924,0,0,5.53005585356412e-05,5.53005585356412e-05,0,0.000165901675606924,5.53005585356412e-05,5.53005585356412e-05,0,5.53005585356412e-05,5.53005585356412e-05,0,0,0.000110601117071282,0,0,0.000165901675606924,5.53005585356412e-05,0,0.000221202234142565,0.000110601117071282,0.000276502792678206,0.000110601117071282,5.53005585356412e-05,0.000331803351213847,0.000608306143892053,0.00138251396339103,0.000718907260963336,0.000165901675606924,0.000331803351213847,0.000276502792678206,0.000774207819498977,0.000165901675606924,0.000165901675606924,0,0.000110601117071282,5.53005585356412e-05,0,0,0,0,0,5.53005585356412e-05,0,0,0,5.53005585356412e-05,5.53005585356412e-05,0,0,0,5.53005585356412e-05,0.000331803351213847,0.000497705026820771,0.000718907260963336,0.000774207819498977,0.000774207819498977,0.000718907260963336,0.000331803351213847,0.000608306143892053,0.000608306143892053,0.000553005585356412,0.000829508378034618,0.00127191284631975,0.000829508378034618,0.000884808936570259,0.000608306143892053,0.000387103909749488,5.53005585356412e-05,0,0,0,0,0,0,0,0,0,0,0,0,0,5.53005585356412e-05,0,5.53005585356412e-05,0,0,0,0,0,0,5.53005585356412e-05,5.53005585356412e-05,5.53005585356412e-05,0,0,0.000387103909749488,5.53005585356412e-05,0,0,0,5.53005585356412e-05,5.53005585356412e-05,0,0,0,0.000165901675606924,0,0,5.53005585356412e-05,0,0.000221202234142565,0.00044240446828513,0,5.53005585356412e-05,0,0.000110601117071282,0.000276502792678206,0.000497705026820771,0.000276502792678206,0.000110601117071282,0.000276502792678206,0.000387103909749488,5.53005585356412e-05,0.000165901675606924,0.00105071061217718,0.000276502792678206,0.000165901675606924,0.000165901675606924,0.000165901675606924,0,0,5.53005585356412e-05,0,0,0,0,0,0,0,0,0,0,0,0,0,0,0,0,0,0,0,0,0,0,0,0,0,0,0,0,0,0,0,0,0,0,0,0,0,0,0,0,0,0,0,0,0,0,0,0,0,0,0,0,0,0,0,0,0,0,0,0,0,0,0,0,0,0,0,0,0,0,0,0,0,0,0,0,0,0,0,0,0,0,0,0,0,0,0,0,0,0,0,0,0,0,0,0,0,0,0,0,0,0,0,0,0,0,0,0,0,0,0,0,0,0,0,0,0,0,0,0,0,0,0,0
0.0395281961300385,0.0260759370278306,0.0313073711231337,0.0363600916313301,0.0421276664879531,0.0480089681727348,0.0524280677811896,0.0547026043443648,0.0566197137333268,0.0561972998001657,0.0606976328573053,0.0589917304349239,0.0553037318646326,0.0509333723253887,0.0491137430748485,0.0443047229127065,0.0404217640655716,0.0357427174213254,0.0309986840181313,0.0299101558057546,0.0227291189420156,0.0178388653311888,0.0140208932430017,0.0112427092979805,0.00982924729086449,0.00813959155822001,0.00643368913583857,0.00515020064661825,0.0029731442218648,0.00110477490211369,0.00037367386395022,0.000162466897369661,0.000227453656317525,0,0,0,0,0,0,0,0,0,0,0,0,0,0,0,0,0,0,0,0,0,0,0,0,0,0,0,0,0,0,0,0,0,0,0,0,0,0,0,0,0,0,0,0,0,0,0,0,0,0,0,0,0,0,0,0,0,0,0,0,0,0,0,0,0,0,0,0,0,0,0,0,0,0,0,0,0,0,0,0,0,0,0,0,0,0,0,0,0,0,0,0,0,0,0,0,0,0,0,0,0,0,0,0,0,0,0,0,0,0,0,0,0,0,0,0,0,0,0,0,0,0,0,0,0,0,0,0,0,0,0,0,0,0,0,0,0,0,0,0,0,0,0,0,0,0,0,0,0,0,0,0,0,0,0,0,0,0,0,0,0,0,0,0,0,0,0,0,0,0,0,0,0,0,0,0,0,0,0,0,0,0,0,0,0,0,0,0,0,0,0,0,0,0,0,0,0,0,0,0,0,0,0,0,0,0,0,0,0,0,0,0,0,0,0,0,0,0,0,0,0,0,0,0,0,0,0,0,0,0,0,0,0,0,0,0,0,0,0,0,0,0,0,0,0,0,0,0,0,0,0,0,0,0,0,0,0,0,0,0,0,0,0,0,0,0,0,0,0,0,0,0,0,0,0,0,0,0,0,0,0,0,0,0,0,0,0,0,0,0,0,0,0,0,0,0,0,0,0,0,0,0,0,0,0,0,0,0,0,0,0,0,0,0,0,0,0,0,0,0,0,0,0,0,0,0,0,0,0,0,0,0,0,0,0,0,0,0,0,0,0,0,0,0,0,0,0,0,0,0,0,0,0,0,0,0,0,0,0,0,0,0,0,0,0,0,0,0,0,0,0,0,0,0,0,0,0,0,0,0,0,0,0,0,0,0,0,0,0,0,0,0,0,0,0,0,0,0,0,0,0,0,0,0,0,0,0,0,0,0,0,0,0,0,0,0,0,0,0,0,0,0,0,0,0,0,0,0,0,0,0,0,0,0,0,0,0,0,0,0,0,0,0,0,0,0,0,0,0,0,0,0,0,0,0,0,0,0,0,0,0,0,0,0,0,0,0,0,0,0,0,0,0,0,0,0,0,0,0,0,0,0,0,0,0,0,0,0,0,0,0,0,0,0,0,0,0,0,0,0,0,0,0,0,0,0,0,0,0,0,0,0,0,0,0,0,0,0,0,0,0,0,0,0,0,0
0.0330092650297063,0.0218953841040342,0.0270056919689227,0.0280651460384727,0.0338402093979808,0.0386181395155594,0.0458889027379617,0.047675433129752,0.051019984212057,0.0516847397066766,0.0497112468320246,0.0511030786488845,0.0557148198928082,0.0494411899123354,0.0544684033403964,0.0525572312933649,0.0522664007644688,0.042793634966139,0.0390543853089036,0.0332377747309818,0.0251152935310981,0.0249491046574432,0.0204204578503469,0.0171797748140762,0.0166396609746977,0.0124226183057044,0.00911961444181312,0.00662678133698949,0.00517262869250904,0.00247205949561677,0.000394698574930408,0.000394698574930408,4.15472184137272e-05,0,0,0,0,0,0,0,0,0,0,0,0,0,0,0,0,0,0,0,0,0,0,0,0,0,0,0,0,0,0,0,0,0,0,0,0,0,0,0,0,0,0,0,0,0,0,0,0,0,0,0,0,0,0,0,0,0,0,0,0,0,0,0,0,0,0,0,0,0,0,0,0,0,0,0,0,0,0,0,0,0,0,0,0,0,0,0,0,0,0,0,0,0,0,0,0,0,0,0,0,0,0,0,0,0,0,0,0,0,0,0,0,0,0,0,0,0,0,0,0,0,0,0,0,0,0,0,0,0,0,0,0,0,0,0,0,0,0,0,0,0,0,0,0,0,0,0,0,0,0,0,0,0,0,0,0,0,0,0,0,0,0,0,0,0,0,0,0,0,0,0,0,0,0,0,0,0,0,0,0,0,0,0,0,0,0,0,0,0,0,0,0,0,0,0,0,0,0,0,0,0,0,0,0,0,0,0,0,0,0,0,0,0,0,0,0,0,0,0,0,0,0,0,0,0,0,0,0,0,0,0,0,0,0,0,0,0,0,0,0,0,0,0,0,0,0,0,0,0,0,0,0,0,0,0,0,0,0,0,0,0,0,0,0,0,0,0,0,0,0,0,0,0,0,0,0,0,0,0,0,0,0,0,0,0,0,0,0,0,0,0,0,0,0,0,0,0,0,0,0,0,0,0,0,0,0,0,0,0,0,0,0,0,0,0,0,0,0,0,0,0,0,0,0,0,0,0,0,0,0,0,0,0,0,0,0,0,0,0,0,0,0,0,0,0,0,0,0,0,0,0,0,0,0,0,0,0,0,0,0,0,0,0,0,0,0,0,0,0,0,0,0,0,0,0,0,0,0,0,0,0,0,0,0,0,0,0,0,0,0,0,0,0,0,0,0,0,0,0,0,0,0,0,0,0,0,0,0,0,0,0,0,0,0,0,0,0,0,0,0,0,0,0,0,0,0,0,0,0,0,0,0,0,0,0,0,0,0,0,0,0,0,0,0,0,0,0,0,0,0,0,0,0,0,0,0,0,0,0,0,0,0,0,0,0,0,0,0,0,0,0,0,0,0,0,0,0,0,0,0,0,0,0,0,0,0,0,0,0,0,0,0,0,0,0,0,0,0,0,0,0,0,0,0,0,0,0,0,0,0,0,0,0,0,0,0,0,0,0,0,0,0,0,0,0,0
0.0328030641257607,0.0234509011443476,0.0320041356298611,0.0367272129144442,0.0438235777897878,0.045209953709143,0.0542331461334211,0.0571703832506991,0.0577343327772164,0.0621519374016026,0.0582042907159809,0.0586977465516836,0.0608595530700002,0.057264374838452,0.0509669384590079,0.0453274431938342,0.0410978217449538,0.0357168033461005,0.026646615127946,0.0257301971473553,0.0225109852668186,0.0188688112413939,0.0182343680240618,0.0108090325915831,0.00925817139366027,0.00561599736823554,0.0036186761284865,0.00263176445708109,0.00187983175505792,0.000563949526517377,0.000164485278567568,2.3497896938224e-05,0,0,0,0,0,0,0,0,0,0,0,0,0,0,0,0,0,0,0,0,0,0,0,0,0,0,0,0,0,0,0,0,0,0,0,0,0,0,0,0,0,0,0,0,0,0,0,0,0,0,0,0,0,0,0,0,0,0,0,0,0,0,0,0,0,0,0,0,0,0,0,0,0,0,0,0,0,0,0,0,0,0,0,0,0,0,0,0,0,0,0,0,0,0,0,0,0,0,0,0,0,0,0,0,0,0,0,0,0,0,0,0,0,0,0,0,0,0,0,0,0,0,0,0,0,0,0,0,0,0,0,0,0,0,0,0,0,0,0,0,0,0,0,0,0,0,0,0,0,0,0,0,0,0,0,0,0,0,0,0,0,0,0,0,0,0,0,0,0,0,0,0,0,0,0,0,0,0,0,0,0,0,0,0,0,0,0,0,0,0,0,0,0,0,0,0,0,0,0,0,0,0,0,0,0,0,0,0,0,0,0,0,0,0,0,0,0,0,0,0,0,0,0,0,0,0,0,0,0,0,0,0,0,0,0,0,0,0,0,0,0,0,0,0,0,0,0,0,0,0,0,0,0,0,0,0,0,0,0,0,0,0,0,0,0,0,0,0,0,0,0,0,0,0,0,0,0,0,0,0,0,0,0,0,0,0,0,0,0,0,0,0,0,0,0,0,0,0,0,0,0,0,0,0,0,0,0,0,0,0,0,0,0,0,0,0,0,0,0,0,0,0,0,0,0,0,0,0,0,0,0,0,0,0,0,0,0,0,0,0,0,0,0,0,0,0,0,0,0,0,0,0,0,0,0,0,0,0,0,0,0,0,0,0,0,0,0,0,0,0,0,0,0,0,0,0,0,0,0,0,0,0,0,0,0,0,0,0,0,0,0,0,0,0,0,0,0,0,0,0,0,0,0,0,0,0,0,0,0,0,0,0,0,0,0,0,0,0,0,0,0,0,0,0,0,0,0,0,0,0,0,0,0,0,0,0,0,0,0,0,0,0,0,0,0,0,0,0,0,0,0,0,0,0,0,0,0,0,0,0,0,0,0,0,0,0,0,0,0,0,0,0,0,0,0,0,0,0,0,0,0,0,0,0,0,0,0,0,0,0,0,0,0,0,0,0,0,0,0,0,0,0,0,0,0,0,0,0,0,0,0,0,0,0,0,0,0,0,0,0,0,0,0,0,0,0,0
0.0407877636708987,0.0280415875237429,0.031815455363391,0.0364890532840148,0.0417874637608717,0.0464610616814956,0.0559082275317405,0.0575327401779466,0.0589573128061582,0.0602819154253724,0.0601069679096271,0.0534589623113066,0.0546086174147756,0.0507597720683795,0.0456113166050185,0.042037388783365,0.0381635509347196,0.0364640607817655,0.0287163850844747,0.0247175847245826,0.0222683195041488,0.0181695491352594,0.0139708087573728,0.0123962811156653,0.0143207037888633,0.0102719184244727,0.00794761571528541,0.00444866540037989,0.00252424272718185,0.00057482755173448,0.000299910026991902,9.99700089973008e-05,0,0,0,0,0,0,0,0,0,0,0,0,0,0,0,0,0,0,0,0,0,0,0,0,0,0,0,0,0,0,0,0,0,0,0,0,0,0,0,0,0,0,0,0,0,0,0,0,0,0,0,0,0,0,0,0,0,0,0,0,0,0,0,0,0,0,0,0,0,0,0,0,0,0,0,0,0,0,0,0,0,0,0,0,0,0,0,0,0,0,0,0,0,0,0,0,0,0,0,0,0,0,0,0,0,0,0,0,0,0,0,0,0,0,0,0,0,0,0,0,0,0,0,0,0,0,0,0,0,0,0,0,0,0,0,0,0,0,0,0,0,0,0,0,0,0,0,0,0,0,0,0,0,0,0,0,0,0,0,0,0,0,0,0,0,0,0,0,0,0,0,0,0,0,0,0,0,0,0,0,0,0,0,0,0,0,0,0,0,0,0,0,0,0,0,0,0,0,0,0,0,0,0,0,0,0,0,0,0,0,0,0,0,0,0,0,0,0,0,0,0,0,0,0,0,0,0,0,0,0,0,0,0,0,0,0,0,0,0,0,0,0,0,0,0,0,0,0,0,0,0,0,0,0,0,0,0,0,0,0,0,0,0,0,0,0,0,0,0,0,0,0,0,0,0,0,0,0,0,0,0,0,0,0,0,0,0,0,0,0,0,0,0,0,0,0,0,0,0,0,0,0,0,0,0,0,0,0,0,0,0,0,0,0,0,0,0,0,0,0,0,0,0,0,0,0,0,0,0,0,0,0,0,0,0,0,0,0,0,0,0,0,0,0,0,0,0,0,0,0,0,0,0,0,0,0,0,0,0,0,0,0,0,0,0,0,0,0,0,0,0,0,0,0,0,0,0,0,0,0,0,0,0,0,0,0,0,0,0,0,0,0,0,0,0,0,0,0,0,0,0,0,0,0,0,0,0,0,0,0,0,0,0,0,0,0,0,0,0,0,0,0,0,0,0,0,0,0,0,0,0,0,0,0,0,0,0,0,0,0,0,0,0,0,0,0,0,0,0,0,0,0,0,0,0,0,0,0,0,0,0,0,0,0,0,0,0,0,0,0,0,0,0,0,0,0,0,0,0,0,0,0,0,0,0,0,0,0,0,0,0,0,0,0,0,0,0,0,0,0,0,0,0,0,0,0,0,0,0,0,0,0,0,0,0,0,0,0,0,0,0,0,0,0,0,0,0
0.0372750642673522,0.0221630554535439,0.0274329783327213,0.0348696290855674,0.0394050679397723,0.0450605949320602,0.045813441057657,0.0465846492838781,0.0497980168931326,0.0553617333822989,0.0576202717590892,0.0574550128534704,0.0544069041498347,0.0549944913698127,0.0525523319867793,0.0499632757987514,0.044399559309585,0.0396988615497613,0.0330150569225119,0.0255416819684172,0.0262578038927653,0.0210613294160852,0.0200330517811238,0.0163239074550129,0.0136246786632391,0.0125413147264047,0.00839147998531032,0.00427836944546456,0.00178112376055821,0.00174439955930958,0.00051413881748072,3.67242012486228e-05,0,0,0,0,0,0,0,0,0,0,0,0,0,0,0,0,0,0,0,0,0,0,0,0,0,0,0,0,0,0,0,0,0,0,0,0,0,0,0,0,0,0,0,0,0,0,0,0,0,0,0,0,0,0,0,0,0,0,0,0,0,0,0,0,0,0,0,0,0,0,0,0,0,0,0,0,0,0,0,0,0,0,0,0,0,0,0,0,0,0,0,0,0,0,0,0,0,0,0,0,0,0,0,0,0,0,0,0,0,0,0,0,0,0,0,0,0,0,0,0,0,0,0,0,0,0,0,0,0,0,0,0,0,0,0,0,0,0,0,0,0,0,0,0,0,0,0,0,0,0,0,0,0,0,0,0,0,0,0,0,0,0,0,0,0,0,0,0,0,0,0,0,0,0,0,0,0,0,0,0,0,0,0,0,0,0,0,0,0,0,0,0,0,0,0,0,0,0,0,0,0,0,0,0,0,0,0,0,0,0,0,0,0,0,0,0,0,0,0,0,0,0,0,0,0,0,0,0,0,0,0,0,0,0,0,0,0,0,0,0,0,0,0,0,0,0,0,0,0,0,0,0,0,0,0,0,0,0,0,0,0,0,0,0,0,0,0,0,0,0,0,0,0,0,0,0,0,0,0,0,0,0,0,0,0,0,0,0,0,0,0,0,0,0,0,0,0,0,0,0,0,0,0,0,0,0,0,0,0,0,0,0,0,0,0,0,0,0,0,0,0,0,0,0,0,0,0,0,0,0,0,0,0,0,0,0,0,0,0,0,0,0,0,0,0,0,0,0,0,0,0,0,0,0,0,0,0,0,0,0,0,0,0,0,0,0,0,0,0,0,0,0,0,0,0,0,0,0,0,0,0,0,0,0,0,0,0,0,0,0,0,0,0,0,0,0,0,0,0,0,0,0,0,0,0,0,0,0,0,0,0,0,0,0,0,0,0,0,0,0,0,0,0,0,0,0,0,0,0,0,0,0,0,0,0,0,0,0,0,0,0,0,0,0,0,0,0,0,0,0,0,0,0,0,0,0,0,0,0,0,0,0,0,0,0,0,0,0,0,0,0,0,0,0,0,0,0,0,0,0,0,0,0,0,0,0,0,0,0,0,0,0,0,0,0,0,0,0,0,0,0,0,0,0,0,0,0,0,0,0,0,0,0,0,0,0,0,0,0,0,0,0,0,0,0,0,0
0.0544566805659503,0.0263017213728216,0.0270145051498628,0.0308991767347375,0.0346056523753519,0.0378844577497416,0.040985067179871,0.0410563455575751,0.0457250792971952,0.0461171103745679,0.0429808617555864,0.0466516982073488,0.0476495954952065,0.0485762144053601,0.0486118535942122,0.0472932036066859,0.0486474927830643,0.0476852346840586,0.0374567874835169,0.0303289497131045,0.0292954132363947,0.0295448875583592,0.0208845646673082,0.0227378024876154,0.0208845646673082,0.017926511992587,0.0147546241847536,0.00751986884778502,0.0036351972629103,0.00138992836523041,0.000498948643928864,0,0,0,0,0,0,0,0,0,0,0,0,0,0,0,0,0,0,0,0,0,0,0,0,0,0,0,0,0,0,0,0,0,0,0,0,0,0,0,0,0,0,0,0,0,0,0,0,0,0,0,0,0,0,0,0,0,0,0,0,0,0,0,0,0,0,0,0,0,0,0,0,0,0,0,0,0,0,0,0,0,0,0,0,0,0,0,0,0,0,0,0,0,0,0,0,0,0,0,0,0,0,0,0,0,0,0,0,0,0,0,0,0,0,0,0,0,0,0,0,0,0,0,0,0,0,0,0,0,0,0,0,0,0,0,0,0,0,0,0,0,0,0,0,0,0,0,0,0,0,0,0,0,0,0,0,0,0,0,0,0,0,0,0,0,0,0,0,0,0,0,0,0,0,0,0,0,0,0,0,0,0,0,0,0,0,0,0,0,0,0,0,0,0,0,0,0,0,0,0,0,0,0,0,0,0,0,0,0,0,0,0,0,0,0,0,0,0,0,0,0,0,0,0,0,0,0,0,0,0,0,0,0,0,0,0,0,0,0,0,0,0,0,0,0,0,0,0,0,0,0,0,0,0,0,0,0,0,0,0,0,0,0,0,0,0,0,0,0,0,0,0,0,0,0,0,0,0,0,0,0,0,0,0,0,0,0,0,0,0,0,0,0,0,0,0,0,0,0,0,0,0,0,0,0,0,0,0,0,0,0,0,0,0,0,0,0,0,0,0,0,0,0,0,0,0,0,0,0,0,0,0,0,0,0,0,0,0,0,0,0,0,0,0,0,0,0,0,0,0,0,0,0,0,0,0,0,0,0,0,0,0,0,0,0,0,0,0,0,0,0,0,0,0,0,0,0,0,0,0,0,0,0,0,0,0,0,0,0,0,0,0,0,0,0,0,0,0,0,0,0,0,0,0,0,0,0,0,0,0,0,0,0,0,0,0,0,0,0,0,0,0,0,0,0,0,0,0,0,0,0,0,0,0,0,0,0,0,0,0,0,0,0,0,0,0,0,0,0,0,0,0,0,0,0,0,0,0,0,0,0,0,0,0,0,0,0,0,0,0,0,0,0,0,0,0,0,0,0,0,0,0,0,0,0,0,0,0,0,0,0,0,0,0,0,0,0,0,0,0,0,0,0,0,0,0,0,0,0,0,0,0,0,0,0,0,0,0,0,0,0,0,0,0,0,0,0,0
0.0560728326091455,0.0297951582867784,0.0265732612101327,0.0387809996748544,0.0483580148384618,0.0485058082823446,0.0519050574916497,0.0506635925630339,0.05181638142532,0.0648517631757855,0.0652655848186574,0.0626348615175431,0.0595311991960037,0.0507818273181402,0.046229789246549,0.0435399485678815,0.0439537702107535,0.0306228015725222,0.0282285477816204,0.0235878336436996,0.0168780112914191,0.0151931660311549,0.0120599450208389,0.0134196447045609,0.00854246105642754,0.00573438562265378,0.00271939936744406,0.0023351364133487,0.00109367148473294,0.000325145576542225,0,0,0,0,0,0,0,0,0,0,0,0,0,0,0,0,0,0,0,0,0,0,0,0,0,0,0,0,0,0,0,0,0,0,0,0,0,0,0,0,0,0,0,0,0,0,0,0,0,0,0,0,0,0,0,0,0,0,0,0,0,0,0,0,0,0,0,0,0,0,0,0,0,0,0,0,0,0,0,0,0,0,0,0,0,0,0,0,0,0,0,0,0,0,0,0,0,0,0,0,0,0,0,0,0,0,0,0,0,0,0,0,0,0,0,0,0,0,0,0,0,0,0,0,0,0,0,0,0,0,0,0,0,0,0,0,0,0,0,0,0,0,0,0,0,0,0,0,0,0,0,0,0,0,0,0,0,0,0,0,0,0,0,0,0,0,0,0,0,0,0,0,0,0,0,0,0,0,0,0,0,0,0,0,0,0,0,0,0,0,0,0,0,0,0,0,0,0,0,0,0,0,0,0,0,0,0,0,0,0,0,0,0,0,0,0,0,0,0,0,0,0,0,0,0,0,0,0,0,0,0,0,0,0,0,0,0,0,0,0,0,0,0,0,0,0,0,0,0,0,0,0,0,0,0,0,0,0,0,0,0,0,0,0,0,0,0,0,0,0,0,0,0,0,0,0,0,0,0,0,0,0,0,0,0,0,0,0,0,0,0,0,0,0,0,0,0,0,0,0,0,0,0,0,0,0,0,0,0,0,0,0,0,0,0,0,0,0,0,0,0,0,0,0,0,0,0,0,0,0,0,0,0,0,0,0,0,0,0,0,0,0,0,0,0,0,0,0,0,0,0,0,0,0,0,0,0,0,0,0,0,0,0,0,0,0,0,0,0,0,0,0,0,0,0,0,0,0,0,0,0,0,0,0,0,0,0,0,0,0,0,0,0,0,0,0,0,0,0,0,0,0,0,0,0,0,0,0,0,0,0,0,0,0,0,0,0,0,0,0,0,0,0,0,0,0,0,0,0,0,0,0,0,0,0,0,0,0,0,0,0,0,0,0,0,0,0,0,0,0,0,0,0,0,0,0,0,0,0,0,0,0,0,0,0,0,0,0,0,0,0,0,0,0,0,0,0,0,0,0,0,0,0,0,0,0,0,0,0,0,0,0,0,0,0,0,0,0,0,0,0,0,0,0,0,0,0,0,0,0,0,0,0,0,0,0,0,0,0,0,0,0,0,0,0,0,0,0,0
0.0747119238476954,0.0263652304609218,0.0262399799599198,0.0385771543086172,0.0417084168336673,0.0398296593186373,0.0460295591182365,0.0531688376753507,0.0598071142284569,0.0584293587174349,0.0557364729458918,0.0511648296593186,0.0552980961923848,0.0526052104208417,0.0448396793587174,0.03187625250501,0.0377004008016032,0.0392660320641283,0.029934869739479,0.0273046092184369,0.0257389779559118,0.0169714428857715,0.0167835671342685,0.0164078156312625,0.0115856713426854,0.00839178356713427,0.00670090180360721,0.00482214428857715,0.00175350701402806,0.000187875751503006,6.2625250501002e-05,0,0,0,0,0,0,0,0,0,0,0,0,0,0,0,0,0,0,0,0,0,0,0,0,0,0,0,0,0,0,0,0,0,0,0,0,0,0,0,0,0,0,0,0,0,0,0,0,0,0,0,0,0,0,0,0,0,0,0,0,0,0,0,0,0,0,0,0,0,0,0,0,0,0,0,0,0,0,0,0,0,0,0,0,0,0,0,0,0,0,0,0,0,0,0,0,0,0,0,0,0,0,0,0,0,0,0,0,0,0,0,0,0,0,0,0,0,0,0,0,0,0,0,0,0,0,0,0,0,0,0,0,0,0,0,0,0,0,0,0,0,0,0,0,0,0,0,0,0,0,0,0,0,0,0,0,0,0,0,0,0,0,0,0,0,0,0,0,0,0,0,0,0,0,0,0,0,0,0,0,0,0,0,0,0,0,0,0,0,0,0,0,0,0,0,0,0,0,0,0,0,0,0,0,0,0,0,0,0,0,0,0,0,0,0,0,0,0,0,0,0,0,0,0,0,0,0,0,0,0,0,0,0,0,0,0,0,0,0,0,0,0,0,0,0,0,0,0,0,0,0,0,0,0,0,0,0,0,0,0,0,0,0,0,0,0,0,0,0,0,0,0,0,0,0,0,0,0,0,0,0,0,0,0,0,0,0,0,0,0,0,0,0,0,0,0,0,0,0,0,0,0,0,0,0,0,0,0,0,0,0,0,0,0,0,0,0,0,0,0,0,0,0,0,0,0,0,0,0,0,0,0,0,0,0,0,0,0,0,0,0,0,0,0,0,0,0,0,0,0,0,0,0,0,0,0,0,0,0,0,0,0,0,0,0,0,0,0,0,0,0,0,0,0,0,0,0,0,0,0,0,0,0,0,0,0,0,0,0,0,0,0,0,0,0,0,0,0,0,0,0,0,0,0,0,0,0,0,0,0,0,0,0,0,0,0,0,0,0,0,0,0,0,0,0,0,0,0,0,0,0,0,0,0,0,0,0,0,0,0,0,0,0,0,0,0,0,0,0,0,0,0,0,0,0,0,0,0,0,0,0,0,0,0,0,0,0,0,0,0,0,0,0,0,0,0,0,0,0,0,0,0,0,0,0,0,0,0,0,0,0,0,0,0,0,0,0,0,0,0,0,0,0,0,0,0,0,0,0,0,0,0,0,0,0,0,0,0,0,0,0,0,0,0,0,0,0,0
0.0611190929212131,0.0257834038752767,0.033355337242263,0.0358016541762125,0.0416262183046635,0.0477614258532986,0.0529647031413816,0.0585174542771716,0.0597211975303848,0.055255698365239,0.0544790898147789,0.0480332388459597,0.0584786238496486,0.0603424843707529,0.04403370481109,0.0406942880441114,0.0413544053120025,0.0351415369083214,0.0300935813303304,0.027569603541335,0.0231429348037122,0.0177455053780142,0.0142507669009436,0.00924164175047567,0.00982409816332078,0.00450432959266882,0.00431017745505378,0.0027569603541335,0.00100959111559818,0.000893099833029162,0.000194152137615035,0,0,0,0,0,0,0,0,0,0,0,0,0,0,0,0,0,0,0,0,0,0,0,0,0,0,0,0,0,0,0,0,0,0,0,0,0,0,0,0,0,0,0,0,0,0,0,0,0,0,0,0,0,0,0,0,0,0,0,0,0,0,0,0,0,0,0,0,0,0,0,0,0,0,0,0,0,0,0,0,0,0,0,0,0,0,0,0,0,0,0,0,0,0,0,0,0,0,0,0,0,0,0,0,0,0,0,0,0,0,0,0,0,0,0,0,0,0,0,0,0,0,0,0,0,0,0,0,0,0,0,0,0,0,0,0,0,0,0,0,0,0,0,0,0,0,0,0,0,0,0,0,0,0,0,0,0,0,0,0,0,0,0,0,0,0,0,0,0,0,0,0,0,0,0,0,0,0,0,0,0,0,0,0,0,0,0,0,0,0,0,0,0,0,0,0,0,0,0,0,0,0,0,0,0,0,0,0,0,0,0,0,0,0,0,0,0,0,0,0,0,0,0,0,0,0,0,0,0,0,0,0,0,0,0,0,0,0,0,0,0,0,0,0,0,0,0,0,0,0,0,0,0,0,0,0,0,0,0,0,0,0,0,0,0,0,0,0,0,0,0,0,0,0,0,0,0,0,0,0,0,0,0,0,0,0,0,0,0,0,0,0,0,0,0,0,0,0,0,0,0,0,0,0,0,0,0,0,0,0,0,0,0,0,0,0,0,0,0,0,0,0,0,0,0,0,0,0,0,0,0,0,0,0,0,0,0,0,0,0,0,0,0,0,0,0,0,0,0,0,0,0,0,0,0,0,0,0,0,0,0,0,0,0,0,0,0,0,0,0,0,0,0,0,0,0,0,0,0,0,0,0,0,0,0,0,0,0,0,0,0,0,0,0,0,0,0,0,0,0,0,0,0,0,0,0,0,0,0,0,0,0,0,0,0,0,0,0,0,0,0,0,0,0,0,0,0,0,0,0,0,0,0,0,0,0,0,0,0,0,0,0,0,0,0,0,0,0,0,0,0,0,0,0,0,0,0,0,0,0,0,0,0,0,0,0,0,0,0,0,0,0,0,0,0,0,0,0,0,0,0,0,0,0,0,0,0,0,0,0,0,0,0,0,0,0,0,0,0,0,0,0,0,0,0,0,0,0,0,0,0,0,0,0,0,0,0,0,0,0,0,0,0,0,0,0,0,0
0.0559869330317879,0.0239226033421284,0.0297273526824978,0.0295011936172886,0.036537253423797,0.0444779494911421,0.0496042216358839,0.0495790928508607,0.0511119487372786,0.0550320392009046,0.0541022741550446,0.0568664405076015,0.0531222515391381,0.0559115466767182,0.0570423420027642,0.0495288352808142,0.0502826988315115,0.0352808141726348,0.0326925493152406,0.0310340495037065,0.0213594672697575,0.0209071491393391,0.0172383465259455,0.012865937931901,0.00987561251413494,0.00660887046111321,0.00484985550948612,0.00273903756753361,0.00125643925116221,0.000653348410604347,0.00030154542027893,0,0,0,0,0,0,0,0,0,0,0,0,0,0,0,0,0,0,0,0,0,0,0,0,0,0,0,0,0,0,0,0,0,0,0,0,0,0,0,0,0,0,0,0,0,0,0,0,0,0,0,0,0,0,0,0,0,0,0,0,0,0,0,0,0,0,0,0,0,0,0,0,0,0,0,0,0,0,0,0,0,0,0,0,0,0,0,0,0,0,0,0,0,0,0,0,0,0,0,0,0,0,0,0,0,0,0,0,0,0,0,0,0,0,0,0,0,0,0,0,0,0,0,0,0,0,0,0,0,0,0,0,0,0,0,0,0,0,0,0,0,0,0,0,0,0,0,0,0,0,0,0,0,0,0,0,0,0,0,0,0,0,0,0,0,0,0,0,0,0,0,0,0,0,0,0,0,0,0,0,0,0,0,0,0,0,0,0,0,0,0,0,0,0,0,0,0,0,0,0,0,0,0,0,0,0,0,0,0,0,0,0,0,0,0,0,0,0,0,0,0,0,0,0,0,0,0,0,0,0,0,0,0,0,0,0,0,0,0,0,0,0,0,0,0,0,0,0,0,0,0,0,0,0,0,0,0,0,0,0,0,0,0,0,0,0,0,0,0,0,0,0,0,0,0,0,0,0,0,0,0,0,0,0,0,0,0,0,0,0,0,0,0,0,0,0,0,0,0,0,0,0,0,0,0,0,0,0,0,0,0,0,0,0,0,0,0,0,0,0,0,0,0,0,0,0,0,0,0,0,0,0,0,0,0,0,0,0,0,0,0,0,0,0,0,0,0,0,0,0,0,0,0,0,0,0,0,0,0,0,0,0,0,0,0,0,0,0,0,0,0,0,0,0,0,0,0,0,0,0,0,0,0,0,0,0,0,0,0,0,0,0,0,0,0,0,0,0,0,0,0,0,0,0,0,0,0,0,0,0,0,0,0,0,0,0,0,0,0,0,0,0,0,0,0,0,0,0,0,0,0,0,0,0,0,0,0,0,0,0,0,0,0,0,0,0,0,0,0,0,0,0,0,0,0,0,0,0,0,0,0,0,0,0,0,0,0,0,0,0,0,0,0,0,0,0,0,0,0,0,0,0,0,0,0,0,0,0,0,0,0,0,0,0,0,0,0,0,0,0,0,0,0,0,0,0,0,0,0,0,0,0,0,0,0,0,0,0,0,0,0,0,0,0,0,0,0,0
0.0596844084702804,0.0283705338892977,0.0308233177990352,0.0379363911372741,0.0456217807211185,0.0540021257460551,0.0520398986182651,0.0557599542147003,0.0637315019213474,0.0617692747935574,0.0592756111519908,0.0462758564303818,0.0588668138337013,0.0559234731420162,0.0487695200719483,0.0481563240945139,0.0426784400294334,0.0349930504455891,0.0208486632327692,0.0168833292453602,0.0192134739596108,0.0199493091325321,0.0142670264083068,0.0103834518845556,0.00564140299239637,0.00355653666911945,0.0029024609598561,0.00102199329572398,0.00049055678194751,0.000122639195486878,4.08797318289592e-05,0,0,0,0,0,0,0,0,0,0,0,0,0,0,0,0,0,0,0,0,0,0,0,0,0,0,0,0,0,0,0,0,0,0,0,0,0,0,0,0,0,0,0,0,0,0,0,0,0,0,0,0,0,0,0,0,0,0,0,0,0,0,0,0,0,0,0,0,0,0,0,0,0,0,0,0,0,0,0,0,0,0,0,0,0,0,0,0,0,0,0,0,0,0,0,0,0,0,0,0,0,0,0,0,0,0,0,0,0,0,0,0,0,0,0,0,0,0,0,0,0,0,0,0,0,0,0,0,0,0,0,0,0,0,0,0,0,0,0,0,0,0,0,0,0,0,0,0,0,0,0,0,0,0,0,0,0,0,0,0,0,0,0,0,0,0,0,0,0,0,0,0,0,0,0,0,0,0,0,0,0,0,0,0,0,0,0,0,0,0,0,0,0,0,0,0,0,0,0,0,0,0,0,0,0,0,0,0,0,0,0,0,0,0,0,0,0,0,0,0,0,0,0,0,0,0,0,0,0,0,0,0,0,0,0,0,0,0,0,0,0,0,0,0,0,0,0,0,0,0,0,0,0,0,0,0,0,0,0,0,0,0,0,0,0,0,0,0,0,0,0,0,0,0,0,0,0,0,0,0,0,0,0,0,0,0,0,0,0,0,0,0,0,0,0,0,0,0,0,0,0,0,0,0,0,0,0,0,0,0,0,0,0,0,0,0,0,0,0,0,0,0,0,0,0,0,0,0,0,0,0,0,0,0,0,0,0,0,0,0,0,0,0,0,0,0,0,0,0,0,0,0,0,0,0,0,0,0,0,0,0,0,0,0,0,0,0,0,0,0,0,0,0,0,0,0,0,0,0,0,0,0,0,0,0,0,0,0,0,0,0,0,0,0,0,0,0,0,0,0,0,0,0,0,0,0,0,0,0,0,0,0,0,0,0,0,0,0,0,0,0,0,0,0,0,0,0,0,0,0,0,0,0,0,0,0,0,0,0,0,0,0,0,0,0,0,0,0,0,0,0,0,0,0,0,0,0,0,0,0,0,0,0,0,0,0,0,0,0,0,0,0,0,0,0,0,0,0,0,0,0,0,0,0,0,0,0,0,0,0,0,0,0,0,0,0,0,0,0,0,0,0,0,0,0,0,0,0,0,0,0,0,0,0,0,0,0,0,0,0,0,0,0,0,0,0,0,0
0.0538140967566588,0.0291115540254877,0.0268768496708341,0.0438485232832035,0.0376275895391677,0.0434861387932596,0.0524249562118741,0.0623905296853295,0.0671619254695899,0.065470797849852,0.0702421936341125,0.0557468140363592,0.0602162227456665,0.0529685329467899,0.0567735700912001,0.047774355257595,0.0432445491332971,0.0277828108956937,0.0230114151114332,0.0217430693966298,0.0169716736123694,0.0125022649030621,0.00857643292867065,0.00573775442411065,0.00634172857401703,0.00350305006945703,0.00277828108956937,0.00114755088482213,0.000422781904934469,0.000120794829981277,0.000181192244971915,0,0,0,0,0,0,0,0,0,0,0,0,0,0,0,0,0,0,0,0,0,0,0,0,0,0,0,0,0,0,0,0,0,0,0,0,0,0,0,0,0,0,0,0,0,0,0,0,0,0,0,0,0,0,0,0,0,0,0,0,0,0,0,0,0,0,0,0,0,0,0,0,0,0,0,0,0,0,0,0,0,0,0,0,0,0,0,0,0,0,0,0,0,0,0,0,0,0,0,0,0,0,0,0,0,0,0,0,0,0,0,0,0,0,0,0,0,0,0,0,0,0,0,0,0,0,0,0,0,0,0,0,0,0,0,0,0,0,0,0,0,0,0,0,0,0,0,0,0,0,0,0,0,0,0,0,0,0,0,0,0,0,0,0,0,0,0,0,0,0,0,0,0,0,0,0,0,0,0,0,0,0,0,0,0,0,0,0,0,0,0,0,0,0,0,0,0,0,0,0,0,0,0,0,0,0,0,0,0,0,0,0,0,0,0,0,0,0,0,0,0,0,0,0,0,0,0,0,0,0,0,0,0,0,0,0,0,0,0,0,0,0,0,0,0,0,0,0,0,0,0,0,0,0,0,0,0,0,0,0,0,0,0,0,0,0,0,0,0,0,0,0,0,0,0,0,0,0,0,0,0,0,0,0,0,0,0,0,0,0,0,0,0,0,0,0,0,0,0,0,0,0,0,0,0,0,0,0,0,0,0,0,0,0,0,0,0,0,0,0,0,0,0,0,0,0,0,0,0,0,0,0,0,0,0,0,0,0,0,0,0,0,0,0,0,0,0,0,0,0,0,0,0,0,0,0,0,0,0,0,0,0,0,0,0,0,0,0,0,0,0,0,0,0,0,0,0,0,0,0,0,0,0,0,0,0,0,0,0,0,0,0,0,0,0,0,0,0,0,0,0,0,0,0,0,0,0,0,0,0,0,0,0,0,0,0,0,0,0,0,0,0,0,0,0,0,0,0,0,0,0,0,0,0,0,0,0,0,0,0,0,0,0,0,0,0,0,0,0,0,0,0,0,0,0,0,0,0,0,0,0,0,0,0,0,0,0,0,0,0,0,0,0,0,0,0,0,0,0,0,0,0,0,0,0,0,0,0,0,0,0,0,0,0,0,0,0,0,0,0,0,0,0,0,0,0,0,0,0,0,0,0,0,0,0,0,0,0,0,0,0,0,0,0,0,0,0,0
0.0438551650692226,0.0276464323748669,0.0341427050053248,0.0437486687965921,0.0455165069222577,0.0497550585729499,0.0506283280085197,0.0512673056443025,0.0498828541001065,0.0550159744408946,0.0580617678381257,0.0567199148029819,0.0584664536741214,0.0549520766773163,0.0600638977635783,0.0508200212992545,0.0431948881789137,0.0372523961661342,0.0311182108626198,0.0248136315228967,0.0189563365282215,0.0154845580404686,0.0115654952076677,0.00707135250266241,0.00732694355697551,0.00526091586794462,0.00281150159744409,0.00172523961661342,0.00117145899893504,0.000681576144834931,0.000596379126730564,0.000425985090521832,0,0,0,0,0,0,0,0,0,0,0,0,0,0,0,0,0,0,0,0,0,0,0,0,0,0,0,0,0,0,0,0,0,0,0,0,0,0,0,0,0,0,0,0,0,0,0,0,0,0,0,0,0,0,0,0,0,0,0,0,0,0,0,0,0,0,0,0,0,0,0,0,0,0,0,0,0,0,0,0,0,0,0,0,0,0,0,0,0,0,0,0,0,0,0,0,0,0,0,0,0,0,0,0,0,0,0,0,0,0,0,0,0,0,0,0,0,0,0,0,0,0,0,0,0,0,0,0,0,0,0,0,0,0,0,0,0,0,0,0,0,0,0,0,0,0,0,0,0,0,0,0,0,0,0,0,0,0,0,0,0,0,0,0,0,0,0,0,0,0,0,0,0,0,0,0,0,0,0,0,0,0,0,0,0,0,0,0,0,0,0,0,0,0,0,0,0,0,0,0,0,0,0,0,0,0,0,0,0,0,0,0,0,0,0,0,0,0,0,0,0,0,0,0,0,0,0,0,0,0,0,0,0,0,0,0,0,0,0,0,0,0,0,0,0,0,0,0,0,0,0,0,0,0,0,0,0,0,0,0,0,0,0,0,0,0,0,0,0,0,0,0,0,0,0,0,0,0,0,0,0,0,0,0,0,0,0,0,0,0,0,0,0,0,0,0,0,0,0,0,0,0,0,0,0,0,0,0,0,0,0,0,0,0,0,0,0,0,0,0,0,0,0,0,0,0,0,0,0,0,0,0,0,0,0,0,0,0,0,0,0,0,0,0,0,0,0,0,0,0,0,0,0,0,0,0,0,0,0,0,0,0,0,0,0,0,0,0,0,0,0,0,0,0,0,0,0,0,0,0,0,0,0,0,0,0,0,0,0,0,0,0,0,0,0,0,0,0,0,0,0,0,0,0,0,0,0,0,0,0,0,0,0,0,0,0,0,0,0,0,0,0,0,0,0,0,0,0,0,0,0,0,0,0,0,0,0,0,0,0,0,0,0,0,0,0,0,0,0,0,0,0,0,0,0,0,0,0,0,0,0,0,0,0,0,0,0,0,0,0,0,0,0,0,0,0,0,0,0,0,0,0,0,0,0,0,0,0,0,0,0,0,0,0,0,0,0,0,0,0,0,0,0,0,0,0,0,0,0,0,0,0,0,0,0,0,0,0,0,0,0,0,0,0,0,0,0
0.0353500903789093,0.023379148050885,0.0285460932437502,0.0353841956277071,0.0434330343439855,0.0501006104839535,0.0502199788547457,0.0546536611984584,0.0613382899628253,0.0571433443606971,0.0565976603799325,0.0535793458613281,0.056512397257938,0.0557450291599877,0.0490262951468231,0.0466900856041745,0.0437570342075645,0.0401589304593977,0.0312574605231745,0.0252037788615668,0.0229698850653116,0.0190136762047679,0.0163193615497425,0.013795573138706,0.0081511544626718,0.00820231233586849,0.00651410252037789,0.00363220899696463,0.00184168343508066,0.0006821049759558,0.0003410524879779,0.00027284199038232,0.000187578868387845,0,0,0,0,0,0,0,0,0,0,0,0,0,0,0,0,0,0,0,0,0,0,0,0,0,0,0,0,0,0,0,0,0,0,0,0,0,0,0,0,0,0,0,0,0,0,0,0,0,0,0,0,0,0,0,0,0,0,0,0,0,0,0,0,0,0,0,0,0,0,0,0,0,0,0,0,0,0,0,0,0,0,0,0,0,0,0,0,0,0,0,0,0,0,0,0,0,0,0,0,0,0,0,0,0,0,0,0,0,0,0,0,0,0,0,0,0,0,0,0,0,0,0,0,0,0,0,0,0,0,0,0,0,0,0,0,0,0,0,0,0,0,0,0,0,0,0,0,0,0,0,0,0,0,0,0,0,0,0,0,0,0,0,0,0,0,0,0,0,0,0,0,0,0,0,0,0,0,0,0,0,0,0,0,0,0,0,0,0,0,0,0,0,0,0,0,0,0,0,0,0,0,0,0,0,0,0,0,0,0,0,0,0,0,0,0,0,0,0,0,0,0,0,0,0,0,0,0,0,0,0,0,0,0,0,0,0,0,0,0,0,0,0,0,0,0,0,0,0,0,0,0,0,0,0,0,0,0,0,0,0,0,0,0,0,0,0,0,0,0,0,0,0,0,0,0,0,0,0,0,0,0,0,0,0,0,0,0,0,0,0,0,0,0,0,0,0,0,0,0,0,0,0,0,0,0,0,0,0,0,0,0,0,0,0,0,0,0,0,0,0,0,0,0,0,0,0,0,0,0,0,0,0,0,0,0,0,0,0,0,0,0,0,0,0,0,0,0,0,0,0,0,0,0,0,0,0,0,0,0,0,0,0,0,0,0,0,0,0,0,0,0,0,0,0,0,0,0,0,0,0,0,0,0,0,0,0,0,0,0,0,0,0,0,0,0,0,0,0,0,0,0,0,0,0,0,0,0,0,0,0,0,0,0,0,0,0,0,0,0,0,0,0,0,0,0,0,0,0,0,0,0,0,0,0,0,0,0,0,0,0,0,0,0,0,0,0,0,0,0,0,0,0,0,0,0,0,0,0,0,0,0,0,0,0,0,0,0,0,0,0,0,0,0,0,0,0,0,0,0,0,0,0,0,0,0,0,0,0,0,0,0,0,0,0,0,0,0,0,0,0,0,0,0,0,0,0,0,0,0,0,0,0,0,0,0,0,0,0,0,0,0,0,0,0,0
0.0578947368421053,0.0241626794258373,0.0259808612440191,0.0289952153110048,0.0414354066985646,0.0333014354066986,0.0327272727272727,0.0320095693779904,0.0336363636363636,0.0291866028708134,0.0283732057416268,0.0333014354066986,0.041244019138756,0.0460287081339713,0.0403349282296651,0.0479904306220096,0.0511961722488038,0.0454545454545455,0.0418181818181818,0.0401435406698565,0.039377990430622,0.0408133971291866,0.0357894736842105,0.0290430622009569,0.0243540669856459,0.0203827751196172,0.017177033492823,0.0105263157894737,0.0102870813397129,0.00794258373205742,0.00239234449760766,0.00291866028708134,0.00143540669856459,0.00167464114832536,0.000191387559808612,0.000334928229665072,0.000143540669856459,0,0,0,0,0,0,0,0,0,0,0,0,0,0,0,0,0,0,0,0,0,0,0,0,0,0,0,0,0,0,0,0,0,0,0,0,0,0,0,0,0,0,0,0,0,0,0,0,0,0,0,0,0,0,0,0,0,0,0,0,0,0,0,0,0,0,0,0,0,0,0,0,0,0,0,0,0,0,0,0,0,0,0,0,0,0,0,0,0,0,0,0,0,0,0,0,0,0,0,0,0,0,0,0,0,0,0,0,0,0,0,0,0,0,0,0,0,0,0,0,0,0,0,0,0,0,0,0,0,0,0,0,0,0,0,0,0,0,0,0,0,0,0,0,0,0,0,0,0,0,0,0,0,0,0,0,0,0,0,0,0,0,0,0,0,0,0,0,0,0,0,0,0,0,0,0,0,0,0,0,0,0,0,0,0,0,0,0,0,0,0,0,0,0,0,0,0,0,0,0,0,0,0,0,0,0,0,0,0,0,0,0,0,0,0,0,0,0,0,0,0,0,0,0,0,0,0,0,0,0,0,0,0,0,0,0,0,0,0,0,0,0,0,0,0,0,0,0,0,0,0,0,0,0,0,0,0,0,0,0,0,0,0,0,0,0,0,0,0,0,0,0,0,0,0,0,0,0,0,0,0,0,0,0,0,0,0,0,0,0,0,0,0,0,0,0,0,0,0,0,0,0,0,0,0,0,0,0,0,0,0,0,0,0,0,0,0,0,0,0,0,0,0,0,0,0,0,0,0,0,0,0,0,0,0,0,0,0,0,0,0,0,0,0,0,0,0,0,0,0,0,0,0,0,0,0,0,0,0,0,0,0,0,0,0,0,0,0,0,0,0,0,0,0,0,0,0,0,0,0,0,0,0,0,0,0,0,0,0,0,0,0,0,0,0,0,0,0,0,0,0,0,0,0,0,0,0,0,0,0,0,0,0,0,0,0,0,0,0,0,0,0,0,0,0,0,0,0,0,0,0,0,0,0,0,0,0,0,0,0,0,0,0,0,0,0,0,0,0,0,0,0,0,0,0,0,0,0,0,0,0,0,0,0,0,0,0,0,0,0,0,0,0,0,0,0,0,0,0,0,0,0,0,0,0,0,0,0,0,0,0,0,0,0,0,0,0,0,0,0,0,0,0,0,0,0,0,0,0,0,0,0,0,0,0,0,0,0,0,0,0,0
0.0739205740442905,0.00977359891129531,0.0110726215514042,0.0173203018681183,0.0264753185698379,0.0202276382531238,0.0240628479524929,0.0265371767907955,0.032722998886552,0.0375479401212421,0.0347024619571941,0.029877520722504,0.0330322899913398,0.0376716565631572,0.0330941482122974,0.0324755660027218,0.0349498948410244,0.0308672522578251,0.0353210441667698,0.0376716565631572,0.0445997773104045,0.0313621180254856,0.0287640727452678,0.0307435358159099,0.0233205493010021,0.0315476926883583,0.0322899913398491,0.0303723864901645,0.0277124829889892,0.0194853396016331,0.0186811827291847,0.0162687121118397,0.0168872943214153,0.00983545713225288,0.0060621056538414,0.00389706792032661,0.00272176172213287,0.00136088086106644,0.00222689595447235,0.000433007546702957,0.00136088086106644,0.000556723988618087,0.000185574662872696,0,0,0,0,0,0,0,0,0,0,0,0,0,0,0,0,0,0,0,0,0,0,0,0,0,0,0,0,0,0,0,0,0,0,0,0,0,0,0,0,0,0,0,0,0,0,0,0,0,0,0,0,0,0,0,0,0,0,0,0,0,0,0,0,0,0,0,0,0,0,0,0,0,0,0,0,0,0,0,0,0,0,0,0,0,0,0,0,0,0,0,0,0,0,0,0,0,0,0,0,0,0,0,0,0,0,0,0,0,0,0,0,0,0,0,0,0,0,0,0,0,0,0,0,0,0,0,0,0,0,0,0,0,0,0,0,0,0,0,0,0,0,0,0,0,0,0,0,0,0,0,0,0,0,0,0,0,0,0,0,0,0,0,0,0,0,0,0,0,0,0,0,0,0,0,0,0,0,0,0,0,0,0,0,0,0,0,0,0,0,0,0,0,0,0,0,0,0,0,0,0,0,0,0,0,0,0,0,0,0,0,0,0,0,0,0,0,0,0,0,0,0,0,0,0,0,0,0,0,0,0,0,0,0,0,0,0,0,0,0,0,0,0,0,0,0,0,0,0,0,0,0,0,0,0,0,0,0,0,0,0,0,0,0,0,0,0,0,0,0,0,0,0,0,0,0,0,0,0,0,0,0,0,0,0,0,0,0,0,0,0,0,0,0,0,0,0,0,0,0,0,0,0,0,0,0,0,0,0,0,0,0,0,0,0,0,0,0,0,0,0,0,0,0,0,0,0,0,0,0,0,0,0,0,0,0,0,0,0,0,0,0,0,0,0,0,0,0,0,0,0,0,0,0,0,0,0,0,0,0,0,0,0,0,0,0,0,0,0,0,0,0,0,0,0,0,0,0,0,0,0,0,0,0,0,0,0,0,0,0,0,0,0,0,0,0,0,0,0,0,0,0,0,0,0,0,0,0,0,0,0,0,0,0,0,0,0,0,0,0,0,0,0,0,0,0,0,0,0,0,0,0,0,0,0,0,0,0,0,0,0,0,0,0,0,0,0,0,0,0,0,0,0,0,0,0,0,0,0,0,0,0,0,0,0,0,0,0,0,0,0,0,0,0,0,0,0,0,0,0,0,0,0,0,0,0,0,0,0,0,0,0,0,0,0,0,0,0,0,0,0,0,0,0,0,0,0,0,0,0,0,0,0,0,0,0
0.0706314170924061,0.0149794157035861,0.0132929914190764,0.0143346064183324,0.0178562571301027,0.0222211199841278,0.0238083428401369,0.0264867814096523,0.0240563464113883,0.0340260899756957,0.0360597192599573,0.0347701006894499,0.0346212985466991,0.040523783542483,0.0394325678289767,0.0350677049749516,0.0275779971231586,0.0342740935469471,0.0328852735479391,0.0367045285452111,0.0372997371162145,0.0414165963989881,0.0345220971181985,0.0255443678388969,0.0268339864094043,0.0259907742671494,0.0174098507018501,0.0208322999851198,0.0135905957045781,0.013739397847329,0.0156242249888398,0.0138881999900799,0.0130945885620753,0.0159218292743416,0.00957293785030505,0.00917613213630276,0.00575368285303308,0.00788651356579535,0.00525767571053023,0.00724170428054164,0.00605128713853479,0.00496007142502852,0.00248003571251426,0.00297604285501711,0.0026784385695154,0.00114081642775656,0.000793611428004563,0.000545607856753137,0.00188482714151084,0.00153762214175884,0.000644809285253708,9.92014285005704e-05,0,0,0,0,0,0,0,0,0,0,0,0,0,0,0,0,0,0,0,0,0,0,0,0,0,0,0,0,0,0,0,0,0,0,0,0,0,0,0,0,0,0,0,0,0,0,0,0,0,0,0,0,0,0,0,0,0,0,0,0,0,0,0,0,0,0,0,0,0,0,0,0,0,0,0,0,0,0,0,0,0,0,0,0,0,0,0,0,0,0,0,0,0,0,0,0,0,0,0,0,0,0,0,0,0,0,0,0,0,0,0,0,0,0,0,0,0,0,0,0,0,0,0,0,0,0,0,0,0,0,0,0,0,0,0,0,0,0,0,0,0,0,0,0,0,0,0,0,0,0,0,0,0,0,0,0,0,0,0,0,0,0,0,0,0,0,0,0,0,0,0,0,0,0,0,0,0,0,0,0,0,0,0,0,0,0,0,0,0,0,0,0,0,0,0,0,0,0,0,0,0,0,0,0,0,0,0,0,0,0,0,0,0,0,0,0,0,0,0,0,0,0,0,0,0,0,0,0,0,0,0,0,0,0,0,0,0,0,0,0,0,0,0,0,0,0,0,0,0,0,0,0,0,0,0,0,0,0,0,0,0,0,0,0,0,0,0,0,0,0,0,0,0,0,0,0,0,0,0,0,0,0,0,0,0,0,0,0,0,0,0,0,0,0,0,0,0,0,0,0,0,0,0,0,0,0,0,0,0,0,0,0,0,0,0,0,0,0,0,0,0,0,0,0,0,0,0,0,0,0,0,0,0,0,0,0,0,0,0,0,0,0,0,0,0,0,0,0,0,0,0,0,0,0,0,0,0,0,0,0,0,0,0,0,0,0,0,0,0,0,0,0,0,0,0,0,0,0,0,0,0,0,0,0,0,0,0,0,0,0,0,0,0,0,0,0,0,0,0,0,0,0,0,0,0,0,0,0,0,0,0,0,0,0,0,0,0,0,0,0,0,0,0,0,0,0,0,0,0,0,0,0,0,0,0,0,0,0,0,0,0,0,0,0,0,0,0,0,0,0,0,0,0,0,0,0,0,0,0,0,0,0,0,0,0,0,0,0,0,0,0,0,0,0,0,0,0,0,0,0,0,0,0,0,0,0,0,0,0,0,0,0,0,0,0,0,0,0,0,0,0,0,0,0,0,0,0
0.0552283235163722,0.0117803534106023,0.00798023940718222,0.00753689277344987,0.00627018810564317,0.00620685287225283,0.0115903477104313,0.0107036544429666,0.0115903477104313,0.0123503705111153,0.0188105643169295,0.0152004560136804,0.0146304389131674,0.0149471150801191,0.0127937171448477,0.0191272404838812,0.0194439166508329,0.0211539679523719,0.0212173031857622,0.0160871492811451,0.0172271834821711,0.0136804104123124,0.0191905757172715,0.0191272404838812,0.0172271834821711,0.0185572233833682,0.024194059155108,0.0177972005826841,0.0154537969472418,0.0112103363100893,0.0161504845145354,0.013427069478751,0.0133637342453607,0.013427069478751,0.00880359744125657,0.0112103363100893,0.010766989676357,0.00684020520615618,0.00817024510735322,0.00652352903920451,0.00449680157071379,0.00386344923681044,0.00342010260307809,0.0048768129710558,0.00430679587054278,0.00728355183988853,0.00481347773766546,0.00297675596934575,0.00405345493698144,0.00291342073595541,0.00247007410222307,0.00323009690290709,0.00158338083475838,0.00316676166951675,0.00133003990119704,0.00221673316866173,0.00285008550256508,0.00171005130153905,0.00221673316866173,0.00272341503578441,0.00443346633732345,0.00272341503578441,0.00114003420102603,0.00145671036797771,0.000823358034074356,0.000696687567293686,0.00133003990119704,0.00145671036797771,0.000886693267464691,0.000696687567293686,0.00101336373424536,0.000886693267464691,0.000696687567293686,0.00038001140034201,0.000190005700171005,0.000316676166951675,0.00012667046678067,0.00063335233390335,0.00114003420102603,0.00038001140034201,0.000570017100513015,0.000443346633732345,0.000696687567293686,0.000443346633732345,0.00038001140034201,0.000570017100513015,0.00038001140034201,0.00114003420102603,0.000316676166951675,0.000696687567293686,0.000696687567293686,0.000950028500855026,0.00063335233390335,0.0010766989676357,0.000696687567293686,0.00133003990119704,0.00050668186712268,0.000696687567293686,0.000696687567293686,0.00114003420102603,0.0010766989676357,0.000696687567293686,0.000950028500855026,0.00038001140034201,0.000760022800684021,0.0012667046678067,0.000190005700171005,0.00063335233390335,0.000316676166951675,0.000570017100513015,0.00120336943441637,0.0010766989676357,0.000950028500855026,0.00139337513458737,0.00050668186712268,0.000316676166951675,0.00025334093356134,0.000760022800684021,0.00038001140034201,0.00063335233390335,0.000190005700171005,0.000190005700171005,0.00063335233390335,0.000316676166951675,0.000190005700171005,0.000443346633732345,0.00050668186712268,0.000570017100513015,0.0010766989676357,0.00247007410222307,0.0012667046678067,0.000443346633732345,0.00101336373424536,0.00152004560136804,0.000570017100513015,0.000950028500855026,0.000823358034074356,0.00101336373424536,0.000696687567293686,0.000316676166951675,0.000886693267464691,0.000823358034074356,0.000760022800684021,0.00063335233390335,0.00063335233390335,0.000570017100513015,0.000823358034074356,0.000316676166951675,0.000886693267464691,0.0012667046678067,0.0012667046678067,0.0010766989676357,0.00145671036797771,0.00145671036797771,0.00202672746849072,0.00190005700171005,0.00133003990119704,0.00202672746849072,0.00114003420102603,0.0010766989676357,0.0025334093356134,0.00259674456900374,0.00304009120273608,0.0036101083032491,0.00323009690290709,0.0010766989676357,0.00139337513458737,0.00120336943441637,0.000950028500855026,0.00050668186712268,0.000443346633732345,0.00164671606814871,0.00171005130153905,0.00209006270188106,0.00329343213629742,0.00316676166951675,0.00259674456900374,0.00240673886883273,0.00304009120273608,0.00183672176831972,0.00266007980239407,0.00209006270188106,0.000823358034074356,0.00120336943441637,0.0010766989676357,0.00272341503578441,0.00348343783646843,0.00209006270188106,0.0038001140034201,0.00329343213629742,0.00101336373424536,0.00145671036797771,0.00152004560136804,0.0010766989676357,0.000696687567293686,0.0010766989676357,0.00063335233390335,0.000570017100513015,0.000316676166951675,0.000316676166951675,0.000316676166951675,0.000950028500855026,0.00038001140034201,0.00025334093356134,0.00050668186712268,0.000190005700171005,0.00012667046678067,0.00050668186712268,0.00012667046678067,0.00050668186712268,0.00050668186712268,0.0010766989676357,0.000760022800684021,0.000570017100513015,0.00038001140034201,0.000316676166951675,0.000190005700171005,0.00025334093356134,0.00050668186712268,0.00050668186712268,0.000570017100513015,0.000316676166951675,0.000696687567293686,0.000443346633732345,0.000760022800684021,0.00025334093356134,0.00025334093356134,0.000190005700171005,0.000316676166951675,0.00012667046678067,0.00038001140034201,0.000316676166951675,0.00025334093356134,0.000443346633732345,0.00025334093356134,0.00050668186712268,0.00025334093356134,0.000190005700171005,0,0.00050668186712268,0.00012667046678067,0.00025334093356134,0.00025334093356134,0.000316676166951675,6.3335233390335e-05,0.00050668186712268,0.00133003990119704,0.000570017100513015,0.000316676166951675,0.00101336373424536,0.000760022800684021,0.000823358034074356,0.000696687567293686,0.000823358034074356,0.00050668186712268,0.00050668186712268,0.000316676166951675,0.000443346633732345,0.00038001140034201,0.00120336943441637,0.000886693267464691,0.00114003420102603,0.000823358034074356,0.000316676166951675,0.00038001140034201,0.00050668186712268,0.00101336373424536,0.00114003420102603,0.000316676166951675,0.000886693267464691,0.00120336943441637,0.000760022800684021,0.000886693267464691,0.000443346633732345,0.000760022800684021,0.00139337513458737,0.000886693267464691,0.000696687567293686,0.000190005700171005,0.000570017100513015,0.000950028500855026,0.00133003990119704,0.00038001140034201,0.00050668186712268,0.00038001140034201,0.000823358034074356,0.00120336943441637,0.000950028500855026,0.000570017100513015,0.000760022800684021,0.000886693267464691,0.000696687567293686,0.000823358034074356,0.000950028500855026,0.00152004560136804,0.00133003990119704,0.00139337513458737,0.00183672176831972,0.00139337513458737,0.00139337513458737,0.00133003990119704,0.00139337513458737,0.0010766989676357,0.00164671606814871,0.00133003990119704,0.000950028500855026,0.0012667046678067,0.00050668186712268,0.000316676166951675,0.00114003420102603,0.00139337513458737,0.00152004560136804,0.00050668186712268,0.00120336943441637,0.000760022800684021,0.000823358034074356,0.00152004560136804,0.00114003420102603,0.000696687567293686,0.000823358034074356,0.00114003420102603,0.000886693267464691,0.0012667046678067,0.00139337513458737,0.00171005130153905,0.000760022800684021,0.00171005130153905,0.00120336943441637,0.00114003420102603,0.00139337513458737,0.00114003420102603,0.00164671606814871,0.000760022800684021,0.00145671036797771,0.00196339223510039,0.0010766989676357,0.000823358034074356,0.00139337513458737,0.00145671036797771,0.00152004560136804,0.00158338083475838,0.000823358034074356,0.00133003990119704,0.0012667046678067,0.00171005130153905,0.00114003420102603,0.00145671036797771,0.00145671036797771,0.00133003990119704,0.00209006270188106,0.00133003990119704,0.00177338653492938,0.00196339223510039,0.0025334093356134,0.00101336373424536,0.000760022800684021,0.00259674456900374,0.00310342643612642,0.00139337513458737,0.00164671606814871,0.00190005700171005,0.00158338083475838,0.0010766989676357,0.00171005130153905,0.00133003990119704,0.0010766989676357,0.00164671606814871,0.000886693267464691,0.00114003420102603,0.00145671036797771,0.00139337513458737,0.00152004560136804,0.00114003420102603,0.00139337513458737,0.00101336373424536,0.00025334093356134,0.000823358034074356,0.00050668186712268,0.00050668186712268,0.00120336943441637,0.000760022800684021,0.00063335233390335,0.000886693267464691,0.000760022800684021,0.00038001140034201,0.00038001140034201,0.00063335233390335,0.000760022800684021,0.000190005700171005,0.000886693267464691,0.00050668186712268,0.000570017100513015,0.000190005700171005,6.3335233390335e-05,0.00063335233390335,0.000190005700171005,6.3335233390335e-05,0.00012667046678067,6.3335233390335e-05,0.00038001140034201,0.00012667046678067,0.00012667046678067,6.3335233390335e-05,0,0,0,0,0,0,0,0,0,0,0,0,0,0,0,0,0,0,0,0,0,0,0,0,0,0,0,0,0,0,0,0,0,0,0,0,0,0,0,0,0,0,0,0,0,0,0,0,0,0,0,0,0,0,0,0,0,0,0,0,0,0,0,0,0,0,0,0,0,0,0,0,0,0,0,0,0,0,0,0,0,0,0,0,0,0,0,0,0,0,0,0,0,0,0,0,0,0,0,0,0,0,0,0,0,0,0,0,0,0,0,0,0,0,0,0,0,0,0,0,0,0,0,0,0,0,0,0,0,0,0,0,0,0,0,0,0,0,0,0,0,0,0,0,0,0,0,0,0,0,0,0,0,0,0,0
0.0734795250787497,0.0250787496971165,0.0162345529440271,0.0198085776593167,0.0167191664647444,0.0164768597043858,0.0141749454809789,0.015386479282772,0.0143566755512479,0.015386479282772,0.0253816331475648,0.0205354979403925,0.0161133995638478,0.0186576205476133,0.0161739762539375,0.0161133995638478,0.0140537921007996,0.0121759147080204,0.0119336079476617,0.015386479282772,0.0164768597043858,0.0201720377998546,0.0245941361763993,0.0193239641385995,0.0169008965350133,0.0190816573782409,0.0162345529440271,0.0267748970196268,0.0198085776593167,0.0216258783620063,0.0253210564574752,0.0251393263872062,0.0214441482917373,0.0227768354737097,0.0221104918827235,0.0186576205476133,0.0165980130845651,0.0154470559728616,0.0148412890719651,0.0107220741458687,0.0152653259025927,0.0173249333656409,0.015386479282772,0.0171432032953719,0.0126605282287376,0.00848073661255149,0.00999515386479283,0.0052095953477102,0.00363460140537921,0.00314998788466198,0.00236249091349649,0.00199903077295857,0.00218076084322753,0.00472498182699297,0.00218076084322753,0.00212018415313787,0.0016961473225103,0.00212018415313787,0.00278652774412406,0.000969227041434456,0.000484613520717228,0.00181730070268961,0.00102980373152411,0.00218076084322753,0.00230191422340683,0.00266537436394475,0.000787496971165496,0.00163557063242064,0.00133268718197238,0.000969227041434456,0.000605766900896535,0.000666343590986188,0.000242306760358614,0.000121153380179307,0.000787496971165496,0.000545190210806881,0.000666343590986188,0.000545190210806881,0.000545190210806881,0.000424036830627575,0.000121153380179307,0.000121153380179307,6.05766900896535e-05,0.000242306760358614,0.000424036830627575,0.000363460140537921,6.05766900896535e-05,0,0,0,0,0,0,0,0,0,0,0,0,0,0,0,0,0,0,0,0,0,0,0,0,0,0,0,0,0,0,0,0,0,6.05766900896535e-05,0,0,0,6.05766900896535e-05,0,0,0,0,6.05766900896535e-05,0,0,0,0,6.05766900896535e-05,0.000121153380179307,0,0,0,0,0,0,0,0,0.000121153380179307,0.000242306760358614,6.05766900896535e-05,6.05766900896535e-05,0.000545190210806881,0.000424036830627575,0.000484613520717228,6.05766900896535e-05,0,0,0,0,0,0,0,0,0,0.000121153380179307,0.000302883450448267,0,6.05766900896535e-05,6.05766900896535e-05,0.000121153380179307,0.000242306760358614,0.000181730070268961,0,0.000181730070268961,0.000181730070268961,0.000302883450448267,0.000424036830627575,6.05766900896535e-05,0.000181730070268961,0.000302883450448267,0.000181730070268961,0.000181730070268961,6.05766900896535e-05,0.000121153380179307,0,0.000181730070268961,6.05766900896535e-05,0,6.05766900896535e-05,0.000121153380179307,0,0,0,6.05766900896535e-05,6.05766900896535e-05,0.000121153380179307,0.000363460140537921,0.000121153380179307,6.05766900896535e-05,0,0,0,0,0,0,0.000363460140537921,6.05766900896535e-05,0.000302883450448267,0.000545190210806881,0.000363460140537921,0.000302883450448267,0.000363460140537921,0,0,0,0,0,0,0,0,0,0,0,0,0,0,0,0,0,0,0,0,0,0,0,0,0,0,0,0,0,0,0,0,0,0,0,0,6.05766900896535e-05,6.05766900896535e-05,0,0,0.000242306760358614,0,0,0,0,0,0,0,0,6.05766900896535e-05,6.05766900896535e-05,0,0,0,0.000363460140537921,6.05766900896535e-05,0.000181730070268961,0.000545190210806881,0.000121153380179307,6.05766900896535e-05,0.000181730070268961,0.000242306760358614,0.000121153380179307,6.05766900896535e-05,0,0.000181730070268961,0,0,0,0,0,0,0,0.000121153380179307,0,0,0.000121153380179307,0,0,0.000181730070268961,0,0,0,0,0,0.000363460140537921,6.05766900896535e-05,6.05766900896535e-05,0,6.05766900896535e-05,0.000181730070268961,0,0.000121153380179307,6.05766900896535e-05,0.000121153380179307,0,0,0,0.000121153380179307,0.000302883450448267,6.05766900896535e-05,0,0,0.000121153380179307,0,0,0.000242306760358614,0,0.000121153380179307,0,0,0,6.05766900896535e-05,0.000121153380179307,0,0,0,0,0,6.05766900896535e-05,0,0,0,0.000726920281075842,0.000363460140537921,6.05766900896535e-05,6.05766900896535e-05,6.05766900896535e-05,0,0,0.000121153380179307,0.000121153380179307,0.000242306760358614,0.000181730070268961,0,0,0,6.05766900896535e-05,0,0.000121153380179307,0,0,6.05766900896535e-05,0.000605766900896535,0.000181730070268961,0.000181730070268961,0.000484613520717228,0.000302883450448267,0.000302883450448267,0.000181730070268961,0.000363460140537921,6.05766900896535e-05,0.000181730070268961,0.000484613520717228,0.000302883450448267,0.000726920281075842,0.000605766900896535,0.000424036830627575,0.000181730070268961,0.00151441725224134,0.00175672401259995,0.000545190210806881,6.05766900896535e-05,0.00145384056215168,0.000848073661255149,0.000484613520717228,0.000666343590986188,0.000363460140537921,0.000787496971165496,0.000484613520717228,0.000242306760358614,0.00157499394233099,0.000545190210806881,0.000848073661255149,0.00133268718197238,0.00127211049188272,0.00157499394233099,0.00254422098376545,0.00115095711170342,0.000363460140537921,0.000484613520717228,0.000545190210806881,0.000121153380179307,0,0.000605766900896535,0.00181730070268961,0.0016961473225103,0.00109038042161376,0.00230191422340683,0.00181730070268961,0.000666343590986188,0.000363460140537921,0.000424036830627575,0.000121153380179307,0.000424036830627575,0.000181730070268961,0.000363460140537921,6.05766900896535e-05,0,0,0,0,0,0,0,6.05766900896535e-05,0,6.05766900896535e-05,6.05766900896535e-05,6.05766900896535e-05,0.000121153380179307,0.000424036830627575,0,0,0,0,0,0,0,0.000121153380179307,0.000363460140537921,0.00102980373152411,6.05766900896535e-05,0.000242306760358614,0,0,6.05766900896535e-05,6.05766900896535e-05,0.000121153380179307,0,0.000242306760358614,0.000121153380179307,0.000302883450448267,0,0,0,0,0,0,0,0,0,0,0,0,0,0,0,0,0,0,0,0,0,0,0,0,0,0,0,0,0,0,0,0,0,0,0,0,0,0,0,0,0,0,0,0,0,0,0,0,0,0,0,0,0,0,0,0,0,0,0,0,0,0,0,0,0,0,0,0,0,0,0,0,0,0,0,0,0,0,0,0,0,0,0,0,0,0,0,0,0,0,0,0,0,0,0,0,0,0,0,0,0,0,0,0,0,0,0,0,0,0,0,0,0,0,0,0,0
0.0597782160292263,0.0377291390514371,0.0385050596488959,0.0427726229349197,0.050725809058873,0.0505964889592965,0.0481070770424493,0.0486243574407552,0.0526656105525201,0.0476544566939317,0.0439365038311079,0.043419223432802,0.0523099802786848,0.041770392163202,0.0386990397982606,0.0371471986033429,0.0337848760143545,0.0269955707865895,0.0302609033008955,0.0255730496912483,0.0240212084963305,0.0235685881478129,0.0262519802140248,0.0212408263554363,0.014386861077883,0.00730658562607093,0.0087614367463063,0.00892308687077689,0.00746823575054153,0.00391193301218842,0.00229543176748246,0.000614270472988264,9.69900746823575e-05,3.23300248941192e-05,0,6.46600497882383e-05,0,0,0,0,0,0,0,0,0,0,0,0,0,0,0,0,0,0,0,0,0,0,0,0,0,0,0,0,0,0,0,0,0,0,0,0,0,0,0,0,0,0,0,0,0,0,0,0,0,0,0,0,0,0,0,0,0,0,0,0,0,0,0,0,0,0,0,0,0,0,0,0,0,0,0,0,0,0,0,0,0,0,0,0,0,0,0,0,0,0,0,0,0,0,0,0,0,0,0,0,0,0,0,0,0,0,0,0,0,0,0,0,0,0,0,0,0,0,0,0,0,0,0,0,0,0,0,0,0,0,0,0,0,0,0,0,0,0,0,0,0,0,0,0,0,0,0,0,0,0,0,0,0,0,0,0,0,0,0,0,0,0,0,0,0,0,0,0,0,0,0,0,0,0,0,0,0,0,0,0,0,0,0,0,0,0,0,0,0,0,0,0,0,0,0,0,0,0,0,0,0,0,0,0,0,0,0,0,0,0,0,0,0,0,0,0,0,0,0,0,0,0,0,0,0,0,0,0,0,0,0,0,0,0,0,0,0,0,0,0,0,0,0,0,0,0,0,0,0,0,0,0,0,0,0,0,0,0,0,0,0,0,0,0,0,0,0,0,0,0,0,0,0,0,0,0,0,0,0,0,0,0,0,0,0,0,0,0,0,0,0,0,0,0,0,0,0,0,0,0,0,0,0,0,0,0,0,0,0,0,0,0,0,0,0,0,0,0,0,0,0,0,0,0,0,0,0,0,0,0,0,0,0,0,0,0,0,0,0,0,0,0,0,0,0,0,0,0,0,0,0,0,0,0,0,0,0,0,0,0,0,0,0,0,0,0,0,0,0,0,0,0,0,0,0,0,0,0,0,0,0,0,0,0,0,0,0,0,0,0,0,0,0,0,0,0,0,0,0,0,0,0,0,0,0,0,0,0,0,0,0,0,0,0,0,0,0,0,0,0,0,0,0,0,0,0,0,0,0,0,0,0,0,0,0,0,0,0,0,0,0,0,0,0,0,0,0,0,0,0,0,0,0,0,0,0,0,0,0,0,0,0,0,0,0,0,0,0,0,0,0,0,0,0,0,0,0,0,0,0,0,0,0,0,0,0,0,0,0,0,0,0,0,0,0,0,0,0,0,0,0,0,0,0,0,0,0,0,0,0,0,0,0,0,0,0,0,0,0,0,0,0,0
0.0352445072717253,0.0221745693269761,0.0236840213719242,0.0301890408989626,0.0376883820111652,0.0400364185255289,0.0445767544385078,0.0524354888947457,0.0472722045187723,0.0467690538371229,0.0483503845508781,0.0447684308886599,0.0534417902580444,0.0543642331744016,0.0463617413805496,0.0457148333612862,0.0420610010302609,0.0422766370366821,0.0390540767184992,0.0359872535160649,0.0318901693940628,0.0270862783621247,0.0263674916740542,0.0214078635263675,0.018029566092436,0.0143158348707382,0.0102187507487361,0.00713994776816733,0.00469607302872751,0.0029470254210892,0.00207250161727005,0.000814624913146609,0.000395332678438795,0.000143757337614107,2.39595562690179e-05,0,0,0,0,0,0,0,0,0,0,0,0,0,0,0,0,0,0,0,0,0,0,0,0,0,0,0,0,0,0,0,0,0,0,0,0,0,0,0,0,0,0,0,0,0,0,0,0,0,0,0,0,0,0,0,0,0,0,0,0,0,0,0,0,0,0,0,0,0,0,0,0,0,0,0,0,0,0,0,0,0,0,0,0,0,0,0,0,0,0,0,0,0,0,0,0,0,0,0,0,0,0,0,0,0,0,0,0,0,0,0,0,0,0,0,0,0,0,0,0,0,0,0,0,0,0,0,0,0,0,0,0,0,0,0,0,0,0,0,0,0,0,0,0,0,0,0,0,0,0,0,0,0,0,0,0,0,0,0,0,0,0,0,0,0,0,0,0,0,0,0,0,0,0,0,0,0,0,0,0,0,0,0,0,0,0,0,0,0,0,0,0,0,0,0,0,0,0,0,0,0,0,0,0,0,0,0,0,0,0,0,0,0,0,0,0,0,0,0,0,0,0,0,0,0,0,0,0,0,0,0,0,0,0,0,0,0,0,0,0,0,0,0,0,0,0,0,0,0,0,0,0,0,0,0,0,0,0,0,0,0,0,0,0,0,0,0,0,0,0,0,0,0,0,0,0,0,0,0,0,0,0,0,0,0,0,0,0,0,0,0,0,0,0,0,0,0,0,0,0,0,0,0,0,0,0,0,0,0,0,0,0,0,0,0,0,0,0,0,0,0,0,0,0,0,0,0,0,0,0,0,0,0,0,0,0,0,0,0,0,0,0,0,0,0,0,0,0,0,0,0,0,0,0,0,0,0,0,0,0,0,0,0,0,0,0,0,0,0,0,0,0,0,0,0,0,0,0,0,0,0,0,0,0,0,0,0,0,0,0,0,0,0,0,0,0,0,0,0,0,0,0,0,0,0,0,0,0,0,0,0,0,0,0,0,0,0,0,0,0,0,0,0,0,0,0,0,0,0,0,0,0,0,0,0,0,0,0,0,0,0,0,0,0,0,0,0,0,0,0,0,0,0,0,0,0,0,0,0,0,0,0,0,0,0,0,0,0,0,0,0,0,0,0,0,0,0,0,0,0,0,0,0,0,0,0,0,0,0,0,0,0,0,0,0,0,0,0,0,0,0,0,0,0,0,0,0,0,0,0,0,0,0,0,0,0,0,0,0,0,0,0,0,0
0.0344994527237518,0.0242695966995032,0.0244169403047908,0.0294687210575061,0.0350467289719626,0.0435295108192304,0.0447924560074093,0.0489601751283994,0.0507703965647891,0.0514229182453481,0.05668518986276,0.0534646796329039,0.0555274901069294,0.0488338806095815,0.0476340826808117,0.041529847604614,0.0418666329881283,0.0405615896270102,0.036036036036036,0.0314052370127136,0.0276164014481772,0.0241433021806854,0.0195546013303023,0.0208175465184811,0.0193441104656058,0.0150290477393281,0.0118927338553507,0.00854592910667677,0.00759872021554265,0.00294687210575061,0.0011576997558306,0.00052622716174118,6.31472594089417e-05,4.20981729392944e-05,0,0,0,0,0,0,0,0,0,0,0,0,0,0,0,0,0,0,0,0,0,0,0,0,0,0,0,0,0,0,0,0,0,0,0,0,0,0,0,0,0,0,0,0,0,0,0,0,0,0,0,0,0,0,0,0,0,0,0,0,0,0,0,0,0,0,0,0,0,0,0,0,0,0,0,0,0,0,0,0,0,0,0,0,0,0,0,0,0,0,0,0,0,0,0,0,0,0,0,0,0,0,0,0,0,0,0,0,0,0,0,0,0,0,0,0,0,0,0,0,0,0,0,0,0,0,0,0,0,0,0,0,0,0,0,0,0,0,0,0,0,0,0,0,0,0,0,0,0,0,0,0,0,0,0,0,0,0,0,0,0,0,0,0,0,0,0,0,0,0,0,0,0,0,0,0,0,0,0,0,0,0,0,0,0,0,0,0,0,0,0,0,0,0,0,0,0,0,0,0,0,0,0,0,0,0,0,0,0,0,0,0,0,0,0,0,0,0,0,0,0,0,0,0,0,0,0,0,0,0,0,0,0,0,0,0,0,0,0,0,0,0,0,0,0,0,0,0,0,0,0,0,0,0,0,0,0,0,0,0,0,0,0,0,0,0,0,0,0,0,0,0,0,0,0,0,0,0,0,0,0,0,0,0,0,0,0,0,0,0,0,0,0,0,0,0,0,0,0,0,0,0,0,0,0,0,0,0,0,0,0,0,0,0,0,0,0,0,0,0,0,0,0,0,0,0,0,0,0,0,0,0,0,0,0,0,0,0,0,0,0,0,0,0,0,0,0,0,0,0,0,0,0,0,0,0,0,0,0,0,0,0,0,0,0,0,0,0,0,0,0,0,0,0,0,0,0,0,0,0,0,0,0,0,0,0,0,0,0,0,0,0,0,0,0,0,0,0,0,0,0,0,0,0,0,0,0,0,0,0,0,0,0,0,0,0,0,0,0,0,0,0,0,0,0,0,0,0,0,0,0,0,0,0,0,0,0,0,0,0,0,0,0,0,0,0,0,0,0,0,0,0,0,0,0,0,0,0,0,0,0,0,0,0,0,0,0,0,0,0,0,0,0,0,0,0,0,0,0,0,0,0,0,0,0,0,0,0,0,0,0,0,0,0,0,0,0,0,0,0,0,0,0,0,0,0,0,0,0,0,0,0,0,0,0,0,0,0,0,0,0,0,0,0,0
0.0458307002497668,0.0226896572477506,0.0296710902470585,0.0352381812163341,0.0373747404531913,0.0433029400258794,0.0461316240859438,0.0507056663958352,0.0523607474948091,0.0534139809214288,0.0547681381842256,0.056573681201288,0.0559718335289338,0.0531130570852517,0.0485089223917426,0.0439348800818513,0.0397520387589901,0.0321386657037104,0.0279558243808492,0.0288886882729981,0.0267220366525232,0.0279257319972315,0.0204327284764226,0.0154674851795011,0.0148054527399115,0.0136619421624387,0.00953928560681292,0.00854623694742861,0.00328006981432999,0.00105323342661972,0.000240739068941651,0,0,0,0,0,0,0,0,0,0,0,0,0,0,0,0,0,0,0,0,0,0,0,0,0,0,0,0,0,0,0,0,0,0,0,0,0,0,0,0,0,0,0,0,0,0,0,0,0,0,0,0,0,0,0,0,0,0,0,0,0,0,0,0,0,0,0,0,0,0,0,0,0,0,0,0,0,0,0,0,0,0,0,0,0,0,0,0,0,0,0,0,0,0,0,0,0,0,0,0,0,0,0,0,0,0,0,0,0,0,0,0,0,0,0,0,0,0,0,0,0,0,0,0,0,0,0,0,0,0,0,0,0,0,0,0,0,0,0,0,0,0,0,0,0,0,0,0,0,0,0,0,0,0,0,0,0,0,0,0,0,0,0,0,0,0,0,0,0,0,0,0,0,0,0,0,0,0,0,0,0,0,0,0,0,0,0,0,0,0,0,0,0,0,0,0,0,0,0,0,0,0,0,0,0,0,0,0,0,0,0,0,0,0,0,0,0,0,0,0,0,0,0,0,0,0,0,0,0,0,0,0,0,0,0,0,0,0,0,0,0,0,0,0,0,0,0,0,0,0,0,0,0,0,0,0,0,0,0,0,0,0,0,0,0,0,0,0,0,0,0,0,0,0,0,0,0,0,0,0,0,0,0,0,0,0,0,0,0,0,0,0,0,0,0,0,0,0,0,0,0,0,0,0,0,0,0,0,0,0,0,0,0,0,0,0,0,0,0,0,0,0,0,0,0,0,0,0,0,0,0,0,0,0,0,0,0,0,0,0,0,0,0,0,0,0,0,0,0,0,0,0,0,0,0,0,0,0,0,0,0,0,0,0,0,0,0,0,0,0,0,0,0,0,0,0,0,0,0,0,0,0,0,0,0,0,0,0,0,0,0,0,0,0,0,0,0,0,0,0,0,0,0,0,0,0,0,0,0,0,0,0,0,0,0,0,0,0,0,0,0,0,0,0,0,0,0,0,0,0,0,0,0,0,0,0,0,0,0,0,0,0,0,0,0,0,0,0,0,0,0,0,0,0,0,0,0,0,0,0,0,0,0,0,0,0,0,0,0,0,0,0,0,0,0,0,0,0,0,0,0,0,0,0,0,0,0,0,0,0,0,0,0,0,0,0,0,0,0,0,0,0,0,0,0,0,0,0,0,0,0,0,0,0,0,0,0,0,0,0,0,0,0,0,0,0,0,0
0.0326043812727994,0.0234940556070085,0.0295046024155594,0.035307237227588,0.0415067949420682,0.0466478915833444,0.0539437125522143,0.0571568979530119,0.0628083240402971,0.0614474455176064,0.0608048084374468,0.0562685466951443,0.0533010754720547,0.048046572287221,0.0449656945205738,0.0411287731302096,0.034796907781579,0.034796907781579,0.0306764700323209,0.0272931748161869,0.023626363241159,0.0200540571190958,0.0164439488158467,0.0146105430283327,0.0119643903453229,0.0119076870735441,0.0096584572929858,0.00710681006294063,0.00525450318483377,0.00198461451225736,0.000529230536601962,0.000321318540079763,3.78021811858544e-05,0,0,0,0,0,0,0,0,0,0,0,0,0,0,0,0,0,0,0,0,0,0,0,0,0,0,0,0,0,0,0,0,0,0,0,0,0,0,0,0,0,0,0,0,0,0,0,0,0,0,0,0,0,0,0,0,0,0,0,0,0,0,0,0,0,0,0,0,0,0,0,0,0,0,0,0,0,0,0,0,0,0,0,0,0,0,0,0,0,0,0,0,0,0,0,0,0,0,0,0,0,0,0,0,0,0,0,0,0,0,0,0,0,0,0,0,0,0,0,0,0,0,0,0,0,0,0,0,0,0,0,0,0,0,0,0,0,0,0,0,0,0,0,0,0,0,0,0,0,0,0,0,0,0,0,0,0,0,0,0,0,0,0,0,0,0,0,0,0,0,0,0,0,0,0,0,0,0,0,0,0,0,0,0,0,0,0,0,0,0,0,0,0,0,0,0,0,0,0,0,0,0,0,0,0,0,0,0,0,0,0,0,0,0,0,0,0,0,0,0,0,0,0,0,0,0,0,0,0,0,0,0,0,0,0,0,0,0,0,0,0,0,0,0,0,0,0,0,0,0,0,0,0,0,0,0,0,0,0,0,0,0,0,0,0,0,0,0,0,0,0,0,0,0,0,0,0,0,0,0,0,0,0,0,0,0,0,0,0,0,0,0,0,0,0,0,0,0,0,0,0,0,0,0,0,0,0,0,0,0,0,0,0,0,0,0,0,0,0,0,0,0,0,0,0,0,0,0,0,0,0,0,0,0,0,0,0,0,0,0,0,0,0,0,0,0,0,0,0,0,0,0,0,0,0,0,0,0,0,0,0,0,0,0,0,0,0,0,0,0,0,0,0,0,0,0,0,0,0,0,0,0,0,0,0,0,0,0,0,0,0,0,0,0,0,0,0,0,0,0,0,0,0,0,0,0,0,0,0,0,0,0,0,0,0,0,0,0,0,0,0,0,0,0,0,0,0,0,0,0,0,0,0,0,0,0,0,0,0,0,0,0,0,0,0,0,0,0,0,0,0,0,0,0,0,0,0,0,0,0,0,0,0,0,0,0,0,0,0,0,0,0,0,0,0,0,0,0,0,0,0,0,0,0,0,0,0,0,0,0,0,0,0,0,0,0,0,0,0,0,0,0,0,0,0,0,0,0,0,0,0,0,0,0,0,0,0,0,0,0,0,0,0,0,0,0
0.0416644537681236,0.0239789686122471,0.028785384247703,0.0316533007594668,0.0370970311753147,0.0438419459344628,0.0469754102713899,0.0504806415635456,0.0523925859047214,0.0593499389240002,0.0589781719687716,0.0579159806681183,0.0581018641457326,0.0559243719793935,0.0529236815550481,0.0461787667958999,0.0393276329066865,0.0321578416272771,0.0319188485846301,0.0284136172924744,0.0244835094800574,0.0206330660151893,0.0149237877741781,0.0130383982155186,0.0130915077805513,0.0100377077911732,0.0107281321365978,0.00645281215146848,0.00387699824738435,0.00249614955653513,0.00135429390833289,0.000159328695097987,0.000238993042646981,0.000424876520261299,0,0,0,0,0,0,0,0,0,0,0,0,0,0,0,0,0,0,0,0,0,0,0,0,0,0,0,0,0,0,0,0,0,0,0,0,0,0,0,0,0,0,0,0,0,0,0,0,0,0,0,0,0,0,0,0,0,0,0,0,0,0,0,0,0,0,0,0,0,0,0,0,0,0,0,0,0,0,0,0,0,0,0,0,0,0,0,0,0,0,0,0,0,0,0,0,0,0,0,0,0,0,0,0,0,0,0,0,0,0,0,0,0,0,0,0,0,0,0,0,0,0,0,0,0,0,0,0,0,0,0,0,0,0,0,0,0,0,0,0,0,0,0,0,0,0,0,0,0,0,0,0,0,0,0,0,0,0,0,0,0,0,0,0,0,0,0,0,0,0,0,0,0,0,0,0,0,0,0,0,0,0,0,0,0,0,0,0,0,0,0,0,0,0,0,0,0,0,0,0,0,0,0,0,0,0,0,0,0,0,0,0,0,0,0,0,0,0,0,0,0,0,0,0,0,0,0,0,0,0,0,0,0,0,0,0,0,0,0,0,0,0,0,0,0,0,0,0,0,0,0,0,0,0,0,0,0,0,0,0,0,0,0,0,0,0,0,0,0,0,0,0,0,0,0,0,0,0,0,0,0,0,0,0,0,0,0,0,0,0,0,0,0,0,0,0,0,0,0,0,0,0,0,0,0,0,0,0,0,0,0,0,0,0,0,0,0,0,0,0,0,0,0,0,0,0,0,0,0,0,0,0,0,0,0,0,0,0,0,0,0,0,0,0,0,0,0,0,0,0,0,0,0,0,0,0,0,0,0,0,0,0,0,0,0,0,0,0,0,0,0,0,0,0,0,0,0,0,0,0,0,0,0,0,0,0,0,0,0,0,0,0,0,0,0,0,0,0,0,0,0,0,0,0,0,0,0,0,0,0,0,0,0,0,0,0,0,0,0,0,0,0,0,0,0,0,0,0,0,0,0,0,0,0,0,0,0,0,0,0,0,0,0,0,0,0,0,0,0,0,0,0,0,0,0,0,0,0,0,0,0,0,0,0,0,0,0,0,0,0,0,0,0,0,0,0,0,0,0,0,0,0,0,0,0,0,0,0,0,0,0,0,0,0,0,0,0,0,0,0,0,0,0,0,0,0,0,0,0,0,0,0,0,0,0,0,0,0,0,0,0,0,0,0,0
0.0397360098996288,0.0240615976900866,0.0274073055593749,0.0396672624776571,0.0399422521655438,0.0468628259773592,0.0499106283514368,0.0440670974838444,0.054127136899033,0.0614601952426784,0.0571749392731106,0.0560978963288877,0.0530959255694578,0.0530730097621339,0.0535771575232595,0.0461066043356707,0.0398735047435721,0.0338924790320363,0.0329758467390806,0.0279114533205005,0.0221366698748797,0.0186992987762959,0.0162243915853156,0.0145057060360236,0.0114349878546221,0.0080434483706861,0.00710390027040653,0.00847884870984005,0.00698932123378707,0.00382693982308997,0.00130620101746185,0.00022915807323892,0,0,0,0,0,0,0,0,0,0,0,0,0,0,0,0,0,0,0,0,0,0,0,0,0,0,0,0,0,0,0,0,0,0,0,0,0,0,0,0,0,0,0,0,0,0,0,0,0,0,0,0,0,0,0,0,0,0,0,0,0,0,0,0,0,0,0,0,0,0,0,0,0,0,0,0,0,0,0,0,0,0,0,0,0,0,0,0,0,0,0,0,0,0,0,0,0,0,0,0,0,0,0,0,0,0,0,0,0,0,0,0,0,0,0,0,0,0,0,0,0,0,0,0,0,0,0,0,0,0,0,0,0,0,0,0,0,0,0,0,0,0,0,0,0,0,0,0,0,0,0,0,0,0,0,0,0,0,0,0,0,0,0,0,0,0,0,0,0,0,0,0,0,0,0,0,0,0,0,0,0,0,0,0,0,0,0,0,0,0,0,0,0,0,0,0,0,0,0,0,0,0,0,0,0,0,0,0,0,0,0,0,0,0,0,0,0,0,0,0,0,0,0,0,0,0,0,0,0,0,0,0,0,0,0,0,0,0,0,0,0,0,0,0,0,0,0,0,0,0,0,0,0,0,0,0,0,0,0,0,0,0,0,0,0,0,0,0,0,0,0,0,0,0,0,0,0,0,0,0,0,0,0,0,0,0,0,0,0,0,0,0,0,0,0,0,0,0,0,0,0,0,0,0,0,0,0,0,0,0,0,0,0,0,0,0,0,0,0,0,0,0,0,0,0,0,0,0,0,0,0,0,0,0,0,0,0,0,0,0,0,0,0,0,0,0,0,0,0,0,0,0,0,0,0,0,0,0,0,0,0,0,0,0,0,0,0,0,0,0,0,0,0,0,0,0,0,0,0,0,0,0,0,0,0,0,0,0,0,0,0,0,0,0,0,0,0,0,0,0,0,0,0,0,0,0,0,0,0,0,0,0,0,0,0,0,0,0,0,0,0,0,0,0,0,0,0,0,0,0,0,0,0,0,0,0,0,0,0,0,0,0,0,0,0,0,0,0,0,0,0,0,0,0,0,0,0,0,0,0,0,0,0,0,0,0,0,0,0,0,0,0,0,0,0,0,0,0,0,0,0,0,0,0,0,0,0,0,0,0,0,0,0,0,0,0,0,0,0,0,0,0,0,0,0,0,0,0,0,0,0,0,0,0,0,0,0,0,0,0,0,0,0,0,0,0,0
0.0490845344760421,0.0339782712201879,0.0395186772280656,0.0476561485521361,0.0519845907457906,0.0575249967536684,0.0586503917240185,0.0566593083149375,0.0499935073367095,0.0486516902566766,0.0473098731766437,0.042808293295243,0.0400813747132407,0.0416396139029563,0.0385231355235251,0.031684196857551,0.0323767476085357,0.0301259576678353,0.0272691858200234,0.0284811496342466,0.0255810933644981,0.0233303034237978,0.0167943557113795,0.0228541747824958,0.0164480803358871,0.0140674371293771,0.00943600398216682,0.00696879193178375,0.00727178288533957,0.00272691858200234,0.00051941306323854,0,0,0,0,0,0,0,0,0,0,0,0,0,0,0,0,0,0,0,0,0,0,0,0,0,0,0,0,0,0,0,0,0,0,0,0,0,0,0,0,0,0,0,0,0,0,0,0,0,0,0,0,0,0,0,0,0,0,0,0,0,0,0,0,0,0,0,0,0,0,0,0,0,0,0,0,0,0,0,0,0,0,0,0,0,0,0,0,0,0,0,0,0,0,0,0,0,0,0,0,0,0,0,0,0,0,0,0,0,0,0,0,0,0,0,0,0,0,0,0,0,0,0,0,0,0,0,0,0,0,0,0,0,0,0,0,0,0,0,0,0,0,0,0,0,0,0,0,0,0,0,0,0,0,0,0,0,0,0,0,0,0,0,0,0,0,0,0,0,0,0,0,0,0,0,0,0,0,0,0,0,0,0,0,0,0,0,0,0,0,0,0,0,0,0,0,0,0,0,0,0,0,0,0,0,0,0,0,0,0,0,0,0,0,0,0,0,0,0,0,0,0,0,0,0,0,0,0,0,0,0,0,0,0,0,0,0,0,0,0,0,0,0,0,0,0,0,0,0,0,0,0,0,0,0,0,0,0,0,0,0,0,0,0,0,0,0,0,0,0,0,0,0,0,0,0,0,0,0,0,0,0,0,0,0,0,0,0,0,0,0,0,0,0,0,0,0,0,0,0,0,0,0,0,0,0,0,0,0,0,0,0,0,0,0,0,0,0,0,0,0,0,0,0,0,0,0,0,0,0,0,0,0,0,0,0,0,0,0,0,0,0,0,0,0,0,0,0,0,0,0,0,0,0,0,0,0,0,0,0,0,0,0,0,0,0,0,0,0,0,0,0,0,0,0,0,0,0,0,0,0,0,0,0,0,0,0,0,0,0,0,0,0,0,0,0,0,0,0,0,0,0,0,0,0,0,0,0,0,0,0,0,0,0,0,0,0,0,0,0,0,0,0,0,0,0,0,0,0,0,0,0,0,0,0,0,0,0,0,0,0,0,0,0,0,0,0,0,0,0,0,0,0,0,0,0,0,0,0,0,0,0,0,0,0,0,0,0,0,0,0,0,0,0,0,0,0,0,0,0,0,0,0,0,0,0,0,0,0,0,0,0,0,0,0,0,0,0,0,0,0,0,0,0,0,0,0,0,0,0,0,0,0,0,0,0,0,0,0,0,0,0,0,0,0,0,0,0
0.0388221619527315,0.0217357613328167,0.0261139093374661,0.0276636962417668,0.0369236729949632,0.0481208833785354,0.0523827973653623,0.0595893064703603,0.0641999225106548,0.0568384347152267,0.0550174351026734,0.0551724137931034,0.0545912437039907,0.0440526927547462,0.043510267338241,0.0401007361487795,0.0388996512979465,0.0392483533514142,0.0374660984114684,0.0287098024021697,0.0244091437427354,0.0204184424641612,0.0173963580007749,0.0122045718713677,0.0104223169314219,0.012979465323518,0.0120495931809376,0.00813638124757846,0.00557923285548237,0.00395195660596668,0.00205346764819837,0.000813638124757846,0.000348702053467648,7.74893452150329e-05,0,0,0,0,0,0,0,0,0,0,0,0,0,0,0,0,0,0,0,0,0,0,0,0,0,0,0,0,0,0,0,0,0,0,0,0,0,0,0,0,0,0,0,0,0,0,0,0,0,0,0,0,0,0,0,0,0,0,0,0,0,0,0,0,0,0,0,0,0,0,0,0,0,0,0,0,0,0,0,0,0,0,0,0,0,0,0,0,0,0,0,0,0,0,0,0,0,0,0,0,0,0,0,0,0,0,0,0,0,0,0,0,0,0,0,0,0,0,0,0,0,0,0,0,0,0,0,0,0,0,0,0,0,0,0,0,0,0,0,0,0,0,0,0,0,0,0,0,0,0,0,0,0,0,0,0,0,0,0,0,0,0,0,0,0,0,0,0,0,0,0,0,0,0,0,0,0,0,0,0,0,0,0,0,0,0,0,0,0,0,0,0,0,0,0,0,0,0,0,0,0,0,0,0,0,0,0,0,0,0,0,0,0,0,0,0,0,0,0,0,0,0,0,0,0,0,0,0,0,0,0,0,0,0,0,0,0,0,0,0,0,0,0,0,0,0,0,0,0,0,0,0,0,0,0,0,0,0,0,0,0,0,0,0,0,0,0,0,0,0,0,0,0,0,0,0,0,0,0,0,0,0,0,0,0,0,0,0,0,0,0,0,0,0,0,0,0,0,0,0,0,0,0,0,0,0,0,0,0,0,0,0,0,0,0,0,0,0,0,0,0,0,0,0,0,0,0,0,0,0,0,0,0,0,0,0,0,0,0,0,0,0,0,0,0,0,0,0,0,0,0,0,0,0,0,0,0,0,0,0,0,0,0,0,0,0,0,0,0,0,0,0,0,0,0,0,0,0,0,0,0,0,0,0,0,0,0,0,0,0,0,0,0,0,0,0,0,0,0,0,0,0,0,0,0,0,0,0,0,0,0,0,0,0,0,0,0,0,0,0,0,0,0,0,0,0,0,0,0,0,0,0,0,0,0,0,0,0,0,0,0,0,0,0,0,0,0,0,0,0,0,0,0,0,0,0,0,0,0,0,0,0,0,0,0,0,0,0,0,0,0,0,0,0,0,0,0,0,0,0,0,0,0,0,0,0,0,0,0,0,0,0,0,0,0,0,0,0,0,0,0,0,0,0,0,0,0,0,0,0,0,0,0,0,0,0,0,0,0,0,0,0,0,0,0
0.0352893871662054,0.0212398590316706,0.0280754038648029,0.0366848790179522,0.041391707467064,0.0471392417039192,0.0453416589796353,0.0505451879183519,0.0524373802597034,0.0491023912580714,0.0519170273658317,0.0503323162799499,0.0506871023439533,0.0478251614276591,0.044513824830294,0.0405875257219896,0.0395468199342463,0.0417464935310674,0.0383168949123678,0.0340831145485939,0.0352420823576717,0.0332552803992526,0.0236287518626268,0.0171716454977648,0.0136237848577308,0.0106199295158353,0.00638614915206131,0.00475413325764564,0.00465952364057807,0.00274367889495967,0.000851486553608174,0.000118262021334469,9.46096170675749e-05,2.36524042668937e-05,2.36524042668937e-05,0,0,0,0,0,0,0,0,0,0,0,0,0,0,0,0,0,0,0,0,0,0,0,0,0,0,0,0,0,0,0,0,0,0,0,0,0,0,0,0,0,0,0,0,0,0,0,0,0,0,0,0,0,0,0,0,0,0,0,0,0,0,0,0,0,0,0,0,0,0,0,0,0,0,0,0,0,0,0,0,0,0,0,0,0,0,0,0,0,0,0,0,0,0,0,0,0,0,0,0,0,0,0,0,0,0,0,0,0,0,0,0,0,0,0,0,0,0,0,0,0,0,0,0,0,0,0,0,0,0,0,0,0,0,0,0,0,0,0,0,0,0,0,0,0,0,0,0,0,0,0,0,0,0,0,0,0,0,0,0,0,0,0,0,0,0,0,0,0,0,0,0,0,0,0,0,0,0,0,0,0,0,0,0,0,0,0,0,0,0,0,0,0,0,0,0,0,0,0,0,0,0,0,0,0,0,0,0,0,0,0,0,0,0,0,0,0,0,0,0,0,0,0,0,0,0,0,0,0,0,0,0,0,0,0,0,0,0,0,0,0,0,0,0,0,0,0,0,0,0,0,0,0,0,0,0,0,0,0,0,0,0,0,0,0,0,0,0,0,0,0,0,0,0,0,0,0,0,0,0,0,0,0,0,0,0,0,0,0,0,0,0,0,0,0,0,0,0,0,0,0,0,0,0,0,0,0,0,0,0,0,0,0,0,0,0,0,0,0,0,0,0,0,0,0,0,0,0,0,0,0,0,0,0,0,0,0,0,0,0,0,0,0,0,0,0,0,0,0,0,0,0,0,0,0,0,0,0,0,0,0,0,0,0,0,0,0,0,0,0,0,0,0,0,0,0,0,0,0,0,0,0,0,0,0,0,0,0,0,0,0,0,0,0,0,0,0,0,0,0,0,0,0,0,0,0,0,0,0,0,0,0,0,0,0,0,0,0,0,0,0,0,0,0,0,0,0,0,0,0,0,0,0,0,0,0,0,0,0,0,0,0,0,0,0,0,0,0,0,0,0,0,0,0,0,0,0,0,0,0,0,0,0,0,0,0,0,0,0,0,0,0,0,0,0,0,0,0,0,0,0,0,0,0,0,0,0,0,0,0,0,0,0,0,0,0,0,0,0,0,0,0,0,0,0,0,0,0,0,0,0,0,0,0,0,0,0,0,0,0,0,0,0,0
0.0427153780008831,0.0257268353900858,0.0309558669734365,0.0346975295730786,0.0373933858560506,0.0442492272653327,0.0445745892305189,0.0475028469171954,0.0511283088149852,0.0494317785679425,0.0490831764623858,0.045202073020521,0.0468986032675637,0.0492226173046085,0.044783750493853,0.0422040949127333,0.0415766111227312,0.0391131562434637,0.0337911640986312,0.0309326268330661,0.0285621325152804,0.0274930860582398,0.0245648283715634,0.0211485277371075,0.0202654024030305,0.0150363708196798,0.00834321039299077,0.00762276604150689,0.00708824281298659,0.00583327523298241,0.00204513235259941,0.000627483790002092,0.000116200701852239,6.97204211113435e-05,0,0,0,0,0,0,0,0,0,0,0,0,0,0,0,0,0,0,0,0,0,0,0,0,0,0,0,0,0,0,0,0,0,0,0,0,0,0,0,0,0,0,0,0,0,0,0,0,0,0,0,0,0,0,0,0,0,0,0,0,0,0,0,0,0,0,0,0,0,0,0,0,0,0,0,0,0,0,0,0,0,0,0,0,0,0,0,0,0,0,0,0,0,0,0,0,0,0,0,0,0,0,0,0,0,0,0,0,0,0,0,0,0,0,0,0,0,0,0,0,0,0,0,0,0,0,0,0,0,0,0,0,0,0,0,0,0,0,0,0,0,0,0,0,0,0,0,0,0,0,0,0,0,0,0,0,0,0,0,0,0,0,0,0,0,0,0,0,0,0,0,0,0,0,0,0,0,0,0,0,0,0,0,0,0,0,0,0,0,0,0,0,0,0,0,0,0,0,0,0,0,0,0,0,0,0,0,0,0,0,0,0,0,0,0,0,0,0,0,0,0,0,0,0,0,0,0,0,0,0,0,0,0,0,0,0,0,0,0,0,0,0,0,0,0,0,0,0,0,0,0,0,0,0,0,0,0,0,0,0,0,0,0,0,0,0,0,0,0,0,0,0,0,0,0,0,0,0,0,0,0,0,0,0,0,0,0,0,0,0,0,0,0,0,0,0,0,0,0,0,0,0,0,0,0,0,0,0,0,0,0,0,0,0,0,0,0,0,0,0,0,0,0,0,0,0,0,0,0,0,0,0,0,0,0,0,0,0,0,0,0,0,0,0,0,0,0,0,0,0,0,0,0,0,0,0,0,0,0,0,0,0,0,0,0,0,0,0,0,0,0,0,0,0,0,0,0,0,0,0,0,0,0,0,0,0,0,0,0,0,0,0,0,0,0,0,0,0,0,0,0,0,0,0,0,0,0,0,0,0,0,0,0,0,0,0,0,0,0,0,0,0,0,0,0,0,0,0,0,0,0,0,0,0,0,0,0,0,0,0,0,0,0,0,0,0,0,0,0,0,0,0,0,0,0,0,0,0,0,0,0,0,0,0,0,0,0,0,0,0,0,0,0,0,0,0,0,0,0,0,0,0,0,0,0,0,0,0,0,0,0,0,0,0,0,0,0,0,0,0,0,0,0,0,0,0,0,0,0,0,0,0,0,0,0,0,0,0,0,0,0,0,0,0,0
0.0421616072737938,0.0223273207215134,0.0241970963484382,0.0334359876814782,0.0433347998240211,0.0452045754509459,0.048614166300044,0.0531969496993694,0.053233611966564,0.0559099574717701,0.057853057633084,0.0552133743950726,0.0518404458131691,0.0419049714034316,0.0378354597448306,0.0404018184484529,0.0440680451679132,0.0367722539961871,0.0353424255755976,0.0293298137556827,0.0256635870362223,0.020237571491421,0.0182211467957178,0.0192476902771667,0.0149582050153982,0.0105587329520458,0.00967883853937528,0.0117319255022731,0.011181991494354,0.00399618712421176,0.00164980202375715,0.00054993400791905,0.00010998680158381,3.66622671946033e-05,0,0,0,0,0,0,0,0,0,0,0,0,0,0,0,0,0,0,0,0,0,0,0,0,0,0,0,0,0,0,0,0,0,0,0,0,0,0,0,0,0,0,0,0,0,0,0,0,0,0,0,0,0,0,0,0,0,0,0,0,0,0,0,0,0,0,0,0,0,0,0,0,0,0,0,0,0,0,0,0,0,0,0,0,0,0,0,0,0,0,0,0,0,0,0,0,0,0,0,0,0,0,0,0,0,0,0,0,0,0,0,0,0,0,0,0,0,0,0,0,0,0,0,0,0,0,0,0,0,0,0,0,0,0,0,0,0,0,0,0,0,0,0,0,0,0,0,0,0,0,0,0,0,0,0,0,0,0,0,0,0,0,0,0,0,0,0,0,0,0,0,0,0,0,0,0,0,0,0,0,0,0,0,0,0,0,0,0,0,0,0,0,0,0,0,0,0,0,0,0,0,0,0,0,0,0,0,0,0,0,0,0,0,0,0,0,0,0,0,0,0,0,0,0,0,0,0,0,0,0,0,0,0,0,0,0,0,0,0,0,0,0,0,0,0,0,0,0,0,0,0,0,0,0,0,0,0,0,0,0,0,0,0,0,0,0,0,0,0,0,0,0,0,0,0,0,0,0,0,0,0,0,0,0,0,0,0,0,0,0,0,0,0,0,0,0,0,0,0,0,0,0,0,0,0,0,0,0,0,0,0,0,0,0,0,0,0,0,0,0,0,0,0,0,0,0,0,0,0,0,0,0,0,0,0,0,0,0,0,0,0,0,0,0,0,0,0,0,0,0,0,0,0,0,0,0,0,0,0,0,0,0,0,0,0,0,0,0,0,0,0,0,0,0,0,0,0,0,0,0,0,0,0,0,0,0,0,0,0,0,0,0,0,0,0,0,0,0,0,0,0,0,0,0,0,0,0,0,0,0,0,0,0,0,0,0,0,0,0,0,0,0,0,0,0,0,0,0,0,0,0,0,0,0,0,0,0,0,0,0,0,0,0,0,0,0,0,0,0,0,0,0,0,0,0,0,0,0,0,0,0,0,0,0,0,0,0,0,0,0,0,0,0,0,0,0,0,0,0,0,0,0,0,0,0,0,0,0,0,0,0,0,0,0,0,0,0,0,0,0,0,0,0,0,0,0,0,0,0,0,0,0,0,0,0,0,0,0,0,0,0,0,0,0,0
0.0390333471539418,0.0217378428004502,0.0255286382751881,0.0299709767221465,0.0361112756421647,0.0383818041817213,0.0403561768248139,0.0426661928172323,0.0499911153231061,0.0586980986791447,0.0576911686311674,0.0527552370234358,0.0572568066496871,0.0540188355150151,0.0490236727279907,0.0451144148946672,0.042212087109321,0.0394874528618531,0.0336630535647298,0.0318861181859464,0.0334063851211278,0.0231791348299078,0.0192698769965843,0.018559102845071,0.017196785721337,0.0116685423206776,0.0100693004797726,0.0078777468459397,0.00503465023988628,0.00373156429544512,0.00169796047305969,0.000888467689391696,0.00106616122727003,0.000414618255049458,0.000315899622894825,3.94874528618531e-05,0,0,0,0,0,0,0,0,0,0,0,0,0,0,0,0,0,0,0,0,0,0,0,0,0,0,0,0,0,0,0,0,0,0,0,0,0,0,0,0,0,0,0,0,0,0,0,0,0,0,0,0,0,0,0,0,0,0,0,0,0,0,0,0,0,0,0,0,0,0,0,0,0,0,0,0,0,0,0,0,0,0,0,0,0,0,0,0,0,0,0,0,0,0,0,0,0,0,0,0,0,0,0,0,0,0,0,0,0,0,0,0,0,0,0,0,0,0,0,0,0,0,0,0,0,0,0,0,0,0,0,0,0,0,0,0,0,0,0,0,0,0,0,0,0,0,0,0,0,0,0,0,0,0,0,0,0,0,0,0,0,0,0,0,0,0,0,0,0,0,0,0,0,0,0,0,0,0,0,0,0,0,0,0,0,0,0,0,0,0,0,0,0,0,0,0,0,0,0,0,0,0,0,0,0,0,0,0,0,0,0,0,0,0,0,0,0,0,0,0,0,0,0,0,0,0,0,0,0,0,0,0,0,0,0,0,0,0,0,0,0,0,0,0,0,0,0,0,0,0,0,0,0,0,0,0,0,0,0,0,0,0,0,0,0,0,0,0,0,0,0,0,0,0,0,0,0,0,0,0,0,0,0,0,0,0,0,0,0,0,0,0,0,0,0,0,0,0,0,0,0,0,0,0,0,0,0,0,0,0,0,0,0,0,0,0,0,0,0,0,0,0,0,0,0,0,0,0,0,0,0,0,0,0,0,0,0,0,0,0,0,0,0,0,0,0,0,0,0,0,0,0,0,0,0,0,0,0,0,0,0,0,0,0,0,0,0,0,0,0,0,0,0,0,0,0,0,0,0,0,0,0,0,0,0,0,0,0,0,0,0,0,0,0,0,0,0,0,0,0,0,0,0,0,0,0,0,0,0,0,0,0,0,0,0,0,0,0,0,0,0,0,0,0,0,0,0,0,0,0,0,0,0,0,0,0,0,0,0,0,0,0,0,0,0,0,0,0,0,0,0,0,0,0,0,0,0,0,0,0,0,0,0,0,0,0,0,0,0,0,0,0,0,0,0,0,0,0,0,0,0,0,0,0,0,0,0,0,0,0,0,0,0,0,0,0,0,0,0,0,0,0,0,0,0,0,0,0,0,0,0,0,0,0,0,0,0,0,0,0,0,0,0
0.052541993281075,0.0276819708846585,0.0383426651735722,0.0467637178051512,0.0530347144456887,0.0507502799552072,0.0576931690929451,0.061545352743561,0.0562150055991041,0.0628891377379619,0.0642329227323628,0.0537513997760358,0.0526315789473684,0.0477043673012318,0.0401343784994401,0.0417469204927212,0.0422396416573348,0.0316685330347144,0.0227995520716685,0.0189921612541993,0.0152743561030235,0.0112430011198208,0.0108398656215006,0.0102575587905935,0.00801791713325868,0.00730123180291153,0.00524076147816349,0.00331466965285554,0.00197088465845465,0.00188129899216125,0.000537513997760358,0.000537513997760358,0.00013437849944009,8.95856662933931e-05,0,0,0,0,0,0,0,0,0,0,0,0,0,0,0,0,0,0,0,0,0,0,0,0,0,0,0,0,0,0,0,0,0,0,0,0,0,0,0,0,0,0,0,0,0,0,0,0,0,0,0,0,0,0,0,0,0,0,0,0,0,0,0,0,0,0,0,0,0,0,0,0,0,0,0,0,0,0,0,0,0,0,0,0,0,0,0,0,0,0,0,0,0,0,0,0,0,0,0,0,0,0,0,0,0,0,0,0,0,0,0,0,0,0,0,0,0,0,0,0,0,0,0,0,0,0,0,0,0,0,0,0,0,0,0,0,0,0,0,0,0,0,0,0,0,0,0,0,0,0,0,0,0,0,0,0,0,0,0,0,0,0,0,0,0,0,0,0,0,0,0,0,0,0,0,0,0,0,0,0,0,0,0,0,0,0,0,0,0,0,0,0,0,0,0,0,0,0,0,0,0,0,0,0,0,0,0,0,0,0,0,0,0,0,0,0,0,0,0,0,0,0,0,0,0,0,0,0,0,0,0,0,0,0,0,0,0,0,0,0,0,0,0,0,0,0,0,0,0,0,0,0,0,0,0,0,0,0,0,0,0,0,0,0,0,0,0,0,0,0,0,0,0,0,0,0,0,0,0,0,0,0,0,0,0,0,0,0,0,0,0,0,0,0,0,0,0,0,0,0,0,0,0,0,0,0,0,0,0,0,0,0,0,0,0,0,0,0,0,0,0,0,0,0,0,0,0,0,0,0,0,0,0,0,0,0,0,0,0,0,0,0,0,0,0,0,0,0,0,0,0,0,0,0,0,0,0,0,0,0,0,0,0,0,0,0,0,0,0,0,0,0,0,0,0,0,0,0,0,0,0,0,0,0,0,0,0,0,0,0,0,0,0,0,0,0,0,0,0,0,0,0,0,0,0,0,0,0,0,0,0,0,0,0,0,0,0,0,0,0,0,0,0,0,0,0,0,0,0,0,0,0,0,0,0,0,0,0,0,0,0,0,0,0,0,0,0,0,0,0,0,0,0,0,0,0,0,0,0,0,0,0,0,0,0,0,0,0,0,0,0,0,0,0,0,0,0,0,0,0,0,0,0,0,0,0,0,0,0,0,0,0,0,0,0,0,0,0,0,0,0,0,0,0,0,0,0,0,0,0,0,0,0,0,0,0,0,0,0,0,0,0,0,0,0
0.0721935007385524,0.0183407188577056,0.016740521910389,0.024987690792713,0.030588380108321,0.0277572624322994,0.0272648941408173,0.0259108813392418,0.0375430822255047,0.038589364844904,0.0364352535696701,0.0345273264401773,0.0369276218611521,0.0379739044805515,0.0425283111767602,0.0347735105859183,0.0348966026587888,0.0428360413589365,0.04369768586903,0.0472673559822747,0.0393894633185623,0.0420974889217134,0.0397587395371738,0.0363737075332349,0.0280034465780404,0.0195716395864106,0.0182176267848351,0.0187715411127523,0.0116322008862629,0.0113244707040867,0.0113860167405219,0.00412358444116199,0.0017232890201871,0.00246184145741014,0.00227720334810438,0.000553914327917282,6.15460364352536e-05,0.000492368291482029,0,0,0,0,0,0,0,0,0,0,0,0,0,0,0,0,0,0,0,0,0,0,0,0,0,0,0,0,0,0,0,0,0,0,0,0,0,0,0,0,0,0,0,0,0,0,0,0,0,0,0,0,0,0,0,0,0,0,0,0,0,0,0,0,0,0,0,0,0,0,0,0,0,0,0,0,0,0,0,0,0,0,0,0,0,0,0,0,0,0,0,0,0,0,0,0,0,0,0,0,0,0,0,0,0,0,0,0,0,0,0,0,0,0,0,0,0,0,0,0,0,0,0,0,0,0,0,0,0,0,0,0,0,0,0,0,0,0,0,0,0,0,0,0,0,0,0,0,0,0,0,0,0,0,0,0,0,0,0,0,0,0,0,0,0,0,0,0,0,0,0,0,0,0,0,0,0,0,0,0,0,0,0,0,0,0,0,0,0,0,0,0,0,0,0,0,0,0,0,0,0,0,0,0,0,0,0,0,0,0,0,0,0,0,0,0,0,0,0,0,0,0,0,0,0,0,0,0,0,0,0,0,0,0,0,0,0,0,0,0,0,0,0,0,0,0,0,0,0,0,0,0,0,0,0,0,0,0,0,0,0,0,0,0,0,0,0,0,0,0,0,0,0,0,0,0,0,0,0,0,0,0,0,0,0,0,0,0,0,0,0,0,0,0,0,0,0,0,0,0,0,0,0,0,0,0,0,0,0,0,0,0,0,0,0,0,0,0,0,0,0,0,0,0,0,0,0,0,0,0,0,0,0,0,0,0,0,0,0,0,0,0,0,0,0,0,0,0,0,0,0,0,0,0,0,0,0,0,0,0,0,0,0,0,0,0,0,0,0,0,0,0,0,0,0,0,0,0,0,0,0,0,0,0,0,0,0,0,0,0,0,0,0,0,0,0,0,0,0,0,0,0,0,0,0,0,0,0,0,0,0,0,0,0,0,0,0,0,0,0,0,0,0,0,0,0,0,0,0,0,0,0,0,0,0,0,0,0,0,0,0,0,0,0,0,0,0,0,0,0,0,0,0,0,0,0,0,0,0,0,0,0,0,0,0,0,0,0,0,0,0,0,0,0,0,0,0,0,0,0,0,0,0,0,0,0,0,0,0,0,0,0,0,0,0,0,0,0,0,0,0,0,0,0,0,0,0,0,0,0,0,0,0,0,0,0,0,0,0,0,0
0.0698552548772813,0.0115166771554437,0.0164254247954688,0.018628067967275,0.0219005663939585,0.0191315292636879,0.0193832599118943,0.0233480176211454,0.0293895531780994,0.0339836375078666,0.0327249842668345,0.0448709880427942,0.0374449339207048,0.0432976714915041,0.0483952171176841,0.049528005034613,0.0426054122089364,0.0422907488986784,0.0417872876022656,0.0354310887350535,0.0371302706104468,0.0333543108873505,0.0266834487098804,0.0316551290119572,0.0237885462555066,0.0245437382001259,0.0243549402139711,0.0198867212083071,0.0202643171806167,0.0178728760226558,0.0135934550031466,0.0113278791692889,0.0110761485210824,0.00648206419131529,0.00541220893643801,0.00339836375078666,0.00201384518565135,0.0013215859030837,0.00220264317180617,0.00119572057898049,0.000503461296412838,0,0,0,0,0,0,0,0,0,0,0,0,0,0,0,0,0,0,0,0,0,0,0,0,0,0,0,0,0,0,0,0,0,0,0,0,0,0,0,0,0,0,0,0,0,0,0,0,0,0,0,0,0,0,0,0,0,0,0,0,0,0,0,0,0,0,0,0,0,0,0,0,0,0,0,0,0,0,0,0,0,0,0,0,0,0,0,0,0,0,0,0,0,0,0,0,0,0,0,0,0,0,0,0,0,0,0,0,0,0,0,0,0,0,0,0,0,0,0,0,0,0,0,0,0,0,0,0,0,0,0,0,0,0,0,0,0,0,0,0,0,0,0,0,0,0,0,0,0,0,0,0,0,0,0,0,0,0,0,0,0,0,0,0,0,0,0,0,0,0,0,0,0,0,0,0,0,0,0,0,0,0,0,0,0,0,0,0,0,0,0,0,0,0,0,0,0,0,0,0,0,0,0,0,0,0,0,0,0,0,0,0,0,0,0,0,0,0,0,0,0,0,0,0,0,0,0,0,0,0,0,0,0,0,0,0,0,0,0,0,0,0,0,0,0,0,0,0,0,0,0,0,0,0,0,0,0,0,0,0,0,0,0,0,0,0,0,0,0,0,0,0,0,0,0,0,0,0,0,0,0,0,0,0,0,0,0,0,0,0,0,0,0,0,0,0,0,0,0,0,0,0,0,0,0,0,0,0,0,0,0,0,0,0,0,0,0,0,0,0,0,0,0,0,0,0,0,0,0,0,0,0,0,0,0,0,0,0,0,0,0,0,0,0,0,0,0,0,0,0,0,0,0,0,0,0,0,0,0,0,0,0,0,0,0,0,0,0,0,0,0,0,0,0,0,0,0,0,0,0,0,0,0,0,0,0,0,0,0,0,0,0,0,0,0,0,0,0,0,0,0,0,0,0,0,0,0,0,0,0,0,0,0,0,0,0,0,0,0,0,0,0,0,0,0,0,0,0,0,0,0,0,0,0,0,0,0,0,0,0,0,0,0,0,0,0,0,0,0,0,0,0,0,0,0,0,0,0,0,0,0,0,0,0,0,0,0,0,0,0,0,0,0,0,0,0,0,0,0,0,0,0,0,0,0,0,0,0,0,0,0,0,0,0,0,0,0,0,0,0,0,0,0,0,0,0,0,0,0,0,0,0,0,0,0,0,0,0
0.0728404936014625,0.0112545703839122,0.0140539305301645,0.0130255941499086,0.0176531078610603,0.0199954296160878,0.017481718464351,0.0243944241316271,0.0293075868372943,0.0303930530164534,0.0341064899451554,0.0274794332723949,0.0393624314442413,0.0431901279707495,0.0345635283363803,0.0310786106032907,0.0325068555758684,0.0351919561243144,0.0305644424131627,0.0317070383912249,0.0255370201096892,0.0287934186471664,0.0319926873857404,0.0251942413162706,0.0233660877513711,0.0259940585009141,0.0173103290676417,0.0261083180987203,0.0211380255941499,0.0241659049360146,0.0231375685557587,0.0190242230347349,0.0146252285191956,0.0125114259597806,0.00908363802559415,0.0102262340036563,0.0150822669104205,0.00994058500914077,0.0123971663619744,0.00788391224862888,0.00719835466179159,0.0036563071297989,0.00468464351005484,0.0021709323583181,0.00119972577696527,0.00234232175502742,0.00251371115173675,0.000856946983546618,0.000914076782449726,0.000571297989031079,0.000171389396709324,5.71297989031079e-05,0,0,0,0,0,0,0,0,0,0,0,0,0,0,0,0,0,0,0,0,0,0,0,0,0,0,0,0,0,0,0,0,0,0,0,0,0,0,0,0,0,0,0,0,0,0,0,0,0,0,0,0,0,0,0,0,0,0,0,0,0,0,0,0,0,0,0,0,0,0,0,0,0,0,0,0,0,0,0,0,0,0,0,0,0,0,0,0,0,0,0,0,0,0,0,0,0,0,0,0,0,0,0,0,0,0,0,0,0,0,0,0,0,0,0,0,0,0,0,0,0,0,0,0,0,0,0,0,0,0,0,0,0,0,0,0,0,0,0,0,0,0,0,0,0,0,0,0,0,0,0,0,0,0,0,0,0,0,0,0,0,0,0,0,0,0,0,0,0,0,0,0,0,0,0,0,0,0,0,0,0,0,0,0,0,0,0,0,0,0,0,0,0,0,0,0,0,0,0,0,0,0,0,0,0,0,0,0,0,0,0,0,0,0,0,0,0,0,0,0,0,0,0,0,0,0,0,0,0,0,0,0,0,0,0,0,0,0,0,0,0,0,0,0,0,0,0,0,0,0,0,0,0,0,0,0,0,0,0,0,0,0,0,0,0,0,0,0,0,0,0,0,0,0,0,0,0,0,0,0,0,0,0,0,0,0,0,0,0,0,0,0,0,0,0,0,0,0,0,0,0,0,0,0,0,0,0,0,0,0,0,0,0,0,0,0,0,0,0,0,0,0,0,0,0,0,0,0,0,0,0,0,0,0,0,0,0,0,0,0,0,0,0,0,0,0,0,0,0,0,0,0,0,0,0,0,0,0,0,0,0,0,0,0,0,0,0,0,0,0,0,0,0,0,0,0,0,0,0,0,0,0,0,0,0,0,0,0,0,0,0,0,0,0,0,0,0,0,0,0,0,0,0,0,0,0,0,0,0,0,0,0,0,0,0,0,0,0,0,0,0,0,0,0,0,0,0,0,0,0,0,0,0,0,0,0,0,0,0,0,0,0,0,0,0,0,0,0,0,0,0,0,0,0,0,0,0,0,0,0,0,0,0,0,0,0,0,0,0,0,0,0,0,0,0,0,0,0,0,0,0,0,0,0,0,0,0,0,0,0,0,0,0,0,0,0,0,0,0,0,0,0,0,0,0,0,0
0.0507912200102093,0.00969882593159775,0.00708269525267994,0.00772077590607453,0.00625319040326697,0.00612557427258806,0.00995405819295559,0.0107835630423686,0.0114216436957631,0.0121873404798367,0.0156329760081674,0.0178662582950485,0.0182491066870852,0.0164624808575804,0.0103369065849923,0.0135911179173047,0.0146758550280755,0.0178662582950485,0.0200357325165901,0.0220137825421133,0.0258422664624809,0.0186957631444615,0.0236089841755998,0.024885145482389,0.0238004083716182,0.0202271567126085,0.0156967840735069,0.0190786115364982,0.0244384890250128,0.019333843797856,0.0144844308320572,0.0204185809086268,0.0125063808065339,0.0118044920877999,0.00676365492598264,0.0128892291985707,0.0113578356304237,0.0129530372639102,0.00797600816743236,0.00842266462480858,0.00759315977539561,0.00638080653394589,0.00886932108218479,0.00612557427258806,0.00695507912200102,0.00638080653394589,0.00484941296579888,0.00293517100561511,0.0024885145482389,0.00408371618172537,0.00210566615620214,0.00293517100561511,0.00299897907095457,0.00293517100561511,0.00255232261357836,0.00229709035222052,0.00185043389484431,0.000510464522715671,0.00185043389484431,0.00121235324144972,0.00057427258805513,0.000829504849412966,0.00133996937212864,0.00153139356814701,0.000893312914752425,0.00133996937212864,0.0014037774374681,0.00159520163348647,0.000829504849412966,0.000829504849412966,0.00159520163348647,0.00114854517611026,0.00057427258805513,0.000510464522715671,0.000510464522715671,0.0010847371107708,0.000446656457376212,0.0014037774374681,0.000638080653394589,0.000701888718734048,0.000893312914752425,0.000829504849412966,0.000957120980091884,0.00102092904543134,0.00159520163348647,0.000829504849412966,0.000765696784073507,0.000829504849412966,0.000829504849412966,0.000191424196018377,0.000382848392036753,0.000829504849412966,0.000319040326697295,0.000319040326697295,0.000510464522715671,0.000638080653394589,0.000382848392036753,0.00057427258805513,0.000765696784073507,0.0014037774374681,0.000446656457376212,0.000319040326697295,0.000446656457376212,0.000510464522715671,0.000382848392036753,0.000191424196018377,0,0.000191424196018377,0.000957120980091884,0.000829504849412966,0.000510464522715671,0.000191424196018377,0.00057427258805513,0.000382848392036753,0.000127616130678918,0.000510464522715671,0.000510464522715671,0.000638080653394589,0.000446656457376212,0.000829504849412966,0.000701888718734048,0.000446656457376212,0.000510464522715671,0.000255232261357836,0.000255232261357836,0.000255232261357836,0.000319040326697295,0.000446656457376212,0.0010847371107708,0.000127616130678918,0.000382848392036753,0.000701888718734048,0.00102092904543134,6.38080653394589e-05,0.000510464522715671,0.000446656457376212,0.000765696784073507,0.0010847371107708,0.00133996937212864,0.00121235324144972,0.000382848392036753,0.000255232261357836,0.000765696784073507,0.000446656457376212,0.000765696784073507,0.000319040326697295,0.00121235324144972,0.00102092904543134,0.000829504849412966,0.000446656457376212,0.00102092904543134,0.00102092904543134,0.00172281776416539,0.000957120980091884,0.000957120980091884,0.00121235324144972,0.000957120980091884,0.000510464522715671,0.000510464522715671,0.00172281776416539,0.00127616130678918,0.000957120980091884,0.000638080653394589,0.000319040326697295,0.00197805002552323,0.000893312914752425,0.0010847371107708,0.00146758550280755,0.00057427258805513,0.000255232261357836,0.000893312914752425,0.000701888718734048,0.000829504849412966,0.000191424196018377,0.000765696784073507,0.000255232261357836,0.000382848392036753,0.000382848392036753,0.000510464522715671,0.000638080653394589,0.000255232261357836,0.00172281776416539,0.000638080653394589,0.000255232261357836,0.000382848392036753,0.000319040326697295,0.000638080653394589,0.000382848392036753,0.000446656457376212,0.000957120980091884,0.00146758550280755,0.000893312914752425,0.00057427258805513,0.000382848392036753,0.000382848392036753,0.000382848392036753,0.000319040326697295,0.000127616130678918,0.000255232261357836,0.000829504849412966,0.000446656457376212,0.000191424196018377,0.000191424196018377,0.000191424196018377,0.000127616130678918,0.000127616130678918,0.000382848392036753,0.000319040326697295,0.000255232261357836,0.000255232261357836,0.000255232261357836,0.000382848392036753,0.000701888718734048,0.000893312914752425,0.000893312914752425,0.000255232261357836,0.000127616130678918,0.000191424196018377,0.000510464522715671,0.00057427258805513,0.000510464522715671,0.000446656457376212,0.000382848392036753,0.000191424196018377,0.000127616130678918,0.000446656457376212,0.000510464522715671,0.000446656457376212,0.000893312914752425,0.000446656457376212,0.000255232261357836,0.000510464522715671,0.000382848392036753,0.000638080653394589,0.000701888718734048,0.000701888718734048,0.000638080653394589,0.000510464522715671,0.000255232261357836,0.000957120980091884,0.000638080653394589,0.000382848392036753,0.000638080653394589,0.000191424196018377,6.38080653394589e-05,0.000127616130678918,0.000765696784073507,0.000893312914752425,0.00057427258805513,0.000382848392036753,0.000255232261357836,0.000255232261357836,0.00057427258805513,0.00172281776416539,0.000893312914752425,0.000446656457376212,0.000638080653394589,0.000893312914752425,0.000446656457376212,0.000319040326697295,0.000382848392036753,0.000510464522715671,0.00121235324144972,0.000638080653394589,0.000893312914752425,0.000893312914752425,0.000765696784073507,0.000638080653394589,0.00133996937212864,0.00191424196018377,0.000765696784073507,0.00057427258805513,0.0010847371107708,0.000957120980091884,0.000957120980091884,0.000893312914752425,0.00153139356814701,0.000957120980091884,0.00127616130678918,0.00197805002552323,0.000957120980091884,0.00172281776416539,0.00114854517611026,0.00146758550280755,0.000638080653394589,0.00146758550280755,0.00159520163348647,0.00153139356814701,0.00114854517611026,0.00159520163348647,0.00229709035222052,0.000319040326697295,0.00114854517611026,0.00146758550280755,0.00185043389484431,0.00114854517611026,0.00127616130678918,0.00236089841755998,0.00114854517611026,0.000638080653394589,0.00133996937212864,0.00191424196018377,0.000957120980091884,0.00178662582950485,0.000638080653394589,0.000893312914752425,0.00127616130678918,0.000893312914752425,0.0024885145482389,0.00159520163348647,0.00133996937212864,0.00223328228688106,0.00165900969882593,0.00146758550280755,0.000765696784073507,0.00165900969882593,0.00114854517611026,0.000701888718734048,0.00146758550280755,0.00133996937212864,0.00114854517611026,0.0014037774374681,0.00172281776416539,0.00197805002552323,0.00267993874425727,0.00210566615620214,0.00185043389484431,0.00178662582950485,0.00197805002552323,0.000829504849412966,0.00204185809086269,0.0021694742215416,0.00172281776416539,0.0010847371107708,0.00172281776416539,0.0014037774374681,0.000893312914752425,0.00287136294027565,0.00255232261357836,0.00165900969882593,0.00185043389484431,0.00229709035222052,0.0014037774374681,0.00165900969882593,0.000765696784073507,0.00102092904543134,0.00102092904543134,0.00255232261357836,0.00236089841755998,0.00146758550280755,0.00102092904543134,0.000765696784073507,0.00121235324144972,0.00210566615620214,0.00153139356814701,0.000829504849412966,0.00236089841755998,0.00185043389484431,0.00121235324144972,0.0010847371107708,0.00153139356814701,0.00102092904543134,0.00114854517611026,0.00210566615620214,0.000638080653394589,0.000701888718734048,0.00127616130678918,0.00102092904543134,0.00121235324144972,0.000765696784073507,0.000446656457376212,0.000510464522715671,0.000127616130678918,0.00057427258805513,0.000701888718734048,0.000127616130678918,0.000191424196018377,0.0010847371107708,0.000893312914752425,0.000382848392036753,0.000255232261357836,0.000255232261357836,0.000191424196018377,0,0.000638080653394589,0.000893312914752425,0.000127616130678918,6.38080653394589e-05,0.000255232261357836,0,0,0.000191424196018377,0.000127616130678918,0.000191424196018377,0,6.38080653394589e-05,0,6.38080653394589e-05,0.000191424196018377,0,0,0,0,0,0,0,0,0,0,0,0,0,0,0,0,0,0,0,0,0,0,0,0,0,0,0,0,0,0,0,0,0,0,0,0,0,0,0,0,0,0,0,0,0,0,0,0,0,0,0,0,0,0,0,0,0,0,0,0,0,0,0,0,0,0,0,0,0,0,0,0,0,0,0,0,0,0,0,0,0,0,0,0,0,0,0,0,0,0,0,0,0,0,0,0,0,0,0,0,0,0,0,0,0,0,0,0,0,0,0,0,0,0,0,0,0,0,0,0,0,0,0,0,0,0,0,0,0,0,0,0,0,0,0,0,0,0,0,0,0,0,0,0,0,0,0,0,0,0,0,0,0,0,0,0,0,0,0,0
0.0621967096697834,0.0176352231033258,0.0130784708249497,0.0133743638300391,0.0104746123801633,0.014794650254468,0.014321221446325,0.0142620428453071,0.0184045449165582,0.0188779737247011,0.0218369037755947,0.0214226535684696,0.0188779737247011,0.0188779737247011,0.0282873712865428,0.0287608000946858,0.0293525861048645,0.0205349745532016,0.0189963309267369,0.0181678305124867,0.017576044502308,0.0220736181796662,0.0310095869333649,0.0326074091608474,0.0191738667297905,0.0198248313409871,0.0185229021185939,0.0187004379216475,0.0147354716534501,0.0134335424310569,0.0134927210320748,0.0186412593206297,0.0128417564208782,0.0153272576636288,0.0142620428453071,0.0137294354361463,0.0188779737247011,0.0133151852290212,0.0115990057995029,0.0100011835720204,0.00656882471298378,0.00645046751094804,0.00544443129364422,0.00686471771807314,0.00579950289975145,0.00574032429873358,0.00473428808142975,0.00396496626819742,0.0048526452834655,0.00473428808142975,0.00360989466209019,0.00313646585394721,0.00355071606107232,0.00461593087939401,0.00325482305598296,0.00236714404071488,0.00254467984376849,0.00165700082850041,0.00142028642442893,0.00254467984376849,0.00313646585394721,0.00230796543969701,0.00284057284885785,0.00242632264173275,0.00260385844478637,0.00289975144987573,0.00289975144987573,0.00503018108651911,0.00301810865191147,0.00278139424783998,0.00195289383358977,0.00165700082850041,0.00159782222748254,0.00207125103562552,0.00236714404071488,0.00331400165700083,0.00384660906616168,0.00266303704580424,0.0018937152325719,0.00100603621730382,0.000769321813232335,0.00142028642442893,0.00106521481832169,0.00112439341933957,0.00136110782341105,0.00165700082850041,0.00100603621730382,0.000650964611196591,0.000236714404071488,0.000118357202035744,0.000118357202035744,5.91786010178719e-05,0.000236714404071488,0.000355071606107232,5.91786010178719e-05,0,0.000177535803053616,0.000118357202035744,5.91786010178719e-05,5.91786010178719e-05,5.91786010178719e-05,0.000236714404071488,5.91786010178719e-05,0,5.91786010178719e-05,5.91786010178719e-05,5.91786010178719e-05,0.000236714404071488,0.000118357202035744,0.000236714404071488,0.000118357202035744,0.000414250207125104,0.000118357202035744,5.91786010178719e-05,5.91786010178719e-05,0.000118357202035744,5.91786010178719e-05,0.000355071606107232,0.000414250207125104,5.91786010178719e-05,0,0,5.91786010178719e-05,0,0,0.000118357202035744,0,0,0,0,0,0,0,5.91786010178719e-05,0.000177535803053616,0,0,0,0,0,0,5.91786010178719e-05,0.000236714404071488,0,0,0,0,0.000118357202035744,0,5.91786010178719e-05,0,5.91786010178719e-05,0,0,5.91786010178719e-05,0,0,0,0,0,0,0.000118357202035744,0,0,0,0,0,0.000118357202035744,5.91786010178719e-05,0,0,0,5.91786010178719e-05,0.000177535803053616,5.91786010178719e-05,0,0.000177535803053616,0.000236714404071488,0,0,5.91786010178719e-05,0.000118357202035744,5.91786010178719e-05,5.91786010178719e-05,0,5.91786010178719e-05,0.000177535803053616,0,0,5.91786010178719e-05,5.91786010178719e-05,0,5.91786010178719e-05,0.000236714404071488,0,0.000473428808142976,0.000473428808142976,0.000118357202035744,0.000177535803053616,0.000177535803053616,0,0,0.000236714404071488,0,0.000355071606107232,5.91786010178719e-05,5.91786010178719e-05,0.000118357202035744,0.000118357202035744,0.000414250207125104,0.000769321813232335,0.000591786010178719,0.000236714404071488,5.91786010178719e-05,0.00029589300508936,0,0,0,0,0,0,0,0,0.000177535803053616,0,0,0,0,0,0,0,5.91786010178719e-05,0,0,0,0,0,0,0,0,0,0,0,0,0,0,0.000118357202035744,0,0,0,0,0,0,0,0,0,0,5.91786010178719e-05,0,0,0,0,0,0.000118357202035744,5.91786010178719e-05,0,0.00029589300508936,5.91786010178719e-05,5.91786010178719e-05,5.91786010178719e-05,0,0.000118357202035744,0.000118357202035744,0.000118357202035744,0,5.91786010178719e-05,0,5.91786010178719e-05,0,0,0,0,0.000118357202035744,5.91786010178719e-05,0,5.91786010178719e-05,0.000236714404071488,0.000118357202035744,0,0.000355071606107232,0.000177535803053616,0,0.000591786010178719,0.000355071606107232,0.000473428808142976,5.91786010178719e-05,0.000236714404071488,0.000473428808142976,0.00112439341933957,0.000473428808142976,0.000118357202035744,5.91786010178719e-05,0.000650964611196591,0.000532607409160847,0.00029589300508936,0.000946857616285951,0.000650964611196591,0.000710143212214463,0.000355071606107232,0.000532607409160847,0.00159782222748254,0.000414250207125104,0.00029589300508936,0.000118357202035744,0.000118357202035744,0.000118357202035744,5.91786010178719e-05,0.000177535803053616,0.000118357202035744,0.000532607409160847,0.000177535803053616,0.000118357202035744,0.000414250207125104,0.000236714404071488,0,0,0,0,0,5.91786010178719e-05,0.000177535803053616,5.91786010178719e-05,0.000236714404071488,0.000355071606107232,0.000177535803053616,5.91786010178719e-05,0.000118357202035744,5.91786010178719e-05,0.000118357202035744,5.91786010178719e-05,0.00029589300508936,0.000118357202035744,5.91786010178719e-05,5.91786010178719e-05,5.91786010178719e-05,0,0.000118357202035744,5.91786010178719e-05,0.000118357202035744,0,5.91786010178719e-05,5.91786010178719e-05,0.000355071606107232,0.000236714404071488,0.000118357202035744,0.000887679015268079,0.000414250207125104,0.000177535803053616,0.00029589300508936,0.000177535803053616,0,0.00029589300508936,0.000532607409160847,5.91786010178719e-05,0.000769321813232335,0.000828500414250207,0.000591786010178719,0.00100603621730382,0.00112439341933957,0.00118357202035744,0.00118357202035744,0.00029589300508936,0.000532607409160847,0.00136110782341105,0.000414250207125104,0.000650964611196591,0.000650964611196591,0.00142028642442893,0.000946857616285951,0.000710143212214463,0.00183453663155403,0.000532607409160847,0.00112439341933957,0.00153864362646467,0.00142028642442893,0.000650964611196591,0.00171617942951829,0.00153864362646467,0.00177535803053616,0.00319564445496508,0.00236714404071488,0.00153864362646467,0.000828500414250207,0.000828500414250207,0.000473428808142976,0.000473428808142976,0.00118357202035744,0.000710143212214463,0.00106521481832169,0.000650964611196591,0.00118357202035744,0.00106521481832169,0.00130192922239318,0.000769321813232335,0.00278139424783998,0.000473428808142976,5.91786010178719e-05,5.91786010178719e-05,0,0,0,5.91786010178719e-05,0.000118357202035744,0,0,0,5.91786010178719e-05,5.91786010178719e-05,5.91786010178719e-05,0,0,5.91786010178719e-05,0,0,0,0,0,0,0,0,0.000177535803053616,0,0,0,0.000118357202035744,5.91786010178719e-05,5.91786010178719e-05,0,0,0.000118357202035744,0,0.000118357202035744,0,0,0.000118357202035744,0.000177535803053616,0.000177535803053616,5.91786010178719e-05,5.91786010178719e-05,0,0,0,0,0,0,0,0,0,0,0,0,0,0,0,0,0,0,0,0,0,0,0,0,0,0,0,0,0,0,0,0,0,0,0,0,0,0,0,0,0,0,0,0,0,0,0,0,0,0,0,0,0,0,0,0,0,0,0,0,0,0,0,0,0,0,0,0,0,0,0,0,0,0,0,0,0,0,0,0,0,0,0,0,0,0,0,0,0,0,0,0,0,0,0,0,0,0,0,0,0,0,0,0,0,0,0,0,0,0
0.0847038978251702,0.0284956925115971,0.0241580818121574,0.0303632748960781,0.0284354479185493,0.0341586842580878,0.0307849870474125,0.0313874329778902,0.026929333092355,0.0358455328634255,0.0425929272847762,0.0438580637387794,0.0273510452436894,0.0335562383276101,0.0500632568227002,0.0495210554852702,0.046388336646786,0.0329537923971324,0.0326525694318935,0.0299415627447437,0.0287366708837882,0.0286764262907404,0.0221700102415808,0.0293993614073137,0.0190975359961443,0.0175311765769022,0.0141574793662269,0.0168684860533767,0.0140972347731791,0.014398457738418,0.0155431050063257,0.0104223145972649,0.00783179709621062,0.00451834447858305,0.00319296343153202,0.00307247424543647,0.00114464726790771,0.00198807157057654,0.00216880534971986,0.000180733779143322,0.000120489186095548,0.000120489186095548,6.0244593047774e-05,0.000120489186095548,6.0244593047774e-05,6.0244593047774e-05,0,0.000120489186095548,0,0,0,0,0,0,0,0,0,0,0,0,0,0,0,0,0,0,0,0,0,0,0,0,0,0,0,0,0,0,0,0,0,0,0,0,0,0,0,0,0,0,0,0,0,0,0,0,0,0,0,0,0,0,0,0,0,0,0,0,0,0,0,0,0,0,0,0,0,0,0,0,0,0,0,0,0,0,0,0,0,0,0,0,0,0,0,0,0,0,0,0,0,0,0,0,0,0,0,0,0,0,0,0,0,0,0,0,0,0,0,0,0,0,0,0,0,0,0,0,0,0,0,0,0,0,0,0,0,0,0,0,0,0,0,0,0,0,0,0,0,0,0,0,0,0,0,0,0,0,0,0,0,0,0,0,0,0,0,0,0,0,0,0,0,0,0,0,0,0,0,0,0,0,0,0,0,0,0,0,0,0,0,0,0,0,0,0,0,0,0,0,0,0,0,0,0,0,0,0,0,0,0,0,0,0,0,0,0,0,0,0,0,0,0,0,0,0,0,0,0,0,0,0,0,0,0,0,0,0,0,0,0,0,0,0,0,0,0,0,0,0,0,0,0,0,0,0,0,0,0,0,0,0,0,0,0,0,0,0,0,0,0,0,0,0,0,0,0,0,0,0,0,0,0,0,0,0,0,0,0,0,0,0,0,0,0,0,0,0,0,0,0,0,0,0,0,0,0,0,0,0,0,0,0,0,0,0,0,0,0,0,0,0,0,0,0,0,0,0,0,0,0,0,0,0,0,0,0,0,0,0,0,0,0,0,0,0,0,0,0,0,0,0,0,0,0,0,0,0,0,0,0,0,0,0,0,0,0,0,0,0,0,0,0,0,0,0,0,0,0,0,0,0,0,0,0,0,0,0,0,0,0,0,0,0,0,0,0,0,0,0,0,0,0,0,0,0,0,0,0,0,0,0,0,0,0,0,0,0,0,0,0,0,0,0,0,0,0,0,0,0,0,0,0,0,0,0,0,0,0,0,0,0,0,0,0,0,0,0,0,0,0,0,0,0,0,0,0,0,0,0,0,0,0,0,0,0,0,0,0,0,0,0,0,0,0,0,0,0,0,0,0,0,0,0,0,0,0,0,0,0,0,0,0,0,0,0,0,0,0,0,0,0,0,0,0,0,0,0,0,0,0,0,0,0,0,0,0,0,0
0.0568227636656875,0.0230401474569437,0.0254593629399228,0.0364322331662923,0.0364034329819711,0.0395426530729797,0.0491907148205749,0.0487587120557572,0.0442658833016531,0.0463682967570992,0.0563619607165486,0.0590115776740971,0.0563619607165486,0.0585219745406371,0.0552387535280226,0.0418754680029952,0.0383330453314901,0.0382178445942054,0.0406658602615057,0.0288865848741432,0.0190657220206209,0.0262369679165947,0.0173953113299925,0.0134496860779909,0.0123552790737861,0.0116928748343989,0.00777604976671851,0.00420482691089223,0.00331202119693566,0.0015552099533437,0.00129600829445308,0.00181441161223432,8.6400552963539e-05,0,0,0,0,0,0,0,0,0,0,0,0,0,0,0,0,0,0,0,0,0,0,0,0,0,0,0,0,0,0,0,0,0,0,0,0,0,0,0,0,0,0,0,0,0,0,0,0,0,0,0,0,0,0,0,0,0,0,0,0,0,0,0,0,0,0,0,0,0,0,0,0,0,0,0,0,0,0,0,0,0,0,0,0,0,0,0,0,0,0,0,0,0,0,0,0,0,0,0,0,0,0,0,0,0,0,0,0,0,0,0,0,0,0,0,0,0,0,0,0,0,0,0,0,0,0,0,0,0,0,0,0,0,0,0,0,0,0,0,0,0,0,0,0,0,0,0,0,0,0,0,0,0,0,0,0,0,0,0,0,0,0,0,0,0,0,0,0,0,0,0,0,0,0,0,0,0,0,0,0,0,0,0,0,0,0,0,0,0,0,0,0,0,0,0,0,0,0,0,0,0,0,0,0,0,0,0,0,0,0,0,0,0,0,0,0,0,0,0,0,0,0,0,0,0,0,0,0,0,0,0,0,0,0,0,0,0,0,0,0,0,0,0,0,0,0,0,0,0,0,0,0,0,0,0,0,0,0,0,0,0,0,0,0,0,0,0,0,0,0,0,0,0,0,0,0,0,0,0,0,0,0,0,0,0,0,0,0,0,0,0,0,0,0,0,0,0,0,0,0,0,0,0,0,0,0,0,0,0,0,0,0,0,0,0,0,0,0,0,0,0,0,0,0,0,0,0,0,0,0,0,0,0,0,0,0,0,0,0,0,0,0,0,0,0,0,0,0,0,0,0,0,0,0,0,0,0,0,0,0,0,0,0,0,0,0,0,0,0,0,0,0,0,0,0,0,0,0,0,0,0,0,0,0,0,0,0,0,0,0,0,0,0,0,0,0,0,0,0,0,0,0,0,0,0,0,0,0,0,0,0,0,0,0,0,0,0,0,0,0,0,0,0,0,0,0,0,0,0,0,0,0,0,0,0,0,0,0,0,0,0,0,0,0,0,0,0,0,0,0,0,0,0,0,0,0,0,0,0,0,0,0,0,0,0,0,0,0,0,0,0,0,0,0,0,0,0,0,0,0,0,0,0,0,0,0,0,0,0,0,0,0,0,0,0,0,0,0,0,0,0,0,0,0,0,0,0,0,0,0,0,0,0,0,0,0,0,0,0,0,0,0,0,0,0,0
0.0341630663735182,0.0205562645100783,0.0230316262050091,0.031718454513307,0.0362540551344536,0.0407742808382405,0.0495841084854169,0.0496763579895758,0.0532740886517735,0.0521670946018665,0.052044095262988,0.0523977183622638,0.051613597576913,0.0492612352208607,0.0481696160883135,0.0452791316246675,0.0452791316246675,0.040559031995203,0.0374379237711597,0.0325333251333774,0.0257991113297766,0.0233698743869252,0.0251533648006642,0.0212173859565505,0.0169124090958011,0.0111160652511493,0.00848695438262019,0.00701096231607755,0.00664196429944189,0.004166602604511,0.00222936301717378,0.00130686797558463,0.000491997355514214,0.000245998677757107,7.6874586799096e-05,0,0,0,0,0,0,0,0,0,0,0,0,0,0,0,0,0,0,0,0,0,0,0,0,0,0,0,0,0,0,0,0,0,0,0,0,0,0,0,0,0,0,0,0,0,0,0,0,0,0,0,0,0,0,0,0,0,0,0,0,0,0,0,0,0,0,0,0,0,0,0,0,0,0,0,0,0,0,0,0,0,0,0,0,0,0,0,0,0,0,0,0,0,0,0,0,0,0,0,0,0,0,0,0,0,0,0,0,0,0,0,0,0,0,0,0,0,0,0,0,0,0,0,0,0,0,0,0,0,0,0,0,0,0,0,0,0,0,0,0,0,0,0,0,0,0,0,0,0,0,0,0,0,0,0,0,0,0,0,0,0,0,0,0,0,0,0,0,0,0,0,0,0,0,0,0,0,0,0,0,0,0,0,0,0,0,0,0,0,0,0,0,0,0,0,0,0,0,0,0,0,0,0,0,0,0,0,0,0,0,0,0,0,0,0,0,0,0,0,0,0,0,0,0,0,0,0,0,0,0,0,0,0,0,0,0,0,0,0,0,0,0,0,0,0,0,0,0,0,0,0,0,0,0,0,0,0,0,0,0,0,0,0,0,0,0,0,0,0,0,0,0,0,0,0,0,0,0,0,0,0,0,0,0,0,0,0,0,0,0,0,0,0,0,0,0,0,0,0,0,0,0,0,0,0,0,0,0,0,0,0,0,0,0,0,0,0,0,0,0,0,0,0,0,0,0,0,0,0,0,0,0,0,0,0,0,0,0,0,0,0,0,0,0,0,0,0,0,0,0,0,0,0,0,0,0,0,0,0,0,0,0,0,0,0,0,0,0,0,0,0,0,0,0,0,0,0,0,0,0,0,0,0,0,0,0,0,0,0,0,0,0,0,0,0,0,0,0,0,0,0,0,0,0,0,0,0,0,0,0,0,0,0,0,0,0,0,0,0,0,0,0,0,0,0,0,0,0,0,0,0,0,0,0,0,0,0,0,0,0,0,0,0,0,0,0,0,0,0,0,0,0,0,0,0,0,0,0,0,0,0,0,0,0,0,0,0,0,0,0,0,0,0,0,0,0,0,0,0,0,0,0,0,0,0,0,0,0,0,0,0,0,0,0,0,0,0,0,0,0,0,0,0,0,0,0,0,0,0,0,0,0,0,0,0,0,0,0,0,0,0,0,0,0
0.0437611012433393,0.022335701598579,0.0294849023090586,0.0349023090586146,0.0330150976909414,0.0474245115452931,0.0498223801065719,0.052664298401421,0.0540408525754885,0.0540852575488455,0.0506438721136767,0.051309946714032,0.0543960923623446,0.0522424511545293,0.050088809946714,0.0452042628774423,0.0380328596802842,0.0345914742451155,0.0310168738898757,0.0271758436944938,0.0222690941385435,0.0205595026642984,0.0180728241563055,0.0171847246891652,0.0142539964476021,0.0139209591474245,0.0112122557726465,0.00754884547069272,0.00461811722912966,0.00519538188277087,0.00395204262877442,0.00202042628774423,0.00173179396092362,0.00106571936056838,0.000155417406749556,0,0,0,0,0,0,0,0,0,0,0,0,0,0,0,0,0,0,0,0,0,0,0,0,0,0,0,0,0,0,0,0,0,0,0,0,0,0,0,0,0,0,0,0,0,0,0,0,0,0,0,0,0,0,0,0,0,0,0,0,0,0,0,0,0,0,0,0,0,0,0,0,0,0,0,0,0,0,0,0,0,0,0,0,0,0,0,0,0,0,0,0,0,0,0,0,0,0,0,0,0,0,0,0,0,0,0,0,0,0,0,0,0,0,0,0,0,0,0,0,0,0,0,0,0,0,0,0,0,0,0,0,0,0,0,0,0,0,0,0,0,0,0,0,0,0,0,0,0,0,0,0,0,0,0,0,0,0,0,0,0,0,0,0,0,0,0,0,0,0,0,0,0,0,0,0,0,0,0,0,0,0,0,0,0,0,0,0,0,0,0,0,0,0,0,0,0,0,0,0,0,0,0,0,0,0,0,0,0,0,0,0,0,0,0,0,0,0,0,0,0,0,0,0,0,0,0,0,0,0,0,0,0,0,0,0,0,0,0,0,0,0,0,0,0,0,0,0,0,0,0,0,0,0,0,0,0,0,0,0,0,0,0,0,0,0,0,0,0,0,0,0,0,0,0,0,0,0,0,0,0,0,0,0,0,0,0,0,0,0,0,0,0,0,0,0,0,0,0,0,0,0,0,0,0,0,0,0,0,0,0,0,0,0,0,0,0,0,0,0,0,0,0,0,0,0,0,0,0,0,0,0,0,0,0,0,0,0,0,0,0,0,0,0,0,0,0,0,0,0,0,0,0,0,0,0,0,0,0,0,0,0,0,0,0,0,0,0,0,0,0,0,0,0,0,0,0,0,0,0,0,0,0,0,0,0,0,0,0,0,0,0,0,0,0,0,0,0,0,0,0,0,0,0,0,0,0,0,0,0,0,0,0,0,0,0,0,0,0,0,0,0,0,0,0,0,0,0,0,0,0,0,0,0,0,0,0,0,0,0,0,0,0,0,0,0,0,0,0,0,0,0,0,0,0,0,0,0,0,0,0,0,0,0,0,0,0,0,0,0,0,0,0,0,0,0,0,0,0,0,0,0,0,0,0,0,0,0,0,0,0,0,0,0,0,0,0,0,0,0,0,0,0,0,0,0,0,0,0,0,0,0,0,0,0,0,0,0,0,0,0,0,0,0
0.0411390269686678,0.0240446253851864,0.0302076070087046,0.0337839357610383,0.0350435232461369,0.0364605591668729,0.0408466227310556,0.0457725095031377,0.0510582784138195,0.0517330574236937,0.0518905058593311,0.0507658741762073,0.0493713308891338,0.0543871881958659,0.0572887379383252,0.0541622618592411,0.0441530398794395,0.0368879192064599,0.0329966935828516,0.0295103353651679,0.0251017791673227,0.0201309071279156,0.0192536944150791,0.0180840774646303,0.014237837108347,0.0114487505342,0.00915450190062754,0.00919948716795249,0.00695022380170494,0.00668031219775523,0.00429609302953283,0.00231674126723498,0.00134955801974853,0.000247418970287231,4.49852673249511e-05,0,0,0,0,0,0,0,0,0,0,0,0,0,0,0,0,0,0,0,0,0,0,0,0,0,0,0,0,0,0,0,0,0,0,0,0,0,0,0,0,0,0,0,0,0,0,0,0,0,0,0,0,0,0,0,0,0,0,0,0,0,0,0,0,0,0,0,0,0,0,0,0,0,0,0,0,0,0,0,0,0,0,0,0,0,0,0,0,0,0,0,0,0,0,0,0,0,0,0,0,0,0,0,0,0,0,0,0,0,0,0,0,0,0,0,0,0,0,0,0,0,0,0,0,0,0,0,0,0,0,0,0,0,0,0,0,0,0,0,0,0,0,0,0,0,0,0,0,0,0,0,0,0,0,0,0,0,0,0,0,0,0,0,0,0,0,0,0,0,0,0,0,0,0,0,0,0,0,0,0,0,0,0,0,0,0,0,0,0,0,0,0,0,0,0,0,0,0,0,0,0,0,0,0,0,0,0,0,0,0,0,0,0,0,0,0,0,0,0,0,0,0,0,0,0,0,0,0,0,0,0,0,0,0,0,0,0,0,0,0,0,0,0,0,0,0,0,0,0,0,0,0,0,0,0,0,0,0,0,0,0,0,0,0,0,0,0,0,0,0,0,0,0,0,0,0,0,0,0,0,0,0,0,0,0,0,0,0,0,0,0,0,0,0,0,0,0,0,0,0,0,0,0,0,0,0,0,0,0,0,0,0,0,0,0,0,0,0,0,0,0,0,0,0,0,0,0,0,0,0,0,0,0,0,0,0,0,0,0,0,0,0,0,0,0,0,0,0,0,0,0,0,0,0,0,0,0,0,0,0,0,0,0,0,0,0,0,0,0,0,0,0,0,0,0,0,0,0,0,0,0,0,0,0,0,0,0,0,0,0,0,0,0,0,0,0,0,0,0,0,0,0,0,0,0,0,0,0,0,0,0,0,0,0,0,0,0,0,0,0,0,0,0,0,0,0,0,0,0,0,0,0,0,0,0,0,0,0,0,0,0,0,0,0,0,0,0,0,0,0,0,0,0,0,0,0,0,0,0,0,0,0,0,0,0,0,0,0,0,0,0,0,0,0,0,0,0,0,0,0,0,0,0,0,0,0,0,0,0,0,0,0,0,0,0,0,0,0,0,0,0,0,0,0,0,0,0,0,0,0,0,0,0,0,0,0,0,0,0,0,0,0,0,0
0.0354671666443462,0.0188607651444132,0.0243292710146868,0.0302218650953082,0.0374536851033436,0.0429891522699879,0.0498415249319227,0.052653899379492,0.0539261640105352,0.0532788714789518,0.0537699209856703,0.0524083746261328,0.055890362037409,0.0501540109816526,0.0503102540065176,0.0466943440024999,0.0440828534440427,0.0366947904111424,0.0303557876880496,0.0299986607740726,0.0260033034239543,0.0236373376188563,0.0209588857640284,0.0190839694656489,0.0140618722378465,0.0120976742109727,0.00966474710950404,0.00716485871166466,0.00524530154903799,0.00604883710548636,0.00370519173251194,0.00169635284139101,0.000714253827954109,0.00037944734610062,0.000133922592741395,2.23204321235659e-05,0,0,0,0,0,0,0,0,0,0,0,0,0,0,0,0,0,0,0,0,0,0,0,0,0,0,0,0,0,0,0,0,0,0,0,0,0,0,0,0,0,0,0,0,0,0,0,0,0,0,0,0,0,0,0,0,0,0,0,0,0,0,0,0,0,0,0,0,0,0,0,0,0,0,0,0,0,0,0,0,0,0,0,0,0,0,0,0,0,0,0,0,0,0,0,0,0,0,0,0,0,0,0,0,0,0,0,0,0,0,0,0,0,0,0,0,0,0,0,0,0,0,0,0,0,0,0,0,0,0,0,0,0,0,0,0,0,0,0,0,0,0,0,0,0,0,0,0,0,0,0,0,0,0,0,0,0,0,0,0,0,0,0,0,0,0,0,0,0,0,0,0,0,0,0,0,0,0,0,0,0,0,0,0,0,0,0,0,0,0,0,0,0,0,0,0,0,0,0,0,0,0,0,0,0,0,0,0,0,0,0,0,0,0,0,0,0,0,0,0,0,0,0,0,0,0,0,0,0,0,0,0,0,0,0,0,0,0,0,0,0,0,0,0,0,0,0,0,0,0,0,0,0,0,0,0,0,0,0,0,0,0,0,0,0,0,0,0,0,0,0,0,0,0,0,0,0,0,0,0,0,0,0,0,0,0,0,0,0,0,0,0,0,0,0,0,0,0,0,0,0,0,0,0,0,0,0,0,0,0,0,0,0,0,0,0,0,0,0,0,0,0,0,0,0,0,0,0,0,0,0,0,0,0,0,0,0,0,0,0,0,0,0,0,0,0,0,0,0,0,0,0,0,0,0,0,0,0,0,0,0,0,0,0,0,0,0,0,0,0,0,0,0,0,0,0,0,0,0,0,0,0,0,0,0,0,0,0,0,0,0,0,0,0,0,0,0,0,0,0,0,0,0,0,0,0,0,0,0,0,0,0,0,0,0,0,0,0,0,0,0,0,0,0,0,0,0,0,0,0,0,0,0,0,0,0,0,0,0,0,0,0,0,0,0,0,0,0,0,0,0,0,0,0,0,0,0,0,0,0,0,0,0,0,0,0,0,0,0,0,0,0,0,0,0,0,0,0,0,0,0,0,0,0,0,0,0,0,0,0,0,0,0,0,0,0,0,0,0,0,0,0,0,0,0,0,0,0,0,0,0,0,0,0,0,0,0,0,0,0,0,0,0
0.0439199787639663,0.0233837689133425,0.0269070199570453,0.0314196771157605,0.0379835420738917,0.0442578247544584,0.0416757161128406,0.0417481116822317,0.0461642414150921,0.0528487656555419,0.0516180409758923,0.0557204565747243,0.0544414681821473,0.0538140399140906,0.0483119766403629,0.0437510557687203,0.0421342213856512,0.0358358068486209,0.0326745336518738,0.0290064914693887,0.0274137889427834,0.0241559883201815,0.0211636381186805,0.0208740558411159,0.0167716402422838,0.0148652235816501,0.0107869398392818,0.0101112478582977,0.0074808755037525,0.00511595357030816,0.00178575737831511,0.000892878689157557,0.000506768985738073,0.000289582277564613,0.000168922995246024,0,0,0,0,0,0,0,0,0,0,0,0,0,0,0,0,0,0,0,0,0,0,0,0,0,0,0,0,0,0,0,0,0,0,0,0,0,0,0,0,0,0,0,0,0,0,0,0,0,0,0,0,0,0,0,0,0,0,0,0,0,0,0,0,0,0,0,0,0,0,0,0,0,0,0,0,0,0,0,0,0,0,0,0,0,0,0,0,0,0,0,0,0,0,0,0,0,0,0,0,0,0,0,0,0,0,0,0,0,0,0,0,0,0,0,0,0,0,0,0,0,0,0,0,0,0,0,0,0,0,0,0,0,0,0,0,0,0,0,0,0,0,0,0,0,0,0,0,0,0,0,0,0,0,0,0,0,0,0,0,0,0,0,0,0,0,0,0,0,0,0,0,0,0,0,0,0,0,0,0,0,0,0,0,0,0,0,0,0,0,0,0,0,0,0,0,0,0,0,0,0,0,0,0,0,0,0,0,0,0,0,0,0,0,0,0,0,0,0,0,0,0,0,0,0,0,0,0,0,0,0,0,0,0,0,0,0,0,0,0,0,0,0,0,0,0,0,0,0,0,0,0,0,0,0,0,0,0,0,0,0,0,0,0,0,0,0,0,0,0,0,0,0,0,0,0,0,0,0,0,0,0,0,0,0,0,0,0,0,0,0,0,0,0,0,0,0,0,0,0,0,0,0,0,0,0,0,0,0,0,0,0,0,0,0,0,0,0,0,0,0,0,0,0,0,0,0,0,0,0,0,0,0,0,0,0,0,0,0,0,0,0,0,0,0,0,0,0,0,0,0,0,0,0,0,0,0,0,0,0,0,0,0,0,0,0,0,0,0,0,0,0,0,0,0,0,0,0,0,0,0,0,0,0,0,0,0,0,0,0,0,0,0,0,0,0,0,0,0,0,0,0,0,0,0,0,0,0,0,0,0,0,0,0,0,0,0,0,0,0,0,0,0,0,0,0,0,0,0,0,0,0,0,0,0,0,0,0,0,0,0,0,0,0,0,0,0,0,0,0,0,0,0,0,0,0,0,0,0,0,0,0,0,0,0,0,0,0,0,0,0,0,0,0,0,0,0,0,0,0,0,0,0,0,0,0,0,0,0,0,0,0,0,0,0,0,0,0,0,0,0,0,0,0,0,0,0,0,0,0,0,0,0,0,0,0,0,0,0,0,0,0,0,0
0.0574718157831614,0.0285919884864476,0.0345406572319501,0.0427920364595826,0.0442792036459583,0.0505636843367714,0.0599184456704246,0.0668265771168146,0.0564643799472296,0.0475413768289758,0.0502278723914608,0.0432717678100264,0.0450947469417126,0.0377548572799232,0.0381866154953226,0.0358839050131926,0.0310386183737107,0.0335811945310626,0.0342528184216839,0.0262892780043176,0.0265291436795395,0.0239385943871432,0.0184696569920844,0.0183257375869513,0.0128568001918925,0.0101223314943632,0.0073398896617894,0.00877908371312065,0.00503717917965939,0.00206284480690813,0.00177500599664188,0.000191892540177501,0,0,0,0,0,0,0,0,0,0,0,0,0,0,0,0,0,0,0,0,0,0,0,0,0,0,0,0,0,0,0,0,0,0,0,0,0,0,0,0,0,0,0,0,0,0,0,0,0,0,0,0,0,0,0,0,0,0,0,0,0,0,0,0,0,0,0,0,0,0,0,0,0,0,0,0,0,0,0,0,0,0,0,0,0,0,0,0,0,0,0,0,0,0,0,0,0,0,0,0,0,0,0,0,0,0,0,0,0,0,0,0,0,0,0,0,0,0,0,0,0,0,0,0,0,0,0,0,0,0,0,0,0,0,0,0,0,0,0,0,0,0,0,0,0,0,0,0,0,0,0,0,0,0,0,0,0,0,0,0,0,0,0,0,0,0,0,0,0,0,0,0,0,0,0,0,0,0,0,0,0,0,0,0,0,0,0,0,0,0,0,0,0,0,0,0,0,0,0,0,0,0,0,0,0,0,0,0,0,0,0,0,0,0,0,0,0,0,0,0,0,0,0,0,0,0,0,0,0,0,0,0,0,0,0,0,0,0,0,0,0,0,0,0,0,0,0,0,0,0,0,0,0,0,0,0,0,0,0,0,0,0,0,0,0,0,0,0,0,0,0,0,0,0,0,0,0,0,0,0,0,0,0,0,0,0,0,0,0,0,0,0,0,0,0,0,0,0,0,0,0,0,0,0,0,0,0,0,0,0,0,0,0,0,0,0,0,0,0,0,0,0,0,0,0,0,0,0,0,0,0,0,0,0,0,0,0,0,0,0,0,0,0,0,0,0,0,0,0,0,0,0,0,0,0,0,0,0,0,0,0,0,0,0,0,0,0,0,0,0,0,0,0,0,0,0,0,0,0,0,0,0,0,0,0,0,0,0,0,0,0,0,0,0,0,0,0,0,0,0,0,0,0,0,0,0,0,0,0,0,0,0,0,0,0,0,0,0,0,0,0,0,0,0,0,0,0,0,0,0,0,0,0,0,0,0,0,0,0,0,0,0,0,0,0,0,0,0,0,0,0,0,0,0,0,0,0,0,0,0,0,0,0,0,0,0,0,0,0,0,0,0,0,0,0,0,0,0,0,0,0,0,0,0,0,0,0,0,0,0,0,0,0,0,0,0,0,0,0,0,0,0,0,0,0,0,0,0,0,0,0,0,0,0,0,0,0,0,0,0,0,0,0,0,0,0,0
0.0379612166932637,0.0230185212050873,0.0256056869287683,0.0344794235698051,0.0367522607476184,0.0444170414430098,0.0444170414430098,0.0525895836355723,0.0524445089220949,0.0535809275110015,0.0513080903331883,0.0517916727114464,0.0490836113932008,0.0482373422312491,0.0443928623240969,0.0449489820590938,0.0393877847091252,0.039702113254993,0.0328836017215533,0.0311185260409111,0.0285797185550559,0.0235746409400841,0.019971952222061,0.0189564292277189,0.0184970259683737,0.0131776198075342,0.0108080661540693,0.0101794090623338,0.00913970694907877,0.00440059964214904,0.00244209101020359,0.00128149330238406,0.000725373567387204,9.67164756516273e-05,4.83582378258136e-05,0,0,0,0,0,0,0,0,0,0,0,0,0,0,0,0,0,0,0,0,0,0,0,0,0,0,0,0,0,0,0,0,0,0,0,0,0,0,0,0,0,0,0,0,0,0,0,0,0,0,0,0,0,0,0,0,0,0,0,0,0,0,0,0,0,0,0,0,0,0,0,0,0,0,0,0,0,0,0,0,0,0,0,0,0,0,0,0,0,0,0,0,0,0,0,0,0,0,0,0,0,0,0,0,0,0,0,0,0,0,0,0,0,0,0,0,0,0,0,0,0,0,0,0,0,0,0,0,0,0,0,0,0,0,0,0,0,0,0,0,0,0,0,0,0,0,0,0,0,0,0,0,0,0,0,0,0,0,0,0,0,0,0,0,0,0,0,0,0,0,0,0,0,0,0,0,0,0,0,0,0,0,0,0,0,0,0,0,0,0,0,0,0,0,0,0,0,0,0,0,0,0,0,0,0,0,0,0,0,0,0,0,0,0,0,0,0,0,0,0,0,0,0,0,0,0,0,0,0,0,0,0,0,0,0,0,0,0,0,0,0,0,0,0,0,0,0,0,0,0,0,0,0,0,0,0,0,0,0,0,0,0,0,0,0,0,0,0,0,0,0,0,0,0,0,0,0,0,0,0,0,0,0,0,0,0,0,0,0,0,0,0,0,0,0,0,0,0,0,0,0,0,0,0,0,0,0,0,0,0,0,0,0,0,0,0,0,0,0,0,0,0,0,0,0,0,0,0,0,0,0,0,0,0,0,0,0,0,0,0,0,0,0,0,0,0,0,0,0,0,0,0,0,0,0,0,0,0,0,0,0,0,0,0,0,0,0,0,0,0,0,0,0,0,0,0,0,0,0,0,0,0,0,0,0,0,0,0,0,0,0,0,0,0,0,0,0,0,0,0,0,0,0,0,0,0,0,0,0,0,0,0,0,0,0,0,0,0,0,0,0,0,0,0,0,0,0,0,0,0,0,0,0,0,0,0,0,0,0,0,0,0,0,0,0,0,0,0,0,0,0,0,0,0,0,0,0,0,0,0,0,0,0,0,0,0,0,0,0,0,0,0,0,0,0,0,0,0,0,0,0,0,0,0,0,0,0,0,0,0,0,0,0,0,0,0,0,0,0,0,0,0,0,0,0,0,0,0,0,0,0,0,0,0,0,0,0,0,0,0,0,0,0,0
0.0355062466467387,0.0221506859814517,0.0237794128918525,0.0280332643519583,0.0284164942132291,0.0384762780715873,0.0394151912317008,0.0461217138039396,0.0487085153675174,0.0525599754732889,0.0521959071050816,0.0512378324519046,0.0535180501264659,0.0534222426611482,0.0507779566183797,0.0459875833524948,0.041944508316088,0.0374607189392197,0.035161339771595,0.033206867479114,0.0287039166091822,0.0258680156357783,0.0239710278224879,0.0206752510155591,0.0164022380623898,0.0125507779566184,0.0139112439641297,0.0141028588947651,0.00946577757338852,0.00588257837050663,0.00419636698091515,0.00390894458496206,0.00191614930635395,0.000344906875143711,1.91614930635395e-05,0,0,0,0,0,0,0,0,0,0,0,0,0,0,0,0,0,0,0,0,0,0,0,0,0,0,0,0,0,0,0,0,0,0,0,0,0,0,0,0,0,0,0,0,0,0,0,0,0,0,0,0,0,0,0,0,0,0,0,0,0,0,0,0,0,0,0,0,0,0,0,0,0,0,0,0,0,0,0,0,0,0,0,0,0,0,0,0,0,0,0,0,0,0,0,0,0,0,0,0,0,0,0,0,0,0,0,0,0,0,0,0,0,0,0,0,0,0,0,0,0,0,0,0,0,0,0,0,0,0,0,0,0,0,0,0,0,0,0,0,0,0,0,0,0,0,0,0,0,0,0,0,0,0,0,0,0,0,0,0,0,0,0,0,0,0,0,0,0,0,0,0,0,0,0,0,0,0,0,0,0,0,0,0,0,0,0,0,0,0,0,0,0,0,0,0,0,0,0,0,0,0,0,0,0,0,0,0,0,0,0,0,0,0,0,0,0,0,0,0,0,0,0,0,0,0,0,0,0,0,0,0,0,0,0,0,0,0,0,0,0,0,0,0,0,0,0,0,0,0,0,0,0,0,0,0,0,0,0,0,0,0,0,0,0,0,0,0,0,0,0,0,0,0,0,0,0,0,0,0,0,0,0,0,0,0,0,0,0,0,0,0,0,0,0,0,0,0,0,0,0,0,0,0,0,0,0,0,0,0,0,0,0,0,0,0,0,0,0,0,0,0,0,0,0,0,0,0,0,0,0,0,0,0,0,0,0,0,0,0,0,0,0,0,0,0,0,0,0,0,0,0,0,0,0,0,0,0,0,0,0,0,0,0,0,0,0,0,0,0,0,0,0,0,0,0,0,0,0,0,0,0,0,0,0,0,0,0,0,0,0,0,0,0,0,0,0,0,0,0,0,0,0,0,0,0,0,0,0,0,0,0,0,0,0,0,0,0,0,0,0,0,0,0,0,0,0,0,0,0,0,0,0,0,0,0,0,0,0,0,0,0,0,0,0,0,0,0,0,0,0,0,0,0,0,0,0,0,0,0,0,0,0,0,0,0,0,0,0,0,0,0,0,0,0,0,0,0,0,0,0,0,0,0,0,0,0,0,0,0,0,0,0,0,0,0,0,0,0,0,0,0,0,0,0,0,0,0,0,0,0,0,0,0,0,0,0,0,0,0,0,0,0,0
0.0333314243170494,0.0254424145237959,0.0275327873546761,0.0317994387492125,0.0353358914151538,0.0433823950518298,0.0513716281999885,0.0505268884943589,0.05071301758204,0.0500400893419621,0.0501546303189966,0.0497966897657637,0.0504123475173243,0.0474199644922971,0.0473626940037799,0.038915296947483,0.0390155203023882,0.0375551228451979,0.0352070328159899,0.0330593894965924,0.0258433079434168,0.0230227363839414,0.0245404043296489,0.0219918675906305,0.0203023881793712,0.0157207490979898,0.0134872000458164,0.0103659584216253,0.00808945650306397,0.0048679915239677,0.0023910428955959,0.000758833972853788,0.000200446709810435,4.29528663879503e-05,0,0,0,0,0,0,0,0,0,0,0,0,0,0,0,0,0,0,0,0,0,0,0,0,0,0,0,0,0,0,0,0,0,0,0,0,0,0,0,0,0,0,0,0,0,0,0,0,0,0,0,0,0,0,0,0,0,0,0,0,0,0,0,0,0,0,0,0,0,0,0,0,0,0,0,0,0,0,0,0,0,0,0,0,0,0,0,0,0,0,0,0,0,0,0,0,0,0,0,0,0,0,0,0,0,0,0,0,0,0,0,0,0,0,0,0,0,0,0,0,0,0,0,0,0,0,0,0,0,0,0,0,0,0,0,0,0,0,0,0,0,0,0,0,0,0,0,0,0,0,0,0,0,0,0,0,0,0,0,0,0,0,0,0,0,0,0,0,0,0,0,0,0,0,0,0,0,0,0,0,0,0,0,0,0,0,0,0,0,0,0,0,0,0,0,0,0,0,0,0,0,0,0,0,0,0,0,0,0,0,0,0,0,0,0,0,0,0,0,0,0,0,0,0,0,0,0,0,0,0,0,0,0,0,0,0,0,0,0,0,0,0,0,0,0,0,0,0,0,0,0,0,0,0,0,0,0,0,0,0,0,0,0,0,0,0,0,0,0,0,0,0,0,0,0,0,0,0,0,0,0,0,0,0,0,0,0,0,0,0,0,0,0,0,0,0,0,0,0,0,0,0,0,0,0,0,0,0,0,0,0,0,0,0,0,0,0,0,0,0,0,0,0,0,0,0,0,0,0,0,0,0,0,0,0,0,0,0,0,0,0,0,0,0,0,0,0,0,0,0,0,0,0,0,0,0,0,0,0,0,0,0,0,0,0,0,0,0,0,0,0,0,0,0,0,0,0,0,0,0,0,0,0,0,0,0,0,0,0,0,0,0,0,0,0,0,0,0,0,0,0,0,0,0,0,0,0,0,0,0,0,0,0,0,0,0,0,0,0,0,0,0,0,0,0,0,0,0,0,0,0,0,0,0,0,0,0,0,0,0,0,0,0,0,0,0,0,0,0,0,0,0,0,0,0,0,0,0,0,0,0,0,0,0,0,0,0,0,0,0,0,0,0,0,0,0,0,0,0,0,0,0,0,0,0,0,0,0,0,0,0,0,0,0,0,0,0,0,0,0,0,0,0,0,0,0,0,0,0,0,0,0,0,0,0,0,0,0,0,0,0,0,0,0,0
0.042165838346848,0.0231232016740779,0.0243002877321475,0.0276746010986137,0.0330891969657337,0.0432906094690034,0.0434213968087889,0.0497776615223646,0.0494376144389223,0.0518441014909757,0.0503269683494638,0.0546952654982998,0.0522103060423751,0.0503531258174209,0.051922573894847,0.0465602929636411,0.0407794925451216,0.0338477635364897,0.0297148835992676,0.0295317813235679,0.0252942715145174,0.0214752811927805,0.0204551399424536,0.0185718022495422,0.0160083703897463,0.016976196704159,0.0157467957101753,0.0142558200366205,0.0100967826314413,0.00695788647658907,0.00353125817420874,0.00159560554538321,0.000732409102798849,0.000235417211613916,0,0,0,0,0,0,0,0,0,0,0,0,0,0,0,0,0,0,0,0,0,0,0,0,0,0,0,0,0,0,0,0,0,0,0,0,0,0,0,0,0,0,0,0,0,0,0,0,0,0,0,0,0,0,0,0,0,0,0,0,0,0,0,0,0,0,0,0,0,0,0,0,0,0,0,0,0,0,0,0,0,0,0,0,0,0,0,0,0,0,0,0,0,0,0,0,0,0,0,0,0,0,0,0,0,0,0,0,0,0,0,0,0,0,0,0,0,0,0,0,0,0,0,0,0,0,0,0,0,0,0,0,0,0,0,0,0,0,0,0,0,0,0,0,0,0,0,0,0,0,0,0,0,0,0,0,0,0,0,0,0,0,0,0,0,0,0,0,0,0,0,0,0,0,0,0,0,0,0,0,0,0,0,0,0,0,0,0,0,0,0,0,0,0,0,0,0,0,0,0,0,0,0,0,0,0,0,0,0,0,0,0,0,0,0,0,0,0,0,0,0,0,0,0,0,0,0,0,0,0,0,0,0,0,0,0,0,0,0,0,0,0,0,0,0,0,0,0,0,0,0,0,0,0,0,0,0,0,0,0,0,0,0,0,0,0,0,0,0,0,0,0,0,0,0,0,0,0,0,0,0,0,0,0,0,0,0,0,0,0,0,0,0,0,0,0,0,0,0,0,0,0,0,0,0,0,0,0,0,0,0,0,0,0,0,0,0,0,0,0,0,0,0,0,0,0,0,0,0,0,0,0,0,0,0,0,0,0,0,0,0,0,0,0,0,0,0,0,0,0,0,0,0,0,0,0,0,0,0,0,0,0,0,0,0,0,0,0,0,0,0,0,0,0,0,0,0,0,0,0,0,0,0,0,0,0,0,0,0,0,0,0,0,0,0,0,0,0,0,0,0,0,0,0,0,0,0,0,0,0,0,0,0,0,0,0,0,0,0,0,0,0,0,0,0,0,0,0,0,0,0,0,0,0,0,0,0,0,0,0,0,0,0,0,0,0,0,0,0,0,0,0,0,0,0,0,0,0,0,0,0,0,0,0,0,0,0,0,0,0,0,0,0,0,0,0,0,0,0,0,0,0,0,0,0,0,0,0,0,0,0,0,0,0,0,0,0,0,0,0,0,0,0,0,0,0,0,0,0,0,0,0,0,0,0,0,0,0,0,0,0,0,0,0,0
0.0555845662895271,0.0278503046127067,0.0277342616768204,0.0332463011314186,0.0407890919640267,0.0426457789382071,0.0438062082970699,0.0458369596750798,0.0468233246301131,0.0530896431679721,0.0476356251813171,0.0478677110530896,0.0486800116042936,0.0550043516100957,0.0536118363794604,0.0414853495793444,0.0423556715984914,0.0416013925152306,0.0318537859007833,0.0341166231505657,0.0298810559907166,0.0211198143313026,0.0194952132288947,0.0178706121264868,0.014621409921671,0.013344937626922,0.00916739193501596,0.0055120394545982,0.00220481578183928,0.00185668697418045,0.000928343487090223,0.000986364955033362,0.000928343487090223,0.000290107339715695,0.000174064403829417,0,0,0,0,0,0,0,0,0,0,0,0,0,0,0,0,0,0,0,0,0,0,0,0,0,0,0,0,0,0,0,0,0,0,0,0,0,0,0,0,0,0,0,0,0,0,0,0,0,0,0,0,0,0,0,0,0,0,0,0,0,0,0,0,0,0,0,0,0,0,0,0,0,0,0,0,0,0,0,0,0,0,0,0,0,0,0,0,0,0,0,0,0,0,0,0,0,0,0,0,0,0,0,0,0,0,0,0,0,0,0,0,0,0,0,0,0,0,0,0,0,0,0,0,0,0,0,0,0,0,0,0,0,0,0,0,0,0,0,0,0,0,0,0,0,0,0,0,0,0,0,0,0,0,0,0,0,0,0,0,0,0,0,0,0,0,0,0,0,0,0,0,0,0,0,0,0,0,0,0,0,0,0,0,0,0,0,0,0,0,0,0,0,0,0,0,0,0,0,0,0,0,0,0,0,0,0,0,0,0,0,0,0,0,0,0,0,0,0,0,0,0,0,0,0,0,0,0,0,0,0,0,0,0,0,0,0,0,0,0,0,0,0,0,0,0,0,0,0,0,0,0,0,0,0,0,0,0,0,0,0,0,0,0,0,0,0,0,0,0,0,0,0,0,0,0,0,0,0,0,0,0,0,0,0,0,0,0,0,0,0,0,0,0,0,0,0,0,0,0,0,0,0,0,0,0,0,0,0,0,0,0,0,0,0,0,0,0,0,0,0,0,0,0,0,0,0,0,0,0,0,0,0,0,0,0,0,0,0,0,0,0,0,0,0,0,0,0,0,0,0,0,0,0,0,0,0,0,0,0,0,0,0,0,0,0,0,0,0,0,0,0,0,0,0,0,0,0,0,0,0,0,0,0,0,0,0,0,0,0,0,0,0,0,0,0,0,0,0,0,0,0,0,0,0,0,0,0,0,0,0,0,0,0,0,0,0,0,0,0,0,0,0,0,0,0,0,0,0,0,0,0,0,0,0,0,0,0,0,0,0,0,0,0,0,0,0,0,0,0,0,0,0,0,0,0,0,0,0,0,0,0,0,0,0,0,0,0,0,0,0,0,0,0,0,0,0,0,0,0,0,0,0,0,0,0,0,0,0,0,0,0,0,0,0,0,0,0,0,0,0,0,0,0,0,0,0,0,0,0,0,0,0,0,0,0,0,0,0,0,0,0,0,0
0.084326684763366,0.0132774696093473,0.013454502537472,0.0172902159801723,0.0259648294582792,0.0293284550926472,0.0242535111530745,0.0190605452614186,0.0329281246311814,0.039832408828042,0.0339313112238876,0.0351115307447185,0.0398914198040836,0.0420748259176207,0.0346984539124277,0.036468783193674,0.0406585624926236,0.0380030685707542,0.0395373539478343,0.0323970258468075,0.0286203233801487,0.0434910893426177,0.0369408710020064,0.0266139501947362,0.0254927416499469,0.0251976867697392,0.0202407647822495,0.0192375781895433,0.0128643927770565,0.0130414257051812,0.0125103269208073,0.012156261064558,0.00908769031039773,0.00672725126873598,0.0089106573822731,0.00731736102915142,0.00666824029269444,0.00348164758645108,0.00365868051457571,0.00236043904166175,0.00129824147291396,0.000531098784373894,0.000354065856249262,0.000236043904166175,0.000354065856249262,0.000118021952083087,0,0,0,0,0,0,0,0,0,0,0,0,0,0,0,0,0,0,0,0,0,0,0,0,0,0,0,0,0,0,0,0,0,0,0,0,0,0,0,0,0,0,0,0,0,0,0,0,0,0,0,0,0,0,0,0,0,0,0,0,0,0,0,0,0,0,0,0,0,0,0,0,0,0,0,0,0,0,0,0,0,0,0,0,0,0,0,0,0,0,0,0,0,0,0,0,0,0,0,0,0,0,0,0,0,0,0,0,0,0,0,0,0,0,0,0,0,0,0,0,0,0,0,0,0,0,0,0,0,0,0,0,0,0,0,0,0,0,0,0,0,0,0,0,0,0,0,0,0,0,0,0,0,0,0,0,0,0,0,0,0,0,0,0,0,0,0,0,0,0,0,0,0,0,0,0,0,0,0,0,0,0,0,0,0,0,0,0,0,0,0,0,0,0,0,0,0,0,0,0,0,0,0,0,0,0,0,0,0,0,0,0,0,0,0,0,0,0,0,0,0,0,0,0,0,0,0,0,0,0,0,0,0,0,0,0,0,0,0,0,0,0,0,0,0,0,0,0,0,0,0,0,0,0,0,0,0,0,0,0,0,0,0,0,0,0,0,0,0,0,0,0,0,0,0,0,0,0,0,0,0,0,0,0,0,0,0,0,0,0,0,0,0,0,0,0,0,0,0,0,0,0,0,0,0,0,0,0,0,0,0,0,0,0,0,0,0,0,0,0,0,0,0,0,0,0,0,0,0,0,0,0,0,0,0,0,0,0,0,0,0,0,0,0,0,0,0,0,0,0,0,0,0,0,0,0,0,0,0,0,0,0,0,0,0,0,0,0,0,0,0,0,0,0,0,0,0,0,0,0,0,0,0,0,0,0,0,0,0,0,0,0,0,0,0,0,0,0,0,0,0,0,0,0,0,0,0,0,0,0,0,0,0,0,0,0,0,0,0,0,0,0,0,0,0,0,0,0,0,0,0,0,0,0,0,0,0,0,0,0,0,0,0,0,0,0,0,0,0,0,0,0,0,0,0,0,0,0,0,0,0,0,0,0,0,0,0,0,0,0,0,0,0,0,0,0,0,0,0,0,0,0,0,0,0,0,0,0,0,0,0,0,0,0,0,0,0,0,0,0,0,0,0,0,0,0,0,0,0,0,0,0,0
0.0638125,0.0151875,0.016125,0.013,0.018875,0.0249375,0.0254375,0.027875,0.033875,0.0406875,0.0371875,0.045875,0.040875,0.046,0.0463125,0.0338125,0.036,0.040125,0.038375,0.0355,0.0318125,0.0303125,0.03075,0.031375,0.028875,0.030375,0.0234375,0.02575,0.0171875,0.0165625,0.0140625,0.009125,0.0068125,0.008875,0.005125,0.00425,0.002625,0.000875,0.00125,0.0003125,0.000125,0.00025,0,0,0,0,0,0,0,0,0,0,0,0,0,0,0,0,0,0,0,0,0,0,0,0,0,0,0,0,0,0,0,0,0,0,0,0,0,0,0,0,0,0,0,0,0,0,0,0,0,0,0,0,0,0,0,0,0,0,0,0,0,0,0,0,0,0,0,0,0,0,0,0,0,0,0,0,0,0,0,0,0,0,0,0,0,0,0,0,0,0,0,0,0,0,0,0,0,0,0,0,0,0,0,0,0,0,0,0,0,0,0,0,0,0,0,0,0,0,0,0,0,0,0,0,0,0,0,0,0,0,0,0,0,0,0,0,0,0,0,0,0,0,0,0,0,0,0,0,0,0,0,0,0,0,0,0,0,0,0,0,0,0,0,0,0,0,0,0,0,0,0,0,0,0,0,0,0,0,0,0,0,0,0,0,0,0,0,0,0,0,0,0,0,0,0,0,0,0,0,0,0,0,0,0,0,0,0,0,0,0,0,0,0,0,0,0,0,0,0,0,0,0,0,0,0,0,0,0,0,0,0,0,0,0,0,0,0,0,0,0,0,0,0,0,0,0,0,0,0,0,0,0,0,0,0,0,0,0,0,0,0,0,0,0,0,0,0,0,0,0,0,0,0,0,0,0,0,0,0,0,0,0,0,0,0,0,0,0,0,0,0,0,0,0,0,0,0,0,0,0,0,0,0,0,0,0,0,0,0,0,0,0,0,0,0,0,0,0,0,0,0,0,0,0,0,0,0,0,0,0,0,0,0,0,0,0,0,0,0,0,0,0,0,0,0,0,0,0,0,0,0,0,0,0,0,0,0,0,0,0,0,0,0,0,0,0,0,0,0,0,0,0,0,0,0,0,0,0,0,0,0,0,0,0,0,0,0,0,0,0,0,0,0,0,0,0,0,0,0,0,0,0,0,0,0,0,0,0,0,0,0,0,0,0,0,0,0,0,0,0,0,0,0,0,0,0,0,0,0,0,0,0,0,0,0,0,0,0,0,0,0,0,0,0,0,0,0,0,0,0,0,0,0,0,0,0,0,0,0,0,0,0,0,0,0,0,0,0,0,0,0,0,0,0,0,0,0,0,0,0,0,0,0,0,0,0,0,0,0,0,0,0,0,0,0,0,0,0,0,0,0,0,0,0,0,0,0,0,0,0,0,0,0,0,0,0,0
0.0720095693779904,0.0118421052631579,0.0135167464114833,0.0129186602870813,0.0227272727272727,0.0248205741626794,0.0253588516746411,0.0220095693779904,0.0273325358851675,0.0397727272727273,0.0407296650717703,0.0334928229665072,0.0397129186602871,0.0343301435406699,0.0365430622009569,0.0389952153110048,0.0302033492822967,0.0324162679425837,0.0368421052631579,0.0325358851674641,0.0287679425837321,0.0286483253588517,0.0372607655502392,0.0376794258373206,0.0331937799043062,0.030622009569378,0.0258971291866029,0.0255382775119617,0.0202153110047847,0.0178827751196172,0.0162081339712919,0.01561004784689,0.0124401913875598,0.0141746411483254,0.00370813397129187,0.00514354066985646,0.0069377990430622,0.00376794258373206,0.00442583732057416,0.00113636363636364,0.000358851674641148,0.00131578947368421,0.000478468899521531,0.000478468899521531,0,0,0,0,0,0,0,0,0,0,0,0,0,0,0,0,0,0,0,0,0,0,0,0,0,0,0,0,0,0,0,0,0,0,0,0,0,0,0,0,0,0,0,0,0,0,0,0,0,0,0,0,0,0,0,0,0,0,0,0,0,0,0,0,0,0,0,0,0,0,0,0,0,0,0,0,0,0,0,0,0,0,0,0,0,0,0,0,0,0,0,0,0,0,0,0,0,0,0,0,0,0,0,0,0,0,0,0,0,0,0,0,0,0,0,0,0,0,0,0,0,0,0,0,0,0,0,0,0,0,0,0,0,0,0,0,0,0,0,0,0,0,0,0,0,0,0,0,0,0,0,0,0,0,0,0,0,0,0,0,0,0,0,0,0,0,0,0,0,0,0,0,0,0,0,0,0,0,0,0,0,0,0,0,0,0,0,0,0,0,0,0,0,0,0,0,0,0,0,0,0,0,0,0,0,0,0,0,0,0,0,0,0,0,0,0,0,0,0,0,0,0,0,0,0,0,0,0,0,0,0,0,0,0,0,0,0,0,0,0,0,0,0,0,0,0,0,0,0,0,0,0,0,0,0,0,0,0,0,0,0,0,0,0,0,0,0,0,0,0,0,0,0,0,0,0,0,0,0,0,0,0,0,0,0,0,0,0,0,0,0,0,0,0,0,0,0,0,0,0,0,0,0,0,0,0,0,0,0,0,0,0,0,0,0,0,0,0,0,0,0,0,0,0,0,0,0,0,0,0,0,0,0,0,0,0,0,0,0,0,0,0,0,0,0,0,0,0,0,0,0,0,0,0,0,0,0,0,0,0,0,0,0,0,0,0,0,0,0,0,0,0,0,0,0,0,0,0,0,0,0,0,0,0,0,0,0,0,0,0,0,0,0,0,0,0,0,0,0,0,0,0,0,0,0,0,0,0,0,0,0,0,0,0,0,0,0,0,0,0,0,0,0,0,0,0,0,0,0,0,0,0,0,0,0,0,0,0,0,0,0,0,0,0,0,0,0,0,0,0,0,0,0,0,0,0,0,0,0,0,0,0,0,0,0,0,0,0,0,0,0,0,0,0,0,0,0,0,0,0,0,0,0,0,0,0,0,0,0,0,0,0,0,0,0,0,0,0,0,0,0,0,0,0,0,0,0,0,0,0,0,0,0,0,0
0.0636663795578524,0.0116637955785243,0.0101564743037611,0.0118432385874246,0.0190209589434396,0.0188774045363193,0.0185902957220787,0.0210307206431237,0.0200617283950617,0.0241530289979902,0.0264140109101349,0.0233634797588286,0.028351995406259,0.0257680160780936,0.0325150732127476,0.0335558426643698,0.0440353143841516,0.0401234567901235,0.0363551536032156,0.0333763996554694,0.0353861613551536,0.0317973011771461,0.0281366637955785,0.0324432960091875,0.0342736146999713,0.0310436405397646,0.0229328165374677,0.026449899511915,0.0233634797588286,0.0199899511915016,0.0210666092449038,0.0186620729256388,0.0145348837209302,0.0146066609244904,0.0108742463393626,0.0141759977031295,0.0097616996841803,0.00785960378983635,0.0052397358598909,0.00746482917025553,0.00656761412575366,0.00635228251507321,0.0049526270456503,0.00567039908125179,0.00678294573643411,0.00369652598334769,0.00175854148722366,0.00312230835486649,0.00276342233706575,0.00125610106230261,0.00233275911570485,0.000789549239161642,0.000574217628481194,0.000107665805340224,0,0.000143554407120299,7.17772035601493e-05,0,7.17772035601493e-05,0,0,0,0,0,0,0,0,0,0,0,0,0,0,0,0,0,0,0,0,0,0,0,0,0,0,0,0,0,0,0,0,0,0,0,0,0,0,0,0,0,0,0,0,0,0,0,0,0,0,0,0,0,0,0,0,0,0,0,0,0,0,0,0,0,0,0,0,0,0,0,0,0,0,0,0,0,0,0,0,0,0,0,0,0,0,0,0,0,0,0,0,0,0,0,0,0,0,0,0,0,0,0,0,0,0,0,0,0,0,0,0,0,0,0,0,0,0,0,0,0,0,0,0,0,0,0,0,0,0,0,0,0,0,0,0,0,0,0,0,0,0,0,0,0,0,0,0,0,0,0,0,0,0,0,0,0,0,0,0,0,0,0,0,0,0,0,0,0,0,0,0,0,0,0,0,0,0,0,0,0,0,0,0,0,0,0,0,0,0,0,0,0,0,0,0,0,0,0,0,0,0,0,0,0,0,0,0,0,0,0,0,0,0,0,0,0,0,0,0,0,0,0,0,0,0,0,0,0,0,0,0,0,0,0,0,0,0,0,0,0,0,0,0,0,0,0,0,0,0,0,0,0,0,0,0,0,0,0,0,0,0,0,0,0,0,0,0,0,0,0,0,0,0,0,0,0,0,0,0,0,0,0,0,0,0,0,0,0,0,0,0,0,0,0,0,0,0,0,0,0,0,0,0,0,0,0,0,0,0,0,0,0,0,0,0,0,0,0,0,0,0,0,0,0,0,0,0,0,0,0,0,0,0,0,0,0,0,0,0,0,0,0,0,0,0,0,0,0,0,0,0,0,0,0,0,0,0,0,0,0,0,0,0,0,0,0,0,0,0,0,0,0,0,0,0,0,0,0,0,0,0,0,0,0,0,0,0,0,0,0,0,0,0,0,0,0,0,0,0,0,0,0,0,0,0,0,0,0,0,0,0,0,0,0,0,0,0,0,0,0,0,0,0,0,0,0,0,0,0,0,0,0,0,0,0,0,0,0,0,0,0,0,0,0,0,0,0,0,0,0,0,0,0,0,0,0,0,0,0,0,0,0,0,0,0,0,0,0,0,0,0,0,0,0,0,0,0,0,0,0,0,0,0,0,0,0,0,0,0,0,0,0,0,0,0,0,0,0,0
0.0840711805555556,0.0107638888888889,0.00481770833333333,0.00616319444444444,0.00811631944444445,0.00716145833333333,0.0128038194444444,0.0119791666666667,0.0102430555555556,0.0142795138888889,0.0217881944444444,0.0168402777777778,0.0148871527777778,0.0162326388888889,0.0143663194444444,0.0194010416666667,0.0194010416666667,0.0132378472222222,0.0159722222222222,0.0225260416666667,0.0234809027777778,0.0143229166666667,0.0220052083333333,0.0231336805555556,0.0197048611111111,0.0259114583333333,0.0203125,0.0178819444444444,0.0129340277777778,0.0157552083333333,0.0146267361111111,0.0156684027777778,0.0124131944444444,0.00850694444444444,0.00863715277777778,0.0161892361111111,0.0122829861111111,0.0100260416666667,0.00950520833333333,0.00720486111111111,0.0123697916666667,0.00677083333333333,0.00655381944444444,0.00855034722222222,0.00611979166666667,0.00555555555555556,0.00889756944444444,0.00677083333333333,0.00486111111111111,0.00342881944444444,0.00386284722222222,0.00338541666666667,0.00295138888888889,0.00407986111111111,0.00286458333333333,0.00421006944444444,0.00690104166666667,0.00490451388888889,0.00390625,0.00264756944444444,0.00234375,0.00360243055555556,0.00238715277777778,0.00138888888888889,0.00407986111111111,0.00264756944444444,0.00325520833333333,0.00256076388888889,0.00208333333333333,0.00247395833333333,0.00151909722222222,0.00173611111111111,0.00256076388888889,0.000651041666666667,0.000954861111111111,0.000868055555555556,0.000651041666666667,0.00112847222222222,0.00104166666666667,0.00160590277777778,0.00160590277777778,0.000477430555555556,0.000651041666666667,0.00121527777777778,0.00112847222222222,0.000737847222222222,0.001171875,0.001171875,0.000434027777777778,0.000390625,0.000954861111111111,0.000520833333333333,0.000868055555555556,0.000607638888888889,0.000347222222222222,0.000260416666666667,0.000347222222222222,0.000651041666666667,0.000520833333333333,0.000998263888888889,0.000651041666666667,0.00078125,0.000434027777777778,0.000520833333333333,0.000520833333333333,0.000390625,0.00134548611111111,0.000694444444444444,0.000737847222222222,0.00108506944444444,0.000998263888888889,0.000520833333333333,0.000303819444444444,0.000434027777777778,0.000303819444444444,0.000347222222222222,0.000911458333333333,0.001953125,0.000347222222222222,0.00108506944444444,0.000520833333333333,0.000651041666666667,0.000564236111111111,0.000477430555555556,0.000260416666666667,0.00169270833333333,0.00134548611111111,0.00147569444444444,0.000954861111111111,0.00112847222222222,0.000564236111111111,0.000390625,0.000434027777777778,0.000651041666666667,0.000303819444444444,0.000130208333333333,0.000607638888888889,0.000390625,0.000390625,0.000651041666666667,0.000824652777777778,0.000954861111111111,0.000694444444444444,0.000824652777777778,0.00108506944444444,0.000347222222222222,0.000434027777777778,0.000911458333333333,0.000173611111111111,0.00125868055555556,0.000303819444444444,0.000303819444444444,0.000477430555555556,0.000303819444444444,0.000954861111111111,0.000824652777777778,0.000347222222222222,0.000390625,0.000347222222222222,0.000347222222222222,0.00078125,0.00078125,0.000607638888888889,0.000347222222222222,0.000260416666666667,0.000217013888888889,0.00108506944444444,0.000390625,0.000173611111111111,0.000303819444444444,8.68055555555556e-05,0.000260416666666667,0.000130208333333333,0.000868055555555556,0.000651041666666667,0.000477430555555556,0.000694444444444444,0.000390625,0.000651041666666667,0.000347222222222222,0.000347222222222222,0.000390625,0.000303819444444444,0.000868055555555556,0.000303819444444444,0.000173611111111111,0.000303819444444444,0.000173611111111111,0.000390625,0.000303819444444444,0.000564236111111111,0.000260416666666667,0.000217013888888889,0.000217013888888889,8.68055555555556e-05,0.000173611111111111,0.000130208333333333,0.000260416666666667,0.000130208333333333,0.000434027777777778,0.000824652777777778,0.000260416666666667,0.000477430555555556,0.000303819444444444,0.00112847222222222,0.000217013888888889,0.00078125,4.34027777777778e-05,0.000173611111111111,0.000477430555555556,0.000607638888888889,0.000260416666666667,0.00078125,0.000520833333333333,0.000564236111111111,8.68055555555556e-05,0.000477430555555556,0.000477430555555556,0.000520833333333333,0.000694444444444444,0.000347222222222222,0.000217013888888889,0.000954861111111111,0.000217013888888889,0.000564236111111111,0.00151909722222222,0.000607638888888889,0.000564236111111111,0.000434027777777778,0.001171875,0.000868055555555556,0.000737847222222222,0.00121527777777778,0.000694444444444444,0.000737847222222222,0.00104166666666667,0.000954861111111111,0.001171875,0.000651041666666667,0.000520833333333333,0.000130208333333333,0.000347222222222222,0.000651041666666667,0.000564236111111111,0.000564236111111111,0.000217013888888889,0.000217013888888889,0.000303819444444444,0.000434027777777778,0.000434027777777778,0.000303819444444444,0.000347222222222222,0.001171875,0.000868055555555556,0.000390625,0.000434027777777778,0.000347222222222222,0.000911458333333333,0.000651041666666667,0.000434027777777778,0.000737847222222222,0.000911458333333333,0.000520833333333333,0.000477430555555556,0.000173611111111111,0.000911458333333333,0.000868055555555556,0.00108506944444444,0.000954861111111111,0.00112847222222222,0.000868055555555556,0.00112847222222222,0.000130208333333333,0.000303819444444444,0.00078125,0.000651041666666667,0.000390625,0.000824652777777778,0.000477430555555556,0.000651041666666667,0.000911458333333333,0.000564236111111111,0.00078125,0.000737847222222222,0.000347222222222222,0.000477430555555556,0.000868055555555556,0.000390625,0.000347222222222222,0.000434027777777778,0.000564236111111111,0.00078125,0.000390625,0.000564236111111111,0.000347222222222222,0.000694444444444444,0.00143229166666667,0.00104166666666667,0.000651041666666667,0.000390625,0.000260416666666667,0.000347222222222222,0.000694444444444444,0.00138888888888889,0.000954861111111111,0.000737847222222222,0.000564236111111111,0.000217013888888889,0.00112847222222222,0.00108506944444444,0.00108506944444444,0.000694444444444444,0.000564236111111111,0.000217013888888889,0.000130208333333333,0.000303819444444444,0.000737847222222222,0.000564236111111111,0.000694444444444444,0.00138888888888889,0.000824652777777778,0.00121527777777778,0.00134548611111111,0.000868055555555556,0.000694444444444444,0.00143229166666667,0.000651041666666667,0.000911458333333333,0.000911458333333333,0.000651041666666667,0.000347222222222222,0.000824652777777778,0.000347222222222222,0.000651041666666667,0.000911458333333333,0.000868055555555556,0.00121527777777778,0.000651041666666667,0.001171875,0.00147569444444444,0.00078125,0.000564236111111111,0.000607638888888889,0.000694444444444444,0.000737847222222222,0.00121527777777778,0.000998263888888889,0.00125868055555556,0.000520833333333333,0.000737847222222222,0.000694444444444444,0.00121527777777778,0.0015625,0.00217013888888889,0.000347222222222222,0.000824652777777778,0.00160590277777778,0.000824652777777778,0.000260416666666667,0.00108506944444444,0.000434027777777778,0.00130208333333333,0.000520833333333333,0.000477430555555556,0.000477430555555556,0.000564236111111111,0.000217013888888889,0.000564236111111111,0.000520833333333333,0.000477430555555556,0.000607638888888889,0.000477430555555556,0.000303819444444444,0.000390625,0.000347222222222222,0.000303819444444444,0.000390625,0.000651041666666667,0.000390625,0.000390625,0.000434027777777778,0.000260416666666667,0.000607638888888889,0.000260416666666667,0.000130208333333333,0.000477430555555556,0.000520833333333333,0,8.68055555555556e-05,0.000130208333333333,4.34027777777778e-05,0.000173611111111111,0,0,0,0,0,0,0,0,0,0,0,0,0,0,0,0,0,0,0,0,0,0,0,0,0,0,0,0,0,0,0,0,0,0,0,0,0,0,0,0,0,0,0,0,0,0,0,0,0,0,0,0,0,0,0,0,0,0,0,0,0,0,0,0,0,0,0,0,0,0,0,0,0,0,0,0,0,0,0,0,0,0,0,0,0,0,0,0,0,0,0,0,0,0,0,0,0,0,0,0,0,0,0,0,0,0,0,0,0,0,0,0,0,0,0,0,0,0,0,0,0,0,0,0,0,0,0,0,0,0,0,0,0,0,0,0,0,0,0,0,0,0,0,0,0,0,0,0,0,0,0,0,0,0,0,0,0,0,0,0,0,0,0,0,0,0,0
0.0638464315802142,0.0149837525574678,0.0090865326754122,0.0082440726922614,0.0087856541100012,0.0136598868696594,0.0104103983632206,0.0106511012155494,0.0113732097725358,0.0161270911060296,0.0238897580936334,0.0194969310386328,0.014743049705139,0.0209411481526056,0.0289445179925382,0.0217234324226742,0.0181128896377422,0.0160669153929474,0.0111926826332892,0.01203514261644,0.0131784811650018,0.013238656878084,0.016548321097605,0.0146226982789746,0.0135997111565772,0.0140209411481526,0.0149235768443856,0.010831628354796,0.0132988325911662,0.0137802382958238,0.0179925382115778,0.0139607654350704,0.01203514261644,0.0111926826332892,0.013238656878084,0.0219039595619208,0.0200385124563726,0.0143218197135636,0.0110121554940426,0.0104103983632206,0.0102900469370562,0.011132506920207,0.0131183054519196,0.0110121554940426,0.0116139126248646,0.0110723312071248,0.0067998555782886,0.0079431941268504,0.00601757130822,0.0061980984474666,0.0055361656035624,0.0039715970634252,0.0071007341436996,0.004513178481165,0.0048742327596582,0.0048742327596582,0.0035503670718498,0.0049344084727404,0.0028884342279456,0.003911421350343,0.005716692742809,0.0030689613671922,0.004814057046576,0.0046937056204116,0.0059573955951378,0.0047538813334938,0.0047538813334938,0.0064388012997954,0.005716692742809,0.0089661812492478,0.0087856541100012,0.0103502226501384,0.0087856541100012,0.005415814177398,0.0047538813334938,0.0070405584306174,0.0050547598989048,0.00300878565411,0.002407028523288,0.0024672042363702,0.0037308942110964,0.0056565170297268,0.0036707184980142,0.002707907088699,0.0032494885064388,0.003309664219521,0.0017450956793838,0.0010229871223974,0.000601757130822,0.0016849199663016,0.0008424599831508,0.001203514261644,0.0009628114093152,0.0004212299915754,0.001203514261644,0.0046937056204116,0.0019857985317126,0.0008424599831508,0.000902635696233,0.000601757130822,0.0001805271392466,0.0003610542784932,0.0001203514261644,0.0004212299915754,0,0.0001805271392466,0.0001203514261644,0.0003610542784932,0.0008424599831508,0.0004212299915754,0.000300878565411,0.0003610542784932,0.0001805271392466,0.0003610542784932,0.000300878565411,0.000300878565411,6.01757130822e-05,6.01757130822e-05,0.0001805271392466,0.0002407028523288,0.0004212299915754,0.0001203514261644,0.0001203514261644,0.0001203514261644,0,0.0001805271392466,0.0001203514261644,0.0001203514261644,0.0001805271392466,0.0001203514261644,0.000601757130822,0.0001203514261644,6.01757130822e-05,0.0002407028523288,0.0001203514261644,0,6.01757130822e-05,0.0001805271392466,0,0,0.0001805271392466,0.0001805271392466,0.0001805271392466,0,6.01757130822e-05,0.0001203514261644,0.0002407028523288,0.0001203514261644,0.0001805271392466,6.01757130822e-05,0,0,6.01757130822e-05,0.0001203514261644,0,6.01757130822e-05,6.01757130822e-05,0.000300878565411,0.0001203514261644,6.01757130822e-05,0,0.0001203514261644,0,0,0,0,0.0001203514261644,0.0002407028523288,0.0001203514261644,0.0001203514261644,0.000300878565411,0.0002407028523288,0,0.0003610542784932,0.0001203514261644,0.0001805271392466,0,0,0.0001203514261644,6.01757130822e-05,0.0003610542784932,0.0001203514261644,0.0001805271392466,0.0001805271392466,0.0001203514261644,6.01757130822e-05,6.01757130822e-05,0.0001203514261644,0,0,0.0001805271392466,6.01757130822e-05,0,0.0002407028523288,0.0003610542784932,0,6.01757130822e-05,6.01757130822e-05,0.0001805271392466,0.0003610542784932,6.01757130822e-05,0,0.0001805271392466,0.0001805271392466,6.01757130822e-05,0,0.0001805271392466,6.01757130822e-05,0.0002407028523288,0.0001203514261644,0.0002407028523288,0.000300878565411,6.01757130822e-05,0.0001805271392466,0.0002407028523288,0.0001805271392466,0,0.000300878565411,0,0.000300878565411,0.0001203514261644,0.0001203514261644,0,0,6.01757130822e-05,0.0004212299915754,6.01757130822e-05,0,6.01757130822e-05,0,0,6.01757130822e-05,0,0,0,0,0,0,0,0,0,0,0,0,0,0,0.0001203514261644,0,0,0,0,0,0,0,0,0,6.01757130822e-05,6.01757130822e-05,0,0,0,6.01757130822e-05,6.01757130822e-05,6.01757130822e-05,0,0,0,6.01757130822e-05,0,0.0001203514261644,0.0001203514261644,0.0001203514261644,6.01757130822e-05,6.01757130822e-05,0,0.0002407028523288,0.0001805271392466,0.0001203514261644,0.0002407028523288,0,6.01757130822e-05,6.01757130822e-05,0.0001203514261644,0.0001203514261644,6.01757130822e-05,0.0001203514261644,0.0001805271392466,0.0003610542784932,0.0001203514261644,0.0004814057046576,0.0001203514261644,0,0.0003610542784932,0.0003610542784932,0.0001805271392466,0.0001805271392466,0.000300878565411,0.0004814057046576,0.0002407028523288,0.0006619328439042,0.0001203514261644,0.0001805271392466,0.0008424599831508,0.0006619328439042,0.0006619328439042,0.0002407028523288,0.000300878565411,0.0009628114093152,0.0006619328439042,0.0008424599831508,0.0007822842700686,0.0010229871223974,0.000902635696233,0.0004212299915754,0.0017450956793838,0.0005415814177398,0.0002407028523288,0.0005415814177398,0.000601757130822,0.000300878565411,0.0001805271392466,0.000601757130822,0.000300878565411,0.0002407028523288,0.0001203514261644,0.0003610542784932,0.0001805271392466,0.000300878565411,0,6.01757130822e-05,0.0001805271392466,0.0001805271392466,0.0005415814177398,0.0005415814177398,0.0002407028523288,0,6.01757130822e-05,0.000300878565411,0.0001805271392466,6.01757130822e-05,6.01757130822e-05,0.0001203514261644,6.01757130822e-05,0.000300878565411,6.01757130822e-05,0.0003610542784932,0,0.0001203514261644,0,0.0001805271392466,0.0006619328439042,0.0001805271392466,0.0001203514261644,0.0001203514261644,0.000300878565411,0.0005415814177398,0.0007221085569864,0.000300878565411,6.01757130822e-05,0.0003610542784932,0.0001203514261644,0,0,6.01757130822e-05,6.01757130822e-05,0.0001805271392466,0.0006619328439042,0.0003610542784932,0.0001203514261644,0.0007221085569864,0.0004814057046576,0.000902635696233,0.0007822842700686,0.0007822842700686,0.0005415814177398,0.000601757130822,0.0005415814177398,0.0010831628354796,0.000300878565411,0.0004212299915754,0.0012636899747262,0.0001805271392466,0.0008424599831508,0.0003610542784932,6.01757130822e-05,6.01757130822e-05,0.0004212299915754,0.0007822842700686,0.0006619328439042,0.0004814057046576,0.0004814057046576,6.01757130822e-05,0.0001203514261644,0.0004212299915754,0.0001805271392466,0,0.0001805271392466,0.000601757130822,0.0001805271392466,6.01757130822e-05,0,0.0003610542784932,0.0001805271392466,0.0001203514261644,0,0.0001203514261644,0.0001203514261644,0.001203514261644,0.0007221085569864,0,0,0.0001203514261644,0,0,0,0,0,0,0,0,0,0,0,0,0,0,0,0,0,0,0,0,0,0,0,0,0,0,0,0,0,0,0,0,0,0,0,0,0,0,0,0,0,0,0,0,0,0,0,0,0,0,0,0,0,0,0,0,0,0,0,0,0,0,0,0,0,0,0,0,0,0,0,0,0,0,0,0,0,0,0,0,0,0,0,0,0,0,0,0,0,0,0,0,0,0,0,0,0,0,0,0,0,0,0,0,0,0,0,0,0,0,0,0,0,0,0,0,0,0,0,0,0,0,0,0,0,0,0,0,0,0,0,0,0,0,0,0,0,0,0,0,0,0,0,0,0,0,0
0.0696465696465697,0.0184222684222684,0.016978516978517,0.0185955185955186,0.0135135135135135,0.0164587664587665,0.0202125202125202,0.0158235158235158,0.0184222684222684,0.0241972741972742,0.0247747747747748,0.0239085239085239,0.0252945252945253,0.0344767844767845,0.0335527835527836,0.0206745206745207,0.0198082698082698,0.018018018018018,0.0188842688842689,0.0211365211365211,0.0225225225225225,0.025005775005775,0.0195195195195195,0.0157080157080157,0.0182490182490182,0.0188265188265188,0.0267382767382767,0.0208477708477708,0.0250635250635251,0.0211942711942712,0.0241972741972742,0.0211365211365211,0.0195195195195195,0.0237352737352737,0.0223492723492724,0.0206745206745207,0.018018018018018,0.0170940170940171,0.0160545160545161,0.0177870177870178,0.0147840147840148,0.00993300993300993,0.00854700854700855,0.0107415107415107,0.0114345114345114,0.0109147609147609,0.00589050589050589,0.00375375375375375,0.00485100485100485,0.0036960036960037,0.00456225456225456,0.00358050358050358,0.0036960036960037,0.00231000231000231,0.00329175329175329,0.00329175329175329,0.00196350196350196,0.00173250173250173,0.000924000924000924,0.000693000693000693,0.000404250404250404,0.000750750750750751,0.000635250635250635,0.000288750288750289,0,0,0,0.000115500115500115,0,0,0,0.000115500115500115,5.77500577500577e-05,0,0,0,0,0,0,0,0,0,0,0,0,0,0,0,0,0,0,0,0,0,0,0,0,0,0,0,0,0,0,0,0,0,0,0,0,0,0,0,0,0,0,0,0,0,0,0,0,0,0,0,0,0,0,0,0,0,0,0,0,0,0,0,0,0,0,0,0,0,0,0,0,0,0,0,0,0,0,0,0,0,0,0,0,0,0,0,0,0,0,0,0,0,0,0,0,0,0,0,0,0,0,0,0,0,0,0,0,0,0,0,0,0,0,0,0,0,0,0,0,0,0,0,0,0,0,0,0,0,0,0,0,0,0,0,0,0,0,0,0,0,0,0,0,0,0,0,0,0,0,0,0,0,0,0,0,0,0,0,0,0,0,0,0,0,0,0,0,0,0,0,0,0,0,0,0,0,0,0,0,0,0,0,0,0,0,0,0,0,0,0,0,0,0,0,0,0,0,0,0,0,0,0,0,0,0,0,0,0,0,0,0,0,0,0,0,0,0,0,0,0,0,0,0,0,0,0,0,0,0,0,0,0,0,0,0,0,0,0,0,0,0,0,0,0,0,0,0,0,0,0,0,0,0,0,0,0,0,0,0,0,0,0,0,0,0,0,0,0,0,0,0,0,0,0,0,0,0,0,0,0,0,0,0,0,0,0,0,0,0,0,0,0,0,0,0,0,0,0,0,0,0,0,0,0,0,0,0,0,0,0,0,0,0,0,0,0,0,0,0,0,0,0,0,0,0,0,0,0,0,0,0,0,0,0,0,0,0,0,0,0,0,0,0,0,0,0,0,0,0,0,0,0,0,0,0,0,0,0,0,0,0,0,0,0,0,0,0,0,0,0,0,0,0,0,0,0,0,0,0,0,0,0,0,0,0,0,0,0,0,0,0,0,0,0,0,0,0,0,0,0,0,0,0,0,0,0,0,0,0,0,0,0,0,0,0,0,0,0,0,0,0,0,0,0,0,0,0,0,0,0,0,0,0,0,0,0,0,0,0,0,0,0,0,0,0,0,0,0,0,0,0,0,0,0,0,0,0,0,0,0,0,0,0,0,0,0,0,0,0,0,0,0,0,0,0,0,0,0,0,0,0,0,0,0,0
0.0776564177031378,0.0176778837047793,0.0148999305511712,0.0260748784645495,0.0246859018877454,0.0215291369404634,0.0296104552055054,0.0268956373508429,0.0292947787107772,0.0266430961550603,0.0211503251467896,0.0236126018056695,0.0246859018877454,0.0292947787107772,0.0335879790390807,0.0315045141738746,0.0333354378432982,0.0260117431656039,0.0258854725677126,0.0234863312077783,0.0228549782183219,0.0302418081949618,0.0232969253109413,0.0284740198244839,0.025822337268767,0.0207715133531157,0.0213397310436265,0.0286002904223751,0.0220342193320285,0.016857124818486,0.0195088073742029,0.0171728013132142,0.0213397310436265,0.0194456720752573,0.0126270597891281,0.0134478186754214,0.0127533303870194,0.00846013005871583,0.00656607109034661,0.00448260622514048,0.00479828271986868,0.00404065913252099,0.00625039459561841,0.00782877706925942,0.00688174758507482,0.00505082391565124,0.00643980049245533,0.00524022981248816,0.00599785339983585,0.00271481785466254,0.000694488288402046,0.000378811793673843,0,6.31352989456405e-05,0,0,0,0,0,0,0,0,0,0,0,0,0,0,0,0,0,0,0,0,0,0,0,0,0,0,0,0,0,0,0,0,0,0,0,0,0,0,0,0,0,0,0,0,0,0,0,0,0,0,0,0,0,0,0,0,0,0,0,0,0,0,0,0,0,0,0,0,0,0,0,0,0,0,0,0,0,0,0,0,0,0,0,0,0,0,0,0,0,0,0,0,0,0,0,0,0,0,0,0,0,0,0,0,0,0,0,0,0,0,0,0,0,0,0,0,0,0,0,0,0,0,0,0,0,0,0,0,0,0,0,0,0,0,0,0,0,0,0,0,0,0,0,0,0,0,0,0,0,0,0,0,0,0,0,0,0,0,0,0,0,0,0,0,0,0,0,0,0,0,0,0,0,0,0,0,0,0,0,0,0,0,0,0,0,0,0,0,0,0,0,0,0,0,0,0,0,0,0,0,0,0,0,0,0,0,0,0,0,0,0,0,0,0,0,0,0,0,0,0,0,0,0,0,0,0,0,0,0,0,0,0,0,0,0,0,0,0,0,0,0,0,0,0,0,0,0,0,0,0,0,0,0,0,0,0,0,0,0,0,0,0,0,0,0,0,0,0,0,0,0,0,0,0,0,0,0,0,0,0,0,0,0,0,0,0,0,0,0,0,0,0,0,0,0,0,0,0,0,0,0,0,0,0,0,0,0,0,0,0,0,0,0,0,0,0,0,0,0,0,0,0,0,0,0,0,0,0,0,0,0,0,0,0,0,0,0,0,0,0,0,0,0,0,0,0,0,0,0,0,0,0,0,0,0,0,0,0,0,0,0,0,0,0,0,0,0,0,0,0,0,0,0,0,0,0,0,0,0,0,0,0,0,0,0,0,0,0,0,0,0,0,0,0,0,0,0,0,0,0,0,0,0,0,0,0,0,0,0,0,0,0,0,0,0,0,0,0,0,0,0,0,0,0,0,0,0,0,0,0,0,0,0,0,0,0,0,0,0,0,0,0,0,0,0,0,0,0,0,0,0,0,0,0,0,0,0,0,0,0,0,0,0,0,0,0,0,0,0,0,0,0,0,0,0,0,0,0,0,0,0,0,0,0,0,0,0,0,0,0,0,0,0,0,0,0,0,0,0,0,0,0,0,0,0
0.0628571428571429,0.0226747720364742,0.0268693009118541,0.0333130699088146,0.0315501519756839,0.0370820668693009,0.0412158054711246,0.0452279635258359,0.0430395136778116,0.0379939209726444,0.0387841945288754,0.0376899696048632,0.0305775075987842,0.0333738601823708,0.0329483282674772,0.0343465045592705,0.0292401215805471,0.029726443768997,0.0299088145896657,0.0289969604863222,0.0214589665653495,0.0229179331306991,0.0200607902735562,0.0139209726443769,0.0169604863221884,0.0128267477203647,0.019209726443769,0.0119756838905775,0.011306990881459,0.0124620060790274,0.0170212765957447,0.0153191489361702,0.0153799392097264,0.0121580547112462,0.00857142857142857,0.0134346504559271,0.0116717325227964,0.0119148936170213,0.0096048632218845,0.00644376899696049,0.00522796352583587,0.0017629179331307,0.000486322188449848,0.000243161094224924,0.000243161094224924,0,0,0,0,0,0,0,0,0,0,0,0,0,0,0,0,0,0,0,0,0,0,0,0,0,0,0,0,0,0,0,0,0,0,0,0,0,0,0,0,0,0,0,0,0,0,0,0,0,0,0,0,0,0,0,0,0,0,0,0,0,0,0,0,0,0,0,0,0,0,0,0,0,0,0,0,0,0,0,0,0,0,0,0,0,0,0,0,0,0,0,0,0,0,0,0,0,0,0,0,0,0,0,0,0,0,0,0,0,0,0,0,0,0,0,0,0,0,0,0,0,0,0,0,0,0,0,0,0,0,0,0,0,0,0,0,0,0,0,0,0,0,0,0,0,0,0,0,0,0,0,0,0,0,0,0,0,0,0,0,0,0,0,0,0,0,0,0,0,0,0,0,0,0,0,0,0,0,0,0,0,0,0,0,0,0,0,0,0,0,0,0,0,0,0,0,0,0,0,0,0,0,0,0,0,0,0,0,0,0,0,0,0,0,0,0,0,0,0,0,0,0,0,0,0,0,0,0,0,0,0,0,0,0,0,0,0,0,0,0,0,0,0,0,0,0,0,0,0,0,0,0,0,0,0,0,0,0,0,0,0,0,0,0,0,0,0,0,0,0,0,0,0,0,0,0,0,0,0,0,0,0,0,0,0,0,0,0,0,0,0,0,0,0,0,0,0,0,0,0,0,0,0,0,0,0,0,0,0,0,0,0,0,0,0,0,0,0,0,0,0,0,0,0,0,0,0,0,0,0,0,0,0,0,0,0,0,0,0,0,0,0,0,0,0,0,0,0,0,0,0,0,0,0,0,0,0,0,0,0,0,0,0,0,0,0,0,0,0,0,0,0,0,0,0,0,0,0,0,0,0,0,0,0,0,0,0,0,0,0,0,0,0,0,0,0,0,0,0,0,0,0,0,0,0,0,0,0,0,0,0,0,0,0,0,0,0,0,0,0,0,0,0,0,0,0,0,0,0,0,0,0,0,0,0,0,0,0,0,0,0,0,0,0,0,0,0,0,0,0,0,0,0,0,0,0,0,0,0,0,0,0,0,0,0,0,0,0,0,0,0,0,0,0,0,0,0,0,0,0,0,0,0,0,0,0,0,0,0,0,0,0,0,0,0,0,0,0,0,0,0,0,0,0,0,0,0,0,0,0,0,0,0,0
0.056469708302169,0.0334704562453254,0.0331338818249813,0.0386686611817502,0.0416604338070307,0.0492146596858639,0.0508601346297681,0.0553103964098728,0.0559087509349289,0.0514584891548242,0.0630890052356021,0.0544502617801047,0.0483545250560957,0.0538893044128646,0.0476813762154076,0.0395661929693343,0.0289827973074046,0.02528047868362,0.0213537771129394,0.0210919970082274,0.0152954375467464,0.012602842183994,0.0102094240837696,0.0102094240837696,0.0111817501869858,0.00822737471952132,0.00979805534779357,0.00886312640239342,0.00665669409124907,0.0068810770381451,0.00489902767389678,0.0050112191473448,0.00516080777860883,0.00362752430815258,0.00400149588631264,0.00235602094240838,0.00272999252056844,0.00108451757666417,0.00074794315632012,0.00056095736724009,0,0,0,0,0,0,0,0,0,0,0,0,0,0,0,0,0,0,0,0,0,0,0,0,0,0,0,0,0,0,0,0,0,0,0,0,0,0,0,0,0,0,0,0,0,0,0,0,0,0,0,0,0,0,0,0,0,0,0,0,0,0,0,0,0,0,0,0,0,0,0,0,0,0,0,0,0,0,0,0,0,0,0,0,0,0,0,0,0,0,0,0,0,0,0,0,0,0,0,0,0,0,0,0,0,0,0,0,0,0,0,0,0,0,0,0,0,0,0,0,0,0,0,0,0,0,0,0,0,0,0,0,0,0,0,0,0,0,0,0,0,0,0,0,0,0,0,0,0,0,0,0,0,0,0,0,0,0,0,0,0,0,0,0,0,0,0,0,0,0,0,0,0,0,0,0,0,0,0,0,0,0,0,0,0,0,0,0,0,0,0,0,0,0,0,0,0,0,0,0,0,0,0,0,0,0,0,0,0,0,0,0,0,0,0,0,0,0,0,0,0,0,0,0,0,0,0,0,0,0,0,0,0,0,0,0,0,0,0,0,0,0,0,0,0,0,0,0,0,0,0,0,0,0,0,0,0,0,0,0,0,0,0,0,0,0,0,0,0,0,0,0,0,0,0,0,0,0,0,0,0,0,0,0,0,0,0,0,0,0,0,0,0,0,0,0,0,0,0,0,0,0,0,0,0,0,0,0,0,0,0,0,0,0,0,0,0,0,0,0,0,0,0,0,0,0,0,0,0,0,0,0,0,0,0,0,0,0,0,0,0,0,0,0,0,0,0,0,0,0,0,0,0,0,0,0,0,0,0,0,0,0,0,0,0,0,0,0,0,0,0,0,0,0,0,0,0,0,0,0,0,0,0,0,0,0,0,0,0,0,0,0,0,0,0,0,0,0,0,0,0,0,0,0,0,0,0,0,0,0,0,0,0,0,0,0,0,0,0,0,0,0,0,0,0,0,0,0,0,0,0,0,0,0,0,0,0,0,0,0,0,0,0,0,0,0,0,0,0,0,0,0,0,0,0,0,0,0,0,0,0,0,0,0,0,0,0,0,0,0,0,0,0,0,0,0,0,0,0,0,0,0,0,0,0,0,0,0,0,0,0,0,0,0,0,0,0,0,0,0,0,0,0,0,0,0,0,0,0,0,0,0,0,0,0,0,0,0,0
0.0330590590883183,0.0200955818949768,0.0252400508600909,0.0345936307966619,0.0406149978808295,0.0447364190403812,0.045437937535624,0.0522046680209871,0.0544846031305263,0.0548207474094968,0.0536661648860763,0.0489747599491399,0.046797129620157,0.0484340061090569,0.045160253131257,0.0360258977244494,0.0330005992137147,0.0310860383204478,0.0280461248410622,0.0257223448255703,0.0232378001549187,0.0205194159858527,0.0211332446691902,0.0187656197477456,0.0146734285254958,0.013153471785803,0.0126857927889745,0.0118673545445245,0.0109758414568201,0.00917820031276033,0.00733671426274791,0.00720517954488988,0.00548061324408459,0.00425295587740964,0.00327375297779986,0.00422372594010786,0.00270376920041507,0.00251377460795347,0.00172456630080528,0.00128611724127852,0.000833053213100858,0.000701518495242828,7.30748432544612e-05,0,0,0,0,0,0,0,0,0,0,0,0,0,0,0,0,0,0,0,0,0,0,0,0,0,0,0,0,0,0,0,0,0,0,0,0,0,0,0,0,0,0,0,0,0,0,0,0,0,0,0,0,0,0,0,0,0,0,0,0,0,0,0,0,0,0,0,0,0,0,0,0,0,0,0,0,0,0,0,0,0,0,0,0,0,0,0,0,0,0,0,0,0,0,0,0,0,0,0,0,0,0,0,0,0,0,0,0,0,0,0,0,0,0,0,0,0,0,0,0,0,0,0,0,0,0,0,0,0,0,0,0,0,0,0,0,0,0,0,0,0,0,0,0,0,0,0,0,0,0,0,0,0,0,0,0,0,0,0,0,0,0,0,0,0,0,0,0,0,0,0,0,0,0,0,0,0,0,0,0,0,0,0,0,0,0,0,0,0,0,0,0,0,0,0,0,0,0,0,0,0,0,0,0,0,0,0,0,0,0,0,0,0,0,0,0,0,0,0,0,0,0,0,0,0,0,0,0,0,0,0,0,0,0,0,0,0,0,0,0,0,0,0,0,0,0,0,0,0,0,0,0,0,0,0,0,0,0,0,0,0,0,0,0,0,0,0,0,0,0,0,0,0,0,0,0,0,0,0,0,0,0,0,0,0,0,0,0,0,0,0,0,0,0,0,0,0,0,0,0,0,0,0,0,0,0,0,0,0,0,0,0,0,0,0,0,0,0,0,0,0,0,0,0,0,0,0,0,0,0,0,0,0,0,0,0,0,0,0,0,0,0,0,0,0,0,0,0,0,0,0,0,0,0,0,0,0,0,0,0,0,0,0,0,0,0,0,0,0,0,0,0,0,0,0,0,0,0,0,0,0,0,0,0,0,0,0,0,0,0,0,0,0,0,0,0,0,0,0,0,0,0,0,0,0,0,0,0,0,0,0,0,0,0,0,0,0,0,0,0,0,0,0,0,0,0,0,0,0,0,0,0,0,0,0,0,0,0,0,0,0,0,0,0,0,0,0,0,0,0,0,0,0,0,0,0,0,0,0,0,0,0,0,0,0,0,0,0,0,0,0,0,0,0,0,0,0,0,0,0,0,0,0,0,0,0,0,0,0,0,0,0,0,0,0,0,0,0,0,0,0,0,0,0,0,0,0,0,0,0,0,0,0,0,0,0
0.0314730484772147,0.0168265348964894,0.0216225817911701,0.0262894422375093,0.032732616348545,0.0374963666311404,0.0410812905726189,0.0435681297031941,0.0499951555081872,0.0484449181280884,0.0471207570325873,0.0501889351806995,0.0520944352937377,0.0454736298162323,0.0439718373542615,0.0434389432548526,0.0436650195394503,0.0394987565804347,0.0353486419274618,0.0336853664050641,0.0301811839937991,0.028162645738462,0.0236734166585925,0.0208797597132061,0.0187158867034848,0.017537060362368,0.0137745050544198,0.0116429286567839,0.00986661499208733,0.00897845815973904,0.00629783935665149,0.00599102154184026,0.00445693246778413,0.00400477989858864,0.00287439847559991,0.0020992797855505,0.0016632755223977,0.00222846623389206,0.00151794076801344,0.000968898362561767,0.000161483060426961,0.00029066950876853,1.61483060426961e-05,0,0,0,0,0,0,0,0,0,0,0,0,0,0,0,0,0,0,0,0,0,0,0,0,0,0,0,0,0,0,0,0,0,0,0,0,0,0,0,0,0,0,0,0,0,0,0,0,0,0,0,0,0,0,0,0,0,0,0,0,0,0,0,0,0,0,0,0,0,0,0,0,0,0,0,0,0,0,0,0,0,0,0,0,0,0,0,0,0,0,0,0,0,0,0,0,0,0,0,0,0,0,0,0,0,0,0,0,0,0,0,0,0,0,0,0,0,0,0,0,0,0,0,0,0,0,0,0,0,0,0,0,0,0,0,0,0,0,0,0,0,0,0,0,0,0,0,0,0,0,0,0,0,0,0,0,0,0,0,0,0,0,0,0,0,0,0,0,0,0,0,0,0,0,0,0,0,0,0,0,0,0,0,0,0,0,0,0,0,0,0,0,0,0,0,0,0,0,0,0,0,0,0,0,0,0,0,0,0,0,0,0,0,0,0,0,0,0,0,0,0,0,0,0,0,0,0,0,0,0,0,0,0,0,0,0,0,0,0,0,0,0,0,0,0,0,0,0,0,0,0,0,0,0,0,0,0,0,0,0,0,0,0,0,0,0,0,0,0,0,0,0,0,0,0,0,0,0,0,0,0,0,0,0,0,0,0,0,0,0,0,0,0,0,0,0,0,0,0,0,0,0,0,0,0,0,0,0,0,0,0,0,0,0,0,0,0,0,0,0,0,0,0,0,0,0,0,0,0,0,0,0,0,0,0,0,0,0,0,0,0,0,0,0,0,0,0,0,0,0,0,0,0,0,0,0,0,0,0,0,0,0,0,0,0,0,0,0,0,0,0,0,0,0,0,0,0,0,0,0,0,0,0,0,0,0,0,0,0,0,0,0,0,0,0,0,0,0,0,0,0,0,0,0,0,0,0,0,0,0,0,0,0,0,0,0,0,0,0,0,0,0,0,0,0,0,0,0,0,0,0,0,0,0,0,0,0,0,0,0,0,0,0,0,0,0,0,0,0,0,0,0,0,0,0,0,0,0,0,0,0,0,0,0,0,0,0,0,0,0,0,0,0,0,0,0,0,0,0,0,0,0,0,0,0,0,0,0,0,0,0,0,0,0,0,0,0,0,0,0,0,0,0,0,0,0,0,0,0,0,0,0,0,0,0,0
0.0363025210084034,0.0197132970835393,0.0255857637172516,0.0279980227385072,0.034997528423134,0.0386356895699456,0.0423727137913989,0.04353929807217,0.052377656945131,0.052436974789916,0.0507365299060801,0.050914483440435,0.0490163124073159,0.04719723183391,0.0421552150271873,0.0384379634206624,0.0346613939693524,0.0326643598615917,0.0285912011863569,0.0323479980227385,0.0291052891744933,0.0281166584280771,0.0242412259021256,0.0197330696984676,0.0165299060800791,0.0185862580326248,0.0143944636678201,0.012436974789916,0.0143746910528917,0.00848245180425111,0.00597132970835393,0.00442906574394464,0.00512110726643599,0.00355907068709837,0.00482451804251112,0.00359861591695502,0.00257043994068216,0.00177953534354918,0.000968858131487889,0.000355907068709837,0.00013840830449827,0,0,0,0,0,0,0,0,0,0,0,0,0,0,0,0,0,0,0,0,0,0,0,0,0,0,0,0,0,0,0,0,0,0,0,0,0,0,0,0,0,0,0,0,0,0,0,0,0,0,0,0,0,0,0,0,0,0,0,0,0,0,0,0,0,0,0,0,0,0,0,0,0,0,0,0,0,0,0,0,0,0,0,0,0,0,0,0,0,0,0,0,0,0,0,0,0,0,0,0,0,0,0,0,0,0,0,0,0,0,0,0,0,0,0,0,0,0,0,0,0,0,0,0,0,0,0,0,0,0,0,0,0,0,0,0,0,0,0,0,0,0,0,0,0,0,0,0,0,0,0,0,0,0,0,0,0,0,0,0,0,0,0,0,0,0,0,0,0,0,0,0,0,0,0,0,0,0,0,0,0,0,0,0,0,0,0,0,0,0,0,0,0,0,0,0,0,0,0,0,0,0,0,0,0,0,0,0,0,0,0,0,0,0,0,0,0,0,0,0,0,0,0,0,0,0,0,0,0,0,0,0,0,0,0,0,0,0,0,0,0,0,0,0,0,0,0,0,0,0,0,0,0,0,0,0,0,0,0,0,0,0,0,0,0,0,0,0,0,0,0,0,0,0,0,0,0,0,0,0,0,0,0,0,0,0,0,0,0,0,0,0,0,0,0,0,0,0,0,0,0,0,0,0,0,0,0,0,0,0,0,0,0,0,0,0,0,0,0,0,0,0,0,0,0,0,0,0,0,0,0,0,0,0,0,0,0,0,0,0,0,0,0,0,0,0,0,0,0,0,0,0,0,0,0,0,0,0,0,0,0,0,0,0,0,0,0,0,0,0,0,0,0,0,0,0,0,0,0,0,0,0,0,0,0,0,0,0,0,0,0,0,0,0,0,0,0,0,0,0,0,0,0,0,0,0,0,0,0,0,0,0,0,0,0,0,0,0,0,0,0,0,0,0,0,0,0,0,0,0,0,0,0,0,0,0,0,0,0,0,0,0,0,0,0,0,0,0,0,0,0,0,0,0,0,0,0,0,0,0,0,0,0,0,0,0,0,0,0,0,0,0,0,0,0,0,0,0,0,0,0,0,0,0,0,0,0,0,0,0,0,0,0,0,0,0,0,0,0,0,0,0,0,0,0,0,0,0,0,0,0,0,0,0,0,0,0,0
0.203159315519766,0.209633510248902,0.104445003660322,0.0542413982430454,0.0332059846266471,0.0260397602489019,0.0216187774524158,0.0235118502928258,0.0292253843338214,0.032868548682284,0.0321822382869693,0.0207780472181552,0.0166144308199122,0.0163570644216691,0.0151388634699854,0.0133773334553441,0.0143953605417277,0.0219848096632504,0.0230371522693997,0.016768850658858,0.00956259150805271,0.00715478587115666,0.00502150439238653,0.00387765373352855,0.00504438140556369,0.00660573755490483,0.00675443814055637,0.0074750640556369,0.00714906661786237,0.00531318631039531,0.00255650622254758,0.00144697108345534,0.000674871888726208,0.000520452049780381,0.00056048682284041,0.000394628477306003,0.000291681918008785,0.000354593704245974,0.000348874450951684,0.000274524158125915,3.43155197657394e-05,0,0,0,0,0,0,0,0,0,0,0,0,0,0,0,0,0,0,0,0,0,0,0,0,0,0,0,0,0,0,0,0,0,0,0,0,0,0,0,0,0,0,0,0,0,0,0,0,0,0,0,0,0,0,0,0,0,0,0,0,0,0,0,0,0,0,0,0,0,0,0,0,0,0,0,0,0,0,0,0,0,0,0,0,0,0,0,0,0,0,0,0,0,0,0,0,0,0,0,0,0,0,0,0,0,0,0,0,0,0,0,0,0,0,0,0,0,0,0,0,0,0,0,0,0,0,0,0,0,0,0,0,0,0,0,0,0,0,0,0,0,0,0,0,0,0,0,0,0,0,0,0,0,0,0,0,0,0,0,0,0,0,0,0,0,0,0,0,0,0,0,0,0,0,0,0,0,0,0,0,0,0,0,0,0,0,0,0,0,0,0,0,0,0,0,0,0,0,0,0,0,0,0,0,0,0,0,0,0,0,0,0,0,0,0,0,0,0,0,0,0,0,0,0,0,0,0,0,0,0,0,0,0,0,0,0,0,0,0,0,0,0,0,0,0,0,0,0,0,0,0,0,0,0,0,0,0,0,0,0,0,0,0,0,0,0,0,0,0,0,0,0,0,0,0,0,0,0,0,0,0,0,0,0,0,0,0,0,0,0,0,0,0,0,0,0,0,0,0,0,0,0,0,0,0,0,0,0,0,0,0,0,0,0,0,0,0,0,0,0,0,0,0,0,0,0,0,0,0,0,0,0,0,0,0,0,0,0,0,0,0,0,0,0,0,0,0,0,0,0,0,0,0,0,0,0,0,0,0,0,0,0,0,0,0,0,0,0,0,0,0,0,0,0,0,0,0,0,0,0,0,0,0,0,0,0,0,0,0,0,0,0,0,0,0,0,0,0,0,0,0,0,0,0,0,0,0,0,0,0,0,0,0,0,0,0,0,0,0,0,0,0,0,0,0,0,0,0,0,0,0,0,0,0,0,0,0,0,0,0,0,0,0,0,0,0,0,0,0,0,0,0,0,0,0,0,0,0,0,0,0,0,0,0,0,0,0,0,0,0,0,0,0,0,0,0,0,0,0,0,0,0,0,0,0,0,0,0,0,0,0,0,0,0,0,0,0,0,0,0,0,0,0,0,0,0,0,0,0,0,0,0,0,0,0,0,0,0
0.173786682696846,0.160243830947851,0.0676546423763085,0.037145965710652,0.023608081992379,0.0187940602224684,0.017487468142503,0.020597455374664,0.0265441881492595,0.031224073089668,0.0299721293476479,0.0338819695260996,0.0392971230134087,0.0423077496311237,0.0326300257840794,0.0289288428959645,0.0318351408685111,0.0255853582198552,0.0151425576415765,0.0101149105506068,0.0082469309990213,0.0105968095306701,0.0130212085231535,0.0139353261760571,0.012832423355706,0.0113966624769608,0.0111283888179565,0.0135478197797175,0.0121021228395276,0.00893748726942127,0.00502764709096961,0.0024989194533179,0.00191269182808626,0.00177855499858411,0.00190275576664166,0.00115755115829636,0.00133143223357693,0.000814757038457526,0.000516675195119407,0.000233497443948193,0.000228529413225891,6.95524301122278e-05,0,0,0,0,0,0,0,0,0,0,0,0,0,0,0,0,0,0,0,0,0,0,0,0,0,0,0,0,0,0,0,0,0,0,0,0,0,0,0,0,0,0,0,0,0,0,0,0,0,0,0,0,0,0,0,0,0,0,0,0,0,0,0,0,0,0,0,0,0,0,0,0,0,0,0,0,0,0,0,0,0,0,0,0,0,0,0,0,0,0,0,0,0,0,0,0,0,0,0,0,0,0,0,0,0,0,0,0,0,0,0,0,0,0,0,0,0,0,0,0,0,0,0,0,0,0,0,0,0,0,0,0,0,0,0,0,0,0,0,0,0,0,0,0,0,0,0,0,0,0,0,0,0,0,0,0,0,0,0,0,0,0,0,0,0,0,0,0,0,0,0,0,0,0,0,0,0,0,0,0,0,0,0,0,0,0,0,0,0,0,0,0,0,0,0,0,0,0,0,0,0,0,0,0,0,0,0,0,0,0,0,0,0,0,0,0,0,0,0,0,0,0,0,0,0,0,0,0,0,0,0,0,0,0,0,0,0,0,0,0,0,0,0,0,0,0,0,0,0,0,0,0,0,0,0,0,0,0,0,0,0,0,0,0,0,0,0,0,0,0,0,0,0,0,0,0,0,0,0,0,0,0,0,0,0,0,0,0,0,0,0,0,0,0,0,0,0,0,0,0,0,0,0,0,0,0,0,0,0,0,0,0,0,0,0,0,0,0,0,0,0,0,0,0,0,0,0,0,0,0,0,0,0,0,0,0,0,0,0,0,0,0,0,0,0,0,0,0,0,0,0,0,0,0,0,0,0,0,0,0,0,0,0,0,0,0,0,0,0,0,0,0,0,0,0,0,0,0,0,0,0,0,0,0,0,0,0,0,0,0,0,0,0,0,0,0,0,0,0,0,0,0,0,0,0,0,0,0,0,0,0,0,0,0,0,0,0,0,0,0,0,0,0,0,0,0,0,0,0,0,0,0,0,0,0,0,0,0,0,0,0,0,0,0,0,0,0,0,0,0,0,0,0,0,0,0,0,0,0,0,0,0,0,0,0,0,0,0,0,0,0,0,0,0,0,0,0,0,0,0,0,0,0,0,0,0,0,0,0,0,0,0,0,0,0,0,0,0,0,0,0,0,0,0,0,0,0,0,0,0,0,0,0,0,0,0,0
0.0445865207437601,0.0207995979675024,0.0223630576804958,0.0264671394271037,0.0327209782790776,0.0302641130158021,0.0461220615333073,0.0455357641409347,0.0454799262940421,0.0444469261265286,0.0465966832318946,0.0518733597632475,0.046903791389804,0.0455916019878274,0.0428555474900888,0.0440002233513876,0.0380814115807694,0.0288960857669328,0.0293707074655201,0.0258808420347311,0.025154950025127,0.0233123010776704,0.0217767602881233,0.0223351387570495,0.0183985705511195,0.0163884080629851,0.0157741917471662,0.0163325702160925,0.0149645429672232,0.0120888938522531,0.0093807582779608,0.00918532581383662,0.00879446088558825,0.00781729856496734,0.00544419007203082,0.00360154112457424,0.00402032497626892,0.00245686526327545,0.00254062203361438,0.00125635155508404,0.00013959461723156,0,0,0,0,0,0,0,0,0,0,0,0,0,0,0,0,0,0,0,0,0,0,0,0,0,0,0,0,0,0,0,0,0,0,0,0,0,0,0,0,0,0,0,0,0,0,0,0,0,0,0,0,0,0,0,0,0,0,0,0,0,0,0,0,0,0,0,0,0,0,0,0,0,0,0,0,0,0,0,0,0,0,0,0,0,0,0,0,0,0,0,0,0,0,0,0,0,0,0,0,0,0,0,0,0,0,0,0,0,0,0,0,0,0,0,0,0,0,0,0,0,0,0,0,0,0,0,0,0,0,0,0,0,0,0,0,0,0,0,0,0,0,0,0,0,0,0,0,0,0,0,0,0,0,0,0,0,0,0,0,0,0,0,0,0,0,0,0,0,0,0,0,0,0,0,0,0,0,0,0,0,0,0,0,0,0,0,0,0,0,0,0,0,0,0,0,0,0,0,0,0,0,0,0,0,0,0,0,0,0,0,0,0,0,0,0,0,0,0,0,0,0,0,0,0,0,0,0,0,0,0,0,0,0,0,0,0,0,0,0,0,0,0,0,0,0,0,0,0,0,0,0,0,0,0,0,0,0,0,0,0,0,0,0,0,0,0,0,0,0,0,0,0,0,0,0,0,0,0,0,0,0,0,0,0,0,0,0,0,0,0,0,0,0,0,0,0,0,0,0,0,0,0,0,0,0,0,0,0,0,0,0,0,0,0,0,0,0,0,0,0,0,0,0,0,0,0,0,0,0,0,0,0,0,0,0,0,0,0,0,0,0,0,0,0,0,0,0,0,0,0,0,0,0,0,0,0,0,0,0,0,0,0,0,0,0,0,0,0,0,0,0,0,0,0,0,0,0,0,0,0,0,0,0,0,0,0,0,0,0,0,0,0,0,0,0,0,0,0,0,0,0,0,0,0,0,0,0,0,0,0,0,0,0,0,0,0,0,0,0,0,0,0,0,0,0,0,0,0,0,0,0,0,0,0,0,0,0,0,0,0,0,0,0,0,0,0,0,0,0,0,0,0,0,0,0,0,0,0,0,0,0,0,0,0,0,0,0,0,0,0,0,0,0,0,0,0,0,0,0,0,0,0,0,0,0,0,0,0,0,0,0,0,0,0,0,0,0,0,0,0,0,0,0,0,0,0,0,0,0,0,0,0,0,0,0,0,0
0.0504266080825627,0.02365503499719,0.0278444796403209,0.0326981045317529,0.0398508148980739,0.0371430031165381,0.0400040872630665,0.0388800899197875,0.036785367598222,0.0360190057732591,0.0457262555561232,0.0388289991314566,0.0407193582996986,0.0404128135697134,0.0381648188831554,0.0290706585602616,0.0251877586471159,0.0214581310989629,0.0230419455372196,0.0236039442088591,0.022888673172227,0.0240126705155061,0.0235528534205283,0.0264139375670567,0.0243192152454912,0.0239615797271752,0.0219690389822715,0.0173197772441629,0.0169621417258468,0.0166555969958616,0.0109334287028049,0.0126705155060543,0.0158892351708987,0.0122106984110765,0.0138456036376641,0.0069483472129975,0.00756143667296786,0.00572216829305676,0.00275890256986665,0.00280999335819752,0.000715271036632095,0.000357635518316048,0,0,0,0,0,0,0,0,0,0,0,0,0,0,0,0,0,0,0,0,0,0,0,0,0,0,0,0,0,0,0,0,0,0,0,0,0,0,0,0,0,0,0,0,0,0,0,0,0,0,0,0,0,0,0,0,0,0,0,0,0,0,0,0,0,0,0,0,0,0,0,0,0,0,0,0,0,0,0,0,0,0,0,0,0,0,0,0,0,0,0,0,0,0,0,0,0,0,0,0,0,0,0,0,0,0,0,0,0,0,0,0,0,0,0,0,0,0,0,0,0,0,0,0,0,0,0,0,0,0,0,0,0,0,0,0,0,0,0,0,0,0,0,0,0,0,0,0,0,0,0,0,0,0,0,0,0,0,0,0,0,0,0,0,0,0,0,0,0,0,0,0,0,0,0,0,0,0,0,0,0,0,0,0,0,0,0,0,0,0,0,0,0,0,0,0,0,0,0,0,0,0,0,0,0,0,0,0,0,0,0,0,0,0,0,0,0,0,0,0,0,0,0,0,0,0,0,0,0,0,0,0,0,0,0,0,0,0,0,0,0,0,0,0,0,0,0,0,0,0,0,0,0,0,0,0,0,0,0,0,0,0,0,0,0,0,0,0,0,0,0,0,0,0,0,0,0,0,0,0,0,0,0,0,0,0,0,0,0,0,0,0,0,0,0,0,0,0,0,0,0,0,0,0,0,0,0,0,0,0,0,0,0,0,0,0,0,0,0,0,0,0,0,0,0,0,0,0,0,0,0,0,0,0,0,0,0,0,0,0,0,0,0,0,0,0,0,0,0,0,0,0,0,0,0,0,0,0,0,0,0,0,0,0,0,0,0,0,0,0,0,0,0,0,0,0,0,0,0,0,0,0,0,0,0,0,0,0,0,0,0,0,0,0,0,0,0,0,0,0,0,0,0,0,0,0,0,0,0,0,0,0,0,0,0,0,0,0,0,0,0,0,0,0,0,0,0,0,0,0,0,0,0,0,0,0,0,0,0,0,0,0,0,0,0,0,0,0,0,0,0,0,0,0,0,0,0,0,0,0,0,0,0,0,0,0,0,0,0,0,0,0,0,0,0,0,0,0,0,0,0,0,0,0,0,0,0,0,0,0,0,0,0,0,0,0,0,0,0,0,0,0,0,0,0,0,0,0,0,0,0,0,0,0,0,0,0
0.0519186169091292,0.019291587602783,0.0212418300653595,0.0244570946658233,0.0292009276829011,0.0255639890364748,0.0225595614589922,0.0245625131773139,0.0304132405650432,0.0281467425679949,0.0298334387518448,0.0354206198608476,0.0331541218637993,0.033786632932743,0.0316782627029306,0.033786632932743,0.0331541218637993,0.0377925363693865,0.0368964790217162,0.0421674045962471,0.0366329327429897,0.0286211258697027,0.0222960151802657,0.0193970061142737,0.0180265654648956,0.017235926628716,0.0212418300653595,0.0200295171832174,0.0200822264389627,0.016550706304027,0.0134408602150538,0.0105945604048071,0.0110162344507696,0.00906599198819313,0.0147058823529412,0.0175521821631879,0.0218743411343032,0.0166561248155176,0.0138098250052709,0.0125975121231288,0.00943495677841029,0.00353152013493569,0.000316255534471853,0.000210837022981235,5.27092557453089e-05,0,0,0,0,0,0,0,0,0,0,0,0,0,0,0,0,0,0,0,0,0,0,0,0,0,0,0,0,0,0,0,0,0,0,0,0,0,0,0,0,0,0,0,0,0,0,0,0,0,0,0,0,0,0,0,0,0,0,0,0,0,0,0,0,0,0,0,0,0,0,0,0,0,0,0,0,0,0,0,0,0,0,0,0,0,0,0,0,0,0,0,0,0,0,0,0,0,0,0,0,0,0,0,0,0,0,0,0,0,0,0,0,0,0,0,0,0,0,0,0,0,0,0,0,0,0,0,0,0,0,0,0,0,0,0,0,0,0,0,0,0,0,0,0,0,0,0,0,0,0,0,0,0,0,0,0,0,0,0,0,0,0,0,0,0,0,0,0,0,0,0,0,0,0,0,0,0,0,0,0,0,0,0,0,0,0,0,0,0,0,0,0,0,0,0,0,0,0,0,0,0,0,0,0,0,0,0,0,0,0,0,0,0,0,0,0,0,0,0,0,0,0,0,0,0,0,0,0,0,0,0,0,0,0,0,0,0,0,0,0,0,0,0,0,0,0,0,0,0,0,0,0,0,0,0,0,0,0,0,0,0,0,0,0,0,0,0,0,0,0,0,0,0,0,0,0,0,0,0,0,0,0,0,0,0,0,0,0,0,0,0,0,0,0,0,0,0,0,0,0,0,0,0,0,0,0,0,0,0,0,0,0,0,0,0,0,0,0,0,0,0,0,0,0,0,0,0,0,0,0,0,0,0,0,0,0,0,0,0,0,0,0,0,0,0,0,0,0,0,0,0,0,0,0,0,0,0,0,0,0,0,0,0,0,0,0,0,0,0,0,0,0,0,0,0,0,0,0,0,0,0,0,0,0,0,0,0,0,0,0,0,0,0,0,0,0,0,0,0,0,0,0,0,0,0,0,0,0,0,0,0,0,0,0,0,0,0,0,0,0,0,0,0,0,0,0,0,0,0,0,0,0,0,0,0,0,0,0,0,0,0,0,0,0,0,0,0,0,0,0,0,0,0,0,0,0,0,0,0,0,0,0,0,0,0,0,0,0,0,0,0,0,0,0,0,0,0,0,0,0,0,0,0,0,0,0,0,0,0,0,0,0,0,0,0,0,0,0,0,0,0,0,0,0,0,0,0,0,0,0,0,0,0,0
0.0586606243705942,0.0127769385699899,0.0119587109768379,0.0161757301107754,0.0188821752265861,0.0202668680765358,0.0225327291037261,0.0280085599194361,0.0405337361530715,0.0324144008056395,0.0370090634441088,0.0429254783484391,0.0343655589123867,0.0351837865055388,0.0390861027190332,0.0482754279959718,0.0446248741188318,0.0411631419939577,0.0323514602215509,0.0344914400805639,0.0322885196374622,0.0296450151057402,0.0324773413897281,0.0253021148036254,0.0242950654582075,0.018063947633434,0.0174974823766365,0.0168680765357503,0.0125251762336354,0.0152316213494461,0.0158610271903323,0.0208333333333333,0.0137839879154079,0.0120216515609265,0.00956696878147029,0.0130287009063444,0.00962990936555891,0.00566465256797583,0.00516112789526687,0.00421701913393756,0.00327291037260826,0.00283232628398792,0.00169939577039275,0.00258056394763343,0.00182527693856999,0.00138469284994965,0.000566465256797583,0.000188821752265861,0,0,0,0,0,0,0,0,0,0,0,0,0,0,0,0,0,0,0,0,0,0,0,0,0,0,0,0,0,0,0,0,0,0,0,0,0,0,0,0,0,0,0,0,0,0,0,0,0,0,0,0,0,0,0,0,0,0,0,0,0,0,0,0,0,0,0,0,0,0,0,0,0,0,0,0,0,0,0,0,0,0,0,0,0,0,0,0,0,0,0,0,0,0,0,0,0,0,0,0,0,0,0,0,0,0,0,0,0,0,0,0,0,0,0,0,0,0,0,0,0,0,0,0,0,0,0,0,0,0,0,0,0,0,0,0,0,0,0,0,0,0,0,0,0,0,0,0,0,0,0,0,0,0,0,0,0,0,0,0,0,0,0,0,0,0,0,0,0,0,0,0,0,0,0,0,0,0,0,0,0,0,0,0,0,0,0,0,0,0,0,0,0,0,0,0,0,0,0,0,0,0,0,0,0,0,0,0,0,0,0,0,0,0,0,0,0,0,0,0,0,0,0,0,0,0,0,0,0,0,0,0,0,0,0,0,0,0,0,0,0,0,0,0,0,0,0,0,0,0,0,0,0,0,0,0,0,0,0,0,0,0,0,0,0,0,0,0,0,0,0,0,0,0,0,0,0,0,0,0,0,0,0,0,0,0,0,0,0,0,0,0,0,0,0,0,0,0,0,0,0,0,0,0,0,0,0,0,0,0,0,0,0,0,0,0,0,0,0,0,0,0,0,0,0,0,0,0,0,0,0,0,0,0,0,0,0,0,0,0,0,0,0,0,0,0,0,0,0,0,0,0,0,0,0,0,0,0,0,0,0,0,0,0,0,0,0,0,0,0,0,0,0,0,0,0,0,0,0,0,0,0,0,0,0,0,0,0,0,0,0,0,0,0,0,0,0,0,0,0,0,0,0,0,0,0,0,0,0,0,0,0,0,0,0,0,0,0,0,0,0,0,0,0,0,0,0,0,0,0,0,0,0,0,0,0,0,0,0,0,0,0,0,0,0,0,0,0,0,0,0,0,0,0,0,0,0,0,0,0,0,0,0,0,0,0,0,0,0,0,0,0,0,0,0,0,0,0,0,0,0,0,0,0,0,0,0,0,0,0,0,0,0,0,0,0,0,0,0,0,0,0,0,0,0,0,0,0,0,0,0
0.0521166509877705,0.0130448416431483,0.0150517403574788,0.0186265286923801,0.0196299780495453,0.019755409219191,0.0242082157416118,0.0289746001881468,0.0364377547820633,0.0306679209783631,0.0395735340232048,0.0331138287864534,0.0341172781436187,0.0376920664785199,0.0394481028535591,0.0422075885857636,0.0331138287864534,0.0337409846346817,0.0338664158043274,0.0315459391658827,0.030354343054249,0.0290373157729696,0.0269049858889934,0.0272812793979304,0.02815929758545,0.0196926936343681,0.0179993728441518,0.0185638131075572,0.0206334274067106,0.0206961429915334,0.0166823455628724,0.0127312637190342,0.0126685481342114,0.0119786767011602,0.0118532455315146,0.0127312637190342,0.00783944810285356,0.0081530260269677,0.00934462213860144,0.0068359987456883,0.0068359987456883,0.00834117278143619,0.00809031044214487,0.00326121041078708,0.00344935716525557,0.0013170272812794,0.00081530260269677,0.000439009093759799,0.000313577924114142,6.27155848228285e-05,0,0,0,0,0,0,0,0,0,0,0,0,0,0,0,0,0,0,0,0,0,0,0,0,0,0,0,0,0,0,0,0,0,0,0,0,0,0,0,0,0,0,0,0,0,0,0,0,0,0,0,0,0,0,0,0,0,0,0,0,0,0,0,0,0,0,0,0,0,0,0,0,0,0,0,0,0,0,0,0,0,0,0,0,0,0,0,0,0,0,0,0,0,0,0,0,0,0,0,0,0,0,0,0,0,0,0,0,0,0,0,0,0,0,0,0,0,0,0,0,0,0,0,0,0,0,0,0,0,0,0,0,0,0,0,0,0,0,0,0,0,0,0,0,0,0,0,0,0,0,0,0,0,0,0,0,0,0,0,0,0,0,0,0,0,0,0,0,0,0,0,0,0,0,0,0,0,0,0,0,0,0,0,0,0,0,0,0,0,0,0,0,0,0,0,0,0,0,0,0,0,0,0,0,0,0,0,0,0,0,0,0,0,0,0,0,0,0,0,0,0,0,0,0,0,0,0,0,0,0,0,0,0,0,0,0,0,0,0,0,0,0,0,0,0,0,0,0,0,0,0,0,0,0,0,0,0,0,0,0,0,0,0,0,0,0,0,0,0,0,0,0,0,0,0,0,0,0,0,0,0,0,0,0,0,0,0,0,0,0,0,0,0,0,0,0,0,0,0,0,0,0,0,0,0,0,0,0,0,0,0,0,0,0,0,0,0,0,0,0,0,0,0,0,0,0,0,0,0,0,0,0,0,0,0,0,0,0,0,0,0,0,0,0,0,0,0,0,0,0,0,0,0,0,0,0,0,0,0,0,0,0,0,0,0,0,0,0,0,0,0,0,0,0,0,0,0,0,0,0,0,0,0,0,0,0,0,0,0,0,0,0,0,0,0,0,0,0,0,0,0,0,0,0,0,0,0,0,0,0,0,0,0,0,0,0,0,0,0,0,0,0,0,0,0,0,0,0,0,0,0,0,0,0,0,0,0,0,0,0,0,0,0,0,0,0,0,0,0,0,0,0,0,0,0,0,0,0,0,0,0,0,0,0,0,0,0,0,0,0,0,0,0,0,0,0,0,0,0,0,0,0,0,0,0,0,0,0,0,0,0,0,0,0,0,0,0,0,0,0,0,0,0,0,0,0,0,0,0
0.0894724610736695,0.0205438066465257,0.0143155937717871,0.0157099697885196,0.0201719730420637,0.0201719730420637,0.0276551243318615,0.0385312572623751,0.0244480594933767,0.0308621891703463,0.0314199395770393,0.0322565651870788,0.0324889611898675,0.0371833604462003,0.0370439228445271,0.0360213804322566,0.0370904020450848,0.0408087380897049,0.0319312107831745,0.0298396467580758,0.0369044852428538,0.031838252382059,0.026818498721822,0.0282593539391122,0.0213339530560074,0.0248198930978387,0.0229607250755287,0.02458749709505,0.0201254938415059,0.0211945154543342,0.0173367418080409,0.0138972809667674,0.0130606553567279,0.0112944457355333,0.0062746920752963,0.00464792005577504,0.00757610969091332,0.00348594004183128,0.00232396002788752,0.00673948408087381,0.00218452242621427,0.00246339762956077,0.00134789681617476,0.000278875203346502,0.000185916802231002,9.29584011155008e-05,0,0,0,0,0,0,0,0,0,0,0,0,0,0,0,0,0,0,0,0,0,0,0,0,0,0,0,0,0,0,0,0,0,0,0,0,0,0,0,0,0,0,0,0,0,0,0,0,0,0,0,0,0,0,0,0,0,0,0,0,0,0,0,0,0,0,0,0,0,0,0,0,0,0,0,0,0,0,0,0,0,0,0,0,0,0,0,0,0,0,0,0,0,0,0,0,0,0,0,0,0,0,0,0,0,0,0,0,0,0,0,0,0,0,0,0,0,0,0,0,0,0,0,0,0,0,0,0,0,0,0,0,0,0,0,0,0,0,0,0,0,0,0,0,0,0,0,0,0,0,0,0,0,0,0,0,0,0,0,0,0,0,0,0,0,0,0,0,0,0,0,0,0,0,0,0,0,0,0,0,0,0,0,0,0,0,0,0,0,0,0,0,0,0,0,0,0,0,0,0,0,0,0,0,0,0,0,0,0,0,0,0,0,0,0,0,0,0,0,0,0,0,0,0,0,0,0,0,0,0,0,0,0,0,0,0,0,0,0,0,0,0,0,0,0,0,0,0,0,0,0,0,0,0,0,0,0,0,0,0,0,0,0,0,0,0,0,0,0,0,0,0,0,0,0,0,0,0,0,0,0,0,0,0,0,0,0,0,0,0,0,0,0,0,0,0,0,0,0,0,0,0,0,0,0,0,0,0,0,0,0,0,0,0,0,0,0,0,0,0,0,0,0,0,0,0,0,0,0,0,0,0,0,0,0,0,0,0,0,0,0,0,0,0,0,0,0,0,0,0,0,0,0,0,0,0,0,0,0,0,0,0,0,0,0,0,0,0,0,0,0,0,0,0,0,0,0,0,0,0,0,0,0,0,0,0,0,0,0,0,0,0,0,0,0,0,0,0,0,0,0,0,0,0,0,0,0,0,0,0,0,0,0,0,0,0,0,0,0,0,0,0,0,0,0,0,0,0,0,0,0,0,0,0,0,0,0,0,0,0,0,0,0,0,0,0,0,0,0,0,0,0,0,0,0,0,0,0,0,0,0,0,0,0,0,0,0,0,0,0,0,0,0,0,0,0,0,0,0,0,0,0,0,0,0,0,0,0,0,0,0,0,0,0,0,0,0,0,0,0,0,0,0,0,0,0,0,0,0,0,0,0,0
0.0760070478157847,0.0113615651011605,0.0123336776231849,0.0159183425481499,0.0184093808858375,0.0213257184519108,0.0315936569657938,0.0332948538793365,0.0261862810620329,0.0263685521599125,0.0300139741175041,0.0399781274682545,0.0391882860441096,0.0296494319217449,0.0304392733458898,0.0345099945318671,0.0296494319217449,0.0391275290114831,0.0412540251534115,0.0327480405856978,0.0286773193997205,0.029770945986998,0.0276444498450696,0.0250926544747555,0.0199890637341272,0.0181055957227049,0.0215079895497904,0.0209004192235251,0.0196245215383681,0.0207789051582721,0.0176802964943192,0.0147639589282459,0.0136703323409685,0.0224801020718148,0.0184093808858375,0.0117868643295461,0.00887052676347287,0.00625797436053223,0.00498207667537517,0.00862749863296677,0.0114830791664135,0.0059541891973996,0.0020657391093019,0.000972112522024424,0.000546813293638739,0,0,0,0,0,0,0,0,0,0,0,0,0,0,0,0,0,0,0,0,0,0,0,0,0,0,0,0,0,0,0,0,0,0,0,0,0,0,0,0,0,0,0,0,0,0,0,0,0,0,0,0,0,0,0,0,0,0,0,0,0,0,0,0,0,0,0,0,0,0,0,0,0,0,0,0,0,0,0,0,0,0,0,0,0,0,0,0,0,0,0,0,0,0,0,0,0,0,0,0,0,0,0,0,0,0,0,0,0,0,0,0,0,0,0,0,0,0,0,0,0,0,0,0,0,0,0,0,0,0,0,0,0,0,0,0,0,0,0,0,0,0,0,0,0,0,0,0,0,0,0,0,0,0,0,0,0,0,0,0,0,0,0,0,0,0,0,0,0,0,0,0,0,0,0,0,0,0,0,0,0,0,0,0,0,0,0,0,0,0,0,0,0,0,0,0,0,0,0,0,0,0,0,0,0,0,0,0,0,0,0,0,0,0,0,0,0,0,0,0,0,0,0,0,0,0,0,0,0,0,0,0,0,0,0,0,0,0,0,0,0,0,0,0,0,0,0,0,0,0,0,0,0,0,0,0,0,0,0,0,0,0,0,0,0,0,0,0,0,0,0,0,0,0,0,0,0,0,0,0,0,0,0,0,0,0,0,0,0,0,0,0,0,0,0,0,0,0,0,0,0,0,0,0,0,0,0,0,0,0,0,0,0,0,0,0,0,0,0,0,0,0,0,0,0,0,0,0,0,0,0,0,0,0,0,0,0,0,0,0,0,0,0,0,0,0,0,0,0,0,0,0,0,0,0,0,0,0,0,0,0,0,0,0,0,0,0,0,0,0,0,0,0,0,0,0,0,0,0,0,0,0,0,0,0,0,0,0,0,0,0,0,0,0,0,0,0,0,0,0,0,0,0,0,0,0,0,0,0,0,0,0,0,0,0,0,0,0,0,0,0,0,0,0,0,0,0,0,0,0,0,0,0,0,0,0,0,0,0,0,0,0,0,0,0,0,0,0,0,0,0,0,0,0,0,0,0,0,0,0,0,0,0,0,0,0,0,0,0,0,0,0,0,0,0,0,0,0,0,0,0,0,0,0,0,0,0,0,0,0,0,0,0,0,0,0,0,0,0,0,0,0,0,0,0,0,0,0,0,0,0,0,0,0
0.0479583044364584,0.00968833406889015,0.0072715045289284,0.012126179517895,0.0124204022444991,0.0145850408759431,0.0136603408780447,0.0189773658659605,0.0196498749553412,0.0172330454153794,0.0208687976798436,0.027131538574701,0.0217514658596558,0.0243574385810058,0.0257234726688103,0.0288128112981527,0.0303469726583023,0.0300527499316983,0.0306411953849064,0.0284975726625055,0.0292121135699725,0.0254292499422063,0.0325956749259189,0.0289599226614547,0.0293592249332745,0.031313704474287,0.030010718113612,0.0256394090326377,0.0267322363028813,0.0245886135804804,0.0238320408549272,0.0228653090389425,0.024525565853351,0.0183048567765799,0.018472984048925,0.0142698022402959,0.0144379295126411,0.0152575499653238,0.0138915158775193,0.0129457999705777,0.011684845427989,0.0130298636067503,0.0110753840657378,0.0108442090662632,0.0104238908854002,0.00840636361725827,0.00668305907572032,0.00582140680495135,0.00516991362461383,0.00311035453838556,0.00224870226761659,0.00205955908622827,0.000882668179812118,0.00123993863354559,0.00149212954206334,0.000735556816510098,0.00048336590799235,0.00014711136330202,6.3047727129437e-05,0,0,0,0,0,0,0,0,0,0,0,0,0,0,0,0,0,0,0,0,0,0,0,0,0,0,0,0,0,0,0,0,0,0,0,0,0,0,0,0,0,0,0,0,0,0,0,0,0,0,0,0,0,0,0,0,0,0,0,0,0,0,0,0,0,0,0,0,0,0,0,0,0,0,0,0,0,0,0,0,0,0,0,0,0,0,0,0,0,0,0,0,0,0,0,0,0,0,0,0,0,0,0,0,0,0,0,0,0,0,0,0,0,0,0,0,0,0,0,0,0,0,0,0,0,0,0,0,0,0,0,0,0,0,0,0,0,0,0,0,0,0,0,0,0,0,0,0,0,0,0,0,0,0,0,0,0,0,0,0,0,0,0,0,0,0,0,0,0,0,0,0,0,0,0,0,0,0,0,0,0,0,0,0,0,0,0,0,0,0,0,0,0,0,0,0,0,0,0,0,0,0,0,0,0,0,0,0,0,0,0,0,0,0,0,0,0,0,0,0,0,0,0,0,0,0,0,0,0,0,0,0,0,0,0,0,0,0,0,0,0,0,0,0,0,0,0,0,0,0,0,0,0,0,0,0,0,0,0,0,0,0,0,0,0,0,0,0,0,0,0,0,0,0,0,0,0,0,0,0,0,0,0,0,0,0,0,0,0,0,0,0,0,0,0,0,0,0,0,0,0,0,0,0,0,0,0,0,0,0,0,0,0,0,0,0,0,0,0,0,0,0,0,0,0,0,0,0,0,0,0,0,0,0,0,0,0,0,0,0,0,0,0,0,0,0,0,0,0,0,0,0,0,0,0,0,0,0,0,0,0,0,0,0,0,0,0,0,0,0,0,0,0,0,0,0,0,0,0,0,0,0,0,0,0,0,0,0,0,0,0,0,0,0,0,0,0,0,0,0,0,0,0,0,0,0,0,0,0,0,0,0,0,0,0,0,0,0,0,0,0,0,0,0,0,0,0,0,0,0,0,0,0,0,0,0,0,0,0,0,0,0,0,0,0,0,0,0,0,0,0,0,0,0,0,0,0,0,0,0,0,0,0,0,0,0,0,0,0,0,0,0,0,0,0,0,0,0,0,0,0,0,0,0,0,0,0,0,0,0,0,0,0,0,0,0,0,0,0,0
0.0601489562572118,0.00635686562467219,0.00551767544319731,0.00547571593412357,0.00700723801531522,0.00528689814329172,0.00614706807930347,0.00828700304206441,0.0106367355501941,0.00908423371446554,0.0103010594776041,0.00916815273261303,0.0117696422951851,0.0185880625196685,0.0174761355292143,0.0161124514843176,0.0183572852197629,0.0205391796915976,0.0157767754117277,0.0143081925941466,0.0230357704814854,0.0201195846008602,0.0189447183467953,0.0163642085387601,0.0246092520717508,0.0212315115913144,0.0233504667995384,0.0190915766285534,0.019490191964754,0.0224902968635267,0.0161124514843176,0.0160285324661701,0.0138466379943355,0.0125249134585125,0.012776670512955,0.0164691073114445,0.0159446134480227,0.0128815692856394,0.0119374803314801,0.0104688975138991,0.0151264030210847,0.0123151159131438,0.0108255533410259,0.0118116018042589,0.0124619741949019,0.0115388649952796,0.00734291408790517,0.00618902758837722,0.00730095457883143,0.00860169936011749,0.00688135948809399,0.00851778034197,0.00635686562467219,0.00600020979754537,0.00367145704395259,0.00413301164376377,0.00547571593412357,0.00505612084338613,0.0047833840344068,0.00467848526172244,0.00367145704395259,0.00415399139830064,0.00218189447183468,0.00283226686247771,0.00413301164376377,0.00348263925312074,0.00237071226266653,0.0018671981537816,0.0018671981537816,0.00184621839924473,0.00260148956257212,0.00234973250812965,0.00245463128081401,0.00180425889017099,0.0022448337354453,0.00153152208119165,0.00098604846323298,0.00065037239064303,0.00111192699045421,0.00100702821776985,0.00106996748138047,0.00098604846323298,0.000713311654253645,0.000503514108884926,0.000692331899716773,0.000692331899716773,0.00102800797230672,0.00065037239064303,0.000587433127032414,0.000356655827126823,0.000797230672401133,0.000293716563516207,0.000503514108884926,0.000482534354348054,0.000524493863421798,0.000608412881569286,0.000566453372495542,0.00106996748138047,0.000818210426938005,0.00054547361795867,0.000167838036294975,0.00054547361795867,0.000314696318053079,0.000587433127032414,0.00054547361795867,0.000587433127032414,0.000251757054442463,0.000293716563516207,0.000209797545368719,0.000230777299905591,0.000776250917864261,0.000797230672401133,0.000713311654253645,0.000734291408790517,0.000377635581663695,0.000293716563516207,0.000293716563516207,0.000566453372495542,0.000503514108884926,0.000965068708696108,0.000335676072589951,0.000293716563516207,0.000377635581663695,0.000209797545368719,0.000230777299905591,0.000398615336200566,0.000482534354348054,0.000734291408790517,0.000377635581663695,0.000461554599811182,0.000587433127032414,0.000293716563516207,0.00065037239064303,0.000692331899716773,0.00044057484527431,0.000188817790831847,0.00044057484527431,0.000629392636106158,0.00044057484527431,0.000881149690548621,0.000902129445085493,0.00113290674499108,0.000776250917864261,0.00044057484527431,0.000944088954159236,0.000356655827126823,0.000251757054442463,0.00102800797230672,0.000671352145179901,0.00121682576313857,0.000818210426938005,0.000629392636106158,0.000734291408790517,0.00142662330850729,0.000944088954159236,0.000734291408790517,0.0011958460086017,0.000818210426938005,0.00109094723591734,0.0011958460086017,0.00132172453582293,0.000755271163327389,0.000629392636106158,0.00169936011748663,0.000671352145179901,0.000692331899716773,0.000734291408790517,0.000881149690548621,0.000608412881569286,0.000608412881569286,0.00102800797230672,0.000755271163327389,0.000671352145179901,0.000860169936011749,0.000860169936011749,0.00161544109933914,0.00130074478128606,0.000734291408790517,0.000482534354348054,0.000860169936011749,0.00132172453582293,0.00100702821776985,0.00111192699045421,0.000566453372495542,0.000608412881569286,0.000902129445085493,0.000566453372495542,0.00065037239064303,0.000482534354348054,0.000587433127032414,0.00054547361795867,0.000671352145179901,0.000566453372495542,0.0011958460086017,0.000755271163327389,0.000839190181474877,0.000566453372495542,0.00044057484527431,0.000524493863421798,0.000587433127032414,0.000356655827126823,0.000335676072589951,0.000293716563516207,0.000230777299905591,0.000272736808979335,0.000377635581663695,0.00065037239064303,0.000524493863421798,0.00044057484527431,0.000230777299905591,0.000251757054442463,8.39190181474877e-05,8.39190181474877e-05,8.39190181474877e-05,0.000188817790831847,0.000167838036294975,0.000251757054442463,0.000293716563516207,0.000524493863421798,0.000230777299905591,0.000272736808979335,0.000314696318053079,0.000167838036294975,0.000776250917864261,0.000125878527221232,0.000272736808979335,0.000356655827126823,0.000377635581663695,0.000251757054442463,6.29392636106158e-05,0.000209797545368719,6.29392636106158e-05,0.000209797545368719,0.000209797545368719,0.000587433127032414,0.000272736808979335,0.000209797545368719,0.000293716563516207,0.000167838036294975,0.000293716563516207,0.00054547361795867,0.000335676072589951,0.000251757054442463,0.000335676072589951,0.000314696318053079,0.000419595090737438,0.000335676072589951,0.000230777299905591,0.000335676072589951,0.000377635581663695,0.000230777299905591,0.000461554599811182,0.000461554599811182,0.000293716563516207,0.00010489877268436,0.000377635581663695,0.000377635581663695,0.000272736808979335,0.000230777299905591,0.00044057484527431,0.000356655827126823,0.000230777299905591,0.000272736808979335,0.000272736808979335,0.000713311654253645,0.000251757054442463,0.000608412881569286,0.000566453372495542,0.000524493863421798,0.000461554599811182,0.000146858281758103,0.000251757054442463,0.000230777299905591,0.000524493863421798,0.000629392636106158,0.000461554599811182,0.000209797545368719,0.00065037239064303,0.000461554599811182,0.000293716563516207,0.000671352145179901,0.000335676072589951,0.000818210426938005,0.000335676072589951,0.00065037239064303,0.000293716563516207,0.000419595090737438,0.000566453372495542,0.000671352145179901,0.00098604846323298,0.000587433127032414,0.00102800797230672,0.000419595090737438,0.000692331899716773,0.000608412881569286,0.000314696318053079,0.00098604846323298,0.000398615336200566,0.000524493863421798,0.000251757054442463,0.00113290674499108,0.000566453372495542,0.000608412881569286,0.000461554599811182,0.00054547361795867,0.000566453372495542,0.000839190181474877,0.000608412881569286,0.000776250917864261,0.00098604846323298,0.000629392636106158,0.00100702821776985,0.000629392636106158,0.00115388649952796,0.000818210426938005,0.000839190181474877,0.000671352145179901,0.000692331899716773,0.000482534354348054,0.000398615336200566,0.000524493863421798,0.000902129445085493,0.000818210426938005,0.00111192699045421,0.000566453372495542,0.000713311654253645,0.000524493863421798,0.00065037239064303,0.000860169936011749,0.00102800797230672,0.00130074478128606,0.000587433127032414,0.000608412881569286,0.000797230672401133,0.000902129445085493,0.00065037239064303,0.000839190181474877,0.000776250917864261,0.000860169936011749,0.00044057484527431,0.000797230672401133,0.00125878527221232,0.00140564355397042,0.000398615336200566,0.000818210426938005,0.000965068708696108,0.00054547361795867,0.00054547361795867,0.000692331899716773,0.000587433127032414,0.000608412881569286,0.000524493863421798,0.000692331899716773,0.000839190181474877,0.000860169936011749,0.000629392636106158,0.000461554599811182,0.000776250917864261,0.000377635581663695,0.000461554599811182,0.000377635581663695,0.000419595090737438,0.000419595090737438,0.000314696318053079,0.00054547361795867,0.000314696318053079,0.000272736808979335,0.000398615336200566,0.000377635581663695,0.000356655827126823,0.00010489877268436,0.000272736808979335,0.000209797545368719,0.00044057484527431,0.000209797545368719,0.000167838036294975,0.000335676072589951,0.000566453372495542,0.000251757054442463,6.29392636106158e-05,4.19595090737438e-05,0.000272736808979335,0.000146858281758103,0.000146858281758103,0.000188817790831847,0.000146858281758103,0.000230777299905591,2.09797545368719e-05,4.19595090737438e-05,0,0.000125878527221232,2.09797545368719e-05,0,2.09797545368719e-05,0,0,2.09797545368719e-05,0,0,0,0,0,0,0,0,0,0,0,0,0,0,0,0,0,0,0,0,0,0,0,0,0,0,0,0,0,0,0,0,0,0,0,0,0,0,0,0,0,0,0,0,0,0,0,0,0,0,0,0,0,0,0,0,0,0,0,0,0,0,0,0,0,0,0,0,0,0,0,0,0,0,0,0,0,0,0,0,0,0,0,0,0,0,0,0,0,0,0,0,0,0,0,0,0,0,0,0,0,0,0,0,0,0,0,0,0,0,0,0,0,0,0,0,0,0,0,0,0,0,0,0,0,0,0,0,0,0,0,0,0,0,0,0,0,0,0,0,0,0,0,0,0,0,0,0,0,0,0,0,0,0,0,0,0,0,0,0,0,0
0.0544125775348523,0.0114229564576552,0.00816802800466744,0.0088435791930234,0.00601854695080759,0.00743106307191549,0.0160904010317509,0.0120985076460112,0.0169501934532948,0.0204507768838666,0.0195909844623227,0.014493643677455,0.0175029171528588,0.0213719830498065,0.0208806730946386,0.0220475342381625,0.0194067432291347,0.0176871583860468,0.014309402444267,0.0163974697537309,0.0163974697537309,0.0187926057851747,0.0175029171528588,0.0165202972425229,0.0171344346864828,0.0119142664128232,0.0166431247313149,0.014862126143831,0.0132039550451391,0.0124055763679912,0.0116686114352392,0.0115457839464472,0.0101332678253393,0.00896640668181539,0.00970337161456734,0.0103789228029233,0.0073696493275195,0.00945771663698336,0.00896640668181539,0.00915064791500338,0.00921206165939937,0.00718540809433151,0.00927347540379537,0.00712399434993552,0.00693975311674753,0.00632561567278757,0.00663268439476755,0.00509734078486765,0.00865933795983541,0.00810661426027145,0.00577289197322361,0.00577289197322361,0.00693975311674753,0.00601854695080759,0.00565006448443162,0.00571147822882761,0.0028864459866118,0.00460603082969969,0.00460603082969969,0.00804520051587545,0.00908923417060738,0.0059571332064116,0.00706258060553952,0.0088435791930234,0.00491309955167967,0.00485168580728367,0.00491309955167967,0.00638702941718357,0.00528158201805564,0.0073082355831235,0.00663268439476755,0.00804520051587545,0.00915064791500338,0.00853651047104342,0.00540440950684763,0.00798378677147946,0.00534299576245164,0.00368482466375975,0.00663268439476755,0.00411472087453172,0.00528158201805564,0.00417613461892772,0.00374623840815575,0.00313210096419579,0.00343916968617577,0.0029478597310078,0.00417613461892772,0.00343916968617577,0.00214948105385985,0.00257937726463182,0.00159675735429589,0.00208806730946386,0.0015353436098999,0.000982619910335933,0.000798378677147946,0.00104403365473193,0.000429896210771971,0.00116686114352392,0.000245654977583983,0.00073696493275195,0.000859792421543942,0.000368482466375975,0.000614137443959958,0.000614137443959958,0.000184241233187987,0,0.000307068721979979,0.000552723699563962,0.00116686114352392,0.000798378677147946,0.000368482466375975,0.000245654977583983,0.000122827488791992,0.000184241233187987,0.000245654977583983,0.000245654977583983,6.14137443959958e-05,0.000122827488791992,0.000307068721979979,6.14137443959958e-05,0.000245654977583983,0.000368482466375975,6.14137443959958e-05,0.000368482466375975,0.000368482466375975,0.000307068721979979,0.000368482466375975,0.000122827488791992,0.000184241233187987,0.000184241233187987,0.00104403365473193,0.000184241233187987,6.14137443959958e-05,0.000245654977583983,0.000307068721979979,0.000184241233187987,0.000245654977583983,0.000368482466375975,0,0.000184241233187987,0.000307068721979979,0.000184241233187987,6.14137443959958e-05,0.000184241233187987,0,0.000122827488791992,0.000184241233187987,0.000184241233187987,6.14137443959958e-05,0.000184241233187987,0.000245654977583983,0.000184241233187987,6.14137443959958e-05,0,0.000614137443959958,0.000491309955167967,0.000184241233187987,0.000245654977583983,0.000307068721979979,0.000307068721979979,0,0.000307068721979979,0.000245654977583983,0,0.000122827488791992,0,0.000122827488791992,0.000184241233187987,6.14137443959958e-05,0.000122827488791992,0.000245654977583983,0.000184241233187987,0.000122827488791992,0.000245654977583983,0.000122827488791992,0.000184241233187987,0,0,6.14137443959958e-05,0,0.000184241233187987,0.000184241233187987,0.000122827488791992,6.14137443959958e-05,6.14137443959958e-05,6.14137443959958e-05,6.14137443959958e-05,0.000675551188355954,0.000184241233187987,0,0.000184241233187987,6.14137443959958e-05,0.000184241233187987,0.000245654977583983,0.000491309955167967,0.000122827488791992,0,6.14137443959958e-05,0.000245654977583983,0.000184241233187987,0,0.000122827488791992,6.14137443959958e-05,0.000245654977583983,0.000122827488791992,0.000307068721979979,0.000491309955167967,0.000307068721979979,0.000245654977583983,0.000184241233187987,0.000184241233187987,0.000307068721979979,6.14137443959958e-05,0.000122827488791992,6.14137443959958e-05,0.000122827488791992,0,0.000245654977583983,0,0.000307068721979979,0.000122827488791992,0.000184241233187987,0.000245654977583983,0.000307068721979979,6.14137443959958e-05,0,0,6.14137443959958e-05,0,0,6.14137443959958e-05,0,0.000307068721979979,0.000245654977583983,0,0,0,0,0,0,6.14137443959958e-05,0.000184241233187987,6.14137443959958e-05,6.14137443959958e-05,0.000122827488791992,6.14137443959958e-05,0,0.000307068721979979,0.000122827488791992,0.000552723699563962,0.00122827488791992,0.000491309955167967,0.000184241233187987,0.000307068721979979,0.000245654977583983,0.000184241233187987,6.14137443959958e-05,0.000122827488791992,6.14137443959958e-05,0.000122827488791992,0,0.000122827488791992,0,6.14137443959958e-05,0,0,0.000245654977583983,6.14137443959958e-05,0.000798378677147946,0.000491309955167967,0.000184241233187987,0.000184241233187987,6.14137443959958e-05,0.000122827488791992,0.000184241233187987,0.000491309955167967,0.000368482466375975,0.000122827488791992,0.000368482466375975,6.14137443959958e-05,0.000368482466375975,0,0,6.14137443959958e-05,0,0.000552723699563962,0.000122827488791992,0.000429896210771971,0.000982619910335933,0.000184241233187987,6.14137443959958e-05,0.000122827488791992,6.14137443959958e-05,0.000491309955167967,0.000307068721979979,0.000184241233187987,0.000184241233187987,6.14137443959958e-05,0.000307068721979979,0.000245654977583983,0.000245654977583983,0.000122827488791992,0.000245654977583983,0.000307068721979979,0.000552723699563962,0.000307068721979979,0.00104403365473193,0.000614137443959958,0.000429896210771971,0.000921206165939937,0.00104403365473193,0.000614137443959958,0.00073696493275195,0.00104403365473193,0.00073696493275195,0.000614137443959958,0.00165817109869189,0.000982619910335933,0.00214948105385985,0.000921206165939937,0.000675551188355954,0.000982619910335933,0.0015353436098999,0.00116686114352392,0.00128968863231591,0.0028864459866118,0.00270220475342382,0.00104403365473193,0.000614137443959958,0.000245654977583983,0.000184241233187987,0.000921206165939937,0.000614137443959958,0.000184241233187987,0.000122827488791992,0.000429896210771971,0.00073696493275195,0.000307068721979979,0.000122827488791992,0.000245654977583983,0.000368482466375975,0.000798378677147946,6.14137443959958e-05,0.000245654977583983,0.00073696493275195,6.14137443959958e-05,6.14137443959958e-05,0.000307068721979979,0.000184241233187987,0.000368482466375975,0.000614137443959958,0.000184241233187987,6.14137443959958e-05,0.000307068721979979,0.000245654977583983,0.000184241233187987,0.000307068721979979,0.000368482466375975,6.14137443959958e-05,0.000122827488791992,0.000122827488791992,6.14137443959958e-05,0.000184241233187987,0.000614137443959958,0.000184241233187987,0.000122827488791992,0.000245654977583983,0.000184241233187987,0.000368482466375975,0.000122827488791992,0.000429896210771971,0.00073696493275195,0.000122827488791992,0.000859792421543942,0.00116686114352392,0.000245654977583983,0.000614137443959958,0.000675551188355954,0.000245654977583983,6.14137443959958e-05,0.000429896210771971,0.000245654977583983,0.000184241233187987,0.000368482466375975,0.000552723699563962,0.000429896210771971,0,0.000307068721979979,0,0.000122827488791992,6.14137443959958e-05,0.000122827488791992,0.000245654977583983,0.000552723699563962,0.000122827488791992,0.000122827488791992,0.000429896210771971,0.000245654977583983,0.000429896210771971,0,0,0.000307068721979979,0.000368482466375975,6.14137443959958e-05,0,6.14137443959958e-05,0.000491309955167967,6.14137443959958e-05,0.000184241233187987,0,0.000122827488791992,0.000307068721979979,0.000491309955167967,6.14137443959958e-05,6.14137443959958e-05,0.000122827488791992,0,0,0.000368482466375975,0,0.000184241233187987,0.000184241233187987,0,6.14137443959958e-05,0,0.000122827488791992,0.000245654977583983,0,6.14137443959958e-05,6.14137443959958e-05,6.14137443959958e-05,0,0,0,0,0,0,0,0,0,0,0,0,0,0,0,0,0,0,0,0,0,0,0,0,0,0,0,0,0,0,0,0,0,0,0,0,0,0,0,0,0,0,0,0,0,0,0,0,0,0,0,0,0,0,0,0,0,0,0,0,0,0,0,0,0,0,0,0,0,0,0,0,0,0,0,0,0,0,0,0,0,0,0,0,0,0,0,0,0,0,0,0,0,0,0,0,0,0,0,0,0,0,0,0,0,0,0,0,0,0,0,0,0,0,0,0,0,0,0,0,0,0,0,0,0,0,0,0
0.0611741199976494,0.0113415995768937,0.00793324322736087,0.00763941940412529,0.00669918316977141,0.00981371569606864,0.014514896867838,0.019509901862843,0.0208027266850796,0.021978021978022,0.0210377857436681,0.0169242522183699,0.0196861961567844,0.0216841981547864,0.0218017276840806,0.0249162602103779,0.0290297937356761,0.025503907856849,0.0201563142739613,0.0195686666274902,0.0196861961567844,0.0192748428042546,0.0220955515073162,0.0161015455133102,0.0208027266850796,0.0176294293941353,0.0209202562143739,0.0250337897396721,0.0238584944467297,0.0222718458012576,0.0163366045718987,0.0205676676264912,0.019509901862843,0.0128694834577188,0.0167479579244285,0.018510900863842,0.0122230710466005,0.0126344243991303,0.0121055415173062,0.0116354234001293,0.0145736616324852,0.0153376035728977,0.014985014985015,0.0114003643415408,0.0076981841687724,0.0101075395193042,0.00775694893341952,0.00840336134453781,0.0121643062819533,0.0122230710466005,0.00816830228594934,0.00705177175765411,0.00981371569606864,0.00640535934653582,0.00605277075865311,0.00546512311218194,0.00276194393841453,0.00387847446670976,0.00611153552330023,0.00875594993242052,0.00722806605159546,0.00493624023035788,0.00552388787682905,0.00423106305459247,0.00264441440912029,0.00282070870306164,0.00305576776165011,0.00411353352529823,0.00264441440912029,0.00423106305459247,0.00346712111417994,0.00293823823235588,0.00252688487982606,0.00211553152729623,0.000763941940412529,0.000940236234353881,0.000705177175765411,0.000587647646471176,0.000940236234353881,0.000293823823235588,0.000763941940412529,0.000293823823235588,0.000352588587882706,5.87647646471176e-05,5.87647646471176e-05,0.000117529529294235,0,0,0,0,0,0,0,0,0,0,0,0,0,0,0,0,0,0,0,0,0,0,0,0,0,0,0,0,0,0,0,0,0,0,0,0,0,0,0,0,0,0,0,0,0,0,0,0,0,0,0,0,0,0,0,0,0,0,0,0,0,0,0,0,0,0,0,0,0,0,0,0,0,0,0,0,0,0,0,0,0,0,0,0,0,0,0,0,0,0,0,0,0,0,0,0,0,0,0,0,0,0,0,0,0,0,0,0,0,0,0,0,0,0,0,0,0,0,0,0,0,0,0,0,0,0,0,0,0,0,0,0,0,0,0,0,0,0,0,0,0,0,0,0,0,0,0,0,0,0,0,0,0,0,0,0,0,0,0,0,0,0,0,0,0,0,0,0,0,0,0,0,0,0,0,0,0,0,0,0,0,0,0,0,0,0,0,0,0,0,0,0,0,0,0,0,0,0,0,0,0,0,0,0,0,0,0,0,0,0,0,0,0,0,0,0,0,0,0,0,0,0,0,0,0,0,0,0,0,0,0,0,0,0,0,0,0,0,0,0,0,0,0,0,0,0,0,0,0,0,0,0,0,0,0,0,0,0,0,0,0,0,0,0,0,0,0,0,0,0,0,0,0,0,0,0,0,0,0,0,0,0,0,0,0,0,0,0,0,0,0,0,0,0,0,0,0,0,0,0,0,0,0,0,0,0,0,0,0,0,0,0,0,0,0,0,0,0,0,0,0,0,0,0,0,0,0,0,0,0,0,0,0,0,0,0,0,0,0,0,0,0,0,0,0,0,0,0,0,0,0,0,0,0,0,0,0,0,0,0,0,0,0,0,0,0,0,0,0,0,0,0,0,0,0,0,0,0,0,0,0,0,0,0,0,0,0,0,0,0,0,0,0,0,0,0,0,0,0,0,0,0,0,0,0,0,0,0,0,0,0,0,0,0,0,0,0,0,0,0,0,0,0,0,0,0,0,0,0,0,0,0,0,0,0,0,0,0,0,0,0,0,0,0,0,0,0,0,0,0,0,0,0,0,0,0,0,0,0,0,0,0,0,0,0,0,0,0,0,0,0,0,0
0.0615711252653928,0.0111464968152866,0.00843359282849729,0.00778485491861288,0.0074899740504836,0.0113234253361642,0.0139183769757018,0.0201108752064166,0.0168082094833687,0.0212903986789337,0.0258315640481246,0.0139183769757018,0.0168671856569946,0.0166312809624912,0.0200518990327908,0.024003302665723,0.0294880868129276,0.0282495871667846,0.0239443264920972,0.0223519698041991,0.0212903986789337,0.0181646614767634,0.0236494456239679,0.0218211842415664,0.0224699221514508,0.0173979712196273,0.0231186600613352,0.026067468742628,0.025654635527247,0.0253597546591177,0.0166312809624912,0.0181056853031375,0.0127978296768106,0.0141542816702052,0.0205237084217976,0.0204057560745459,0.0131516867185657,0.0148619957537155,0.0195211134701581,0.0148030195800896,0.0168671856569946,0.0154517574899741,0.0162184477471102,0.0105567350790281,0.008551545175749,0.0123849964614296,0.00843359282849729,0.00784383109223873,0.00636942675159236,0.00731304552960604,0.00925925925925926,0.00902335456475584,0.00937721160651097,0.0106157112526539,0.0068412361405992,0.00878744987025242,0.00642840292521821,0.0063104505779665,0.00306676102854447,0.00489502241094598,0.00577966501533381,0.00448218919556499,0.00218211842415664,0.00106157112526539,0.00123849964614296,0.00153338051427223,0.0011795234725171,0.00135645199339467,0.00176928520877565,0.00100259495163954,0.000176928520877565,0.000589761736258552,0.000294880868129276,0,0.000235904694503421,5.89761736258552e-05,0.00106157112526539,0.00011795234725171,5.89761736258552e-05,0,0,0,5.89761736258552e-05,0,0,0,0,0,0,0,0,0,0,0,0,0,0,0,0,0,0,0,0,0,0,0,0,0,0,0,0,0,0,0,0,0,0,0,0,0,0,0,0,0,0,0,0,0,0,0,0,0,0,0,0,0,0,0,0,0,0,0,0,0,0,0,0,0,0,0,0,0,0,0,0,0,0,0,0,0,0,0,0,0,0,0,0,0,0,0,0,0,0,0,0,0,0,0,0,0,0,0,0,0,0,0,0,0,0,0,0,0,0,0,0,0,0,0,0,0,0,0,0,0,0,0,0,0,0,0,0,0,0,0,0,0,0,0,0,0,0,0,0,0,0,0,0,0,0,0,0,0,0,0,0,0,0,0,0,0,0,0,0,0,0,0,0,0,0,0,0,0,0,0,0,0,0,0,0,0,0,0,0,0,0,0,0,0,0,0,0,0,0,0,0,0,0,0,0,0,0,0,0,0,0,0,0,0,0,0,0,0,0,0,0,0,0,0,0,0,0,0,0,0,0,0,0,0,0,0,0,0,0,0,0,0,0,0,0,0,0,0,0,0,0,0,0,0,0,0,0,0,0,0,0,0,0,0,0,0,0,0,0,0,0,0,0,0,0,0,0,0,0,0,0,0,0,0,0,0,0,0,0,0,0,0,0,0,0,0,0,0,0,0,0,0,0,0,0,0,0,0,0,0,0,0,0,0,0,0,0,0,0,0,0,0,0,0,0,0,0,0,0,0,0,0,0,0,0,0,0,0,0,0,0,0,0,0,0,0,0,0,0,0,0,0,0,0,0,0,0,0,0,0,0,0,0,0,0,0,0,0,0,0,0,0,0,0,0,0,0,0,0,0,0,0,0,0,0,0,0,0,0,0,0,0,0,0,0,0,0,0,0,0,0,0,0,0,0,0,0,0,0,0,0,0,0,0,0,0,0,0,0,0,0,0,0,0,0,0,0,0,0,0,0,0,0,0,0,0,0,0,0,0,0,0,0,0,0,0,0,0,0,0,0,0,0,0,0,0,0,0,0,0,0,0,0,0,0,0,0,0,0,0,0,0,0,0,0,0,0,0,0,0,0,0,0,0,0
0.0663565708902496,0.00983278379651437,0.00653556288271314,0.00800753650494583,0.00953838907206783,0.0146019783325483,0.0209609043805935,0.0287329251059821,0.0241992463495054,0.0254945831370702,0.030440414507772,0.0250235515779557,0.0259067357512953,0.0300871408384362,0.0301460197833255,0.0282618935468676,0.0337965143664626,0.0317357512953368,0.0318535091851154,0.0280263777673104,0.0271431935939708,0.02890956194065,0.0273198304286387,0.0239637305699482,0.0225506358926048,0.0211375412152614,0.028144135657089,0.0248469147432878,0.0299105040037683,0.0200777202072539,0.0164861045690061,0.0199599623174753,0.0148374941121055,0.0156617993405558,0.015131888836552,0.0117169100329722,0.0149552520018841,0.0154851625058879,0.0135421573245407,0.00942063118228921,0.00989166274140367,0.00724211022138483,0.00947951012717852,0.00771314178049929,0.00453367875647668,0.00953838907206783,0.00794865756005652,0.00671219971738106,0.00282618935468676,0.00335609985869053,0.00294394724446538,0.00577013659915214,0.002296278850683,0.00141309467734338,0.00147197362223269,0.00176636834667923,0.000942063118228921,0.000353273669335846,0.000294394724446538,0.000529910504003768,0.00105982100800754,0.000588789448893076,0.000353273669335846,0.00023551577955723,0,0,0,0,0,0,0,0,0,0,0,0,0,0,0,0,0,0,0,0,0,0,0,0,0,0,0,0,0,0,0,0,0,0,0,0,0,0,0,0,0,0,0,0,0,0,0,0,0,0,0,0,0,0,0,0,0,0,0,0,0,0,0,0,0,0,0,0,0,0,0,0,0,0,0,0,0,0,0,0,0,0,0,0,0,0,0,0,0,0,0,0,0,0,0,0,0,0,0,0,0,0,0,0,0,0,0,0,0,0,0,0,0,0,0,0,0,0,0,0,0,0,0,0,0,0,0,0,0,0,0,0,0,0,0,0,0,0,0,0,0,0,0,0,0,0,0,0,0,0,0,0,0,0,0,0,0,0,0,0,0,0,0,0,0,0,0,0,0,0,0,0,0,0,0,0,0,0,0,0,0,0,0,0,0,0,0,0,0,0,0,0,0,0,0,0,0,0,0,0,0,0,0,0,0,0,0,0,0,0,0,0,0,0,0,0,0,0,0,0,0,0,0,0,0,0,0,0,0,0,0,0,0,0,0,0,0,0,0,0,0,0,0,0,0,0,0,0,0,0,0,0,0,0,0,0,0,0,0,0,0,0,0,0,0,0,0,0,0,0,0,0,0,0,0,0,0,0,0,0,0,0,0,0,0,0,0,0,0,0,0,0,0,0,0,0,0,0,0,0,0,0,0,0,0,0,0,0,0,0,0,0,0,0,0,0,0,0,0,0,0,0,0,0,0,0,0,0,0,0,0,0,0,0,0,0,0,0,0,0,0,0,0,0,0,0,0,0,0,0,0,0,0,0,0,0,0,0,0,0,0,0,0,0,0,0,0,0,0,0,0,0,0,0,0,0,0,0,0,0,0,0,0,0,0,0,0,0,0,0,0,0,0,0,0,0,0,0,0,0,0,0,0,0,0,0,0,0,0,0,0,0,0,0,0,0,0,0,0,0,0,0,0,0,0,0,0,0,0,0,0,0,0,0,0,0,0,0,0,0,0,0,0,0,0,0,0,0,0,0,0,0,0,0,0,0,0,0,0,0,0,0,0,0,0,0,0,0,0,0,0,0,0,0,0,0,0,0,0,0,0,0,0,0,0,0,0,0,0,0,0,0,0,0,0
0.0675039246467818,0.0129984301412873,0.00992150706436421,0.0120565149136578,0.0145054945054945,0.0222291993720565,0.0286342229199372,0.0273783359497645,0.0261852433281005,0.0253061224489796,0.0311459968602826,0.033469387755102,0.0440816326530612,0.0437048665620094,0.0391208791208791,0.0366091051805338,0.0313971742543171,0.0275667189952904,0.0328414442700157,0.0308320251177394,0.0326530612244898,0.030392464678179,0.0313971742543171,0.0244270015698587,0.0210989010989011,0.0210989010989011,0.021978021978022,0.0185871271585557,0.0194662480376766,0.0153846153846154,0.0172684458398744,0.0135007849293564,0.0137519623233909,0.0156985871271586,0.013563579277865,0.0111773940345369,0.00835164835164835,0.00979591836734694,0.0105494505494505,0.00703296703296703,0.0102354788069074,0.00740973312401884,0.00897959183673469,0.00923076923076923,0.00263736263736264,0.00288854003139717,0.00169544740973312,0.00113029827315542,0.00113029827315542,0,0,0,0,0,0,0,0,0,0,0,0,0,0,0,0,0,0,0,0,0,0,0,0,0,0,0,0,0,0,0,0,0,0,0,0,0,0,0,0,0,0,0,0,0,0,0,0,0,0,0,0,0,0,0,0,0,0,0,0,0,0,0,0,0,0,0,0,0,0,0,0,0,0,0,0,0,0,0,0,0,0,0,0,0,0,0,0,0,0,0,0,0,0,0,0,0,0,0,0,0,0,0,0,0,0,0,0,0,0,0,0,0,0,0,0,0,0,0,0,0,0,0,0,0,0,0,0,0,0,0,0,0,0,0,0,0,0,0,0,0,0,0,0,0,0,0,0,0,0,0,0,0,0,0,0,0,0,0,0,0,0,0,0,0,0,0,0,0,0,0,0,0,0,0,0,0,0,0,0,0,0,0,0,0,0,0,0,0,0,0,0,0,0,0,0,0,0,0,0,0,0,0,0,0,0,0,0,0,0,0,0,0,0,0,0,0,0,0,0,0,0,0,0,0,0,0,0,0,0,0,0,0,0,0,0,0,0,0,0,0,0,0,0,0,0,0,0,0,0,0,0,0,0,0,0,0,0,0,0,0,0,0,0,0,0,0,0,0,0,0,0,0,0,0,0,0,0,0,0,0,0,0,0,0,0,0,0,0,0,0,0,0,0,0,0,0,0,0,0,0,0,0,0,0,0,0,0,0,0,0,0,0,0,0,0,0,0,0,0,0,0,0,0,0,0,0,0,0,0,0,0,0,0,0,0,0,0,0,0,0,0,0,0,0,0,0,0,0,0,0,0,0,0,0,0,0,0,0,0,0,0,0,0,0,0,0,0,0,0,0,0,0,0,0,0,0,0,0,0,0,0,0,0,0,0,0,0,0,0,0,0,0,0,0,0,0,0,0,0,0,0,0,0,0,0,0,0,0,0,0,0,0,0,0,0,0,0,0,0,0,0,0,0,0,0,0,0,0,0,0,0,0,0,0,0,0,0,0,0,0,0,0,0,0,0,0,0,0,0,0,0,0,0,0,0,0,0,0,0,0,0,0,0,0,0,0,0,0,0,0,0,0,0,0,0,0,0,0,0,0,0,0,0,0,0,0,0,0,0,0,0,0,0,0,0,0,0,0,0,0,0,0,0,0,0,0,0,0,0
0.0751789258435075,0.0267636976002887,0.0222529620496782,0.0175016539363686,0.0299512840560534,0.033800445059241,0.0333794430745174,0.037830035484453,0.0323570096830456,0.0286882781018825,0.0315751488542732,0.0352438804354363,0.0386720394539003,0.0348228784507127,0.0454080712094786,0.0343417333253142,0.0329584410897937,0.0303121429001022,0.0318157214169724,0.023576111144524,0.0310940037288747,0.0222529620496782,0.0315751488542732,0.0303722860407771,0.0279665604137848,0.0323570096830456,0.019847236422686,0.0184038010464906,0.0180429422024418,0.0161785048415228,0.0113069104468635,0.00884104167919649,0.0079990377097492,0.00541288266073254,0.00463102183196006,0.00679617489625308,0.00637517291152944,0.00619474348950502,0.00631502977085463,0.00721717688097672,0.00252601190834185,0.00120286281349612,0.000421001984723642,0.000240572562699224,0,0,0,0,0,0,0,0,0,0,0,0,0,0,0,0,0,0,0,0,0,0,0,0,0,0,0,0,0,0,0,0,0,0,0,0,0,0,0,0,0,0,0,0,0,0,0,0,0,0,0,0,0,0,0,0,0,0,0,0,0,0,0,0,0,0,0,0,0,0,0,0,0,0,0,0,0,0,0,0,0,0,0,0,0,0,0,0,0,0,0,0,0,0,0,0,0,0,0,0,0,0,0,0,0,0,0,0,0,0,0,0,0,0,0,0,0,0,0,0,0,0,0,0,0,0,0,0,0,0,0,0,0,0,0,0,0,0,0,0,0,0,0,0,0,0,0,0,0,0,0,0,0,0,0,0,0,0,0,0,0,0,0,0,0,0,0,0,0,0,0,0,0,0,0,0,0,0,0,0,0,0,0,0,0,0,0,0,0,0,0,0,0,0,0,0,0,0,0,0,0,0,0,0,0,0,0,0,0,0,0,0,0,0,0,0,0,0,0,0,0,0,0,0,0,0,0,0,0,0,0,0,0,0,0,0,0,0,0,0,0,0,0,0,0,0,0,0,0,0,0,0,0,0,0,0,0,0,0,0,0,0,0,0,0,0,0,0,0,0,0,0,0,0,0,0,0,0,0,0,0,0,0,0,0,0,0,0,0,0,0,0,0,0,0,0,0,0,0,0,0,0,0,0,0,0,0,0,0,0,0,0,0,0,0,0,0,0,0,0,0,0,0,0,0,0,0,0,0,0,0,0,0,0,0,0,0,0,0,0,0,0,0,0,0,0,0,0,0,0,0,0,0,0,0,0,0,0,0,0,0,0,0,0,0,0,0,0,0,0,0,0,0,0,0,0,0,0,0,0,0,0,0,0,0,0,0,0,0,0,0,0,0,0,0,0,0,0,0,0,0,0,0,0,0,0,0,0,0,0,0,0,0,0,0,0,0,0,0,0,0,0,0,0,0,0,0,0,0,0,0,0,0,0,0,0,0,0,0,0,0,0,0,0,0,0,0,0,0,0,0,0,0,0,0,0,0,0,0,0,0,0,0,0,0,0,0,0,0,0,0,0,0,0,0,0,0,0,0,0,0,0,0,0,0,0,0,0,0,0,0,0,0,0,0,0,0,0,0,0,0,0,0,0,0,0,0,0,0,0,0,0,0,0,0
0.0662573844549983,0.020792308583343,0.0198656318776787,0.0198656318776787,0.0228194138769837,0.0228773311710877,0.0244410981118962,0.0335920305803313,0.0322020155218348,0.038804587049693,0.0348082937565157,0.0368353990501564,0.044538399165991,0.0497509556353527,0.0375304065794046,0.0429167149310784,0.0474342638711919,0.041526699872582,0.0510830533997452,0.0370091509324684,0.0283794741109695,0.0340553689331634,0.0255415266998726,0.0217769025831113,0.0189968724661184,0.0165643461137496,0.0175489401135179,0.0163905942314375,0.015000579172941,0.0162168423491254,0.0140739024672767,0.00949843623305919,0.00793466929225067,0.00660257152785822,0.00440171435190548,0.00561797752808989,0.00509672188115371,0.00324336846982509,0.00173751882312058,0.00283794741109695,0.00220085717595274,0.00104251129387235,0.000231669176416078,5.79172941040195e-05,0,0,0,0,0,0,0,0,0,0,0,0,0,0,0,0,0,0,0,0,0,0,0,0,0,0,0,0,0,0,0,0,0,0,0,0,0,0,0,0,0,0,0,0,0,0,0,0,0,0,0,0,0,0,0,0,0,0,0,0,0,0,0,0,0,0,0,0,0,0,0,0,0,0,0,0,0,0,0,0,0,0,0,0,0,0,0,0,0,0,0,0,0,0,0,0,0,0,0,0,0,0,0,0,0,0,0,0,0,0,0,0,0,0,0,0,0,0,0,0,0,0,0,0,0,0,0,0,0,0,0,0,0,0,0,0,0,0,0,0,0,0,0,0,0,0,0,0,0,0,0,0,0,0,0,0,0,0,0,0,0,0,0,0,0,0,0,0,0,0,0,0,0,0,0,0,0,0,0,0,0,0,0,0,0,0,0,0,0,0,0,0,0,0,0,0,0,0,0,0,0,0,0,0,0,0,0,0,0,0,0,0,0,0,0,0,0,0,0,0,0,0,0,0,0,0,0,0,0,0,0,0,0,0,0,0,0,0,0,0,0,0,0,0,0,0,0,0,0,0,0,0,0,0,0,0,0,0,0,0,0,0,0,0,0,0,0,0,0,0,0,0,0,0,0,0,0,0,0,0,0,0,0,0,0,0,0,0,0,0,0,0,0,0,0,0,0,0,0,0,0,0,0,0,0,0,0,0,0,0,0,0,0,0,0,0,0,0,0,0,0,0,0,0,0,0,0,0,0,0,0,0,0,0,0,0,0,0,0,0,0,0,0,0,0,0,0,0,0,0,0,0,0,0,0,0,0,0,0,0,0,0,0,0,0,0,0,0,0,0,0,0,0,0,0,0,0,0,0,0,0,0,0,0,0,0,0,0,0,0,0,0,0,0,0,0,0,0,0,0,0,0,0,0,0,0,0,0,0,0,0,0,0,0,0,0,0,0,0,0,0,0,0,0,0,0,0,0,0,0,0,0,0,0,0,0,0,0,0,0,0,0,0,0,0,0,0,0,0,0,0,0,0,0,0,0,0,0,0,0,0,0,0,0,0,0,0,0,0,0,0,0,0,0,0,0,0,0,0,0,0,0,0,0,0,0,0,0,0,0,0,0,0,0,0,0,0,0,0,0,0,0,0,0,0,0,0,0,0,0,0,0,0,0,0
0.0659166920036485,0.0155062328975372,0.0218911523259349,0.0261477652782001,0.0346001824262694,0.0313773183338401,0.0418364244451201,0.0465186986926117,0.0417148069321982,0.0444512009729401,0.0411067193675889,0.0460930373973852,0.0460322286409243,0.0403162055335968,0.0508969291577987,0.0372757677105503,0.0350866524779568,0.0355731225296443,0.0406810580723624,0.0310124657950745,0.0214046822742475,0.0275463666768015,0.022681666159927,0.0216479173000912,0.0111888111888112,0.0116144724840377,0.0117968987534205,0.0156278504104591,0.015749467923381,0.0145941015506233,0.0115536637275768,0.00650653694131955,0.00608087564609304,0.00857403466099118,0.00377014290057768,0.00316205533596838,0.00182426269382791,0.00571602310732745,0.0020066889632107,0.000608087564609304,0.000547278808148373,0.0013986013986014,0.000364852538765582,0,0,0,0,0,0,0,0,0,0,0,0,0,0,0,0,0,0,0,0,0,0,0,0,0,0,0,0,0,0,0,0,0,0,0,0,0,0,0,0,0,0,0,0,0,0,0,0,0,0,0,0,0,0,0,0,0,0,0,0,0,0,0,0,0,0,0,0,0,0,0,0,0,0,0,0,0,0,0,0,0,0,0,0,0,0,0,0,0,0,0,0,0,0,0,0,0,0,0,0,0,0,0,0,0,0,0,0,0,0,0,0,0,0,0,0,0,0,0,0,0,0,0,0,0,0,0,0,0,0,0,0,0,0,0,0,0,0,0,0,0,0,0,0,0,0,0,0,0,0,0,0,0,0,0,0,0,0,0,0,0,0,0,0,0,0,0,0,0,0,0,0,0,0,0,0,0,0,0,0,0,0,0,0,0,0,0,0,0,0,0,0,0,0,0,0,0,0,0,0,0,0,0,0,0,0,0,0,0,0,0,0,0,0,0,0,0,0,0,0,0,0,0,0,0,0,0,0,0,0,0,0,0,0,0,0,0,0,0,0,0,0,0,0,0,0,0,0,0,0,0,0,0,0,0,0,0,0,0,0,0,0,0,0,0,0,0,0,0,0,0,0,0,0,0,0,0,0,0,0,0,0,0,0,0,0,0,0,0,0,0,0,0,0,0,0,0,0,0,0,0,0,0,0,0,0,0,0,0,0,0,0,0,0,0,0,0,0,0,0,0,0,0,0,0,0,0,0,0,0,0,0,0,0,0,0,0,0,0,0,0,0,0,0,0,0,0,0,0,0,0,0,0,0,0,0,0,0,0,0,0,0,0,0,0,0,0,0,0,0,0,0,0,0,0,0,0,0,0,0,0,0,0,0,0,0,0,0,0,0,0,0,0,0,0,0,0,0,0,0,0,0,0,0,0,0,0,0,0,0,0,0,0,0,0,0,0,0,0,0,0,0,0,0,0,0,0,0,0,0,0,0,0,0,0,0,0,0,0,0,0,0,0,0,0,0,0,0,0,0,0,0,0,0,0,0,0,0,0,0,0,0,0,0,0,0,0,0,0,0,0,0,0,0,0,0,0,0,0,0,0,0,0,0,0,0,0,0,0,0,0,0,0,0,0,0,0,0,0,0,0,0,0,0,0,0,0,0,0,0,0,0,0,0,0,0
0.0644310936733693,0.0234796468857283,0.0167361451692006,0.0228666012751349,0.0248896517900932,0.0258092202059833,0.0273418342324669,0.0270966159882295,0.032368808239333,0.036844041196665,0.0397866601275135,0.0465301618440412,0.0430358018636587,0.0438940657184895,0.0415644923982344,0.0353727317312408,0.0380701324178519,0.03451446787641,0.0354953408533595,0.0340240313879353,0.0283227072094164,0.027709661598823,0.023786169691025,0.0194335458558117,0.0205370279548798,0.021640510053948,0.0172265816576753,0.0183300637567435,0.0180848455125061,0.0106056890632663,0.0113413437959784,0.00796959293771457,0.00858263854830799,0.0142839627268269,0.00741785188818048,0.0072952427660618,0.00698871996076508,0.00735654732712114,0.00649828347229034,0.00662089259440902,0.00521088769004414,0.0034330554193232,0.0038621873467386,0.00226826875919568,0.000919568415890142,6.13045610593428e-05,6.13045610593428e-05,0,0,0,0,0,0,0,0,0,0,0,0,0,0,0,0,0,0,0,0,0,0,0,0,0,0,0,0,0,0,0,0,0,0,0,0,0,0,0,0,0,0,0,0,0,0,0,0,0,0,0,0,0,0,0,0,0,0,0,0,0,0,0,0,0,0,0,0,0,0,0,0,0,0,0,0,0,0,0,0,0,0,0,0,0,0,0,0,0,0,0,0,0,0,0,0,0,0,0,0,0,0,0,0,0,0,0,0,0,0,0,0,0,0,0,0,0,0,0,0,0,0,0,0,0,0,0,0,0,0,0,0,0,0,0,0,0,0,0,0,0,0,0,0,0,0,0,0,0,0,0,0,0,0,0,0,0,0,0,0,0,0,0,0,0,0,0,0,0,0,0,0,0,0,0,0,0,0,0,0,0,0,0,0,0,0,0,0,0,0,0,0,0,0,0,0,0,0,0,0,0,0,0,0,0,0,0,0,0,0,0,0,0,0,0,0,0,0,0,0,0,0,0,0,0,0,0,0,0,0,0,0,0,0,0,0,0,0,0,0,0,0,0,0,0,0,0,0,0,0,0,0,0,0,0,0,0,0,0,0,0,0,0,0,0,0,0,0,0,0,0,0,0,0,0,0,0,0,0,0,0,0,0,0,0,0,0,0,0,0,0,0,0,0,0,0,0,0,0,0,0,0,0,0,0,0,0,0,0,0,0,0,0,0,0,0,0,0,0,0,0,0,0,0,0,0,0,0,0,0,0,0,0,0,0,0,0,0,0,0,0,0,0,0,0,0,0,0,0,0,0,0,0,0,0,0,0,0,0,0,0,0,0,0,0,0,0,0,0,0,0,0,0,0,0,0,0,0,0,0,0,0,0,0,0,0,0,0,0,0,0,0,0,0,0,0,0,0,0,0,0,0,0,0,0,0,0,0,0,0,0,0,0,0,0,0,0,0,0,0,0,0,0,0,0,0,0,0,0,0,0,0,0,0,0,0,0,0,0,0,0,0,0,0,0,0,0,0,0,0,0,0,0,0,0,0,0,0,0,0,0,0,0,0,0,0,0,0,0,0,0,0,0,0,0,0,0,0,0,0,0,0,0,0,0,0,0,0,0,0,0,0,0,0,0,0,0,0,0,0,0,0,0,0,0,0,0,0,0,0,0,0
0.0656550204980726,0.017928164963593,0.0150523159762589,0.0202533194639907,0.0290032429786453,0.0329804809398519,0.0327357278345469,0.0378143547696261,0.0372024720063636,0.0414244630728752,0.0395276265067613,0.0416692161781803,0.0413020865202227,0.0443615003365355,0.0427094168757266,0.0431989230863367,0.0357339533745334,0.0352444471639234,0.0345713761243346,0.0356115768218809,0.026066205714985,0.0242917457015236,0.0238022394909135,0.0212935201615371,0.0181117297925717,0.0167655877133941,0.0176222235819617,0.0184788594505293,0.0105855718044423,0.00838279385669706,0.0114422076730099,0.0139509270023863,0.0148075628709539,0.00844398213302331,0.00856635868567582,0.00942299455424341,0.00648595729058312,0.00673071039588815,0.00373248485590161,0.00318179036896531,0.00220277794774521,0.000856635868567582,0.000611882763262559,0.000122376552652512,6.11882763262559e-05,0,0,0,0,0,0,0,0,0,0,0,0,0,0,0,0,0,0,0,0,0,0,0,0,0,0,0,0,0,0,0,0,0,0,0,0,0,0,0,0,0,0,0,0,0,0,0,0,0,0,0,0,0,0,0,0,0,0,0,0,0,0,0,0,0,0,0,0,0,0,0,0,0,0,0,0,0,0,0,0,0,0,0,0,0,0,0,0,0,0,0,0,0,0,0,0,0,0,0,0,0,0,0,0,0,0,0,0,0,0,0,0,0,0,0,0,0,0,0,0,0,0,0,0,0,0,0,0,0,0,0,0,0,0,0,0,0,0,0,0,0,0,0,0,0,0,0,0,0,0,0,0,0,0,0,0,0,0,0,0,0,0,0,0,0,0,0,0,0,0,0,0,0,0,0,0,0,0,0,0,0,0,0,0,0,0,0,0,0,0,0,0,0,0,0,0,0,0,0,0,0,0,0,0,0,0,0,0,0,0,0,0,0,0,0,0,0,0,0,0,0,0,0,0,0,0,0,0,0,0,0,0,0,0,0,0,0,0,0,0,0,0,0,0,0,0,0,0,0,0,0,0,0,0,0,0,0,0,0,0,0,0,0,0,0,0,0,0,0,0,0,0,0,0,0,0,0,0,0,0,0,0,0,0,0,0,0,0,0,0,0,0,0,0,0,0,0,0,0,0,0,0,0,0,0,0,0,0,0,0,0,0,0,0,0,0,0,0,0,0,0,0,0,0,0,0,0,0,0,0,0,0,0,0,0,0,0,0,0,0,0,0,0,0,0,0,0,0,0,0,0,0,0,0,0,0,0,0,0,0,0,0,0,0,0,0,0,0,0,0,0,0,0,0,0,0,0,0,0,0,0,0,0,0,0,0,0,0,0,0,0,0,0,0,0,0,0,0,0,0,0,0,0,0,0,0,0,0,0,0,0,0,0,0,0,0,0,0,0,0,0,0,0,0,0,0,0,0,0,0,0,0,0,0,0,0,0,0,0,0,0,0,0,0,0,0,0,0,0,0,0,0,0,0,0,0,0,0,0,0,0,0,0,0,0,0,0,0,0,0,0,0,0,0,0,0,0,0,0,0,0,0,0,0,0,0,0,0,0,0,0,0,0,0,0,0,0,0,0,0,0,0,0,0,0,0,0,0,0,0,0,0,0,0
0.0735012064591969,0.0174472560786983,0.01590051351853,0.0173235166738848,0.0209119594134752,0.0273464084637753,0.0282125842974695,0.0360081668007177,0.0318628967394667,0.0353894697766504,0.0352038606694302,0.0322959846563138,0.0424426158510178,0.0402153065643754,0.0433706613871187,0.049990719544639,0.0376167790632927,0.0324197240611273,0.0384829548969869,0.0321103755490936,0.0344614242405494,0.0257377962012003,0.0298830662624513,0.0275938872734022,0.0183134319123925,0.016581080245004,0.0196745653653406,0.0126832889933799,0.0143537709583617,0.0148487285776155,0.0104559797067376,0.0103941100043309,0.0147249891728021,0.00946606446822991,0.00705314607436738,0.00736249458640104,0.00538266410938563,0.00470209738291159,0.00606323083585968,0.0055064035141991,0.00773371280084143,0.00445461857328466,0.00210356988182887,0.00142300315535482,0.000928045536100971,6.18697024067314e-05,0,0,0,0,0,0,0,0,0,0,0,0,0,0,0,0,0,0,0,0,0,0,0,0,0,0,0,0,0,0,0,0,0,0,0,0,0,0,0,0,0,0,0,0,0,0,0,0,0,0,0,0,0,0,0,0,0,0,0,0,0,0,0,0,0,0,0,0,0,0,0,0,0,0,0,0,0,0,0,0,0,0,0,0,0,0,0,0,0,0,0,0,0,0,0,0,0,0,0,0,0,0,0,0,0,0,0,0,0,0,0,0,0,0,0,0,0,0,0,0,0,0,0,0,0,0,0,0,0,0,0,0,0,0,0,0,0,0,0,0,0,0,0,0,0,0,0,0,0,0,0,0,0,0,0,0,0,0,0,0,0,0,0,0,0,0,0,0,0,0,0,0,0,0,0,0,0,0,0,0,0,0,0,0,0,0,0,0,0,0,0,0,0,0,0,0,0,0,0,0,0,0,0,0,0,0,0,0,0,0,0,0,0,0,0,0,0,0,0,0,0,0,0,0,0,0,0,0,0,0,0,0,0,0,0,0,0,0,0,0,0,0,0,0,0,0,0,0,0,0,0,0,0,0,0,0,0,0,0,0,0,0,0,0,0,0,0,0,0,0,0,0,0,0,0,0,0,0,0,0,0,0,0,0,0,0,0,0,0,0,0,0,0,0,0,0,0,0,0,0,0,0,0,0,0,0,0,0,0,0,0,0,0,0,0,0,0,0,0,0,0,0,0,0,0,0,0,0,0,0,0,0,0,0,0,0,0,0,0,0,0,0,0,0,0,0,0,0,0,0,0,0,0,0,0,0,0,0,0,0,0,0,0,0,0,0,0,0,0,0,0,0,0,0,0,0,0,0,0,0,0,0,0,0,0,0,0,0,0,0,0,0,0,0,0,0,0,0,0,0,0,0,0,0,0,0,0,0,0,0,0,0,0,0,0,0,0,0,0,0,0,0,0,0,0,0,0,0,0,0,0,0,0,0,0,0,0,0,0,0,0,0,0,0,0,0,0,0,0,0,0,0,0,0,0,0,0,0,0,0,0,0,0,0,0,0,0,0,0,0,0,0,0,0,0,0,0,0,0,0,0,0,0,0,0,0,0,0,0,0,0,0,0,0,0,0,0,0,0,0,0,0,0,0,0,0,0,0,0,0,0,0,0
0.717000278820653,0.0994514365747855,0.0127771185506513,0.00656201165859384,0.0040688362804028,0.00256125949124957,0.000693809533072668,0.00205224969362149,0.00269094351612297,0.0048955719389707,0.00762866276317752,0.0186128996699542,0.0160775769836793,0.0211514644568509,0.0134482333793712,0.00956743893503479,0.00554074996271584,0.0107183846557862,0.00471725640476978,0.00689919012326467,0.0119536249927053,0.00957716523690029,0.00462971968798024,0.00226947043528443,0.00188690256190791,0.000667872728097989,0.000201010238553764,0.000191283936688259,0.000188041836066424,0.000191283936688259,0.000201010238553764,0.000210736540419268,0.000106989320520552,0.000126441924251561,0.00016534713171358,7.13262136803678e-05,7.45683143022027e-05,6.4842012436698e-05,2.59368049746792e-05,5.18736099493584e-05,2.26947043528443e-05,6.4842012436698e-06,0,0,0,0,0,0,0,0,0,0,0,0,0,0,0,0,0,0,0,0,0,0,0,0,0,0,0,0,0,0,0,0,0,0,0,0,0,0,0,0,0,0,0,0,0,0,0,0,0,0,0,0,0,0,0,0,0,0,0,0,0,0,0,0,0,0,0,0,0,0,0,0,0,0,0,0,0,0,0,0,0,0,0,0,0,0,0,0,0,0,0,0,0,0,0,0,0,0,0,0,0,0,0,0,0,0,0,0,0,0,0,0,0,0,0,0,0,0,0,0,0,0,0,0,0,0,0,0,0,0,0,0,0,0,0,0,0,0,0,0,0,0,0,0,0,0,0,0,0,0,0,0,0,0,0,0,0,0,0,0,0,0,0,0,0,0,0,0,0,0,0,0,0,0,0,0,0,0,0,0,0,0,0,0,0,0,0,0,0,0,0,0,0,0,0,0,0,0,0,0,0,0,0,0,0,0,0,0,0,0,0,0,0,0,0,0,0,0,0,0,0,0,0,0,0,0,0,0,0,0,0,0,0,0,0,0,0,0,0,0,0,0,0,0,0,0,0,0,0,0,0,0,0,0,0,0,0,0,0,0,0,0,0,0,0,0,0,0,0,0,0,0,0,0,0,0,0,0,0,0,0,0,0,0,0,0,0,0,0,0,0,0,0,0,0,0,0,0,0,0,0,0,0,0,0,0,0,0,0,0,0,0,0,0,0,0,0,0,0,0,0,0,0,0,0,0,0,0,0,0,0,0,0,0,0,0,0,0,0,0,0,0,0,0,0,0,0,0,0,0,0,0,0,0,0,0,0,0,0,0,0,0,0,0,0,0,0,0,0,0,0,0,0,0,0,0,0,0,0,0,0,0,0,0,0,0,0,0,0,0,0,0,0,0,0,0,0,0,0,0,0,0,0,0,0,0,0,0,0,0,0,0,0,0,0,0,0,0,0,0,0,0,0,0,0,0,0,0,0,0,0,0,0,0,0,0,0,0,0,0,0,0,0,0,0,0,0,0,0,0,0,0,0,0,0,0,0,0,0,0,0,0,0,0,0,0,0,0,0,0,0,0,0,0,0,0,0,0,0,0,0,0,0,0,0,0,0,0,0,0,0,0,0,0,0,0,0,0,0,0,0,0,0,0,0,0,0,0,0,0,0,0,0,0,0,0,0
0.364305162564732,0.246098268467603,0.0580570533696368,0.0207178830103394,0.00995853576068194,0.00566974534194651,0.00590465004537932,0.00653818091221327,0.00926093997472995,0.0105386791949175,0.0054063673411279,0.00701154948125211,0.0156567544000142,0.0272133539764739,0.0514975174843842,0.038855373445091,0.0142473261794174,0.0055807662876159,0.00298257790116207,0.00281885644119374,0.00590465004537932,0.00787286672717242,0.00961685619205239,0.0166177281867848,0.0119481074155144,0.0135426120691189,0.0128806079048992,0.00512519352944317,0.00432438204046767,0.00198957165483245,0.000327442919936647,0.000192194757354119,0.000149484811275426,0.000149484811275426,0.00018507643300767,0.000231345541259587,0.00024914135212571,0.000113893189543182,0.000149484811275426,4.98282704251419e-05,4.27099460786931e-05,1.77958108661221e-05,0,0,0,0,0,0,0,0,0,0,0,0,0,0,0,0,0,0,0,0,0,0,0,0,0,0,0,0,0,0,0,0,0,0,0,0,0,0,0,0,0,0,0,0,0,0,0,0,0,0,0,0,0,0,0,0,0,0,0,0,0,0,0,0,0,0,0,0,0,0,0,0,0,0,0,0,0,0,0,0,0,0,0,0,0,0,0,0,0,0,0,0,0,0,0,0,0,0,0,0,0,0,0,0,0,0,0,0,0,0,0,0,0,0,0,0,0,0,0,0,0,0,0,0,0,0,0,0,0,0,0,0,0,0,0,0,0,0,0,0,0,0,0,0,0,0,0,0,0,0,0,0,0,0,0,0,0,0,0,0,0,0,0,0,0,0,0,0,0,0,0,0,0,0,0,0,0,0,0,0,0,0,0,0,0,0,0,0,0,0,0,0,0,0,0,0,0,0,0,0,0,0,0,0,0,0,0,0,0,0,0,0,0,0,0,0,0,0,0,0,0,0,0,0,0,0,0,0,0,0,0,0,0,0,0,0,0,0,0,0,0,0,0,0,0,0,0,0,0,0,0,0,0,0,0,0,0,0,0,0,0,0,0,0,0,0,0,0,0,0,0,0,0,0,0,0,0,0,0,0,0,0,0,0,0,0,0,0,0,0,0,0,0,0,0,0,0,0,0,0,0,0,0,0,0,0,0,0,0,0,0,0,0,0,0,0,0,0,0,0,0,0,0,0,0,0,0,0,0,0,0,0,0,0,0,0,0,0,0,0,0,0,0,0,0,0,0,0,0,0,0,0,0,0,0,0,0,0,0,0,0,0,0,0,0,0,0,0,0,0,0,0,0,0,0,0,0,0,0,0,0,0,0,0,0,0,0,0,0,0,0,0,0,0,0,0,0,0,0,0,0,0,0,0,0,0,0,0,0,0,0,0,0,0,0,0,0,0,0,0,0,0,0,0,0,0,0,0,0,0,0,0,0,0,0,0,0,0,0,0,0,0,0,0,0,0,0,0,0,0,0,0,0,0,0,0,0,0,0,0,0,0,0,0,0,0,0,0,0,0,0,0,0,0,0,0,0,0,0,0,0,0,0,0,0,0,0,0,0,0,0,0,0,0,0,0,0,0,0,0,0,0,0,0,0,0,0,0,0,0,0,0,0,0,0,0,0
0.423316482156951,0.205360380537958,0.0347102237580256,0.0176404086943538,0.0103613404150935,0.00547663232439581,0.00546596702288774,0.00879887374416075,0.00822828011347881,0.0118384846739617,0.0103186792090612,0.0180670207546767,0.031723939335765,0.0141581877519677,0.00884153495019304,0.00626586463599326,0.0111825686312152,0.0145581365585205,0.0132143085685032,0.00761502527676457,0.0142648407670485,0.0203600605789126,0.0210373072246752,0.0120304601011071,0.00623920138222308,0.00685245621893731,0.0105853117467631,0.0111079115206587,0.00755103346771613,0.00681512766365905,0.007097758153623,0.00590857703547279,0.00110385870608562,0.000447942663339093,0.00048527121861735,0.000245301934685694,0.000229303982423583,0.000159979522621104,0.00013331626885092,0.000138648919604957,4.79938567863313e-05,1.59979522621104e-05,0,0,0,0,0,0,0,0,0,0,0,0,0,0,0,0,0,0,0,0,0,0,0,0,0,0,0,0,0,0,0,0,0,0,0,0,0,0,0,0,0,0,0,0,0,0,0,0,0,0,0,0,0,0,0,0,0,0,0,0,0,0,0,0,0,0,0,0,0,0,0,0,0,0,0,0,0,0,0,0,0,0,0,0,0,0,0,0,0,0,0,0,0,0,0,0,0,0,0,0,0,0,0,0,0,0,0,0,0,0,0,0,0,0,0,0,0,0,0,0,0,0,0,0,0,0,0,0,0,0,0,0,0,0,0,0,0,0,0,0,0,0,0,0,0,0,0,0,0,0,0,0,0,0,0,0,0,0,0,0,0,0,0,0,0,0,0,0,0,0,0,0,0,0,0,0,0,0,0,0,0,0,0,0,0,0,0,0,0,0,0,0,0,0,0,0,0,0,0,0,0,0,0,0,0,0,0,0,0,0,0,0,0,0,0,0,0,0,0,0,0,0,0,0,0,0,0,0,0,0,0,0,0,0,0,0,0,0,0,0,0,0,0,0,0,0,0,0,0,0,0,0,0,0,0,0,0,0,0,0,0,0,0,0,0,0,0,0,0,0,0,0,0,0,0,0,0,0,0,0,0,0,0,0,0,0,0,0,0,0,0,0,0,0,0,0,0,0,0,0,0,0,0,0,0,0,0,0,0,0,0,0,0,0,0,0,0,0,0,0,0,0,0,0,0,0,0,0,0,0,0,0,0,0,0,0,0,0,0,0,0,0,0,0,0,0,0,0,0,0,0,0,0,0,0,0,0,0,0,0,0,0,0,0,0,0,0,0,0,0,0,0,0,0,0,0,0,0,0,0,0,0,0,0,0,0,0,0,0,0,0,0,0,0,0,0,0,0,0,0,0,0,0,0,0,0,0,0,0,0,0,0,0,0,0,0,0,0,0,0,0,0,0,0,0,0,0,0,0,0,0,0,0,0,0,0,0,0,0,0,0,0,0,0,0,0,0,0,0,0,0,0,0,0,0,0,0,0,0,0,0,0,0,0,0,0,0,0,0,0,0,0,0,0,0,0,0,0,0,0,0,0,0,0,0,0,0,0,0,0,0,0,0,0,0,0,0,0,0,0,0,0,0,0,0,0,0,0,0,0,0,0,0,0,0,0,0
0.0887810931242597,0.0256077612950533,0.00970161881662812,0.0196288566755034,0.0230695470697727,0.0251001184499972,0.0249873089288736,0.0291048564498844,0.034350499182131,0.0369451181679734,0.0342940944215692,0.032714761125839,0.0406114276044898,0.0342940944215692,0.0382424276608946,0.0323763325624683,0.0349709515483107,0.0338992610976366,0.0356478086750522,0.03841164194258,0.0323199278019065,0.0314174516329178,0.0227875232669637,0.0276947374358396,0.0171470472107846,0.0169214281685374,0.0240284279993231,0.0175982852952789,0.0163009758023577,0.0184443567037058,0.0117321901968526,0.0120142139996616,0.0098708330983135,0.0117321901968526,0.0128038806475267,0.0100964521405607,0.00829149980258334,0.00896835692932483,0.00637373794348243,0.0032714761125839,0.00434316656325794,0.00191776185910091,0.000338428563370748,0,0.00078966664786508,5.64047605617914e-05,0,0,0,0,0,0,0,0,0,0,0,0,0,0,0,0,0,0,0,0,0,0,0,0,0,0,0,0,0,0,0,0,0,0,0,0,0,0,0,0,0,0,0,0,0,0,0,0,0,0,0,0,0,0,0,0,0,0,0,0,0,0,0,0,0,0,0,0,0,0,0,0,0,0,0,0,0,0,0,0,0,0,0,0,0,0,0,0,0,0,0,0,0,0,0,0,0,0,0,0,0,0,0,0,0,0,0,0,0,0,0,0,0,0,0,0,0,0,0,0,0,0,0,0,0,0,0,0,0,0,0,0,0,0,0,0,0,0,0,0,0,0,0,0,0,0,0,0,0,0,0,0,0,0,0,0,0,0,0,0,0,0,0,0,0,0,0,0,0,0,0,0,0,0,0,0,0,0,0,0,0,0,0,0,0,0,0,0,0,0,0,0,0,0,0,0,0,0,0,0,0,0,0,0,0,0,0,0,0,0,0,0,0,0,0,0,0,0,0,0,0,0,0,0,0,0,0,0,0,0,0,0,0,0,0,0,0,0,0,0,0,0,0,0,0,0,0,0,0,0,0,0,0,0,0,0,0,0,0,0,0,0,0,0,0,0,0,0,0,0,0,0,0,0,0,0,0,0,0,0,0,0,0,0,0,0,0,0,0,0,0,0,0,0,0,0,0,0,0,0,0,0,0,0,0,0,0,0,0,0,0,0,0,0,0,0,0,0,0,0,0,0,0,0,0,0,0,0,0,0,0,0,0,0,0,0,0,0,0,0,0,0,0,0,0,0,0,0,0,0,0,0,0,0,0,0,0,0,0,0,0,0,0,0,0,0,0,0,0,0,0,0,0,0,0,0,0,0,0,0,0,0,0,0,0,0,0,0,0,0,0,0,0,0,0,0,0,0,0,0,0,0,0,0,0,0,0,0,0,0,0,0,0,0,0,0,0,0,0,0,0,0,0,0,0,0,0,0,0,0,0,0,0,0,0,0,0,0,0,0,0,0,0,0,0,0,0,0,0,0,0,0,0,0,0,0,0,0,0,0,0,0,0,0,0,0,0,0,0,0,0,0,0,0,0,0,0,0,0,0,0,0,0,0,0,0,0,0,0,0,0,0,0,0,0,0,0,0,0,0,0,0,0,0,0,0,0,0,0,0,0,0,0
0.0612137203166227,0.013233204789933,0.0127055003044449,0.0172112847574589,0.0211487720722549,0.0235843312360463,0.028455449563629,0.0300791556728232,0.0222041810432312,0.0274000405926527,0.0243555916379135,0.0302009336310128,0.0349096813476761,0.0427846559772681,0.0346255327785671,0.0279683377308707,0.0317434544347473,0.0330018266693728,0.0351532372640552,0.0354373858331642,0.0345037548203775,0.0299573777146337,0.0294702658818754,0.0252080373452405,0.0224071443068805,0.0297950071037142,0.0301197483255531,0.0246397402070225,0.0229348487923686,0.0282930789527096,0.0253298153034301,0.0178607672011366,0.0176172112847575,0.0202151410594682,0.0103917190988431,0.00864623503145931,0.0109600162370611,0.00763141871321291,0.00426222853663487,0.00332859752384818,0.00430282118936473,0.00397807996752588,0.000446519180028415,0.000121777958189568,0.000162370610919424,0,0,0,0,0,0,0,0,0,0,0,0,0,0,0,0,0,0,0,0,0,0,0,0,0,0,0,0,0,0,0,0,0,0,0,0,0,0,0,0,0,0,0,0,0,0,0,0,0,0,0,0,0,0,0,0,0,0,0,0,0,0,0,0,0,0,0,0,0,0,0,0,0,0,0,0,0,0,0,0,0,0,0,0,0,0,0,0,0,0,0,0,0,0,0,0,0,0,0,0,0,0,0,0,0,0,0,0,0,0,0,0,0,0,0,0,0,0,0,0,0,0,0,0,0,0,0,0,0,0,0,0,0,0,0,0,0,0,0,0,0,0,0,0,0,0,0,0,0,0,0,0,0,0,0,0,0,0,0,0,0,0,0,0,0,0,0,0,0,0,0,0,0,0,0,0,0,0,0,0,0,0,0,0,0,0,0,0,0,0,0,0,0,0,0,0,0,0,0,0,0,0,0,0,0,0,0,0,0,0,0,0,0,0,0,0,0,0,0,0,0,0,0,0,0,0,0,0,0,0,0,0,0,0,0,0,0,0,0,0,0,0,0,0,0,0,0,0,0,0,0,0,0,0,0,0,0,0,0,0,0,0,0,0,0,0,0,0,0,0,0,0,0,0,0,0,0,0,0,0,0,0,0,0,0,0,0,0,0,0,0,0,0,0,0,0,0,0,0,0,0,0,0,0,0,0,0,0,0,0,0,0,0,0,0,0,0,0,0,0,0,0,0,0,0,0,0,0,0,0,0,0,0,0,0,0,0,0,0,0,0,0,0,0,0,0,0,0,0,0,0,0,0,0,0,0,0,0,0,0,0,0,0,0,0,0,0,0,0,0,0,0,0,0,0,0,0,0,0,0,0,0,0,0,0,0,0,0,0,0,0,0,0,0,0,0,0,0,0,0,0,0,0,0,0,0,0,0,0,0,0,0,0,0,0,0,0,0,0,0,0,0,0,0,0,0,0,0,0,0,0,0,0,0,0,0,0,0,0,0,0,0,0,0,0,0,0,0,0,0,0,0,0,0,0,0,0,0,0,0,0,0,0,0,0,0,0,0,0,0,0,0,0,0,0,0,0,0,0,0,0,0,0,0,0,0,0,0,0,0,0,0,0,0,0,0,0,0,0,0,0,0,0,0,0,0,0,0,0,0,0,0,0,0
0.0852708346319267,0.0144611356978121,0.0181387521037212,0.0200087265474039,0.0197593966215795,0.024434332730786,0.0342205323193916,0.0335348750233747,0.0311662407280434,0.0301065885432899,0.0257433148413638,0.0314779031353238,0.0321012279498847,0.0254939849155395,0.0288599389141682,0.0269899644704856,0.0223150283612791,0.0269276319890295,0.0321635604313408,0.0205697188805086,0.0234993455089447,0.0189490743626504,0.0180764196222652,0.0242473352864178,0.0235616779904008,0.0241850028049617,0.0212553761765256,0.0339088699121112,0.027301626877766,0.0243096677678738,0.0293585987658169,0.0218787009910865,0.0191984042884747,0.0210060462507012,0.0175777597706165,0.0199463940659478,0.00947453718132519,0.00853954995948389,0.0132144860686904,0.00411394377610173,0.0028049616655239,0.00560992333104781,0.00324128903571651,0.000436327370192607,0.000498659851648694,6.23324814560868e-05,0,0,0,0,0,0,0,0,0,0,0,0,0,0,0,0,0,0,0,0,0,0,0,0,0,0,0,0,0,0,0,0,0,0,0,0,0,0,0,0,0,0,0,0,0,0,0,0,0,0,0,0,0,0,0,0,0,0,0,0,0,0,0,0,0,0,0,0,0,0,0,0,0,0,0,0,0,0,0,0,0,0,0,0,0,0,0,0,0,0,0,0,0,0,0,0,0,0,0,0,0,0,0,0,0,0,0,0,0,0,0,0,0,0,0,0,0,0,0,0,0,0,0,0,0,0,0,0,0,0,0,0,0,0,0,0,0,0,0,0,0,0,0,0,0,0,0,0,0,0,0,0,0,0,0,0,0,0,0,0,0,0,0,0,0,0,0,0,0,0,0,0,0,0,0,0,0,0,0,0,0,0,0,0,0,0,0,0,0,0,0,0,0,0,0,0,0,0,0,0,0,0,0,0,0,0,0,0,0,0,0,0,0,0,0,0,0,0,0,0,0,0,0,0,0,0,0,0,0,0,0,0,0,0,0,0,0,0,0,0,0,0,0,0,0,0,0,0,0,0,0,0,0,0,0,0,0,0,0,0,0,0,0,0,0,0,0,0,0,0,0,0,0,0,0,0,0,0,0,0,0,0,0,0,0,0,0,0,0,0,0,0,0,0,0,0,0,0,0,0,0,0,0,0,0,0,0,0,0,0,0,0,0,0,0,0,0,0,0,0,0,0,0,0,0,0,0,0,0,0,0,0,0,0,0,0,0,0,0,0,0,0,0,0,0,0,0,0,0,0,0,0,0,0,0,0,0,0,0,0,0,0,0,0,0,0,0,0,0,0,0,0,0,0,0,0,0,0,0,0,0,0,0,0,0,0,0,0,0,0,0,0,0,0,0,0,0,0,0,0,0,0,0,0,0,0,0,0,0,0,0,0,0,0,0,0,0,0,0,0,0,0,0,0,0,0,0,0,0,0,0,0,0,0,0,0,0,0,0,0,0,0,0,0,0,0,0,0,0,0,0,0,0,0,0,0,0,0,0,0,0,0,0,0,0,0,0,0,0,0,0,0,0,0,0,0,0,0,0,0,0,0,0,0,0,0,0,0,0,0,0,0,0,0,0,0,0,0,0,0,0,0,0,0,0,0,0,0,0,0,0,0,0
0.0830288105073615,0.0267582883169156,0.00912244465628641,0.0110687427179324,0.0126575574621332,0.0119028704586379,0.0124457154962398,0.0151864209299862,0.015332062281538,0.0143390530664125,0.0150275394555661,0.0214225188009745,0.0226538502277301,0.0197410231966953,0.0234482575998305,0.0277910179006461,0.0369796631712742,0.0382904353352399,0.0324118207816969,0.0282279419553013,0.0310216078805211,0.0217402817498146,0.0162985912509268,0.0193305793877767,0.0271819722487025,0.0277645376549094,0.0251694735727148,0.024401546446351,0.0237263001800657,0.0222434064188116,0.0229848532994386,0.0246795890265862,0.0235938989513823,0.0231040144052537,0.0264802457366804,0.0221904459273382,0.0183375701726512,0.0193173392649084,0.0171989196059739,0.0127369981993433,0.0110025421035907,0.00977121067683508,0.00664654167990679,0.00571973307912297,0.00656710094269675,0.00450164177523567,0.00451488189810401,0.00405147759771211,0.00455460226670903,0.00515040779578434,0.00213165978180278,0.00218462027327614,0.00244942273064294,0.00172121597288423,0.000423683931786887,0.000225082088761784,0.000238322211630124,0.000463404300391908,0.000331003071708505,1.32401228683402e-05,0,0,0,0,0,0,0,0,0,0,0,0,0,0,0,0,0,0,0,0,0,0,0,0,0,0,0,0,0,0,0,0,0,0,0,0,0,0,0,0,0,0,0,0,0,0,0,0,0,0,0,0,0,0,0,0,0,0,0,0,0,0,0,0,0,0,0,0,0,0,0,0,0,0,0,0,0,0,0,0,0,0,0,0,0,0,0,0,0,0,0,0,0,0,0,0,0,0,0,0,0,0,0,0,0,0,0,0,0,0,0,0,0,0,0,0,0,0,0,0,0,0,0,0,0,0,0,0,0,0,0,0,0,0,0,0,0,0,0,0,0,0,0,0,0,0,0,0,0,0,0,0,0,0,0,0,0,0,0,0,0,0,0,0,0,0,0,0,0,0,0,0,0,0,0,0,0,0,0,0,0,0,0,0,0,0,0,0,0,0,0,0,0,0,0,0,0,0,0,0,0,0,0,0,0,0,0,0,0,0,0,0,0,0,0,0,0,0,0,0,0,0,0,0,0,0,0,0,0,0,0,0,0,0,0,0,0,0,0,0,0,0,0,0,0,0,0,0,0,0,0,0,0,0,0,0,0,0,0,0,0,0,0,0,0,0,0,0,0,0,0,0,0,0,0,0,0,0,0,0,0,0,0,0,0,0,0,0,0,0,0,0,0,0,0,0,0,0,0,0,0,0,0,0,0,0,0,0,0,0,0,0,0,0,0,0,0,0,0,0,0,0,0,0,0,0,0,0,0,0,0,0,0,0,0,0,0,0,0,0,0,0,0,0,0,0,0,0,0,0,0,0,0,0,0,0,0,0,0,0,0,0,0,0,0,0,0,0,0,0,0,0,0,0,0,0,0,0,0,0,0,0,0,0,0,0,0,0,0,0,0,0,0,0,0,0,0,0,0,0,0,0,0,0,0,0,0,0,0,0,0,0,0,0,0,0,0,0,0,0,0,0,0,0,0,0,0,0,0,0,0,0,0,0,0,0,0,0,0,0,0,0,0,0,0,0,0,0,0,0,0,0,0,0,0,0,0,0,0,0,0,0,0,0,0,0,0,0,0,0,0,0,0,0,0,0,0,0,0,0,0,0,0,0,0,0,0,0,0,0,0,0,0,0,0,0,0,0,0
0.0583925064209095,0.0095432341239865,0.00585435866445082,0.00882560306189253,0.00530039784458881,0.00718890063957295,0.00905222339729063,0.00759178123583623,0.0103112252606134,0.00776804149670142,0.0107770559500428,0.01388679055245,0.0154983129375031,0.0201692098504306,0.0158508334592335,0.0171098353225563,0.0155109029561364,0.0157501133101677,0.0131187994158231,0.0140378707760487,0.0161404038877978,0.0162033539809639,0.0151961524903057,0.0145037014654782,0.0136475801984187,0.0133076496953215,0.0216926021050511,0.0198670494032331,0.0171727854157224,0.0132321095835222,0.0130054892481241,0.0156997532356348,0.0175504859747192,0.0176637961424183,0.0164677443722617,0.012501888502795,0.0201188497758977,0.0121367779624314,0.0126403787077605,0.0107266958755099,0.0106133857078108,0.00994611472024979,0.00960618421715264,0.00697487032280808,0.00659716976381125,0.00749106108677041,0.00766732134763559,0.00637054942841315,0.00674824998740998,0.00858639270786121,0.0117464873848013,0.00557737825451982,0.00493528730422521,0.00600543888804955,0.00475902704336002,0.0050234174346578,0.00477161706199325,0.00469607695019389,0.00496046734149167,0.00512413758372362,0.00504859747192426,0.00545147806818754,0.00536334793775495,0.00380218562723473,0.00241728357757969,0.00282016417384298,0.00210253311174901,0.00294606436017525,0.00399103590673314,0.00326081482600594,0.00317268469557335,0.00329858488190563,0.00273203404341038,0.00376441557133505,0.00278239411794329,0.0028327541924762,0.00222843329808128,0.00327340484463917,0.00158634234778667,0.00108274160245757,0.00154857229188699,0.00144785214282117,0.00158634234778667,0.00129677191922244,0.00100720149065821,0.00166188245958604,0.0010953316210908,0.000906481341592386,0.000868711285692703,0.00078058115526011,0.000629500931661379,0.000717631062093972,0.000755401117993655,0.000541370801228786,0.000616910913028151,0.000805761192526565,0.000982021453391751,0.000579140857128469,0.000566550838495241,0.000616910913028151,0.000327340484463917,0.00041547061489651,0.000805761192526565,0.000906481341592386,0.000742811099360427,0.000491010726695876,0.000541370801228786,0.000642090950294606,0.000793171173893337,0.000679861006194289,0.000629500931661379,0.000667270987561062,0.000352520521730372,0.000214030316764869,0.000516190763962331,0.000302160447197462,0.000893891322959158,0.000969431434758523,0.000717631062093972,0.000994611472024979,0.00161152238505313,0.000767991136626882,0.000818351211159792,0.000604320894394924,0.000742811099360427,0.00107015158382434,0.000667270987561062,0.000629500931661379,0.0003651105403636,0.000491010726695876,0.000352520521730372,0.000553960819862013,0.000755401117993655,0.000629500931661379,0.000642090950294606,0.000428060633529738,0.000793171173893337,0.000994611472024979,0.0007302210807272,0.00118346175152339,0.00104497154655789,0.000856121267059475,0.00135972201238858,0.0014604421614544,0.00138490204965503,0.00125900186332276,0.000717631062093972,0.00088130130432593,0.00242987359621292,0.000931661378858841,0.000566550838495241,0.000667270987561062,0.000767991136626882,0.000541370801228786,0.000667270987561062,0.00188850279498414,0.00152339225462054,0.000893891322959158,0.000805761192526565,0.000944251397492068,0.00142267210555472,0.0010953316210908,0.00110792163972403,0.00104497154655789,0.00144785214282117,0.000982021453391751,0.00117087173289016,0.000982021453391751,0.00409175605579896,0.00198922294404996,0.00107015158382434,0.00078058115526011,0.000742811099360427,0.00173742257138541,0.00172483255275218,0.00169965251548572,0.00381477564586796,0.00200181296268318,0.00141008208692149,0.00275721408067684,0.00221584327944805,0.0023291534471471,0.000969431434758523,0.00083094122979302,0.00103238152792466,0.00143526212418794,0.00110792163972403,0.00112051165835725,0.000717631062093972,0.000528780782595558,0.000994611472024979,0.00278239411794329,0.00180037266455154,0.00120864178878985,0.000692451024827517,0.00088130130432593,0.00134713199375535,0.000767991136626882,0.00117087173289016,0.000579140857128469,0.000440650652162965,0.000214030316764869,0.0007302210807272,0.000251800372664552,0.000163670242231959,0.000100720149065821,0.000163670242231959,8.8130130432593e-05,0.000113310167699048,0.000188850279498414,0.000125900186332276,0.000163670242231959,0.000151080223598731,0.000125900186332276,0.000226620335398096,8.8130130432593e-05,0.000163670242231959,0.000125900186332276,6.29500931661379e-05,0.000138490204965503,0.000100720149065821,0.000163670242231959,0.000138490204965503,0.000377700558996827,0.000100720149065821,0.000302160447197462,0.00041547061489651,0.000125900186332276,0.000302160447197462,0.00046583068942942,0.000289570428564234,0.000163670242231959,0.000289570428564234,0.000314750465830689,0.000339930503097145,0.000226620335398096,0.000276980409931007,0.000264390391297779,0.000176260260865186,0.000201440298131641,0.000251800372664552,0.000226620335398096,0.000163670242231959,0.000264390391297779,0.000239210354031324,0.000214030316764869,0.000226620335398096,0.000239210354031324,0.000239210354031324,0.000201440298131641,0.000100720149065821,0.000327340484463917,0.000151080223598731,0.000138490204965503,0.000390290577630055,0.000264390391297779,0.000113310167699048,0.000201440298131641,0.000201440298131641,0.000214030316764869,0.000289570428564234,0.000226620335398096,0.000289570428564234,0.000226620335398096,0.0003651105403636,0.000453240670796193,0.000226620335398096,0.000276980409931007,0.00041547061489651,0.000893891322959158,0.000503600745329103,0.000251800372664552,0.000541370801228786,0.000327340484463917,0.000629500931661379,0.000390290577630055,0.000604320894394924,0.000654680968927834,0.000793171173893337,0.000440650652162965,0.000755401117993655,0.000264390391297779,0.000428060633529738,0.000352520521730372,0.000251800372664552,0.000327340484463917,0.000956841416125296,0.000528780782595558,0.000440650652162965,0.000478420708062648,0.000553960819862013,0.000692451024827517,0.000654680968927834,0.000541370801228786,0.00144785214282117,0.00078058115526011,0.000717631062093972,0.000553960819862013,0.000629500931661379,0.000478420708062648,0.000503600745329103,0.000440650652162965,0.000553960819862013,0.000491010726695876,0.00041547061489651,0.000767991136626882,0.0007302210807272,0.000377700558996827,0.000579140857128469,0.00041547061489651,0.000818351211159792,0.000503600745329103,0.000893891322959158,0.000944251397492068,0.000503600745329103,0.000717631062093972,0.000629500931661379,0.000805761192526565,0.000767991136626882,0.000705041043460744,0.000327340484463917,0.00118346175152339,0.00083094122979302,0.000579140857128469,0.000402880596263282,0.000327340484463917,0.00046583068942942,0.000453240670796193,0.000541370801228786,0.000591730875761696,0.000717631062093972,0.000705041043460744,0.0007302210807272,0.000642090950294606,0.000566550838495241,0.000390290577630055,0.000604320894394924,0.000591730875761696,0.000579140857128469,0.00078058115526011,0.000692451024827517,0.000717631062093972,0.000906481341592386,0.000541370801228786,0.000906481341592386,0.00103238152792466,0.000805761192526565,0.000868711285692703,0.000767991136626882,0.000629500931661379,0.000528780782595558,0.000843531248426248,0.000868711285692703,0.000679861006194289,0.000579140857128469,0.000503600745329103,0.000843531248426248,0.00046583068942942,0.000566550838495241,0.000478420708062648,0.000541370801228786,0.000767991136626882,0.000541370801228786,0.000982021453391751,0.000352520521730372,0.000503600745329103,0.000516190763962331,0.000226620335398096,0.000352520521730372,0.000226620335398096,0.000377700558996827,0.000201440298131641,0.000339930503097145,0.000138490204965503,0.000276980409931007,0.000352520521730372,0.000138490204965503,0.000163670242231959,5.03600745329103e-05,0.000239210354031324,6.29500931661379e-05,7.55401117993655e-05,0.000226620335398096,7.55401117993655e-05,0.000151080223598731,0.000100720149065821,0.000125900186332276,3.77700558996827e-05,3.77700558996827e-05,8.8130130432593e-05,5.03600745329103e-05,6.29500931661379e-05,7.55401117993655e-05,1.25900186332276e-05,2.51800372664552e-05,0,0,2.51800372664552e-05,1.25900186332276e-05,0,0,0,0,0,0,0,0,0,0,0,0,0,0,0,0,0,0,0,0,0,0,0,0,0,0,0,0,0,0,0,0,0,0,0,0,0,0,0,0,0,0,0,0,0,0,0,0,0,0,0,0,0,0,0,0,0,0,0,0,0,0,0,0,0,0,0,0,0,0,0,0,0,0,0,0,0,0,0,0,0,0,0,0,0,0,0,0,0,0,0,0,0,0,0,0,0,0,0,0,0,0,0,0,0,0,0,0,0,0,0,0,0,0,0,0,0,0,0,0,0,0,0,0,0,0,0,0,0,0,0,0,0,0,0,0,0,0,0,0,0,0,0,0,0,0,0,0,0,0,0,0,0,0,0,0,0,0,0,0
0.0562532553967243,0.0110538804328954,0.0061924879912032,0.00572949823485155,0.00642398286937901,0.0104172695179119,0.0112275015915273,0.0162046414723074,0.0138896926905492,0.0165518837895712,0.0198506858035766,0.0112853753110712,0.014179061288269,0.0122692285433185,0.0135424503732855,0.0158573991550437,0.0225128769025985,0.0212975287921755,0.0166097575091151,0.0157416517159558,0.0149314196423404,0.0119798599455987,0.0151050408009723,0.0147577984837085,0.0151050408009723,0.0126164708605822,0.0175357370218184,0.015452283118236,0.0186932114126975,0.0149892933618844,0.00943341628566468,0.0119219862260547,0.00943341628566468,0.0100121534811042,0.01551015683778,0.0161467677527635,0.0101857746397361,0.0112275015915273,0.0133109554951097,0.0101279009201921,0.0105908906765438,0.00989640604201632,0.00954916372475259,0.00711846750390648,0.00873893165113722,0.0109381329938075,0.00937554256612072,0.00700272006481857,0.00688697262573066,0.0073499623820823,0.00844956305341744,0.00787082585797789,0.00931766884657677,0.00677122518664275,0.00480351872214827,0.00636610914983506,0.00468777128306036,0.00561375079576364,0.00428265524625268,0.00671335146709879,0.00862318421204931,0.00572949823485155,0.0056716245153076,0.00625036171074715,0.00347242317263731,0.00202558018403843,0.00312518085537357,0.00243069622084611,0.0033566757335494,0.00370391805081313,0.00491926616123618,0.00497713988078014,0.00538225591758782,0.00393541292898895,0.00306730713582962,0.00364604433126917,0.00462989756351641,0.00503501360032409,0.00277793853810984,0.00248856994039007,0.00347242317263731,0.00434052896579663,0.00387753920944499,0.00526650847849991,0.00561375079576364,0.00509288731986805,0.005150761039412,0.00254644365993402,0.00381966548990104,0.00324092829446148,0.0028358122576538,0.00376179177035708,0.00324092829446148,0.00237282250130216,0.00208345390358238,0.00196770646449447,0.000810232073615371,0.000347242317263731,0.0011574743908791,0.000694484634527461,0.000810232073615371,0.000983853232247236,0.000462989756351641,0.00208345390358238,0.00208345390358238,0.00162046414723074,0.0011574743908791,0.00162046414723074,0.00150471670814283,0.000925979512703281,0.000983853232247236,0.00109960067133515,0.00109960067133515,0.000694484634527461,0.000694484634527461,0.000520863475895596,0.000578737195439551,0.00023149487817582,0.000347242317263731,0.000347242317263731,0.000520863475895596,0.000752358354071416,0.000462989756351641,0.000462989756351641,0.000578737195439551,0.000289368597719775,0,0,0.000347242317263731,0.000289368597719775,0.000173621158631865,0,0.00011574743908791,0.000347242317263731,0.000578737195439551,0.00011574743908791,0.000173621158631865,0.000405116036807686,0.00023149487817582,5.78737195439551e-05,0,0.00011574743908791,0.00011574743908791,0.000405116036807686,0.000173621158631865,5.78737195439551e-05,5.78737195439551e-05,0.00011574743908791,5.78737195439551e-05,0.000173621158631865,0.000173621158631865,0.000636610914983506,5.78737195439551e-05,5.78737195439551e-05,0.00023149487817582,0.000462989756351641,5.78737195439551e-05,0.00011574743908791,0.000173621158631865,0.000173621158631865,0.00023149487817582,0.00011574743908791,0.000173621158631865,0.000289368597719775,0.000694484634527461,0.000578737195439551,0.000289368597719775,0.00023149487817582,0.00023149487817582,0,0.000173621158631865,5.78737195439551e-05,0.000289368597719775,0.00011574743908791,0.00023149487817582,0.00011574743908791,0,0,5.78737195439551e-05,0,0.00011574743908791,5.78737195439551e-05,0.00011574743908791,0,5.78737195439551e-05,5.78737195439551e-05,5.78737195439551e-05,5.78737195439551e-05,0,0,0.00011574743908791,0,0.000173621158631865,5.78737195439551e-05,0,5.78737195439551e-05,5.78737195439551e-05,0,0.00023149487817582,0.000173621158631865,0,0.000173621158631865,5.78737195439551e-05,0.00011574743908791,0.00011574743908791,0.00011574743908791,5.78737195439551e-05,0.00011574743908791,0.00023149487817582,0,0,0.000173621158631865,0.00011574743908791,0.00011574743908791,0.00023149487817582,5.78737195439551e-05,0.00011574743908791,0.000173621158631865,0.000173621158631865,0.00011574743908791,0.00011574743908791,0,5.78737195439551e-05,0.00011574743908791,5.78737195439551e-05,0,0,0,5.78737195439551e-05,0.00011574743908791,0.00011574743908791,5.78737195439551e-05,5.78737195439551e-05,5.78737195439551e-05,0.000173621158631865,0,0.00011574743908791,0.00011574743908791,5.78737195439551e-05,0.00011574743908791,0,5.78737195439551e-05,5.78737195439551e-05,0,5.78737195439551e-05,0.000173621158631865,5.78737195439551e-05,0.000173621158631865,0.00011574743908791,0,0.000173621158631865,0,0.000289368597719775,5.78737195439551e-05,0.00023149487817582,0.00023149487817582,0.00011574743908791,5.78737195439551e-05,0.000173621158631865,0.000173621158631865,0,5.78737195439551e-05,0,0,0,5.78737195439551e-05,0.00011574743908791,0,5.78737195439551e-05,5.78737195439551e-05,0.000173621158631865,0.000173621158631865,5.78737195439551e-05,5.78737195439551e-05,0.00011574743908791,0.000173621158631865,0.000347242317263731,5.78737195439551e-05,0.000347242317263731,5.78737195439551e-05,0.00023149487817582,0,5.78737195439551e-05,5.78737195439551e-05,0,0.000462989756351641,0.00011574743908791,0.00023149487817582,0.000636610914983506,0.00011574743908791,0,0.000173621158631865,5.78737195439551e-05,0.00023149487817582,0.000289368597719775,0.00011574743908791,0.000462989756351641,0.000289368597719775,0.000173621158631865,0.00023149487817582,0.000578737195439551,0.00011574743908791,0.00023149487817582,0.000578737195439551,0.000405116036807686,0.00023149487817582,0.000752358354071416,0.00023149487817582,0.00023149487817582,0.000520863475895596,0.000925979512703281,0.00127322182996701,0.000405116036807686,0.000578737195439551,0.000289368597719775,5.78737195439551e-05,0.000462989756351641,0.000578737195439551,0.000347242317263731,0.000752358354071416,0.000578737195439551,0.000810232073615371,0.00127322182996701,0.000752358354071416,0.000925979512703281,0.00190983274495052,0.00121534811042306,0.00127322182996701,0.00202558018403843,0.00133109554951097,0.00341454945309335,0.00277793853810984,0.00272006481856589,0.00370391805081313,0.00104172695179119,0.00162046414723074,0.00185195902540656,0.00243069622084611,0.00121534811042306,0.000520863475895596,0.0011574743908791,0.00023149487817582,0,5.78737195439551e-05,0.000578737195439551,5.78737195439551e-05,0.00023149487817582,0.000462989756351641,0.000347242317263731,0.000520863475895596,0.000636610914983506,0.00104172695179119,0.00023149487817582,0.000289368597719775,5.78737195439551e-05,0.00023149487817582,0.000289368597719775,0.00023149487817582,0.00023149487817582,0.000173621158631865,0.000752358354071416,0.000405116036807686,0.00011574743908791,0,5.78737195439551e-05,5.78737195439551e-05,0,0,0.000405116036807686,0.00011574743908791,0.00023149487817582,0.000347242317263731,5.78737195439551e-05,0,0,0,0,0,5.78737195439551e-05,0.00011574743908791,0.000347242317263731,0,5.78737195439551e-05,5.78737195439551e-05,0.000347242317263731,0,0.000173621158631865,5.78737195439551e-05,0,5.78737195439551e-05,0.000173621158631865,0.00011574743908791,0.00011574743908791,0.000405116036807686,0.000405116036807686,0.000347242317263731,0.000289368597719775,0.000405116036807686,0.000462989756351641,0.000173621158631865,0.000462989756351641,0.000520863475895596,0.000578737195439551,0.00104172695179119,5.78737195439551e-05,0.000578737195439551,0.000578737195439551,0.00011574743908791,0.00011574743908791,5.78737195439551e-05,0,0.000173621158631865,0.000578737195439551,5.78737195439551e-05,0.000173621158631865,0.00011574743908791,5.78737195439551e-05,0.000347242317263731,0.00011574743908791,0.00023149487817582,0.00023149487817582,0.00023149487817582,0.00011574743908791,0.000173621158631865,5.78737195439551e-05,0.00023149487817582,0,0.000462989756351641,0.000694484634527461,0.000173621158631865,0.000289368597719775,0.00109960067133515,0.00023149487817582,0.000405116036807686,0.000173621158631865,0.00023149487817582,0.000520863475895596,5.78737195439551e-05,0.00023149487817582,0,0,0,0,5.78737195439551e-05,0.00011574743908791,5.78737195439551e-05,5.78737195439551e-05,0,0,0.000173621158631865,0,5.78737195439551e-05,0.000173621158631865,0,0,0,0,0,0,5.78737195439551e-05,0,0,0,0,0,0,0,0,0,0,0,0,0,0,0,0,0,0,0,0,0,0,0,0,0,0,0,0,0,0,0,0,0,0,0,0,0,0,0,0,0,0,0,0,0,0,0,0,0,0,0,0,0,0,0,0,0,0,0,0,0,0,0,0,0,0,0,0,0,0,0,0,0,0,0,0,0,0,0,0,0,0,0,0,0,0,0,0,0,0,0,0,0,0,0,0,0,0,0
0.0656060167775528,0.0103557998264391,0.00451258316459358,0.00607463118310674,0.0076945328319352,0.0125542377784206,0.0177032108764825,0.0259184263812554,0.0200752097194099,0.019323112525311,0.0238356956899045,0.017992479028059,0.020480185131617,0.0239514029505351,0.0242406711021117,0.0223315013017067,0.0263234017934625,0.0234307202776974,0.0263812554237778,0.0212322823257159,0.023546427538328,0.0222157940410761,0.0222736476713914,0.0190916980040498,0.014926236621348,0.0146948221000868,0.0200173560890946,0.019901648828464,0.0217529649985537,0.0177032108764825,0.0134220422331501,0.0141741394272491,0.0114550188024299,0.0107029216083309,0.0124963841481053,0.0136534567544113,0.00943014174139427,0.011107897020538,0.0120914087358982,0.00902516632918716,0.0101822389354932,0.00908301995950246,0.00734741105004339,0.00601677755279144,0.00705814289846688,0.00833092276540353,0.00665316748625976,0.00862019091698004,0.0109343361295921,0.00659531385594446,0.00543824124963841,0.00578536303153023,0.00578536303153023,0.00474399768585479,0.0050911194677466,0.00485970494648539,0.00520682672837721,0.00439687590396297,0.00352907144923344,0.00387619323112525,0.00323980329765693,0.00329765692797223,0.00451258316459358,0.00601677755279144,0.00358692507954874,0.00358692507954874,0.00659531385594446,0.00439687590396297,0.00329765692797223,0.00312409603702632,0.00468614405553949,0.0050911194677466,0.00480185131617009,0.00318194966734163,0.0024298524732427,0.00376048597049465,0.00543824124963841,0.00561180214058432,0.00156204801851316,0.00179346253977437,0.0026034133641886,0.00399190049175586,0.00318194966734163,0.00237199884292739,0.00422331501301707,0.00410760775238646,0.00185131617008967,0.00138848712756725,0.00399190049175586,0.0025455597338733,0.00138848712756725,0.00335551055828753,0.00179346253977437,0.00150419438819786,0.00121492623662135,0.00121492623662135,0.000925658085044837,0.000925658085044837,0.000925658085044837,0.000925658085044837,0.00138848712756725,0.00104136534567544,0.000694243563783627,0.000404975412207116,0.000925658085044837,0.00115707260630605,0.000925658085044837,0.00167775527914377,0.000347121781891814,0.00075209719409893,0.00127277986693665,0.000289268151576511,0.000173560890945907,5.78536303153023e-05,5.78536303153023e-05,0.000520682672837721,0.000289268151576511,5.78536303153023e-05,5.78536303153023e-05,5.78536303153023e-05,0,0,5.78536303153023e-05,5.78536303153023e-05,5.78536303153023e-05,0,0,0,0,0,0,0,0,0,0,0,0,0,0,0,0,0,0,0,0,0,0,0,0,0,0,0,0,0,0,0,0,0,0,0,0,0,0,0,0,0,0,0,0,0,0,0,0,0,0,0,0,0,0,0,0,0,0,0,0,0,0,0,0,0,0,0,0,0,0,0,0,0,0,0,0,0,0,0,0,0,0,0,0,0,0,0,0,0,0,0,0,0,0,0,0,0,0,0,0,0,0,0,0,0,0,0,0,0,0,0,0,0,0,0,0,0,0,0,0,0,0,0,0,0,0,0,0,0,0,0,0,0,0,0,0,0,0,0,0,0,0,0,0,0,0,0,0,0,0,0,0,0,0,0,0,0,0,0,0,0,0,0,0,0,0,0,0,0,0,0,0,0,0,0,0,0,0,0,0,0,0,0,0,0,0,0,0,0,0,0,0,0,0,0,0,0,0,0,0,0,0,0,0,0,0,0,0,0,0,0,0,0,0,0,0,0,0,0,0,0,0,0,0,0,0,0,0,0,0,0,0,0,0,0,0,0,0,0,0,0,0,0,0,0,0,0,0,0,0,0,0,0,0,0,0,0,0,0,0,0,0,0,0,0,0,0,0,0,0,0,0,0,0,0,0,0,0,0,0,0,0,0,0,0,0,0,0,0,0,0,0,0,0,0,0,0,0,0,0,0,0,0,0,0,0,0,0,0,0,0,0,0,0,0,0,0,0,0,0,0,0,0,0,0,0,0,0,0,0,0,0,0,0,0,0,0,0,0,0,0,0,0,0,0,0,0,0,0,0,0,0,0,0,0,0,0,0,0,0,0,0,0,0,0,0,0,0,0,0,0,0,0,0,0,0,0,0,0,0,0,0,0,0,0,0,0,0,0,0,0,0,0,0,0,0,0,0,0,0,0,0,0,0,0,0,0,0,0,0,0,0,0,0,0,0,0,0,0,0,0,0,0,0,0,0,0,0,0,0,0,0,0,0
0.06642811796618,0.012985513937785,0.00675246724764818,0.006521613666532,0.00986899059271657,0.0147746291914353,0.0229122179257806,0.0302995325214982,0.0218733768107578,0.022219657182432,0.0229122179257806,0.0217002366249206,0.0240087724360824,0.0279332833150574,0.0289721244300802,0.0258556010850118,0.0290875512206383,0.0242973394124776,0.0226813643446644,0.0252784671322214,0.0225082241588273,0.0212385294626883,0.0229122179257806,0.0202574017429445,0.0189299936515265,0.023431638483292,0.0259133144802909,0.023431638483292,0.0226236509493854,0.0188145668609684,0.0196802677901541,0.0168523114214809,0.0124083799849945,0.0140243550528078,0.0127546603566688,0.0155249033300629,0.015640330120621,0.010446124545507,0.00709874761932244,0.00698332082876436,0.00819530212962429,0.0070410342240434,0.00559819934206729,0.00323195013562648,0.00530963236567207,0.00617533329485774,0.006521613666532,0.00479021180816067,0.00894557626825186,0.00386679748369597,0.00253938939227795,0.00305880994978935,0.00490563859871876,0.00392451087897501,0.00277024297339412,0.0050787787845559,0.00542505915623016,0.00444393143648641,0.00444393143648641,0.00421307785537023,0.00328966353090552,0.00265481618283604,0.00265481618283604,0.00357823050730074,0.00317423674034743,0.00398222427425405,0.0050787787845559,0.00444393143648641,0.0015582616725342,0.00294338315923126,0.00461707162232354,0.00225082241588273,0.00132740809141802,0.00080798753390662,0.000692560743348531,0.00184682864892942,0.0040399376695331,0.0040399376695331,0.00190454204420846,0.00115426790558089,0.000577133952790443,0.00201996883476655,0.00363594390257979,0.0040399376695331,0.00565591273734634,0.00363594390257979,0.000981127719743752,0.00115426790558089,0.000750274138627575,0.000173140185837133,0.000288566976395221,0.000577133952790443,0.000519420557511398,0.000173140185837133,0.000173140185837133,5.77133952790443e-05,5.77133952790443e-05,0.000173140185837133,0,0,0,0,0,0,0,0,0,0,0,0,0,0,0,0,0,0,0,0,0,0,0,0,0,0,0,0,0,0,0,0,0,0,0,0,0,0,0,0,0,0,0,0,0,0,0,0,0,0,0,0,0,0,0,0,0,0,0,0,0,0,0,0,0,0,0,0,0,0,0,0,0,0,0,0,0,0,0,0,0,0,0,0,0,0,0,0,0,0,0,0,0,0,0,0,0,0,0,0,0,0,0,0,0,0,0,0,0,0,0,0,0,0,0,0,0,0,0,0,0,0,0,0,0,0,0,0,0,0,0,0,0,0,0,0,0,0,0,0,0,0,0,0,0,0,0,0,0,0,0,0,0,0,0,0,0,0,0,0,0,0,0,0,0,0,0,0,0,0,0,0,0,0,0,0,0,0,0,0,0,0,0,0,0,0,0,0,0,0,0,0,0,0,0,0,0,0,0,0,0,0,0,0,0,0,0,0,0,0,0,0,0,0,0,0,0,0,0,0,0,0,0,0,0,0,0,0,0,0,0,0,0,0,0,0,0,0,0,0,0,0,0,0,0,0,0,0,0,0,0,0,0,0,0,0,0,0,0,0,0,0,0,0,0,0,0,0,0,0,0,0,0,0,0,0,0,0,0,0,0,0,0,0,0,0,0,0,0,0,0,0,0,0,0,0,0,0,0,0,0,0,0,0,0,0,0,0,0,0,0,0,0,0,0,0,0,0,0,0,0,0,0,0,0,0,0,0,0,0,0,0,0,0,0,0,0,0,0,0,0,0,0,0,0,0,0,0,0,0,0,0,0,0,0,0,0,0,0,0,0,0,0,0,0,0,0,0,0,0,0,0,0,0,0,0,0,0,0,0,0,0,0,0,0,0,0,0,0,0,0,0,0,0,0,0,0,0,0,0,0,0,0,0,0,0,0,0,0,0,0,0,0,0,0,0,0,0,0,0,0,0,0,0,0,0,0,0,0,0,0,0,0,0,0,0,0,0,0,0,0,0,0,0,0,0,0,0,0,0,0,0,0,0,0,0,0,0,0,0,0
0.0845373134328358,0.0124776119402985,0.00794029850746269,0.00901492537313433,0.0149850746268657,0.0213731343283582,0.0241791044776119,0.0284179104477612,0.0282985074626866,0.0224477611940299,0.0266865671641791,0.0269850746268657,0.0346268656716418,0.0368955223880597,0.0356417910447761,0.0315820895522388,0.0294925373134328,0.0272238805970149,0.0273432835820896,0.0264477611940299,0.026865671641791,0.0327761194029851,0.0294328358208955,0.0205373134328358,0.023044776119403,0.0202985074626866,0.0214925373134328,0.0178507462686567,0.0139701492537313,0.0195820895522388,0.0140298507462687,0.0127164179104478,0.0102686567164179,0.0112238805970149,0.0127164179104478,0.0123582089552239,0.00955223880597015,0.00788059701492537,0.00698507462686567,0.00388059701492537,0.00680597014925373,0.00597014925373134,0.0088955223880597,0.00495522388059701,0.00477611940298507,0.00537313432835821,0.00423880597014925,0.00501492537313433,0.00811940298507463,0.00435820895522388,0.00256716417910448,0.00340298507462687,0.00376119402985075,0.00304477611940299,0.00280597014925373,0.00328358208955224,0.00513432835820896,0.00453731343283582,0.00346268656716418,0.00250746268656716,0.00232835820895522,0.0013134328358209,0.000477611940298507,0.00017910447761194,0.000776119402985075,0.000537313432835821,0.00161194029850746,0.00113432835820896,0.000298507462686567,0.00250746268656716,0.00316417910447761,0.000656716417910448,0.000477611940298507,0.000597014925373134,0.000955223880597015,0.00226865671641791,0.000656716417910448,0.000656716417910448,0.0013134328358209,0.000358208955223881,0.00017910447761194,0.000119402985074627,5.97014925373134e-05,0.00017910447761194,0.000119402985074627,0,0,0,0,0,0,0,0,0,0,0,0,0,0,0,0,0,0,0,0,0,0,0,0,0,0,0,0,0,0,0,0,0,0,0,0,0,0,0,0,0,0,0,0,0,0,0,0,0,0,0,0,0,0,0,0,0,0,0,0,0,0,0,0,0,0,0,0,0,0,0,0,0,0,0,0,0,0,0,0,0,0,0,0,0,0,0,0,0,0,0,0,0,0,0,0,0,0,0,0,0,0,0,0,0,0,0,0,0,0,0,0,0,0,0,0,0,0,0,0,0,0,0,0,0,0,0,0,0,0,0,0,0,0,0,0,0,0,0,0,0,0,0,0,0,0,0,0,0,0,0,0,0,0,0,0,0,0,0,0,0,0,0,0,0,0,0,0,0,0,0,0,0,0,0,0,0,0,0,0,0,0,0,0,0,0,0,0,0,0,0,0,0,0,0,0,0,0,0,0,0,0,0,0,0,0,0,0,0,0,0,0,0,0,0,0,0,0,0,0,0,0,0,0,0,0,0,0,0,0,0,0,0,0,0,0,0,0,0,0,0,0,0,0,0,0,0,0,0,0,0,0,0,0,0,0,0,0,0,0,0,0,0,0,0,0,0,0,0,0,0,0,0,0,0,0,0,0,0,0,0,0,0,0,0,0,0,0,0,0,0,0,0,0,0,0,0,0,0,0,0,0,0,0,0,0,0,0,0,0,0,0,0,0,0,0,0,0,0,0,0,0,0,0,0,0,0,0,0,0,0,0,0,0,0,0,0,0,0,0,0,0,0,0,0,0,0,0,0,0,0,0,0,0,0,0,0,0,0,0,0,0,0,0,0,0,0,0,0,0,0,0,0,0,0,0,0,0,0,0,0,0,0,0,0,0,0,0,0,0,0,0,0,0,0,0,0,0,0,0,0,0,0,0,0,0,0,0,0,0,0,0,0,0,0,0,0,0,0,0,0,0,0,0,0,0,0,0,0,0,0,0,0,0,0,0,0,0,0,0,0,0,0,0,0,0,0,0,0,0,0,0,0,0,0,0,0,0,0,0,0,0,0,0,0,0,0,0,0,0,0,0,0,0
0.0825090470446321,0.0150180940892642,0.0113389626055489,0.00934861278648975,0.017189384800965,0.0256936067551267,0.033956574185766,0.0300361881785283,0.0319059107358263,0.0306996381182147,0.0291314837153197,0.0299155609167672,0.0319662243667069,0.0369722557297949,0.0368516284680338,0.0379372738238842,0.0344390832328106,0.0332931242460796,0.0303980699638118,0.0307599517490953,0.0237032569360676,0.0273823884197829,0.0246079613992762,0.020627261761158,0.0241857659831122,0.0173703256936068,0.0192400482509047,0.0205669481302774,0.0152593486127865,0.0178528347406514,0.0112183353437877,0.0101930036188179,0.00922798552472859,0.00729794933655006,0.00874547647768396,0.0104342581423402,0.00735826296743064,0.0074788902291918,0.0071773220747889,0.00530759951749095,0.00530759951749095,0.00530759951749095,0.00560916767189385,0.00536791314837153,0.00669481302774427,0.00524728588661037,0.00464414957780458,0.00349819059107358,0.00283474065138721,0.00313630880579011,0.00379975874547648,0.002291917973462,0.001145958986731,0.00180940892641737,0.0025934861278649,0.00289505428226779,0.00241254523522316,0.00126658624849216,0.00271411338962606,0.00452352231604343,0.00319662243667069,0.00174909529553679,0.00301568154402895,0.00174909529553679,0.000965018094089264,0.000180940892641737,0.000301568154402895,0.000361881785283474,0,6.0313630880579e-05,0.000301568154402895,0.000422195416164053,0,0,0,0,0,0,0,0,0,0,0,0,0,0,0,0,0,0,0,0,0,0,0,0,0,0,0,0,0,0,0,0,0,0,0,0,0,0,0,0,0,0,0,0,0,0,0,0,0,0,0,0,0,0,0,0,0,0,0,0,0,0,0,0,0,0,0,0,0,0,0,0,0,0,0,0,0,0,0,0,0,0,0,0,0,0,0,0,0,0,0,0,0,0,0,0,0,0,0,0,0,0,0,0,0,0,0,0,0,0,0,0,0,0,0,0,0,0,0,0,0,0,0,0,0,0,0,0,0,0,0,0,0,0,0,0,0,0,0,0,0,0,0,0,0,0,0,0,0,0,0,0,0,0,0,0,0,0,0,0,0,0,0,0,0,0,0,0,0,0,0,0,0,0,0,0,0,0,0,0,0,0,0,0,0,0,0,0,0,0,0,0,0,0,0,0,0,0,0,0,0,0,0,0,0,0,0,0,0,0,0,0,0,0,0,0,0,0,0,0,0,0,0,0,0,0,0,0,0,0,0,0,0,0,0,0,0,0,0,0,0,0,0,0,0,0,0,0,0,0,0,0,0,0,0,0,0,0,0,0,0,0,0,0,0,0,0,0,0,0,0,0,0,0,0,0,0,0,0,0,0,0,0,0,0,0,0,0,0,0,0,0,0,0,0,0,0,0,0,0,0,0,0,0,0,0,0,0,0,0,0,0,0,0,0,0,0,0,0,0,0,0,0,0,0,0,0,0,0,0,0,0,0,0,0,0,0,0,0,0,0,0,0,0,0,0,0,0,0,0,0,0,0,0,0,0,0,0,0,0,0,0,0,0,0,0,0,0,0,0,0,0,0,0,0,0,0,0,0,0,0,0,0,0,0,0,0,0,0,0,0,0,0,0,0,0,0,0,0,0,0,0,0,0,0,0,0,0,0,0,0,0,0,0,0,0,0,0,0,0,0,0,0,0,0,0,0,0,0,0,0,0,0,0,0,0,0,0,0,0,0,0,0,0,0,0,0,0,0,0,0,0,0,0,0,0,0,0,0,0,0,0,0,0,0,0,0,0,0,0,0,0,0,0,0,0,0,0,0,0,0,0,0,0,0,0,0
0.082230510105871,0.014436958614052,0.0135948026948989,0.0121511068334937,0.016662656400385,0.0279114533205005,0.0348893166506256,0.0292348411934552,0.0335057747834456,0.0365736284889317,0.0333854667949952,0.0291145332050048,0.0365736284889317,0.0253849855630414,0.0438522617901829,0.037235322425409,0.0384985563041386,0.0377165543792108,0.0260466794995188,0.031400384985563,0.0248435996150144,0.0303176130895091,0.0331448508180943,0.0270692974013475,0.023881135707411,0.0222569778633301,0.0179258902791145,0.0192492781520693,0.016662656400385,0.0140158806544755,0.0157001924927815,0.0110683349374398,0.010827718960539,0.00842155919153032,0.00643647738209817,0.00757940327237729,0.00860202117420597,0.0108878729547642,0.00745909528392685,0.00505293551491819,0.00336862367661213,0.00445139557266603,0.00559432146294514,0.00463185755534168,0.00288739172281039,0.0010827718960539,0.0018046198267565,0.00234600577478345,0.00192492781520693,0.00312800769971126,0.00318816169393648,0.0014436958614052,0.00114292589027911,0.0010827718960539,6.01539942252166e-05,6.01539942252166e-05,0,0,0,0,0,0,0,0,0,0,0,0,0,0,0,0,0,0,0,0,0,0,0,0,0,0,0,0,0,0,0,0,0,0,0,0,0,0,0,0,0,0,0,0,0,0,0,0,0,0,0,0,0,0,0,0,0,0,0,0,0,0,0,0,0,0,0,0,0,0,0,0,0,0,0,0,0,0,0,0,0,0,0,0,0,0,0,0,0,0,0,0,0,0,0,0,0,0,0,0,0,0,0,0,0,0,0,0,0,0,0,0,0,0,0,0,0,0,0,0,0,0,0,0,0,0,0,0,0,0,0,0,0,0,0,0,0,0,0,0,0,0,0,0,0,0,0,0,0,0,0,0,0,0,0,0,0,0,0,0,0,0,0,0,0,0,0,0,0,0,0,0,0,0,0,0,0,0,0,0,0,0,0,0,0,0,0,0,0,0,0,0,0,0,0,0,0,0,0,0,0,0,0,0,0,0,0,0,0,0,0,0,0,0,0,0,0,0,0,0,0,0,0,0,0,0,0,0,0,0,0,0,0,0,0,0,0,0,0,0,0,0,0,0,0,0,0,0,0,0,0,0,0,0,0,0,0,0,0,0,0,0,0,0,0,0,0,0,0,0,0,0,0,0,0,0,0,0,0,0,0,0,0,0,0,0,0,0,0,0,0,0,0,0,0,0,0,0,0,0,0,0,0,0,0,0,0,0,0,0,0,0,0,0,0,0,0,0,0,0,0,0,0,0,0,0,0,0,0,0,0,0,0,0,0,0,0,0,0,0,0,0,0,0,0,0,0,0,0,0,0,0,0,0,0,0,0,0,0,0,0,0,0,0,0,0,0,0,0,0,0,0,0,0,0,0,0,0,0,0,0,0,0,0,0,0,0,0,0,0,0,0,0,0,0,0,0,0,0,0,0,0,0,0,0,0,0,0,0,0,0,0,0,0,0,0,0,0,0,0,0,0,0,0,0,0,0,0,0,0,0,0,0,0,0,0,0,0,0,0,0,0,0,0,0,0,0,0,0,0,0,0,0,0,0,0,0,0,0,0,0,0,0,0,0,0,0,0,0,0,0,0,0,0,0,0,0,0,0,0,0,0,0,0,0,0,0,0,0,0,0,0,0,0,0,0,0,0,0,0,0,0,0
0.0702654472451483,0.0113763105063574,0.0128819986616105,0.0112090118224403,0.0148895828686148,0.0203546732099041,0.0234218157483828,0.0195739460182913,0.0259312960071381,0.0342962302029891,0.0322328797680125,0.0216372964532679,0.0316194512603168,0.03050412670087,0.0298906981931742,0.0238121793441892,0.0316194512603168,0.0329578407316529,0.0340731652910997,0.0340173990631274,0.0253736337274147,0.0334039705554316,0.0329020745036806,0.0347423600267678,0.0277715815302253,0.0227526210127147,0.022473789872853,0.0203546732099041,0.0199085433861254,0.0124916350658041,0.0175663618112871,0.0115993754182467,0.0158933749721169,0.0153914789203658,0.00970332366718715,0.0130492973455275,0.0136069596252509,0.0112647780504127,0.0138300245371403,0.00970332366718715,0.00736114209234887,0.00719384340843185,0.00708231095248717,0.00563238902520634,0.00540932411331698,0.00351327236225742,0.0044612982377872,0.00524202542939996,0.00485166183359358,0.00451706446575954,0.00513049297345528,0.00206335043497658,0.00128262324336382,0.00184028552308722,0.0022306491188936,0.000669194735668079,0.00033459736783404,0.00044612982377872,0.00033459736783404,5.576622797234e-05,0,0,0,0,0,0,0,0,0,0,0,0,0,0,0,0,0,0,0,0,0,0,0,0,0,0,0,0,0,0,0,0,0,0,0,0,0,0,0,0,0,0,0,0,0,0,0,0,0,0,0,0,0,0,0,0,0,0,0,0,0,0,0,0,0,0,0,0,0,0,0,0,0,0,0,0,0,0,0,0,0,0,0,0,0,0,0,0,0,0,0,0,0,0,0,0,0,0,0,0,0,0,0,0,0,0,0,0,0,0,0,0,0,0,0,0,0,0,0,0,0,0,0,0,0,0,0,0,0,0,0,0,0,0,0,0,0,0,0,0,0,0,0,0,0,0,0,0,0,0,0,0,0,0,0,0,0,0,0,0,0,0,0,0,0,0,0,0,0,0,0,0,0,0,0,0,0,0,0,0,0,0,0,0,0,0,0,0,0,0,0,0,0,0,0,0,0,0,0,0,0,0,0,0,0,0,0,0,0,0,0,0,0,0,0,0,0,0,0,0,0,0,0,0,0,0,0,0,0,0,0,0,0,0,0,0,0,0,0,0,0,0,0,0,0,0,0,0,0,0,0,0,0,0,0,0,0,0,0,0,0,0,0,0,0,0,0,0,0,0,0,0,0,0,0,0,0,0,0,0,0,0,0,0,0,0,0,0,0,0,0,0,0,0,0,0,0,0,0,0,0,0,0,0,0,0,0,0,0,0,0,0,0,0,0,0,0,0,0,0,0,0,0,0,0,0,0,0,0,0,0,0,0,0,0,0,0,0,0,0,0,0,0,0,0,0,0,0,0,0,0,0,0,0,0,0,0,0,0,0,0,0,0,0,0,0,0,0,0,0,0,0,0,0,0,0,0,0,0,0,0,0,0,0,0,0,0,0,0,0,0,0,0,0,0,0,0,0,0,0,0,0,0,0,0,0,0,0,0,0,0,0,0,0,0,0,0,0,0,0,0,0,0,0,0,0,0,0,0,0,0,0,0,0,0,0,0,0,0,0,0,0,0,0,0,0,0,0,0,0,0,0,0,0,0,0,0,0,0,0,0,0,0,0,0,0,0,0,0,0,0,0,0,0,0,0,0,0,0,0,0,0,0,0,0,0,0,0,0,0,0,0,0,0,0,0,0,0,0
0.0887363795075552,0.0104749864547589,0.00872915537896574,0.0118596111010776,0.0140870507495033,0.0215519836253085,0.0307627475769069,0.0204081632653061,0.0211907771958341,0.0330503882969117,0.0303413400758533,0.0274516886400578,0.0252844500632111,0.0293179218590091,0.0272108843537415,0.0297393293600626,0.026789476852688,0.0261874661368972,0.0360604418758654,0.0330503882969117,0.0285353079284811,0.0270302811390043,0.0325687797242791,0.0193245439768828,0.0213713804105713,0.0217325868400458,0.0169165011137198,0.0151104689663476,0.0238998254168924,0.0207693696947806,0.018662332189513,0.0194449461200409,0.0212509782674132,0.0269700800674252,0.0222743964842574,0.0132442357473963,0.0237192222021552,0.0117994100294985,0.0125218228884474,0.0114984046716032,0.00734453073264704,0.00866895430738667,0.00608030822948648,0.00409367286737704,0.00331105893684908,0.00325085786527,0.00192643429053037,0.000782613930527963,0.00126422250316056,0.00114382036000241,0,0.000240804286316296,0.000963217145265186,0,0,0,0,0,0,0,0,0,0,0,0,0,0,0,0,0,0,0,0,0,0,0,0,0,0,0,0,0,0,0,0,0,0,0,0,0,0,0,0,0,0,0,0,0,0,0,0,0,0,0,0,0,0,0,0,0,0,0,0,0,0,0,0,0,0,0,0,0,0,0,0,0,0,0,0,0,0,0,0,0,0,0,0,0,0,0,0,0,0,0,0,0,0,0,0,0,0,0,0,0,0,0,0,0,0,0,0,0,0,0,0,0,0,0,0,0,0,0,0,0,0,0,0,0,0,0,0,0,0,0,0,0,0,0,0,0,0,0,0,0,0,0,0,0,0,0,0,0,0,0,0,0,0,0,0,0,0,0,0,0,0,0,0,0,0,0,0,0,0,0,0,0,0,0,0,0,0,0,0,0,0,0,0,0,0,0,0,0,0,0,0,0,0,0,0,0,0,0,0,0,0,0,0,0,0,0,0,0,0,0,0,0,0,0,0,0,0,0,0,0,0,0,0,0,0,0,0,0,0,0,0,0,0,0,0,0,0,0,0,0,0,0,0,0,0,0,0,0,0,0,0,0,0,0,0,0,0,0,0,0,0,0,0,0,0,0,0,0,0,0,0,0,0,0,0,0,0,0,0,0,0,0,0,0,0,0,0,0,0,0,0,0,0,0,0,0,0,0,0,0,0,0,0,0,0,0,0,0,0,0,0,0,0,0,0,0,0,0,0,0,0,0,0,0,0,0,0,0,0,0,0,0,0,0,0,0,0,0,0,0,0,0,0,0,0,0,0,0,0,0,0,0,0,0,0,0,0,0,0,0,0,0,0,0,0,0,0,0,0,0,0,0,0,0,0,0,0,0,0,0,0,0,0,0,0,0,0,0,0,0,0,0,0,0,0,0,0,0,0,0,0,0,0,0,0,0,0,0,0,0,0,0,0,0,0,0,0,0,0,0,0,0,0,0,0,0,0,0,0,0,0,0,0,0,0,0,0,0,0,0,0,0,0,0,0,0,0,0,0,0,0,0,0,0,0,0,0,0,0,0,0,0,0,0,0,0,0,0,0,0,0,0,0,0,0,0,0,0,0,0,0,0,0,0,0,0,0,0,0,0,0,0,0,0,0,0,0,0,0,0,0,0,0,0,0
0.629102360612282,0.130661596216664,0.0311251234658187,0.0105399631995117,0.00605456512043222,0.00376311175394594,0.00391298616641116,0.00429579791873195,0.00381728322833096,0.00610331944737873,0.0202185999563017,0.0194222792828419,0.0119032786382014,0.00753525208695605,0.00359698589916522,0.00503794711780671,0.00575842772712745,0.00347600293970534,0.00325751132635244,0.00198267596249167,0.00266343082393007,0.00229687051392478,0.00145901837676983,0.00762553787759775,0.00516795865633075,0.000789097810208434,0.000790903526021268,0.00209824177451304,0.00200434455224568,0.00702242879611121,0.0268221026838354,0.0139762403913347,0.00240701917850765,0.00159625277854521,0.00677865716137863,0.00216685897540073,0.00106717804538486,0.0013831783126308,0.000232937339855579,3.2502884631011e-05,3.61143162566789e-06,2.70857371925092e-05,1.62514423155055e-05,5.41714743850183e-06,1.80571581283394e-06,0,0,0,0,0,0,0,0,0,0,0,0,0,0,0,0,0,0,0,0,0,0,0,0,0,0,0,0,0,0,0,0,0,0,0,0,0,0,0,0,0,0,0,0,0,0,0,0,0,0,0,0,0,0,0,0,0,0,0,0,0,0,0,0,0,0,0,0,0,0,0,0,0,0,0,0,0,0,0,0,0,0,0,0,0,0,0,0,0,0,0,0,0,0,0,0,0,0,0,0,0,0,0,0,0,0,0,0,0,0,0,0,0,0,0,0,0,0,0,0,0,0,0,0,0,0,0,0,0,0,0,0,0,0,0,0,0,0,0,0,0,0,0,0,0,0,0,0,0,0,0,0,0,0,0,0,0,0,0,0,0,0,0,0,0,0,0,0,0,0,0,0,0,0,0,0,0,0,0,0,0,0,0,0,0,0,0,0,0,0,0,0,0,0,0,0,0,0,0,0,0,0,0,0,0,0,0,0,0,0,0,0,0,0,0,0,0,0,0,0,0,0,0,0,0,0,0,0,0,0,0,0,0,0,0,0,0,0,0,0,0,0,0,0,0,0,0,0,0,0,0,0,0,0,0,0,0,0,0,0,0,0,0,0,0,0,0,0,0,0,0,0,0,0,0,0,0,0,0,0,0,0,0,0,0,0,0,0,0,0,0,0,0,0,0,0,0,0,0,0,0,0,0,0,0,0,0,0,0,0,0,0,0,0,0,0,0,0,0,0,0,0,0,0,0,0,0,0,0,0,0,0,0,0,0,0,0,0,0,0,0,0,0,0,0,0,0,0,0,0,0,0,0,0,0,0,0,0,0,0,0,0,0,0,0,0,0,0,0,0,0,0,0,0,0,0,0,0,0,0,0,0,0,0,0,0,0,0,0,0,0,0,0,0,0,0,0,0,0,0,0,0,0,0,0,0,0,0,0,0,0,0,0,0,0,0,0,0,0,0,0,0,0,0,0,0,0,0,0,0,0,0,0,0,0,0,0,0,0,0,0,0,0,0,0,0,0,0,0,0,0,0,0,0,0,0,0,0,0,0,0,0,0,0,0,0,0,0,0,0,0,0,0,0,0,0,0,0,0,0,0,0,0,0,0,0,0,0,0,0,0,0,0,0,0,0,0,0,0,0,0,0,0,0,0,0,0,0,0,0,0,0,0,0
0.608129153923847,0.12387433519561,0.0297352083230331,0.0112336933106376,0.00707535509206614,0.00485227746268973,0.00605651808479832,0.00426781463876313,0.00431195835658236,0.0035473891639533,0.019691629644802,0.0248582103783646,0.0131053869461729,0.0098052026020073,0.00947677334143223,0.00933021619827239,0.00828136146288749,0.00748500879342859,0.00420601343381621,0.0010488547353849,0.000812244407873827,0.000895234597373978,0.00272631601251563,0.00843674734961118,0.00327193236476131,0.00392349363977314,0.00363391085087899,0.00705946335365122,0.00620837247409647,0.00668159312911861,0.0104161516566254,0.00983168883269884,0.00469159432982773,0.00132607728328966,0.00293114286319685,0.00636199261210739,0.00237316626996179,0.00118834888369366,0.00477988176546619,0.00177987470247134,0.000139494148308766,7.59271946490751e-05,4.41437178192297e-05,7.06299485107675e-06,3.00177281170762e-05,1.76574871276919e-06,0,0,0,0,0,0,0,0,0,0,0,0,0,0,0,0,0,0,0,0,0,0,0,0,0,0,0,0,0,0,0,0,0,0,0,0,0,0,0,0,0,0,0,0,0,0,0,0,0,0,0,0,0,0,0,0,0,0,0,0,0,0,0,0,0,0,0,0,0,0,0,0,0,0,0,0,0,0,0,0,0,0,0,0,0,0,0,0,0,0,0,0,0,0,0,0,0,0,0,0,0,0,0,0,0,0,0,0,0,0,0,0,0,0,0,0,0,0,0,0,0,0,0,0,0,0,0,0,0,0,0,0,0,0,0,0,0,0,0,0,0,0,0,0,0,0,0,0,0,0,0,0,0,0,0,0,0,0,0,0,0,0,0,0,0,0,0,0,0,0,0,0,0,0,0,0,0,0,0,0,0,0,0,0,0,0,0,0,0,0,0,0,0,0,0,0,0,0,0,0,0,0,0,0,0,0,0,0,0,0,0,0,0,0,0,0,0,0,0,0,0,0,0,0,0,0,0,0,0,0,0,0,0,0,0,0,0,0,0,0,0,0,0,0,0,0,0,0,0,0,0,0,0,0,0,0,0,0,0,0,0,0,0,0,0,0,0,0,0,0,0,0,0,0,0,0,0,0,0,0,0,0,0,0,0,0,0,0,0,0,0,0,0,0,0,0,0,0,0,0,0,0,0,0,0,0,0,0,0,0,0,0,0,0,0,0,0,0,0,0,0,0,0,0,0,0,0,0,0,0,0,0,0,0,0,0,0,0,0,0,0,0,0,0,0,0,0,0,0,0,0,0,0,0,0,0,0,0,0,0,0,0,0,0,0,0,0,0,0,0,0,0,0,0,0,0,0,0,0,0,0,0,0,0,0,0,0,0,0,0,0,0,0,0,0,0,0,0,0,0,0,0,0,0,0,0,0,0,0,0,0,0,0,0,0,0,0,0,0,0,0,0,0,0,0,0,0,0,0,0,0,0,0,0,0,0,0,0,0,0,0,0,0,0,0,0,0,0,0,0,0,0,0,0,0,0,0,0,0,0,0,0,0,0,0,0,0,0,0,0,0,0,0,0,0,0,0,0,0,0,0,0,0,0,0,0,0,0,0,0,0,0,0,0,0,0,0,0,0,0,0,0,0,0,0,0,0,0,0,0,0,0,0
0.081468117494503,0.021987934825506,0.0174212099002086,0.0212550036646558,0.024806900828776,0.0250324181090376,0.0268929356711958,0.0299374189547274,0.0379432824040142,0.0401420758865648,0.03382759203924,0.0340531093195016,0.0285279359530924,0.0328127642780628,0.034673281840221,0.0240175903478604,0.026216383830411,0.0266110390708688,0.0214805209449174,0.024243107628122,0.0223825900659638,0.0146022438969386,0.0219315555054406,0.0206348311439364,0.0193381067824322,0.024806900828776,0.0168010373794892,0.0189998308620398,0.019168968822236,0.0211986243445904,0.0217624175452444,0.0155606923380504,0.0174212099002086,0.0127981056548458,0.0179850031008626,0.0141512093364154,0.0172520719400124,0.008175001409483,0.0118960365337994,0.014658623217004,0.010712070812426,0.0113322433331454,0.0086824152900716,0.001691379601962,0.0018605175621582,0.000845689800981,0,0,0,0,0,0,0,0,0,0,0,0,0,0,0,0,0,0,0,0,0,0,0,0,0,0,0,0,0,0,0,0,0,0,0,0,0,0,0,0,0,0,0,0,0,0,0,0,0,0,0,0,0,0,0,0,0,0,0,0,0,0,0,0,0,0,0,0,0,0,0,0,0,0,0,0,0,0,0,0,0,0,0,0,0,0,0,0,0,0,0,0,0,0,0,0,0,0,0,0,0,0,0,0,0,0,0,0,0,0,0,0,0,0,0,0,0,0,0,0,0,0,0,0,0,0,0,0,0,0,0,0,0,0,0,0,0,0,0,0,0,0,0,0,0,0,0,0,0,0,0,0,0,0,0,0,0,0,0,0,0,0,0,0,0,0,0,0,0,0,0,0,0,0,0,0,0,0,0,0,0,0,0,0,0,0,0,0,0,0,0,0,0,0,0,0,0,0,0,0,0,0,0,0,0,0,0,0,0,0,0,0,0,0,0,0,0,0,0,0,0,0,0,0,0,0,0,0,0,0,0,0,0,0,0,0,0,0,0,0,0,0,0,0,0,0,0,0,0,0,0,0,0,0,0,0,0,0,0,0,0,0,0,0,0,0,0,0,0,0,0,0,0,0,0,0,0,0,0,0,0,0,0,0,0,0,0,0,0,0,0,0,0,0,0,0,0,0,0,0,0,0,0,0,0,0,0,0,0,0,0,0,0,0,0,0,0,0,0,0,0,0,0,0,0,0,0,0,0,0,0,0,0,0,0,0,0,0,0,0,0,0,0,0,0,0,0,0,0,0,0,0,0,0,0,0,0,0,0,0,0,0,0,0,0,0,0,0,0,0,0,0,0,0,0,0,0,0,0,0,0,0,0,0,0,0,0,0,0,0,0,0,0,0,0,0,0,0,0,0,0,0,0,0,0,0,0,0,0,0,0,0,0,0,0,0,0,0,0,0,0,0,0,0,0,0,0,0,0,0,0,0,0,0,0,0,0,0,0,0,0,0,0,0,0,0,0,0,0,0,0,0,0,0,0,0,0,0,0,0,0,0,0,0,0,0,0,0,0,0,0,0,0,0,0,0,0,0,0,0,0,0,0,0,0,0,0,0,0,0,0,0,0,0,0,0,0,0,0,0,0,0,0,0,0,0,0,0,0,0,0,0,0
0.0686061920250572,0.0196964221178171,0.0173473075533068,0.0157209974701843,0.022346705216239,0.029213347789423,0.032285266835321,0.0337308757980966,0.0314419949403686,0.0339115769184436,0.0351162510540899,0.0326466690760149,0.0353571858812191,0.0302975545115046,0.027888206240212,0.0301168533911577,0.0315624623539333,0.0327671364895796,0.0298759185640284,0.0289121792555114,0.0272858691723889,0.0224671726298036,0.0195759547042525,0.0210215636670281,0.0209613299602458,0.0206601614263342,0.0219853029755451,0.0196361884110348,0.0207203951331165,0.0230695096976268,0.019094085049994,0.0209613299602458,0.0171666064329599,0.0174075412600891,0.0154800626430551,0.0137935188531502,0.012408143597157,0.0101794964462113,0.00746897964100711,0.00831225153595952,0.00855318636308878,0.00421635947476208,0.00210817973738104,0.00210817973738104,0.00198771232381641,0.00126490784242862,0.0007830381881701,0.000361402240693892,0.000120467413564631,0,0,0,0,0,0,0,0,0,0,0,0,0,0,0,0,0,0,0,0,0,0,0,0,0,0,0,0,0,0,0,0,0,0,0,0,0,0,0,0,0,0,0,0,0,0,0,0,0,0,0,0,0,0,0,0,0,0,0,0,0,0,0,0,0,0,0,0,0,0,0,0,0,0,0,0,0,0,0,0,0,0,0,0,0,0,0,0,0,0,0,0,0,0,0,0,0,0,0,0,0,0,0,0,0,0,0,0,0,0,0,0,0,0,0,0,0,0,0,0,0,0,0,0,0,0,0,0,0,0,0,0,0,0,0,0,0,0,0,0,0,0,0,0,0,0,0,0,0,0,0,0,0,0,0,0,0,0,0,0,0,0,0,0,0,0,0,0,0,0,0,0,0,0,0,0,0,0,0,0,0,0,0,0,0,0,0,0,0,0,0,0,0,0,0,0,0,0,0,0,0,0,0,0,0,0,0,0,0,0,0,0,0,0,0,0,0,0,0,0,0,0,0,0,0,0,0,0,0,0,0,0,0,0,0,0,0,0,0,0,0,0,0,0,0,0,0,0,0,0,0,0,0,0,0,0,0,0,0,0,0,0,0,0,0,0,0,0,0,0,0,0,0,0,0,0,0,0,0,0,0,0,0,0,0,0,0,0,0,0,0,0,0,0,0,0,0,0,0,0,0,0,0,0,0,0,0,0,0,0,0,0,0,0,0,0,0,0,0,0,0,0,0,0,0,0,0,0,0,0,0,0,0,0,0,0,0,0,0,0,0,0,0,0,0,0,0,0,0,0,0,0,0,0,0,0,0,0,0,0,0,0,0,0,0,0,0,0,0,0,0,0,0,0,0,0,0,0,0,0,0,0,0,0,0,0,0,0,0,0,0,0,0,0,0,0,0,0,0,0,0,0,0,0,0,0,0,0,0,0,0,0,0,0,0,0,0,0,0,0,0,0,0,0,0,0,0,0,0,0,0,0,0,0,0,0,0,0,0,0,0,0,0,0,0,0,0,0,0,0,0,0,0,0,0,0,0,0,0,0,0,0,0,0,0,0,0,0,0,0,0,0,0,0,0,0,0,0,0,0,0,0,0,0,0,0,0,0,0,0,0,0,0,0,0,0,0,0,0,0,0,0,0,0,0,0,0,0,0,0
0.0695306380671206,0.0181960595288305,0.0201241188166536,0.0231367114538772,0.0253057781526782,0.030005422666747,0.032053985660059,0.0341628005061156,0.0322347412182925,0.0361511116466831,0.0453093932638429,0.0434415858287642,0.0452491414110984,0.0319937338073146,0.0391637042839067,0.0394047116948846,0.0403687413387962,0.0426583117430861,0.0296439115502802,0.0233777188648551,0.0231367114538772,0.0239802373922998,0.0212086521660541,0.0171717780321745,0.0195216002892089,0.0136169187202506,0.0189190817617642,0.019280592878231,0.0183165632343195,0.0128336446345725,0.0119298668434054,0.0118093631379165,0.0116888594324275,0.012773392781828,0.0155449780080737,0.0142194372476954,0.00765198529854793,0.0042778815448575,0.00373561487015726,0.00421762969211303,0.00379586672290173,0.00590468156895825,0.00204856299331204,0.000361511116466831,0.000482014821955775,6.02518527444719e-05,0,0,0,0,0,0,0,0,0,0,0,0,0,0,0,0,0,0,0,0,0,0,0,0,0,0,0,0,0,0,0,0,0,0,0,0,0,0,0,0,0,0,0,0,0,0,0,0,0,0,0,0,0,0,0,0,0,0,0,0,0,0,0,0,0,0,0,0,0,0,0,0,0,0,0,0,0,0,0,0,0,0,0,0,0,0,0,0,0,0,0,0,0,0,0,0,0,0,0,0,0,0,0,0,0,0,0,0,0,0,0,0,0,0,0,0,0,0,0,0,0,0,0,0,0,0,0,0,0,0,0,0,0,0,0,0,0,0,0,0,0,0,0,0,0,0,0,0,0,0,0,0,0,0,0,0,0,0,0,0,0,0,0,0,0,0,0,0,0,0,0,0,0,0,0,0,0,0,0,0,0,0,0,0,0,0,0,0,0,0,0,0,0,0,0,0,0,0,0,0,0,0,0,0,0,0,0,0,0,0,0,0,0,0,0,0,0,0,0,0,0,0,0,0,0,0,0,0,0,0,0,0,0,0,0,0,0,0,0,0,0,0,0,0,0,0,0,0,0,0,0,0,0,0,0,0,0,0,0,0,0,0,0,0,0,0,0,0,0,0,0,0,0,0,0,0,0,0,0,0,0,0,0,0,0,0,0,0,0,0,0,0,0,0,0,0,0,0,0,0,0,0,0,0,0,0,0,0,0,0,0,0,0,0,0,0,0,0,0,0,0,0,0,0,0,0,0,0,0,0,0,0,0,0,0,0,0,0,0,0,0,0,0,0,0,0,0,0,0,0,0,0,0,0,0,0,0,0,0,0,0,0,0,0,0,0,0,0,0,0,0,0,0,0,0,0,0,0,0,0,0,0,0,0,0,0,0,0,0,0,0,0,0,0,0,0,0,0,0,0,0,0,0,0,0,0,0,0,0,0,0,0,0,0,0,0,0,0,0,0,0,0,0,0,0,0,0,0,0,0,0,0,0,0,0,0,0,0,0,0,0,0,0,0,0,0,0,0,0,0,0,0,0,0,0,0,0,0,0,0,0,0,0,0,0,0,0,0,0,0,0,0,0,0,0,0,0,0,0,0,0,0,0,0,0,0,0,0,0,0,0,0,0,0,0,0,0,0,0,0,0,0,0,0,0,0,0,0,0,0,0,0,0
0.0560411862497989,0.0182871239341449,0.017214565345632,0.0184480077224218,0.0195741942403604,0.0214511717702579,0.0234354051590068,0.034429130691264,0.0371641550919719,0.0401136912103824,0.0428487156110903,0.0350726658443717,0.0293881053252534,0.0328739207379203,0.0307824314903202,0.0313723387140023,0.0357698289269051,0.036842387515418,0.0328739207379203,0.0306215477020432,0.0333029441733255,0.0319622459376843,0.0362524802917359,0.0307824314903202,0.0247224754652223,0.0253123826889044,0.0210221483348528,0.0187697752989757,0.0202713573228938,0.0178581004987397,0.0178044725693141,0.00976028315546737,0.0128170751327291,0.00970665522604172,0.0099211669437443,0.0110473534616828,0.00965302729661608,0.00922400386121092,0.00498739743658497,0.00396846677749772,0.00439749021290288,0.00364669920094385,0.00193060545932322,0.00289590818898482,0.00203786131817451,0.000965302729661608,0.000321767576553869,5.36279294256449e-05,0,0,0,0,0,0,0,0,0,0,0,0,0,0,0,0,0,0,0,0,0,0,0,0,0,0,0,0,0,0,0,0,0,0,0,0,0,0,0,0,0,0,0,0,0,0,0,0,0,0,0,0,0,0,0,0,0,0,0,0,0,0,0,0,0,0,0,0,0,0,0,0,0,0,0,0,0,0,0,0,0,0,0,0,0,0,0,0,0,0,0,0,0,0,0,0,0,0,0,0,0,0,0,0,0,0,0,0,0,0,0,0,0,0,0,0,0,0,0,0,0,0,0,0,0,0,0,0,0,0,0,0,0,0,0,0,0,0,0,0,0,0,0,0,0,0,0,0,0,0,0,0,0,0,0,0,0,0,0,0,0,0,0,0,0,0,0,0,0,0,0,0,0,0,0,0,0,0,0,0,0,0,0,0,0,0,0,0,0,0,0,0,0,0,0,0,0,0,0,0,0,0,0,0,0,0,0,0,0,0,0,0,0,0,0,0,0,0,0,0,0,0,0,0,0,0,0,0,0,0,0,0,0,0,0,0,0,0,0,0,0,0,0,0,0,0,0,0,0,0,0,0,0,0,0,0,0,0,0,0,0,0,0,0,0,0,0,0,0,0,0,0,0,0,0,0,0,0,0,0,0,0,0,0,0,0,0,0,0,0,0,0,0,0,0,0,0,0,0,0,0,0,0,0,0,0,0,0,0,0,0,0,0,0,0,0,0,0,0,0,0,0,0,0,0,0,0,0,0,0,0,0,0,0,0,0,0,0,0,0,0,0,0,0,0,0,0,0,0,0,0,0,0,0,0,0,0,0,0,0,0,0,0,0,0,0,0,0,0,0,0,0,0,0,0,0,0,0,0,0,0,0,0,0,0,0,0,0,0,0,0,0,0,0,0,0,0,0,0,0,0,0,0,0,0,0,0,0,0,0,0,0,0,0,0,0,0,0,0,0,0,0,0,0,0,0,0,0,0,0,0,0,0,0,0,0,0,0,0,0,0,0,0,0,0,0,0,0,0,0,0,0,0,0,0,0,0,0,0,0,0,0,0,0,0,0,0,0,0,0,0,0,0,0,0,0,0,0,0,0,0,0,0,0,0,0,0,0,0,0,0,0,0,0,0,0,0,0,0,0,0,0,0,0,0,0,0,0,0,0,0
0.0684142138862211,0.0194339302864245,0.018078074685046,0.0169481950172307,0.0181345686684368,0.0220326535223999,0.0285859555957291,0.0329359923168183,0.0349132817354952,0.042539969493249,0.0460990904468674,0.0358736794531382,0.0330489802835998,0.0358736794531382,0.032992486300209,0.0360431614033105,0.0318061126490029,0.0383029207389413,0.0363256313202644,0.0380204508219875,0.030563245014406,0.0236709790407322,0.0249138466753291,0.0226540873396983,0.018078074685046,0.0244618948082029,0.0162702672165414,0.0182475566352183,0.0184735325687814,0.0190384724026891,0.0133890740636122,0.00982995310999379,0.0121462064290153,0.0127676402463138,0.00920851929269533,0.0131630981300492,0.00740071182419072,0.0050844585051692,0.00621433817298458,0.00401107282074459,0.00949098920964917,0.00559290435568612,0.00502796452177843,0.00282469916953844,0.000677927800689227,0.000338963900344613,0,5.64939833907689e-05,0,0,0,0,0,0,0,0,0,0,0,0,0,0,0,0,0,0,0,0,0,0,0,0,0,0,0,0,0,0,0,0,0,0,0,0,0,0,0,0,0,0,0,0,0,0,0,0,0,0,0,0,0,0,0,0,0,0,0,0,0,0,0,0,0,0,0,0,0,0,0,0,0,0,0,0,0,0,0,0,0,0,0,0,0,0,0,0,0,0,0,0,0,0,0,0,0,0,0,0,0,0,0,0,0,0,0,0,0,0,0,0,0,0,0,0,0,0,0,0,0,0,0,0,0,0,0,0,0,0,0,0,0,0,0,0,0,0,0,0,0,0,0,0,0,0,0,0,0,0,0,0,0,0,0,0,0,0,0,0,0,0,0,0,0,0,0,0,0,0,0,0,0,0,0,0,0,0,0,0,0,0,0,0,0,0,0,0,0,0,0,0,0,0,0,0,0,0,0,0,0,0,0,0,0,0,0,0,0,0,0,0,0,0,0,0,0,0,0,0,0,0,0,0,0,0,0,0,0,0,0,0,0,0,0,0,0,0,0,0,0,0,0,0,0,0,0,0,0,0,0,0,0,0,0,0,0,0,0,0,0,0,0,0,0,0,0,0,0,0,0,0,0,0,0,0,0,0,0,0,0,0,0,0,0,0,0,0,0,0,0,0,0,0,0,0,0,0,0,0,0,0,0,0,0,0,0,0,0,0,0,0,0,0,0,0,0,0,0,0,0,0,0,0,0,0,0,0,0,0,0,0,0,0,0,0,0,0,0,0,0,0,0,0,0,0,0,0,0,0,0,0,0,0,0,0,0,0,0,0,0,0,0,0,0,0,0,0,0,0,0,0,0,0,0,0,0,0,0,0,0,0,0,0,0,0,0,0,0,0,0,0,0,0,0,0,0,0,0,0,0,0,0,0,0,0,0,0,0,0,0,0,0,0,0,0,0,0,0,0,0,0,0,0,0,0,0,0,0,0,0,0,0,0,0,0,0,0,0,0,0,0,0,0,0,0,0,0,0,0,0,0,0,0,0,0,0,0,0,0,0,0,0,0,0,0,0,0,0,0,0,0,0,0,0,0,0,0,0,0,0,0,0,0,0,0,0,0,0,0,0,0,0,0,0,0,0,0,0,0,0,0,0,0,0,0,0,0,0,0,0
0.0496100723480222,0.0122380907638824,0.0135769989664568,0.0186272667480973,0.0193554448933571,0.0233956591186695,0.0268486329042563,0.0304660340129663,0.0303016066898431,0.0342713520623884,0.0409189138400827,0.0395800056375082,0.038452503993235,0.04026120454759,0.037512919289674,0.0373250023489618,0.0372075542610166,0.0395095367847411,0.0382176078173447,0.0360800526167434,0.0350230198252372,0.0362209903222776,0.0291741050455699,0.0248050361740111,0.0260969651414075,0.0264258197876539,0.0217513858874378,0.016489711547496,0.0162078361364277,0.0112985060603213,0.0140937705534154,0.0148454383162642,0.013694447054402,0.011932725735225,0.00934886780043221,0.00777506342196749,0.00772808418678944,0.00779855303955652,0.0071408437470638,0.00514422625199662,0.00474490275298318,0.00267781640514892,0.00225500328854646,0.00209057596542328,0.000775157380437846,0.00037583388142441,0.000234896175890256,9.39584703561026e-05,0,0,0,0,0,0,0,0,0,0,0,0,0,0,0,0,0,0,0,0,0,0,0,0,0,0,0,0,0,0,0,0,0,0,0,0,0,0,0,0,0,0,0,0,0,0,0,0,0,0,0,0,0,0,0,0,0,0,0,0,0,0,0,0,0,0,0,0,0,0,0,0,0,0,0,0,0,0,0,0,0,0,0,0,0,0,0,0,0,0,0,0,0,0,0,0,0,0,0,0,0,0,0,0,0,0,0,0,0,0,0,0,0,0,0,0,0,0,0,0,0,0,0,0,0,0,0,0,0,0,0,0,0,0,0,0,0,0,0,0,0,0,0,0,0,0,0,0,0,0,0,0,0,0,0,0,0,0,0,0,0,0,0,0,0,0,0,0,0,0,0,0,0,0,0,0,0,0,0,0,0,0,0,0,0,0,0,0,0,0,0,0,0,0,0,0,0,0,0,0,0,0,0,0,0,0,0,0,0,0,0,0,0,0,0,0,0,0,0,0,0,0,0,0,0,0,0,0,0,0,0,0,0,0,0,0,0,0,0,0,0,0,0,0,0,0,0,0,0,0,0,0,0,0,0,0,0,0,0,0,0,0,0,0,0,0,0,0,0,0,0,0,0,0,0,0,0,0,0,0,0,0,0,0,0,0,0,0,0,0,0,0,0,0,0,0,0,0,0,0,0,0,0,0,0,0,0,0,0,0,0,0,0,0,0,0,0,0,0,0,0,0,0,0,0,0,0,0,0,0,0,0,0,0,0,0,0,0,0,0,0,0,0,0,0,0,0,0,0,0,0,0,0,0,0,0,0,0,0,0,0,0,0,0,0,0,0,0,0,0,0,0,0,0,0,0,0,0,0,0,0,0,0,0,0,0,0,0,0,0,0,0,0,0,0,0,0,0,0,0,0,0,0,0,0,0,0,0,0,0,0,0,0,0,0,0,0,0,0,0,0,0,0,0,0,0,0,0,0,0,0,0,0,0,0,0,0,0,0,0,0,0,0,0,0,0,0,0,0,0,0,0,0,0,0,0,0,0,0,0,0,0,0,0,0,0,0,0,0,0,0,0,0,0,0,0,0,0,0,0,0,0,0,0,0,0,0,0,0,0,0,0,0,0,0,0,0,0,0,0,0,0,0,0,0,0,0,0,0,0,0
0.0878501159220502,0.0219938592643649,0.0158531236293001,0.0161664264678238,0.0188608308791278,0.0175449589573282,0.0215552352904317,0.023435052321574,0.0269440441130397,0.0287612005764772,0.0388495519769409,0.0390375336800551,0.0369070743780939,0.0347766150761326,0.0360924869979322,0.0516323077887086,0.0357791841594085,0.0340246882636757,0.0259414750297638,0.025878814462059,0.0296384485243436,0.0251268876496021,0.0282599160348393,0.0256281721912401,0.0189861520145373,0.0193621154207657,0.0264427595714017,0.0211166113164985,0.0157278024938906,0.0198007393946989,0.0149132151137289,0.0142239488689768,0.00921110345259728,0.00964972742653048,0.00933642458800677,0.00933642458800677,0.0138479854627483,0.0124067924055392,0.00451156087474153,0.00645403847358857,0.00651669904129331,0.00488752428096999,0.00513816655178896,0.00307036781753243,0.00307036781753243,0.00169183532802807,0.00225578043737076,0.0014411930572091,6.26605677047434e-05,0,0,0,0,0,0,0,0,0,0,0,0,0,0,0,0,0,0,0,0,0,0,0,0,0,0,0,0,0,0,0,0,0,0,0,0,0,0,0,0,0,0,0,0,0,0,0,0,0,0,0,0,0,0,0,0,0,0,0,0,0,0,0,0,0,0,0,0,0,0,0,0,0,0,0,0,0,0,0,0,0,0,0,0,0,0,0,0,0,0,0,0,0,0,0,0,0,0,0,0,0,0,0,0,0,0,0,0,0,0,0,0,0,0,0,0,0,0,0,0,0,0,0,0,0,0,0,0,0,0,0,0,0,0,0,0,0,0,0,0,0,0,0,0,0,0,0,0,0,0,0,0,0,0,0,0,0,0,0,0,0,0,0,0,0,0,0,0,0,0,0,0,0,0,0,0,0,0,0,0,0,0,0,0,0,0,0,0,0,0,0,0,0,0,0,0,0,0,0,0,0,0,0,0,0,0,0,0,0,0,0,0,0,0,0,0,0,0,0,0,0,0,0,0,0,0,0,0,0,0,0,0,0,0,0,0,0,0,0,0,0,0,0,0,0,0,0,0,0,0,0,0,0,0,0,0,0,0,0,0,0,0,0,0,0,0,0,0,0,0,0,0,0,0,0,0,0,0,0,0,0,0,0,0,0,0,0,0,0,0,0,0,0,0,0,0,0,0,0,0,0,0,0,0,0,0,0,0,0,0,0,0,0,0,0,0,0,0,0,0,0,0,0,0,0,0,0,0,0,0,0,0,0,0,0,0,0,0,0,0,0,0,0,0,0,0,0,0,0,0,0,0,0,0,0,0,0,0,0,0,0,0,0,0,0,0,0,0,0,0,0,0,0,0,0,0,0,0,0,0,0,0,0,0,0,0,0,0,0,0,0,0,0,0,0,0,0,0,0,0,0,0,0,0,0,0,0,0,0,0,0,0,0,0,0,0,0,0,0,0,0,0,0,0,0,0,0,0,0,0,0,0,0,0,0,0,0,0,0,0,0,0,0,0,0,0,0,0,0,0,0,0,0,0,0,0,0,0,0,0,0,0,0,0,0,0,0,0,0,0,0,0,0,0,0,0,0,0,0,0,0,0,0,0,0,0,0,0,0,0,0,0,0,0,0,0,0,0,0,0,0,0,0,0,0,0,0,0,0,0
0.0363491284065799,0.00608887797692119,0.0067886079057206,0.00851951878222441,0.00897372943776086,0.0133685244291677,0.0154431622882396,0.0158359931254604,0.0173950405106801,0.0213356248465505,0.0238153695065063,0.0246010311809477,0.0215688681561503,0.0234839184876013,0.0234716425239381,0.0296096243555119,0.0328136508715934,0.0311563957770685,0.0329118585808986,0.032776822980604,0.0328382027989197,0.0298919715197643,0.0265038055487356,0.0286275472624601,0.0254235207463786,0.0273262951141665,0.0305794254849006,0.0258777314019151,0.0261969064571569,0.0245887552172846,0.0233979867419592,0.0248588264178738,0.0225754971765284,0.0238030935428431,0.0197274736066781,0.0194205745150994,0.0182543579671004,0.0187331205499632,0.0147557083231034,0.0130125214829364,0.0153449545789344,0.0113675423520746,0.0122759636631476,0.00910876503805549,0.00750061379818316,0.00718143874294132,0.00713233488828873,0.00699729928799411,0.00638350110483673,0.00471397004664866,0.00232015713233489,0.00127670022096735,0.000736557819788853,0.00106800883869384,0.000847041492757181,0.000859317456420329,0.000785661674441444,0.000306899091578689,0.000294623127915541,0.00055241836484164,0.000233243309599804,1.22759636631476e-05,0,0,0,0,0,0,0,0,0,0,0,0,0,0,0,0,0,0,0,0,0,0,0,0,0,0,0,0,0,0,0,0,0,0,0,0,0,0,0,0,0,0,0,0,0,0,0,0,0,0,0,0,0,0,0,0,0,0,0,0,0,0,0,0,0,0,0,0,0,0,0,0,0,0,0,0,0,0,0,0,0,0,0,0,0,0,0,0,0,0,0,0,0,0,0,0,0,0,0,0,0,0,0,0,0,0,0,0,0,0,0,0,0,0,0,0,0,0,0,0,0,0,0,0,0,0,0,0,0,0,0,0,0,0,0,0,0,0,0,0,0,0,0,0,0,0,0,0,0,0,0,0,0,0,0,0,0,0,0,0,0,0,0,0,0,0,0,0,0,0,0,0,0,0,0,0,0,0,0,0,0,0,0,0,0,0,0,0,0,0,0,0,0,0,0,0,0,0,0,0,0,0,0,0,0,0,0,0,0,0,0,0,0,0,0,0,0,0,0,0,0,0,0,0,0,0,0,0,0,0,0,0,0,0,0,0,0,0,0,0,0,0,0,0,0,0,0,0,0,0,0,0,0,0,0,0,0,0,0,0,0,0,0,0,0,0,0,0,0,0,0,0,0,0,0,0,0,0,0,0,0,0,0,0,0,0,0,0,0,0,0,0,0,0,0,0,0,0,0,0,0,0,0,0,0,0,0,0,0,0,0,0,0,0,0,0,0,0,0,0,0,0,0,0,0,0,0,0,0,0,0,0,0,0,0,0,0,0,0,0,0,0,0,0,0,0,0,0,0,0,0,0,0,0,0,0,0,0,0,0,0,0,0,0,0,0,0,0,0,0,0,0,0,0,0,0,0,0,0,0,0,0,0,0,0,0,0,0,0,0,0,0,0,0,0,0,0,0,0,0,0,0,0,0,0,0,0,0,0,0,0,0,0,0,0,0,0,0,0,0,0,0,0,0,0,0,0,0,0,0,0,0,0,0,0,0,0,0,0,0,0,0,0,0,0,0,0,0,0,0,0,0,0,0,0,0,0,0,0,0,0,0,0,0,0,0,0,0,0,0,0,0,0,0,0,0,0,0,0,0,0,0,0,0,0,0,0,0,0,0,0,0,0,0,0,0,0
0.0418057090340157,0.00551428352607797,0.00268055449184346,0.00315101915775884,0.00474841081412269,0.00539393209991357,0.00665215155526866,0.00819483801792142,0.0064989770128776,0.00846836398647688,0.0122539633912844,0.00954058578321426,0.00968281928686309,0.0121773761200888,0.0128776025995908,0.0129432488320441,0.0125712535148087,0.0135340649241239,0.0153502773553321,0.0161052090285452,0.015547216052692,0.0177354238011357,0.0173962516001269,0.0137638267377105,0.0167288482368516,0.0161599142222563,0.0145515815271502,0.0140045295900393,0.0162365014934518,0.0138622960863904,0.0129213667545597,0.0138294729701638,0.0124290200111599,0.0160176807186074,0.0147047560695412,0.0127681922121686,0.0150220461930656,0.0127681922121686,0.00954058578321426,0.0112255057495159,0.00956246786069869,0.0107988052385693,0.0114443265243602,0.00972658344183197,0.00980317071302749,0.010733159006116,0.00928894189214324,0.00659744636155757,0.00889506449742338,0.00850118710270353,0.00750555257716168,0.00863247956761015,0.00663026947778422,0.00942023435704986,0.00884035930371229,0.00718826245363735,0.00567839910721124,0.00532828586746026,0.00456241315550498,0.00659744636155757,0.00606133546318888,0.00521887548003807,0.00671779778772197,0.00739614218973949,0.00495629055022484,0.00681626713640193,0.00788848893313931,0.00706791102747295,0.00582063261086008,0.00437641549688727,0.00550334248733575,0.00451864900053611,0.00548146040985131,0.00437641549688727,0.00545957833236687,0.00518605236381142,0.00333701681637655,0.00530640378997582,0.00367618901738531,0.00498911366645149,0.00402630225713629,0.00256020306567906,0.00399347914090964,0.00333701681637655,0.0026477313756168,0.00236326436831913,0.00293219838291447,0.00362148382367422,0.00333701681637655,0.00332607577763433,0.00459523627173164,0.00370901213361197,0.00483593912406044,0.00219914878718586,0.00265867241435902,0.00222103086467029,0.00199126905108371,0.00179433035372378,0.00131292464906618,0.00147704023019946,0.00141139399774615,0.00119257322290178,0.00101751660302629,0.001203514261644,0.00106128075799516,0.0007221085569864,0.000853401021893018,0.000634580247048655,0.000864342060635237,0.00102845764176851,0.00175056619875491,0.00102845764176851,0.00194750489611484,0.000984693486799637,0.000656462324533091,0.00107222179673738,0.000743990634470837,0.0013238656878084,0.0007221085569864,0.000897165176861891,0.0008424599831508,0.000590816092079782,0.000809636866924146,0.000404818433462073,0.0007221085569864,0.000492346743399818,0.000678344402017528,0.000536110898368691,0.000470464665915382,0.000284467007297673,0.000415759472204291,0.000590816092079782,0.000754931673213055,0.000536110898368691,0.000645521285790873,0.00143327607523058,0.000864342060635237,0.00119257322290178,0.00141139399774615,0.000634580247048655,0.000612698169564218,0.000623639208306437,0.000568934014595346,0.000590816092079782,0.000754931673213055,0.000831518944408582,0.000908106215604109,0.000733049595728619,0.00112692699044847,0.0015645685401372,0.00211162047724811,0.000678344402017528,0.000601757130822,0.00140045295900393,0.00184903554743487,0.000711167518244182,0.000470464665915382,0.000711167518244182,0.000547051937110909,0.000568934014595346,0.00109410387422182,0.000798695828181928,0.00119257322290178,0.000984693486799637,0.000853401021893018,0.000700226479501964,0.0015645685401372,0.00173962516001269,0.00378559940480749,0.00171774308252826,0.00214444359347476,0.000995634525541855,0.000656462324533091,0.000514228820884255,0.000754931673213055,0.000864342060635237,0.000831518944408582,0.000853401021893018,0.000973752448057419,0.000525169859626473,0.000448582588430946,0.000689285440759746,0.000382936355977637,0.000733049595728619,0.000667403363275309,0.00205691528353702,0.000886224138119673,0.000492346743399818,0.0002407028523288,0.000820577905666364,0.000437641549688727,0.000142233503648836,0.0001203514261644,0.000175056619875491,0.000218820774844364,0.000339172201008764,0.000339172201008764,0.000175056619875491,0.000404818433462073,0.000131292464906618,0.000131292464906618,0.000175056619875491,0.000131292464906618,4.37641549688727e-05,0.000175056619875491,0.000218820774844364,0.000207879736102146,0.000284467007297673,0.000153174542391055,0.0002407028523288,0.000185997658617709,0.000306349084782109,0.000317290123524327,0.000317290123524327,9.84693486799637e-05,0.000175056619875491,7.65872711955273e-05,0.000164115581133273,0.000185997658617709,0.000109410387422182,6.56462324533091e-05,0.000131292464906618,0.000164115581133273,0.000218820774844364,0.000262584929813236,0.000109410387422182,0.000131292464906618,0.000164115581133273,0.000207879736102146,0.0001203514261644,0.000207879736102146,0.000218820774844364,0.000393877394719855,0.000404818433462073,0.000175056619875491,7.65872711955273e-05,0.0002407028523288,0.000284467007297673,0.000262584929813236,0.000350113239750982,0.000284467007297673,0.000229761813586582,0.000153174542391055,0.000262584929813236,0.0002407028523288,0.000153174542391055,0.000284467007297673,0.000218820774844364,0.000218820774844364,0.000207879736102146,0.000196938697359927,0.000328231162266546,0.000317290123524327,0.000196938697359927,0.000415759472204291,0.000295408046039891,0.000207879736102146,0.0002407028523288,0.000415759472204291,0.000142233503648836,0.000185997658617709,0.000328231162266546,0.000459523627173164,0.000284467007297673,0.000295408046039891,0.0003610542784932,0.000404818433462073,0.000196938697359927,0.000317290123524327,0.000328231162266546,0.000371995317235418,0.000251643891071018,0.0004814057046576,0.0003610542784932,0.000142233503648836,0.000153174542391055,0.000547051937110909,0.000426700510946509,0.000295408046039891,0.000525169859626473,0.000295408046039891,0.000415759472204291,0.000415759472204291,0.000317290123524327,0.000317290123524327,0.000196938697359927,0.000492346743399818,0.000547051937110909,0.000415759472204291,0.000350113239750982,0.000514228820884255,0.000404818433462073,0.000393877394719855,0.000382936355977637,0.000568934014595346,0.000612698169564218,0.000525169859626473,0.000448582588430946,0.000459523627173164,0.000415759472204291,0.000831518944408582,0.000667403363275309,0.0004814057046576,0.000317290123524327,0.000459523627173164,0.000711167518244182,0.000536110898368691,0.000426700510946509,0.000525169859626473,0.000514228820884255,0.000448582588430946,0.000470464665915382,0.000525169859626473,0.000667403363275309,0.000536110898368691,0.000339172201008764,0.000459523627173164,0.000623639208306437,0.000426700510946509,0.000306349084782109,0.000503287782142037,0.000754931673213055,0.000667403363275309,0.000831518944408582,0.000568934014595346,0.000765872711955273,0.000623639208306437,0.000700226479501964,0.000886224138119673,0.000820577905666364,0.000470464665915382,0.000623639208306437,0.000536110898368691,0.000656462324533091,0.000733049595728619,0.000678344402017528,0.000579875053337564,0.0008424599831508,0.0002407028523288,0.000437641549688727,0.000426700510946509,0.000415759472204291,0.000568934014595346,0.000284467007297673,0.000568934014595346,0.0004814057046576,0.000547051937110909,0.0004814057046576,0.000426700510946509,0.000328231162266546,0.000382936355977637,0.000393877394719855,0.000306349084782109,0.000700226479501964,0.000886224138119673,0.000371995317235418,0.000393877394719855,0.00117069114541735,0.000579875053337564,0.000393877394719855,0.000196938697359927,0.000667403363275309,0.000711167518244182,0.000306349084782109,0.000689285440759746,0.000306349084782109,0.000295408046039891,0.000328231162266546,0.000175056619875491,0.000175056619875491,0.000437641549688727,0.000404818433462073,0.000448582588430946,0.000295408046039891,0.000448582588430946,0.0002407028523288,9.84693486799637e-05,0.000185997658617709,0.000590816092079782,0.000284467007297673,0.0003610542784932,0.0002407028523288,0.000196938697359927,0.000262584929813236,5.47051937110909e-05,8.75283099377455e-05,6.56462324533091e-05,0.000229761813586582,0.000196938697359927,0.000185997658617709,4.37641549688727e-05,8.75283099377455e-05,0.000109410387422182,3.28231162266546e-05,0.000109410387422182,0,0,0,0,1.09410387422182e-05,0,0,0,0,0,0,0,0,0,0,0,0,0,0,0,0,0,0,0,0,0,0,0,0,0,0,0,0,0,0,0,0,0,0,0,0,0,0,0,0,0,0,0,0,0,0,0,0,0,0,0,0,0,0,0,0,0,0,0,0,0,0,0,0,0,0,0,0,0,0,0,0,0,0,0,0,0,0,0,0,0,0,0,0,0,0,0,0,0,0,0,0,0,0,0,0,0,0,0,0,0,0,0,0,0,0,0,0,0,0,0,0,0,0,0,0,0,0,0,0,0,0,0,0,0,0,0,0,0,0,0,0,0,0,0,0,0,0,0,0,0,0,0,0,0,0,0,0,0,0,0,0,0,0,0,0,0,0,0
0.0563094028334031,0.0115368521728735,0.00466256201805248,0.00508099707095463,0.00872735967481619,0.0130312630760954,0.0182318130193078,0.0236116922709068,0.0188295773805966,0.0133899216928687,0.0157212027018949,0.0187100245083388,0.0182915894554367,0.0209217526451073,0.0190686831251121,0.019128459561241,0.0191882359973698,0.0185306951999522,0.0179927072747923,0.0141072389264152,0.0164385199354414,0.0193077888696276,0.0184111423276944,0.0130312630760954,0.0123139458425489,0.0150038854683484,0.0142865682348018,0.0129117102038376,0.0108195349393269,0.0120150636619045,0.0101619941419093,0.00609719648514556,0.00711339589933648,0.00723294877159424,0.00747205451610975,0.00723294877159424,0.00639607866578995,0.00633630222966107,0.004901667762568,0.00310837467870166,0.00466256201805248,0.00394524478450595,0.00268993962579951,0.00257038675354175,0.00430390340127922,0.00436367983740809,0.00322792755095941,0.00358658616773268,0.00669496084643434,0.00394524478450595,0.00263016318967063,0.00286926893418614,0.00412457409289258,0.00274971606192839,0.002450833881284,0.00412457409289258,0.00573853786837229,0.00472233845418136,0.00472233845418136,0.004901667762568,0.00376591547611931,0.00316815111483053,0.00227150457289736,0.00358658616773268,0.00239105744515512,0.00382569191224819,0.00454300914579473,0.00328770398708829,0.00292904537031502,0.00334748042321717,0.00687429015482097,0.00388546834837707,0.00340725685934605,0.00161396377547971,0.00137485803096419,0.00436367983740809,0.00514077350708351,0.00621674935740331,0.00310837467870166,0.00137485803096419,0.00137485803096419,0.00185306951999522,0.00173351664773746,0.00257038675354175,0.00292904537031502,0.00179329308386634,0.000537987925159902,0.00113575228644868,0.000956422978062048,0.000418435052902146,0.000956422978062048,0.00137485803096419,0.00161396377547971,0.00137485803096419,0.00149441090322195,0.00101619941419093,0.00137485803096419,0.00239105744515512,0.00167374021160858,0.00149441090322195,0.0019128459561241,0.00173351664773746,0.00161396377547971,0.00233128100902624,0.00179329308386634,0.00197262239225297,0.00268993962579951,0.0029888218064439,0.00161396377547971,0.00149441090322195,0.00089664654193317,0.0010759758503198,0.00155418733935083,0.000836870105804292,0.000836870105804292,0.00119552872257756,0.00113575228644868,0.00292904537031502,0.00334748042321717,0.00137485803096419,0.00251061031741288,0.000956422978062048,0.00137485803096419,0.00179329308386634,0.00161396377547971,0.00179329308386634,0.000956422978062048,0.00125530515870644,0.00101619941419093,0.000717317233546536,0.00131508159483532,0.00263016318967063,0.00185306951999522,0.00173351664773746,0.00215195170063961,0.00119552872257756,0.00125530515870644,0.000836870105804292,0.000777093669675414,0.00089664654193317,0.000777093669675414,0.000239105744515512,0.000478211489031024,0.000777093669675414,0.000418435052902146,0.000836870105804292,0.000717317233546536,0.000836870105804292,5.9776436128878e-05,0.000478211489031024,0.000657540797417658,0.00029888218064439,5.9776436128878e-05,0.000717317233546536,0.000418435052902146,0.000836870105804292,0.000418435052902146,0.000537987925159902,0.000836870105804292,5.9776436128878e-05,0.00029888218064439,5.9776436128878e-05,0.000179329308386634,0.000777093669675414,0.00161396377547971,0.000777093669675414,0.000239105744515512,5.9776436128878e-05,0.000119552872257756,0.000179329308386634,0.000119552872257756,0.000418435052902146,0.000537987925159902,0.000717317233546536,0.00089664654193317,0.000119552872257756,0.000179329308386634,0.000478211489031024,0,0.000358658616773268,0.000478211489031024,0.00167374021160858,0.00173351664773746,0.00221172813676849,0.00185306951999522,0.000418435052902146,0.000478211489031024,0.000537987925159902,0.000418435052902146,0.000418435052902146,0.000657540797417658,0.000836870105804292,0.000657540797417658,0.000836870105804292,0.00113575228644868,0.000777093669675414,0.000657540797417658,0.00059776436128878,0.000956422978062048,0.00029888218064439,0.000717317233546536,0.00203239882838185,0.0029888218064439,0.000478211489031024,5.9776436128878e-05,0.000358658616773268,0.000358658616773268,0.00113575228644868,0.000358658616773268,0.000717317233546536,0.000836870105804292,0.000358658616773268,5.9776436128878e-05,0,0.000119552872257756,0.000478211489031024,0.000119552872257756,5.9776436128878e-05,5.9776436128878e-05,0.000119552872257756,0.000418435052902146,0.000836870105804292,0.000478211489031024,0,0,0,0,0,0,0,0.000119552872257756,0.000478211489031024,0.00059776436128878,0.000239105744515512,0.000418435052902146,0.000478211489031024,0.000657540797417658,5.9776436128878e-05,0.000119552872257756,5.9776436128878e-05,5.9776436128878e-05,0.000239105744515512,0.000119552872257756,0.000179329308386634,0.000239105744515512,0.000358658616773268,5.9776436128878e-05,0.000119552872257756,0.000179329308386634,0.000119552872257756,0.000119552872257756,0,0,0.000119552872257756,0,0.000239105744515512,0.000478211489031024,5.9776436128878e-05,0.000119552872257756,0,0.000119552872257756,5.9776436128878e-05,0.000239105744515512,0.000239105744515512,0.000358658616773268,0.00029888218064439,0.000239105744515512,0.000179329308386634,0.000179329308386634,0.000358658616773268,0.000478211489031024,0.00029888218064439,0.000119552872257756,0.000179329308386634,0.000239105744515512,0.000358658616773268,0.0010759758503198,0.000836870105804292,0.000537987925159902,0.000239105744515512,0.00101619941419093,0.000537987925159902,0.000956422978062048,0.00101619941419093,0.000657540797417658,0.00089664654193317,0.00059776436128878,0.00173351664773746,0.00215195170063961,0.00149441090322195,0.000956422978062048,0.00029888218064439,0.00089664654193317,0.00101619941419093,0.000657540797417658,0.000358658616773268,0.00173351664773746,0.000418435052902146,0.00029888218064439,0.000836870105804292,0.000418435052902146,0.000537987925159902,0.00029888218064439,0.000956422978062048,5.9776436128878e-05,0.00029888218064439,0.000717317233546536,0.000179329308386634,0.000239105744515512,0.000418435052902146,0.000717317233546536,0.00131508159483532,0.000657540797417658,0.000478211489031024,0.000657540797417658,0.000358658616773268,0.000119552872257756,0,0.00029888218064439,0.000418435052902146,0.000239105744515512,0.000358658616773268,0.00029888218064439,0.00059776436128878,0.000777093669675414,0.000537987925159902,0.000777093669675414,0.000418435052902146,0.0019128459561241,0.000657540797417658,0.00268993962579951,0.00143463446709307,0.00209217526451073,0.00304859824257278,0.00059776436128878,0.00029888218064439,0.000777093669675414,0.00101619941419093,0.000717317233546536,0.000956422978062048,0.0010759758503198,0.00203239882838185,0.0019128459561241,0.00179329308386634,0.00143463446709307,0.00203239882838185,0.000836870105804292,0.00125530515870644,0.00149441090322195,0.00161396377547971,0.000537987925159902,0.000239105744515512,5.9776436128878e-05,5.9776436128878e-05,0.000239105744515512,0.000358658616773268,5.9776436128878e-05,0.000179329308386634,0.000119552872257756,0.000179329308386634,0,0.000358658616773268,0.000239105744515512,0.000119552872257756,0.000478211489031024,0.000119552872257756,0.00029888218064439,0.000478211489031024,0.000119552872257756,0.000179329308386634,0.000418435052902146,0.000239105744515512,0.000239105744515512,0.000179329308386634,0.000478211489031024,0.000537987925159902,0.00029888218064439,5.9776436128878e-05,0.00029888218064439,0,0.000179329308386634,0.000358658616773268,0.000358658616773268,0.000179329308386634,0.000717317233546536,0,0.000418435052902146,0.000179329308386634,0.000179329308386634,0.000239105744515512,0.000119552872257756,0.000239105744515512,0.00089664654193317,0.000717317233546536,0.000478211489031024,0.000418435052902146,0.000239105744515512,0.000537987925159902,0.000836870105804292,0.00029888218064439,0.000239105744515512,0.000478211489031024,0.000239105744515512,0.000358658616773268,0.000418435052902146,0.000358658616773268,0.000956422978062048,0.000537987925159902,0.000358658616773268,0.00059776436128878,5.9776436128878e-05,0.000418435052902146,0.000537987925159902,0.000657540797417658,0.000478211489031024,0.000537987925159902,0.00029888218064439,0.000239105744515512,0.00101619941419093,0.000119552872257756,0.000956422978062048,0.000179329308386634,0.00059776436128878,0.000478211489031024,0.00059776436128878,0.000836870105804292,0.000478211489031024,0.000777093669675414,0.000478211489031024,0.00059776436128878,0.000537987925159902,0.00059776436128878,0.000418435052902146,0.00137485803096419,0.00131508159483532,0.000418435052902146,0.000717317233546536,0.000537987925159902,0.000836870105804292,0.000418435052902146,0.00059776436128878,0.00113575228644868,0.000717317233546536,0.000777093669675414,0.00029888218064439,0.000418435052902146,0.000657540797417658,0.00059776436128878,0.000418435052902146,0.00155418733935083,0.00089664654193317,0.000478211489031024,0.000537987925159902,0.00029888218064439,0.000537987925159902,0.00059776436128878,0.000119552872257756,0.000239105744515512,5.9776436128878e-05,0.000119552872257756,0.000119552872257756,0.000179329308386634,0.000239105744515512,0.000657540797417658,5.9776436128878e-05,0.000119552872257756,0.000239105744515512,0.000358658616773268,0.000119552872257756,0.000119552872257756,0.000478211489031024,0.00029888218064439,0.000119552872257756,0.000119552872257756,0.000239105744515512,0.000119552872257756,0.000119552872257756,0.000537987925159902,5.9776436128878e-05,0.000418435052902146,0.000657540797417658,0.000119552872257756,0.000478211489031024,0.000478211489031024,0.000418435052902146,0.000239105744515512,0.00029888218064439,0.000179329308386634,0.000358658616773268,5.9776436128878e-05,0.000418435052902146,0,0.000119552872257756,0.000119552872257756,0.000179329308386634,0.00029888218064439,0.000179329308386634,0.000119552872257756,5.9776436128878e-05,5.9776436128878e-05,0.000179329308386634,0,0.000239105744515512,0,0,0.000179329308386634,0.000478211489031024,0.000836870105804292,0.000119552872257756,0.00029888218064439,5.9776436128878e-05,0.000179329308386634,0.000239105744515512,5.9776436128878e-05,5.9776436128878e-05,0.000537987925159902,0.000239105744515512,0.000717317233546536,0.000358658616773268,5.9776436128878e-05,0.000239105744515512,0.00101619941419093,0.000657540797417658,0.000239105744515512,0.000239105744515512,5.9776436128878e-05,0.000119552872257756,5.9776436128878e-05,0.000239105744515512,0.000179329308386634,0,0,0,0,0,5.9776436128878e-05,0,0,0,0,0,0,0,0,0,0,0,0,0,0,0,0,0,0,0,0,0,0,0
0.0807734007950849,0.0128297795446332,0.0086134200698711,0.00770991446813637,0.0154198289362727,0.0235513793518853,0.0298759185640284,0.0249367546078786,0.023491145645103,0.0245753523671847,0.0243344175400554,0.0246958197807493,0.0265630646910011,0.0337911095048789,0.0292735814962053,0.0298759185640284,0.0263823635706541,0.0240934827129262,0.0218648355619805,0.0217443681484159,0.0165642693651367,0.0213227322009396,0.0196964221178171,0.0130707143717624,0.016624503071919,0.0129502469581978,0.0125888447175039,0.0113239368750753,0.00831225153595952,0.0140344536802795,0.00903505601734731,0.00728827852066016,0.00789061558848332,0.00837248524274184,0.00849295265630647,0.0103601975665582,0.00819178412239489,0.00578243585110228,0.00554150102397302,0.00463799542223828,0.00487893024936755,0.00433682688832671,0.00843271894952415,0.00481869654258523,0.00740874593422479,0.0070473436935309,0.00499939766293218,0.00608360438501385,0.00963739308517046,0.00698710998674858,0.0046982291290206,0.00499939766293218,0.00379472352728587,0.00283098421876882,0.00499939766293218,0.00475846283580292,0.00656547403927238,0.00463799542223828,0.00499939766293218,0.00499939766293218,0.00283098421876882,0.00337308757980966,0.00192747861703409,0.00295145163233345,0.00210817973738104,0.00427659318154439,0.00421635947476208,0.00475846283580292,0.00361402240693892,0.00283098421876882,0.00656547403927238,0.00355378870015661,0.00295145163233345,0.00240934827129262,0.00210817973738104,0.00240934827129262,0.00240934827129262,0.00259004939163956,0.00174677749668715,0.00120467413564631,0.00289121792555114,0.000843271894952415,0.000843271894952415,0.00102397301529936,0.00210817973738104,0.0015660763763402,0.00102397301529936,0.000903505601734731,0.000963739308517046,0.00114444042886399,0.00174677749668715,0.00150584266955788,0.00138537525599325,0.00210817973738104,0.00108420672208168,0.00162631008312252,0.00114444042886399,0.00138537525599325,0.00150584266955788,0.00114444042886399,0.00204794603059872,0.00132514154921094,0.000903505601734731,0.00138537525599325,0.0007830381881701,0.00120467413564631,0.00216841344416335,0.00222864715094567,0.00114444042886399,0.00138537525599325,0.000662570774605469,0.00180701120346946,0.00265028309842188,0.000903505601734731,0.000662570774605469,0.000903505601734731,0.00126490784242862,0.00349355499337429,0.00349355499337429,0.00186724491025178,0.00283098421876882,0.00114444042886399,0.00180701120346946,0.00168654378990483,0.0015660763763402,0.000843271894952415,0.000481869654258523,0.000481869654258523,0.00108420672208168,0.00168654378990483,0.000903505601734731,0.00132514154921094,0.000421635947476208,0.000421635947476208,0.0007830381881701,0.000843271894952415,0.00120467413564631,0.0007830381881701,0.000662570774605469,0.00108420672208168,0.000481869654258523,0.000301168533911577,0.000963739308517046,0.000301168533911577,0.000180701120346946,6.02337067823154e-05,0.000180701120346946,0.000361402240693892,0.000120467413564631,6.02337067823154e-05,0.000301168533911577,0.000240934827129262,0,0.000180701120346946,0.000301168533911577,0.000602337067823154,0.000602337067823154,0.000481869654258523,0.000120467413564631,0,6.02337067823154e-05,0.000120467413564631,0,6.02337067823154e-05,0.000542103361040838,0,6.02337067823154e-05,0,0,0,0,6.02337067823154e-05,0.000240934827129262,0.000120467413564631,0,0,0,0.000180701120346946,0,0,6.02337067823154e-05,0,0,0,0,0.000180701120346946,6.02337067823154e-05,0,0,0,6.02337067823154e-05,0.000180701120346946,0,0,0.000120467413564631,0.000361402240693892,6.02337067823154e-05,0,0,0,6.02337067823154e-05,0,0,6.02337067823154e-05,0,0,0,0,0,0,0,0,0,0,0,0,0,0,0,0,0,0,0,0,0,0,0,0,0,0,0,0,0,0,0,0,0,0,0,0,0,0,0,0,0,0,0,0,0,0,0,0,0,0,0,0,0,0,0,0,0,0,0,0,0,0,0,0,0,0,0,0,0,0,0,0,0,0,0,0,0,0,0,0,0,0,0,0,0,0,0,0,0,0,0,0,0,0,0,0,0,0,0,0,0,0,0,0,0,0,0,0,0,0,0,0,0,0,0,0,0,0,0,0,0,0,0,0,0,0,0,0,0,0,0,0,0,0,0,0,0,0,0,0,0,0,0,0,0,0,0,0,0,0,0,0,0,0,0,0,0,0,0,0,0,0,0,0,0,0,0,0,0,0,0,0,0,0,0,0,0,0,0,0,0,0,0,0,0,0,0,0,0,0,0,0,0,0,0,0,0,0,0,0,0,0,0,0,0,0,0,0,0,0,0,0,0,0,0,0,0,0,0,0,0,0,0,0,0,0,0,0,0,0,0,0,0,0,0,0,0,0,0,0,0,0,0,0,0,0,0,0,0,0,0,0,0,0,0,0,0,0,0,0,0,0,0,0,0,0,0,0,0,0,0,0,0,0,0,0,0,0,0,0,0,0,0,0,0,0,0,0,0,0,0,0,0,0,0,0,0,0,0,0,0,0,0,0,0,0,0,0,0,0,0,0,0,0,0,0,0,0,0,0,0,0,0,0,0,0,0,0,0,0,0,0,0,0,0,0,0,0,0,0,0,0,0,0,0,0,0,0,0,0,0,0,0,0,0
0.0807620383356709,0.0134408602150538,0.0109864422627396,0.00935016362786349,0.0133824216923796,0.0231416549789621,0.0284011220196353,0.0242519869097709,0.0271154745208041,0.0262388966806919,0.0203366058906031,0.0211547452080411,0.0272907900888266,0.0285764375876578,0.0355890603085554,0.0277582982702197,0.0320827489481066,0.0237260402057036,0.0181159420289855,0.0214469378214119,0.0185250116877045,0.0229663394109397,0.0220897615708275,0.0169471715755026,0.0160121552127162,0.0133239831697055,0.0150771388499299,0.0146096306685367,0.0124474053295933,0.0140836839644694,0.0127980364656381,0.00818139317438055,0.00870733987844787,0.00800607760635811,0.00964235624123422,0.0130902290790089,0.00783076203833567,0.00496727442730248,0.00777232351566152,0.00631136044880785,0.00607760635811127,0.00420757363253857,0.00794763908368396,0.00444132772323516,0.00882421692379617,0.00841514726507714,0.00788920056100982,0.00601916783543712,0.00958391771856008,0.00888265544647031,0.00654511453950444,0.00572697522206639,0.00485039738195418,0.00391538101916784,0.00683730715287518,0.00654511453950444,0.00742169237961664,0.00368162692847125,0.00496727442730248,0.00479195885928004,0.00338943431510051,0.00344787283777466,0.0017531556802244,0.00239597942964002,0.0017531556802244,0.00204534829359514,0.000993454885460495,0.00111033193080879,0.0017531556802244,0.00157784011220196,0.00151940158952782,0.00169471715755026,0.000584385226741468,0.00134408602150538,0.00146096306685367,0.00111033193080879,0.000993454885460495,0.00216222533894343,0.000935016362786349,0.000409069658719028,0.00122720897615708,0.00116877045348294,0.000876577840112202,0.000350631136044881,0.000701262272089762,0.00227910238429173,0.00122720897615708,0.00111033193080879,0.000701262272089762,0.00151940158952782,0.00181159420289855,0.00151940158952782,0.000993454885460495,0.000525946704067321,0.00122720897615708,0.00140252454417952,0.00146096306685367,0.00140252454417952,0.00128564749883123,0.000935016362786349,0.00157784011220196,0.00122720897615708,0.00128564749883123,0.00151940158952782,0.00140252454417952,0.0017531556802244,0.00210378681626928,0.0017531556802244,0.000642823749415615,0.000409069658719028,0.000701262272089762,0.00257129499766246,0.00245441795231417,0.000759700794763908,0.00105189340813464,0.000759700794763908,0.00163627863487611,0.00321411874707807,0.00420757363253857,0.00198690977092099,0.0017531556802244,0.00210378681626928,0.00192847124824684,0.00122720897615708,0.000759700794763908,0.00116877045348294,0.000525946704067321,0.000350631136044881,0.000525946704067321,0.00116877045348294,0.000292192613370734,0.00122720897615708,0.000350631136044881,0.000292192613370734,0.000467508181393174,0.000642823749415615,0.000233754090696587,0.000116877045348294,0.00017531556802244,0.000116877045348294,0,5.84385226741468e-05,5.84385226741468e-05,5.84385226741468e-05,5.84385226741468e-05,0,5.84385226741468e-05,0.00017531556802244,0,0,0,0,0.000292192613370734,0,5.84385226741468e-05,0.000116877045348294,0,0,0,0,5.84385226741468e-05,5.84385226741468e-05,0.000116877045348294,0.000116877045348294,0,0,0,0,0,0,0,0,0,0,0,0,0,0,0,0,0,0,0,0,0,0,0,0,0,0,0,0,0,0,0,0,0,0,0,0,0,0,0,0,0,0,0,0,0,0,0,0,0,0,0,0,0,0,0,0,0,0,0,0,0,0,0,0,0,0,0,0,0,0,0,0,0,0,0,0,0,0,0,0,0,0,0,0,0,0,0,0,0,0,0,0,0,0,0,0,0,0,0,0,0,0,0,0,0,0,0,0,0,0,0,0,0,0,0,0,0,0,0,0,0,0,0,0,0,0,0,0,0,0,0,0,0,0,0,0,0,0,0,0,0,0,0,0,0,0,0,0,0,0,0,0,0,0,0,0,0,0,0,0,0,0,0,0,0,0,0,0,0,0,0,0,0,0,0,0,0,0,0,0,0,0,0,0,0,0,0,0,0,0,0,0,0,0,0,0,0,0,0,0,0,0,0,0,0,0,0,0,0,0,0,0,0,0,0,0,0,0,0,0,0,0,0,0,0,0,0,0,0,0,0,0,0,0,0,0,0,0,0,0,0,0,0,0,0,0,0,0,0,0,0,0,0,0,0,0,0,0,0,0,0,0,0,0,0,0,0,0,0,0,0,0,0,0,0,0,0,0,0,0,0,0,0,0,0,0,0,0,0,0,0,0,0,0,0,0,0,0,0,0,0,0,0,0,0,0,0,0,0,0,0,0,0,0,0,0,0,0,0,0,0,0,0,0,0,0,0,0,0,0,0,0,0,0,0,0,0,0,0,0,0,0,0,0,0,0,0,0,0,0,0,0,0,0,0,0,0,0,0,0,0,0,0,0,0,0,0,0,0,0,0,0,0,0,0,0,0,0,0,0,0,0,0,0,0,0,0,0,0,0,0,0,0,0,0
0.0828461666945048,0.0136406658872,0.0108011803351706,0.00968765658927677,0.00968765658927677,0.0160347419408719,0.0177050275597127,0.0199320750515005,0.0246088747842548,0.0218250654195201,0.0185958465564278,0.0165915038138188,0.0249429319080229,0.0220477701686988,0.0359111408050777,0.0244418462223707,0.0237180557875397,0.0153109515060409,0.0174266466232392,0.0237737319748344,0.0198207226769111,0.0206558654863315,0.0222704749178776,0.0181504370580703,0.018373141807249,0.0165358276265241,0.0147541896330939,0.0207672178609209,0.0165915038138188,0.0133622849507266,0.0135293135126107,0.0126384945158956,0.0141417515728523,0.0137520182617894,0.0211569511719837,0.0155336562552196,0.0105227993986972,0.00974333277657146,0.010188742274929,0.00796169478314125,0.00835142809420411,0.00824007571961472,0.0114136183954123,0.00668114247536329,0.0111909136462335,0.0106898279605813,0.00952062802739268,0.00885251377985636,0.0108568565224653,0.0101330660876343,0.00812872334502533,0.00690384722454206,0.00528923779299594,0.004732475920049,0.00701519959913145,0.00428706642169144,0.00367462836144981,0.00194866655531429,0.00272813317744001,0.00267245699014531,0.00178163799343021,0.00256110461555593,0.00178163799343021,0.00244975224096654,0.00311786648850287,0.00222704749178776,0.00144758086966205,0.00128055230777796,0.00150325705695674,0.000612438060241635,0.000668114247536329,0.00155893324425143,0.000779466622125717,0.00133622849507266,0.0018929903680196,0.00116919993318858,0.00150325705695674,0.00239407605367184,0.000835142809420411,0.000946495184009799,0.000723790434831023,0.00100217137130449,0.00105784755859919,0.00100217137130449,0.000890818996715105,0.00217137130449307,0.00256110461555593,0.00178163799343021,0.00111352374589388,0.000890818996715105,0.000668114247536329,0.000946495184009799,0.000890818996715105,0.00100217137130449,0.00200434274260899,0.000779466622125717,0.000779466622125717,0.00122487612048327,0.00139190468236735,0.000890818996715105,0.000445409498357552,0.000946495184009799,0.000890818996715105,0.00144758086966205,0.00178163799343021,0.00211569511719837,0.00228272367908246,0.00172596180613552,0.000668114247536329,0.000556761872946941,0.00139190468236735,0.00423139023439675,0.00239407605367184,0.000890818996715105,0.00128055230777796,0.000612438060241635,0.00139190468236735,0.00228272367908246,0.00356327598686042,0.00211569511719837,0.00100217137130449,0.000946495184009799,0.000389733311062858,0.00100217137130449,0.000835142809420411,0.000723790434831023,0.000389733311062858,0.000111352374589388,0.000334057123768164,0.000668114247536329,0.000445409498357552,0.000501085685652247,0.000501085685652247,0,0,5.56761872946941e-05,0,5.56761872946941e-05,5.56761872946941e-05,5.56761872946941e-05,0,0,0,0,0,0,0,0,0,0,0,0,0,0,0,0,0,0,0,0,0,0,0,0,0,0,0,0,0,0,0,0,0,0,0,0,0,0,0,0,0,0,0,0,0,0,0,0,0,0,0,0,0,0,0,0,0,0,0,0,0,0,0,0,0,0,0,0,0,0,0,0,0,0,0,0,0,0,0,0,0,0,0,0,0,0,0,0,0,0,0,0,0,0,0,0,0,0,0,0,0,0,0,0,0,0,0,0,0,0,0,0,0,0,0,0,0,0,0,0,0,0,0,0,0,0,0,0,0,0,0,0,0,0,0,0,0,0,0,0,0,0,0,0,0,0,0,0,0,0,0,0,0,0,0,0,0,0,0,0,0,0,0,0,0,0,0,0,0,0,0,0,0,0,0,0,0,0,0,0,0,0,0,0,0,0,0,0,0,0,0,0,0,0,0,0,0,0,0,0,0,0,0,0,0,0,0,0,0,0,0,0,0,0,0,0,0,0,0,0,0,0,0,0,0,0,0,0,0,0,0,0,0,0,0,0,0,0,0,0,0,0,0,0,0,0,0,0,0,0,0,0,0,0,0,0,0,0,0,0,0,0,0,0,0,0,0,0,0,0,0,0,0,0,0,0,0,0,0,0,0,0,0,0,0,0,0,0,0,0,0,0,0,0,0,0,0,0,0,0,0,0,0,0,0,0,0,0,0,0,0,0,0,0,0,0,0,0,0,0,0,0,0,0,0,0,0,0,0,0,0,0,0,0,0,0,0,0,0,0,0,0,0,0,0,0,0,0,0,0,0,0,0,0,0,0,0,0,0,0,0,0,0,0,0,0,0,0,0,0,0,0,0,0,0,0,0,0,0,0,0,0,0,0,0,0,0,0,0,0,0,0,0,0,0,0,0,0,0,0,0,0,0,0,0,0,0,0,0,0,0,0,0,0,0,0,0,0,0
0.0657881029273883,0.0110428169601,0.00901135534951557,0.00755287009063444,0.00958433170121888,0.0152099176997604,0.0162516928846755,0.0160433378476925,0.0226065215126576,0.0184915095322429,0.0204187936243359,0.0154703614959892,0.0260443796228774,0.021460568809251,0.0271382435670382,0.0192207521616835,0.021460568809251,0.0164600479216585,0.0194291071986665,0.0258360245858944,0.0197937285133868,0.0283362850296906,0.0198458172726326,0.019324929680175,0.0169809355141161,0.0154182727367434,0.0185435982914887,0.0192728409209293,0.0172413793103448,0.0151057401812689,0.0143244087925826,0.016147515366184,0.0163037816439212,0.0158870715699552,0.0223460777164288,0.0184915095322429,0.0127617460152099,0.0128138347744557,0.0121887696635066,0.0100531305344307,0.0110949057193458,0.00890717783102406,0.0116678820710491,0.00687571622043963,0.00942806542348161,0.00796958016460048,0.00770913636837171,0.00812584644233774,0.00708407125742265,0.00729242629440567,0.00885508907177831,0.00614647359099906,0.00369830190644859,0.00302114803625378,0.0054172309615585,0.00463589957287217,0.00416710073966038,0.00343785811021981,0.00333368059172831,0.002760704240025,0.00395874570267736,0.00364621314720283,0.00182310657360142,0.00182310657360142,0.00239608292530472,0.00223981664756745,0.00177101781435566,0.00197937285133868,0.00416710073966038,0.00203146161058444,0.0021877278883217,0.00203146161058444,0.00187519533284717,0.00203146161058444,0.00281279299927076,0.00171892905510991,0.00223981664756745,0.00265652672153349,0.00177101781435566,0.00171892905510991,0.000677153870194812,0.00125013022189811,0.00135430774038962,0.00119804146265236,0.00156266277737264,0.00197937285133868,0.00369830190644859,0.00187519533284717,0.00151057401812689,0.00166684029586415,0.00156266277737264,0.00119804146265236,0.00197937285133868,0.00234399416605896,0.00250026044379623,0.000989686425669341,0.00135430774038962,0.00187519533284717,0.0021877278883217,0.00192728409209293,0.000729242629440567,0.0011459527034066,0.00166684029586415,0.00156266277737264,0.00291697051776227,0.00364621314720283,0.00291697051776227,0.00203146161058444,0.000989686425669341,0.000833420147932076,0.00145848525888113,0.00432336701739765,0.00250026044379623,0.000677153870194812,0.000989686425669341,0.000520887592457548,0.000989686425669341,0.0016147515366184,0.00244817168455047,0.000885508907177831,0.00151057401812689,0.0010417751849151,0.000208355036983019,0.000885508907177831,0.000520887592457548,0.000364621314720283,5.20887592457548e-05,0.00010417751849151,0.00010417751849151,0.000520887592457548,0.000260443796228774,0.000208355036983019,0.000416710073966038,5.20887592457548e-05,0,0,0,0,0,0,0,0,0,0,0,0,0,0,0,0,0,0,0,0,0,0,0,0,0,0,0,0,0,0,0,0,0,0,0,0,0,0,0,0,0,0,0,0,0,0,0,0,0,0,0,0,0,0,0,0,0,0,0,0,0,0,0,0,0,0,0,0,0,0,0,0,0,0,0,0,0,0,0,0,0,0,0,0,0,0,0,0,0,0,0,0,0,0,0,0,0,0,0,0,0,0,0,0,0,0,0,0,0,0,0,0,0,0,0,0,0,0,0,0,0,0,0,0,0,0,0,0,0,0,0,0,0,0,0,0,0,0,0,0,0,0,0,0,0,0,0,0,0,0,0,0,0,0,0,0,0,0,0,0,0,0,0,0,0,0,0,0,0,0,0,0,0,0,0,0,0,0,0,0,0,0,0,0,0,0,0,0,0,0,0,0,0,0,0,0,0,0,0,0,0,0,0,0,0,0,0,0,0,0,0,0,0,0,0,0,0,0,0,0,0,0,0,0,0,0,0,0,0,0,0,0,0,0,0,0,0,0,0,0,0,0,0,0,0,0,0,0,0,0,0,0,0,0,0,0,0,0,0,0,0,0,0,0,0,0,0,0,0,0,0,0,0,0,0,0,0,0,0,0,0,0,0,0,0,0,0,0,0,0,0,0,0,0,0,0,0,0,0,0,0,0,0,0,0,0,0,0,0,0,0,0,0,0,0,0,0,0,0,0,0,0,0,0,0,0,0,0,0,0,0,0,0,0,0,0,0,0,0,0,0,0,0,0,0,0,0,0,0,0,0,0,0,0,0,0,0,0,0,0,0,0,0,0,0,0,0,0,0,0,0,0,0,0,0,0,0,0,0,0,0,0,0,0,0,0,0,0,0,0,0,0,0,0,0,0,0,0,0,0,0,0,0,0,0,0,0,0,0,0,0,0,0,0,0,0,0,0,0,0,0,0,0,0,0
0.068841694880476,0.0109777367395096,0.00851544064840464,0.00774597311993434,0.0122088847850621,0.0140556068533908,0.0130809479839951,0.0112855237508977,0.0157997332512568,0.0151328613932492,0.0183133271775931,0.0147224787113984,0.0184672206832872,0.023237919359803,0.0234944085359598,0.023237919359803,0.0230327280188776,0.0212373037857802,0.0234431107007284,0.0176977531548169,0.0225197496665641,0.0258028111213707,0.0178516466605109,0.0165179029444957,0.0168256899558839,0.0182107315071304,0.020621729763004,0.0196983687288396,0.0217502821380938,0.0158510310864882,0.014671180876167,0.0147224787113984,0.0143633938647789,0.0173899661434287,0.0286241920590951,0.02236585616087,0.015389350569406,0.0168769877911152,0.0111316302452037,0.0131322458192264,0.0118497999384426,0.0131835436544578,0.0144146917000103,0.00836154714271058,0.0112342259156664,0.00995178003488253,0.0108751410690469,0.0130296501487637,0.0105160562224274,0.00702780342669539,0.0116959064327485,0.00646352723915051,0.00733559043808351,0.00774597311993434,0.0080024622960911,0.00687390992100133,0.00384733764235149,0.00297527444341849,0.00477069867651585,0.00287267877295578,0.00384733764235149,0.00312916794911255,0.00266748743203037,0.00189801990356007,0.00287267877295578,0.00405252898327691,0.00436031599466502,0.00277008310249307,0.00369344413665743,0.00215450907971684,0.00174412639786601,0.00179542423309736,0.00148763722170924,0.00235970042064225,0.00256489176156766,0.00138504155124654,0.00235970042064225,0.00282138093772443,0.00189801990356007,0.00107725453985842,0.000923361034164358,0.0023084025854109,0.00148763722170924,0.00148763722170924,0.000820765363701652,0.00169282856263466,0.00107725453985842,0.000666871858007592,0.00128244588078383,0.00148763722170924,0.000615574022776239,0.00015389350569406,0.000872063198933005,0.000872063198933005,0.000512978352313532,0.000461680517082179,0.000410382681850826,0.000307787011388119,0.000666871858007592,0.000666871858007592,0.000410382681850826,0.000307787011388119,0.00102595670462706,0.000410382681850826,0.000307787011388119,0.000666871858007592,0.000102595670462706,0.000307787011388119,0.000205191340925413,0.000410382681850826,0.000102595670462706,0.000718169693238945,0.000820765363701652,0.000410382681850826,0.000461680517082179,0.000102595670462706,0.000718169693238945,0.000461680517082179,0.000102595670462706,0.000102595670462706,0,0.00015389350569406,0.000102595670462706,0,0,0,0,0,0,0,0,0,0,0,0,0,0,0,0,0,0,0,0,0,0,0,0,0,0,0,0,0,0,0,0,0,0,0,0,0,0,0,0,0,0,0,0,0,0,0,0,0,0,0,0,0,0,0,0,0,0,0,0,0,0,0,0,0,0,0,0,0,0,0,0,0,0,0,0,0,0,0,0,0,0,0,0,0,0,0,0,0,0,0,0,0,0,0,0,0,0,0,0,0,0,0,0,0,0,0,0,0,0,0,0,0,0,0,0,0,0,0,0,0,0,0,0,0,0,0,0,0,0,0,0,0,0,0,0,0,0,0,0,0,0,0,0,0,0,0,0,0,0,0,0,0,0,0,0,0,0,0,0,0,0,0,0,0,0,0,0,0,0,0,0,0,0,0,0,0,0,0,0,0,0,0,0,0,0,0,0,0,0,0,0,0,0,0,0,0,0,0,0,0,0,0,0,0,0,0,0,0,0,0,0,0,0,0,0,0,0,0,0,0,0,0,0,0,0,0,0,0,0,0,0,0,0,0,0,0,0,0,0,0,0,0,0,0,0,0,0,0,0,0,0,0,0,0,0,0,0,0,0,0,0,0,0,0,0,0,0,0,0,0,0,0,0,0,0,0,0,0,0,0,0,0,0,0,0,0,0,0,0,0,0,0,0,0,0,0,0,0,0,0,0,0,0,0,0,0,0,0,0,0,0,0,0,0,0,0,0,0,0,0,0,0,0,0,0,0,0,0,0,0,0,0,0,0,0,0,0,0,0,0,0,0,0,0,0,0,0,0,0,0,0,0,0,0,0,0,0,0,0,0,0,0,0,0,0,0,0,0,0,0,0,0,0,0,0,0,0,0,0,0,0,0,0,0,0,0,0,0,0,0,0,0,0,0,0,0,0,0,0,0,0,0,0,0,0,0,0,0,0,0,0,0,0,0,0,0,0,0,0,0,0,0,0,0,0,0,0,0,0,0,0,0,0,0,0
0.0722468388630714,0.0109694153247595,0.0067005295579812,0.00761915054576894,0.0128606938290284,0.0127526207716416,0.0134010591159624,0.0131308764724954,0.013347022587269,0.0184804928131417,0.0218307575921323,0.0203717713174106,0.0283691775640333,0.0238841456824814,0.0221549767642927,0.0283691775640333,0.0265319355884578,0.0245325840268021,0.0273424835188587,0.0192370042148492,0.0294499081379012,0.0293418350805144,0.0248568031989625,0.0244245109694153,0.0186966389279153,0.0202096617313304,0.0260456068302172,0.0223170863503729,0.0217226845347455,0.0178860909975143,0.0152383010915379,0.0169134334810332,0.017291689181887,0.0170755430671134,0.0134550956446558,0.0196692964443964,0.0155084837350049,0.0159948124932454,0.0121041824273209,0.0136712417594294,0.0126985842429482,0.0101048308656652,0.00875391764833027,0.00745704095968875,0.0067005295579812,0.00578190857019345,0.0067005295579812,0.00756511401707554,0.00761915054576894,0.0050253971684859,0.00745704095968875,0.00426888576677834,0.00394466659461796,0.00410677618069815,0.00534961634064628,0.00410677618069815,0.00421484923808495,0.00416081270939155,0.00437695882416514,0.00308008213552361,0.00480925105371231,0.00280989949205663,0.00205338809034908,0.00145898627472171,0.00210742461904247,0.00389063006592456,0.00432292229547174,0.00367448395115098,0.00210742461904247,0.0016751323894953,0.00135091321733492,0.000972657516481141,0.00194531503296228,0.0017291689181887,0.00118880363125473,0.000864584459094348,0.00237760726250946,0.00237760726250946,0.0017291689181887,0.000702474873014158,0.000972657516481141,0.00129687668864152,0.0017291689181887,0.00140494974602832,0.000486328758240571,0.00102669404517454,0.000486328758240571,0.000486328758240571,0.000972657516481141,0.00140494974602832,0.00032421917216038,0.000108073057386793,0.000432292229547174,0.000270182643466984,0.000378255700853777,0.000216146114773587,0.000810547930400951,0.000378255700853777,0.00032421917216038,0.000702474873014158,0.000648438344320761,5.40365286933967e-05,0.000108073057386793,0,0.000270182643466984,0.00016210958608019,0.000432292229547174,0.000270182643466984,0.00016210958608019,5.40365286933967e-05,0,0,0,0,0,0,0,0,0,0,0,0,0,0,0,0,0,0,0,0,0,0,0,0,0,0,0,0,0,0,0,0,0,0,0,0,0,0,0,0,0,0,0,0,0,0,0,0,0,0,0,0,0,0,0,0,0,0,0,0,0,0,0,0,0,0,0,0,0,0,0,0,0,0,0,0,0,0,0,0,0,0,0,0,0,0,0,0,0,0,0,0,0,0,0,0,0,0,0,0,0,0,0,0,0,0,0,0,0,0,0,0,0,0,0,0,0,0,0,0,0,0,0,0,0,0,0,0,0,0,0,0,0,0,0,0,0,0,0,0,0,0,0,0,0,0,0,0,0,0,0,0,0,0,0,0,0,0,0,0,0,0,0,0,0,0,0,0,0,0,0,0,0,0,0,0,0,0,0,0,0,0,0,0,0,0,0,0,0,0,0,0,0,0,0,0,0,0,0,0,0,0,0,0,0,0,0,0,0,0,0,0,0,0,0,0,0,0,0,0,0,0,0,0,0,0,0,0,0,0,0,0,0,0,0,0,0,0,0,0,0,0,0,0,0,0,0,0,0,0,0,0,0,0,0,0,0,0,0,0,0,0,0,0,0,0,0,0,0,0,0,0,0,0,0,0,0,0,0,0,0,0,0,0,0,0,0,0,0,0,0,0,0,0,0,0,0,0,0,0,0,0,0,0,0,0,0,0,0,0,0,0,0,0,0,0,0,0,0,0,0,0,0,0,0,0,0,0,0,0,0,0,0,0,0,0,0,0,0,0,0,0,0,0,0,0,0,0,0,0,0,0,0,0,0,0,0,0,0,0,0,0,0,0,0,0,0,0,0,0,0,0,0,0,0,0,0,0,0,0,0,0,0,0,0,0,0,0,0,0,0,0,0,0,0,0,0,0,0,0,0,0,0,0,0,0,0,0,0,0,0,0,0,0,0,0,0,0,0,0,0,0,0,0,0,0,0,0,0,0,0,0,0,0,0,0,0,0,0,0,0,0,0,0,0,0,0,0,0
0.104201595285272,0.0146319158664838,0.00629985266473607,0.0138698369151044,0.0132601737540009,0.014327084285932,0.0128537316465986,0.0144286948127826,0.0153431895544378,0.0191535843113347,0.0207285474775187,0.0255550475029213,0.0282477264644617,0.0250978001320937,0.0289081948889905,0.0399837423157039,0.0253518264492201,0.0313976527968298,0.0340395264949449,0.0167149316669207,0.0217954580094498,0.0201696895798405,0.0229639790682315,0.0175786211451506,0.0158004369252655,0.0292638317329675,0.0230655895950821,0.028654168571864,0.0240308896001626,0.0182898948331047,0.0133109790174262,0.0144795000762079,0.0124472895391963,0.013107757963725,0.013615810597978,0.0132093684905756,0.0109231316364375,0.0173754000914495,0.00868770004572474,0.00756998425036834,0.00701112635269014,0.0066554895087131,0.00548696844993141,0.0139206421785297,0.00894172636285119,0.00594421582075903,0.00812884214804654,0.00619824213788548,0.00472488949855205,0.00340395264949449,0.00650307371843723,0.00482650002540263,0.00309912106894274,0.00142254737590814,0.0033531473860692,0.00472488949855205,0.0033531473860692,0.00635065792816136,0.00660468424528781,0.00574099476705787,0.00452166844485089,0.00325153685921861,0.00182898948331047,0.00193060001016105,0.000965300005080526,0.00238784738098867,0.00294670527866687,0.00208301580043693,0.000508052634252909,0.00127013158563227,0.00147335263933343,0.00233704211756338,0.00152415790275873,0.00193060001016105,0.000457247370827618,0.000203221053701163,0.000355636843977036,0.000304831580551745,0.000254026317126454,0.000457247370827618,0.000660468424528781,0.000254026317126454,0.000203221053701163,0.000152415790275873,5.08052634252909e-05,0.000406442107402327,0,0,5.08052634252909e-05,0.000101610526850582,0,0,0,0,0,0,0,0,0,0,0,0,0,0,0,0,0,0,0,0,0,0,0,0,0,0,0,0,0,0,0,0,0,0,0,0,0,0,0,0,0,0,0,0,0,0,0,0,0,0,0,0,0,0,0,0,0,0,0,0,0,0,0,0,0,0,0,0,0,0,0,0,0,0,0,0,0,0,0,0,0,0,0,0,0,0,0,0,0,0,0,0,0,0,0,0,0,0,0,0,0,0,0,0,0,0,0,0,0,0,0,0,0,0,0,0,0,0,0,0,0,0,0,0,0,0,0,0,0,0,0,0,0,0,0,0,0,0,0,0,0,0,0,0,0,0,0,0,0,0,0,0,0,0,0,0,0,0,0,0,0,0,0,0,0,0,0,0,0,0,0,0,0,0,0,0,0,0,0,0,0,0,0,0,0,0,0,0,0,0,0,0,0,0,0,0,0,0,0,0,0,0,0,0,0,0,0,0,0,0,0,0,0,0,0,0,0,0,0,0,0,0,0,0,0,0,0,0,0,0,0,0,0,0,0,0,0,0,0,0,0,0,0,0,0,0,0,0,0,0,0,0,0,0,0,0,0,0,0,0,0,0,0,0,0,0,0,0,0,0,0,0,0,0,0,0,0,0,0,0,0,0,0,0,0,0,0,0,0,0,0,0,0,0,0,0,0,0,0,0,0,0,0,0,0,0,0,0,0,0,0,0,0,0,0,0,0,0,0,0,0,0,0,0,0,0,0,0,0,0,0,0,0,0,0,0,0,0,0,0,0,0,0,0,0,0,0,0,0,0,0,0,0,0,0,0,0,0,0,0,0,0,0,0,0,0,0,0,0,0,0,0,0,0,0,0,0,0,0,0,0,0,0,0,0,0,0,0,0,0,0,0,0,0,0,0,0,0,0,0,0,0,0,0,0,0,0,0,0,0,0,0,0,0,0,0,0,0,0,0,0,0,0,0,0,0,0,0,0,0,0,0,0,0,0,0,0,0,0,0,0,0,0,0,0,0,0,0,0,0,0,0,0,0,0,0,0,0,0,0,0,0,0,0,0,0,0,0,0
0.128528528528529,0.0187187187187187,0.00670670670670671,0.0116116116116116,0.0115115115115115,0.0146146146146146,0.0128128128128128,0.0154654654654655,0.016016016016016,0.0278778778778779,0.0220720720720721,0.0233233233233233,0.0262762762762763,0.0263763763763764,0.0301801801801802,0.0365365365365365,0.0258258258258258,0.0179179179179179,0.0232732732732733,0.0201201201201201,0.0197697697697698,0.0159159159159159,0.0175675675675676,0.017017017017017,0.0204204204204204,0.0257257257257257,0.0165165165165165,0.0265765765765766,0.0233733733733734,0.0127627627627628,0.0121121121121121,0.0141641641641642,0.0140640640640641,0.0151651651651652,0.0149149149149149,0.0168168168168168,0.0117117117117117,0.0163163163163163,0.0116616616616617,0.00905905905905906,0.00900900900900901,0.00855855855855856,0.00875875875875876,0.0243243243243243,0.0108608608608609,0.00570570570570571,0.00680680680680681,0.004004004004004,0.00335335335335335,0.0044044044044044,0.00445445445445445,0.004004004004004,0.00620620620620621,0.00285285285285285,0.002002002002002,0.00335335335335335,0.00195195195195195,0.00435435435435435,0.00630630630630631,0.00665665665665666,0.00385385385385385,0.00195195195195195,0.00125125125125125,0.00105105105105105,0.000900900900900901,0.00175175175175175,0.0018018018018018,0.0005005005005005,0.000550550550550551,0.00135135135135135,0.0013013013013013,0.0019019019019019,0.00135135135135135,0.002002002002002,0.00045045045045045,0.00025025025025025,5.00500500500501e-05,0.0001001001001001,0.000800800800800801,0.000750750750750751,0,0.0004004004004004,0.00015015015015015,0.0001001001001001,0.0001001001001001,0,0,0,0,0,0,0,0,0,0,0,0,0,0,0,0,0,0,0,0,0,0,0,0,0,0,0,0,0,0,0,0,0,0,0,0,0,0,0,0,0,0,0,0,0,0,0,0,0,0,0,0,0,0,0,0,0,0,0,0,0,0,0,0,0,0,0,0,0,0,0,0,0,0,0,0,0,0,0,0,0,0,0,0,0,0,0,0,0,0,0,0,0,0,0,0,0,0,0,0,0,0,0,0,0,0,0,0,0,0,0,0,0,0,0,0,0,0,0,0,0,0,0,0,0,0,0,0,0,0,0,0,0,0,0,0,0,0,0,0,0,0,0,0,0,0,0,0,0,0,0,0,0,0,0,0,0,0,0,0,0,0,0,0,0,0,0,0,0,0,0,0,0,0,0,0,0,0,0,0,0,0,0,0,0,0,0,0,0,0,0,0,0,0,0,0,0,0,0,0,0,0,0,0,0,0,0,0,0,0,0,0,0,0,0,0,0,0,0,0,0,0,0,0,0,0,0,0,0,0,0,0,0,0,0,0,0,0,0,0,0,0,0,0,0,0,0,0,0,0,0,0,0,0,0,0,0,0,0,0,0,0,0,0,0,0,0,0,0,0,0,0,0,0,0,0,0,0,0,0,0,0,0,0,0,0,0,0,0,0,0,0,0,0,0,0,0,0,0,0,0,0,0,0,0,0,0,0,0,0,0,0,0,0,0,0,0,0,0,0,0,0,0,0,0,0,0,0,0,0,0,0,0,0,0,0,0,0,0,0,0,0,0,0,0,0,0,0,0,0,0,0,0,0,0,0,0,0,0,0,0,0,0,0,0,0,0,0,0,0,0,0,0,0,0,0,0,0,0,0,0,0,0,0,0,0,0,0,0,0,0,0,0,0,0,0,0,0,0,0,0,0,0,0,0,0,0,0,0,0,0,0,0,0,0,0,0,0,0,0,0,0,0,0,0,0,0,0,0,0,0,0,0,0,0,0,0,0,0,0,0,0,0,0,0,0,0,0,0,0,0,0,0,0,0,0,0,0,0,0,0,0,0,0,0,0,0,0,0,0,0,0,0,0
0.0800387376096616,0.02198929019027,0.0127036572860886,0.0177737267859177,0.0165774182522502,0.0172610231286317,0.0183433975162356,0.0189130682465535,0.0189700353195853,0.0285974706619574,0.0278568987125442,0.0234704340890965,0.0240401048194144,0.0328700011393415,0.0272302609091945,0.0247237096957958,0.0286544377349892,0.023869203600319,0.0267745243249402,0.0198815084880939,0.0201663438532528,0.0182864304432038,0.0168052865443774,0.0154380767916144,0.0186851999544263,0.0209069158026661,0.0190839694656489,0.0189130682465535,0.0179446280050131,0.0145835706961376,0.0184573316622992,0.0190839694656489,0.0191979036117124,0.0134442292355019,0.0175458584937906,0.0159507804489005,0.0154950438646462,0.0127036572860886,0.0148114389882648,0.0144126694770423,0.0135011963085337,0.0109376780221032,0.00803235729748206,0.00957046826934032,0.00803235729748206,0.00581064144924234,0.00313318901674832,0.00672211461775094,0.0059815426683377,0.00586760852227413,0.00535490486498804,0.0055258060840834,0.00814629144354563,0.00518400364589267,0.00495613535376552,0.00501310242679731,0.00290532072462117,0.00324712316281189,0.00341802438190726,0.00330409023584368,0.00319015608978011,0.00336105730887547,0.00319015608978011,0.00227868292127151,0.0013672097527629,0.00210778170217614,0.00216474877520793,0.00148114389882648,0.000911473168508602,0.00096844024154039,0.000569670730317876,0.000569670730317876,0.000227868292127151,0.000227868292127151,0,0.000170901219095363,0.000113934146063575,0,0,0,0,0,0,0,0,0,0,0,0,0,0,0,0,0,0,0,0,0,0,0,0,0,0,0,0,0,0,0,0,0,0,0,0,0,0,0,0,0,0,0,0,0,0,0,0,0,0,0,0,0,0,0,0,0,0,0,0,0,0,0,0,0,0,0,0,0,0,0,0,0,0,0,0,0,0,0,0,0,0,0,0,0,0,0,0,0,0,0,0,0,0,0,0,0,0,0,0,0,0,0,0,0,0,0,0,0,0,0,0,0,0,0,0,0,0,0,0,0,0,0,0,0,0,0,0,0,0,0,0,0,0,0,0,0,0,0,0,0,0,0,0,0,0,0,0,0,0,0,0,0,0,0,0,0,0,0,0,0,0,0,0,0,0,0,0,0,0,0,0,0,0,0,0,0,0,0,0,0,0,0,0,0,0,0,0,0,0,0,0,0,0,0,0,0,0,0,0,0,0,0,0,0,0,0,0,0,0,0,0,0,0,0,0,0,0,0,0,0,0,0,0,0,0,0,0,0,0,0,0,0,0,0,0,0,0,0,0,0,0,0,0,0,0,0,0,0,0,0,0,0,0,0,0,0,0,0,0,0,0,0,0,0,0,0,0,0,0,0,0,0,0,0,0,0,0,0,0,0,0,0,0,0,0,0,0,0,0,0,0,0,0,0,0,0,0,0,0,0,0,0,0,0,0,0,0,0,0,0,0,0,0,0,0,0,0,0,0,0,0,0,0,0,0,0,0,0,0,0,0,0,0,0,0,0,0,0,0,0,0,0,0,0,0,0,0,0,0,0,0,0,0,0,0,0,0,0,0,0,0,0,0,0,0,0,0,0,0,0,0,0,0,0,0,0,0,0,0,0,0,0,0,0,0,0,0,0,0,0,0,0,0,0,0,0,0,0,0,0,0,0,0,0,0,0,0,0,0,0,0,0,0,0,0,0,0,0,0,0,0,0,0,0,0,0,0,0,0,0,0,0,0,0,0,0,0,0,0,0,0,0,0,0,0,0,0,0,0,0,0,0,0,0,0,0,0,0,0,0,0,0,0,0,0,0,0,0,0,0,0,0,0,0,0,0,0,0,0,0,0
0.0534456740442656,0.0149647887323944,0.0135814889336016,0.0161280181086519,0.0173855633802817,0.021283953722334,0.0245850100603622,0.0320045271629779,0.0260311871227364,0.0294579979879276,0.0266599597585513,0.0267542756539235,0.0368460764587525,0.029646629778672,0.0298667002012072,0.0318787726358149,0.0283262072434608,0.0210010060362173,0.0249308350100604,0.0245221327967807,0.0210953219315895,0.0217240945674044,0.0203722334004024,0.0151534205231388,0.0166310362173038,0.0150905432595573,0.0157821931589537,0.0151534205231388,0.0144303319919517,0.0119466800804829,0.0119466800804829,0.0126068913480885,0.0159708249496982,0.0138329979879276,0.0179828973843058,0.014147384305835,0.0113493460764588,0.0094001509054326,0.00946302816901408,0.0105633802816901,0.0109092052313883,0.00757671026156942,0.00660211267605634,0.00757671026156942,0.00741951710261569,0.0062248490945674,0.00694793762575453,0.00606765593561368,0.00597334004024145,0.00914864185110664,0.00741951710261569,0.00543888329979879,0.00729376257545272,0.00496730382293763,0.00531312877263581,0.00754527162977867,0.005658953722334,0.00440140845070423,0.00361544265593561,0.00528169014084507,0.00657067404426559,0.00581614688128773,0.00455860160965795,0.00370975855130785,0.00213782696177062,0.00273516096579477,0.00433853118712274,0.00512449698189135,0.00232645875251509,0.00106891348088531,0.0011317907444668,0.0019806338028169,0.00210638832997988,0.000660211267605634,0.000345824949698189,6.28772635814889e-05,0,0,0,0,0,0,0,0,0,0,0,0,0,0,0,0,0,0,0,0,0,0,0,0,0,0,0,0,0,0,0,0,0,0,0,0,0,0,0,0,0,0,0,0,0,0,0,0,0,0,0,0,0,0,0,0,0,0,0,0,0,0,0,0,0,0,0,0,0,0,0,0,0,0,0,0,0,0,0,0,0,0,0,0,0,0,0,0,0,0,0,0,0,0,0,0,0,0,0,0,0,0,0,0,0,0,0,0,0,0,0,0,0,0,0,0,0,0,0,0,0,0,0,0,0,0,0,0,0,0,0,0,0,0,0,0,0,0,0,0,0,0,0,0,0,0,0,0,0,0,0,0,0,0,0,0,0,0,0,0,0,0,0,0,0,0,0,0,0,0,0,0,0,0,0,0,0,0,0,0,0,0,0,0,0,0,0,0,0,0,0,0,0,0,0,0,0,0,0,0,0,0,0,0,0,0,0,0,0,0,0,0,0,0,0,0,0,0,0,0,0,0,0,0,0,0,0,0,0,0,0,0,0,0,0,0,0,0,0,0,0,0,0,0,0,0,0,0,0,0,0,0,0,0,0,0,0,0,0,0,0,0,0,0,0,0,0,0,0,0,0,0,0,0,0,0,0,0,0,0,0,0,0,0,0,0,0,0,0,0,0,0,0,0,0,0,0,0,0,0,0,0,0,0,0,0,0,0,0,0,0,0,0,0,0,0,0,0,0,0,0,0,0,0,0,0,0,0,0,0,0,0,0,0,0,0,0,0,0,0,0,0,0,0,0,0,0,0,0,0,0,0,0,0,0,0,0,0,0,0,0,0,0,0,0,0,0,0,0,0,0,0,0,0,0,0,0,0,0,0,0,0,0,0,0,0,0,0,0,0,0,0,0,0,0,0,0,0,0,0,0,0,0,0,0,0,0,0,0,0,0,0,0,0,0,0,0,0,0,0,0,0,0,0,0,0,0,0,0,0,0,0,0,0,0,0,0,0,0,0,0,0,0,0,0,0,0,0,0,0,0,0,0,0,0,0,0,0,0,0,0,0,0,0,0,0,0,0,0,0,0,0,0,0,0,0,0,0,0,0,0,0,0
0.0733602271029434,0.00911399970118034,0.0101299865531152,0.0125803077842522,0.0165546092932915,0.0162259076647243,0.0221724189451666,0.0213954878230988,0.0190348124906619,0.0225310025399671,0.0271627073061407,0.0296130285372778,0.0343044972359181,0.0222023009114,0.0251606155685044,0.0227700582698342,0.0241147467503362,0.0230389959659346,0.0193037501867623,0.0163753174958912,0.0131779471089198,0.0161362617660242,0.0191543403555954,0.0189451665919617,0.01777976990886,0.0137755864335873,0.0166442551919916,0.0195428059166293,0.0167936650231585,0.0168833109218587,0.0116539668310175,0.0119527864933513,0.0135365307037203,0.01335723890632,0.0154190945764231,0.0188256387270282,0.00959211116091439,0.00920364559988047,0.0136261766024204,0.0184969370984611,0.0107873898102495,0.00974152099208128,0.0087554161063798,0.0114149111011505,0.0134767667712535,0.012640071716719,0.00678320633497684,0.00714178992977738,0.00794860301807859,0.00923352756611385,0.00675332436874346,0.00660391453757657,0.00950246526221425,0.00953234722844763,0.00663379650380995,0.00726131779471089,0.00510981622590766,0.00487076049604064,0.00570745555057523,0.00525922605707456,0.00818765874794562,0.00582698341550874,0.00531898998954131,0.00322725235320484,0.00484087852980726,0.00361571791423876,0.00505005229344091,0.00803824891677872,0.00316748842073808,0.00298819662333782,0.00182279994023607,0.00227102943373674,0.00322725235320484,0.00271925892723741,0.0025997310623039,0.000298819662333782,0,0,0,0,0,0,0,0,0,0,0,0,0,0,0,0,0,0,0,0,0,0,0,0,0,0,0,0,0,0,0,0,0,0,0,0,0,0,0,0,0,0,0,0,0,0,0,0,0,0,0,0,0,0,0,0,0,0,0,0,0,0,0,0,0,0,0,0,0,0,0,0,0,0,0,0,0,0,0,0,0,0,0,0,0,0,0,0,0,0,0,0,0,0,0,0,0,0,0,0,0,0,0,0,0,0,0,0,0,0,0,0,0,0,0,0,0,0,0,0,0,0,0,0,0,0,0,0,0,0,0,0,0,0,0,0,0,0,0,0,0,0,0,0,0,0,0,0,0,0,0,0,0,0,0,0,0,0,0,0,0,0,0,0,0,0,0,0,0,0,0,0,0,0,0,0,0,0,0,0,0,0,0,0,0,0,0,0,0,0,0,0,0,0,0,0,0,0,0,0,0,0,0,0,0,0,0,0,0,0,0,0,0,0,0,0,0,0,0,0,0,0,0,0,0,0,0,0,0,0,0,0,0,0,0,0,0,0,0,0,0,0,0,0,0,0,0,0,0,0,0,0,0,0,0,0,0,0,0,0,0,0,0,0,0,0,0,0,0,0,0,0,0,0,0,0,0,0,0,0,0,0,0,0,0,0,0,0,0,0,0,0,0,0,0,0,0,0,0,0,0,0,0,0,0,0,0,0,0,0,0,0,0,0,0,0,0,0,0,0,0,0,0,0,0,0,0,0,0,0,0,0,0,0,0,0,0,0,0,0,0,0,0,0,0,0,0,0,0,0,0,0,0,0,0,0,0,0,0,0,0,0,0,0,0,0,0,0,0,0,0,0,0,0,0,0,0,0,0,0,0,0,0,0,0,0,0,0,0,0,0,0,0,0,0,0,0,0,0,0,0,0,0,0,0,0,0,0,0,0,0,0,0,0,0,0,0,0,0,0,0,0,0,0,0,0,0,0,0,0,0,0,0,0,0,0,0,0,0,0,0,0,0,0,0,0,0,0,0,0,0,0,0,0,0,0,0,0,0,0,0,0,0,0,0,0,0,0,0,0,0,0,0,0,0,0,0,0,0,0,0,0,0
0.100099354197715,0.0104676744021006,0.00748704847065503,0.0103612234759776,0.0119579873678234,0.0153999006458023,0.0161805407707047,0.0179547228727557,0.0196224540486836,0.0197289049748066,0.0235966219572777,0.0262933787523951,0.0380739479100135,0.0309772195018097,0.0258675750479029,0.0286352991271024,0.0327514016038606,0.0252643531332056,0.0224256617699241,0.020438577815627,0.0228514654744163,0.0177063373784685,0.0239514583776879,0.0181676247250018,0.018557944787453,0.0163579589809098,0.0191611667021503,0.0163579589809098,0.0224256617699241,0.0212192179405294,0.0157192534241715,0.0120644382939465,0.0135547512596693,0.0180256901568377,0.0121708892200695,0.0228159818323753,0.00936768149882904,0.0100773543396494,0.0094741324249521,0.018628912071535,0.0113192818110851,0.00972251791923923,0.00940316514087006,0.0102192889078135,0.00975800156128025,0.00645802285146547,0.00560641544248102,0.00422255340288127,0.00585480093676815,0.00652899013554751,0.00769995032290114,0.00674189198779363,0.00436448797104535,0.00567738272656305,0.00560641544248102,0.00404513519267618,0.00365481513022497,0.00468384074941452,0.00457738982329146,0.0040806188347172,0.00439997161308637,0.00521609538002981,0.00337094599389681,0.000709672840820382,0.000603221914697325,0.00138386203959974,0.00127741111347669,0.00195160031225605,0.000922574693066496,0.000496770988574267,0.000283869136328153,0.00120644382939465,0.00177418210205095,0.00127741111347669,0.00255482222695337,0.000106450926123057,0,0,0,0,0,0,0,0,0,0,0,0,0,0,0,0,0,0,0,0,0,0,0,0,0,0,0,0,0,0,0,0,0,0,0,0,0,0,0,0,0,0,0,0,0,0,0,0,0,0,0,0,0,0,0,0,0,0,0,0,0,0,0,0,0,0,0,0,0,0,0,0,0,0,0,0,0,0,0,0,0,0,0,0,0,0,0,0,0,0,0,0,0,0,0,0,0,0,0,0,0,0,0,0,0,0,0,0,0,0,0,0,0,0,0,0,0,0,0,0,0,0,0,0,0,0,0,0,0,0,0,0,0,0,0,0,0,0,0,0,0,0,0,0,0,0,0,0,0,0,0,0,0,0,0,0,0,0,0,0,0,0,0,0,0,0,0,0,0,0,0,0,0,0,0,0,0,0,0,0,0,0,0,0,0,0,0,0,0,0,0,0,0,0,0,0,0,0,0,0,0,0,0,0,0,0,0,0,0,0,0,0,0,0,0,0,0,0,0,0,0,0,0,0,0,0,0,0,0,0,0,0,0,0,0,0,0,0,0,0,0,0,0,0,0,0,0,0,0,0,0,0,0,0,0,0,0,0,0,0,0,0,0,0,0,0,0,0,0,0,0,0,0,0,0,0,0,0,0,0,0,0,0,0,0,0,0,0,0,0,0,0,0,0,0,0,0,0,0,0,0,0,0,0,0,0,0,0,0,0,0,0,0,0,0,0,0,0,0,0,0,0,0,0,0,0,0,0,0,0,0,0,0,0,0,0,0,0,0,0,0,0,0,0,0,0,0,0,0,0,0,0,0,0,0,0,0,0,0,0,0,0,0,0,0,0,0,0,0,0,0,0,0,0,0,0,0,0,0,0,0,0,0,0,0,0,0,0,0,0,0,0,0,0,0,0,0,0,0,0,0,0,0,0,0,0,0,0,0,0,0,0,0,0,0,0,0,0,0,0,0,0,0,0,0,0,0,0,0,0,0,0,0,0,0,0,0,0,0,0,0,0,0,0,0,0,0,0,0,0,0,0,0,0,0,0,0,0,0,0,0,0,0,0,0,0,0,0,0,0,0,0,0,0,0,0,0,0,0,0,0,0,0
0.0617678381256656,0.0114822344854294,0.00658340594442831,0.011869493658631,0.012547197211734,0.0138057895246394,0.0182011811404783,0.0210862619808307,0.0212218026914513,0.0238358021105625,0.0285022751476426,0.0290057120728047,0.0278632975118598,0.0258882757285313,0.0256752831832704,0.0309032820214929,0.026972601413496,0.0256559202246103,0.0247845870849066,0.0253073869687288,0.0219382321618743,0.0216477877819731,0.0193629586600833,0.019072514280182,0.0192661438667828,0.0191499661148223,0.0176977442153161,0.0188788846935812,0.0173104850421144,0.0202536547584471,0.0186658921483203,0.0175428405460354,0.0155484558040469,0.0151031077548649,0.016051892729209,0.0176590182979959,0.0142898634911414,0.0133217155581373,0.012334204666473,0.0112498789815084,0.0117920418239907,0.0159357149772485,0.0149482040855843,0.00857779068641689,0.00751282796011231,0.00782263529867364,0.00685448736566947,0.00791945009197405,0.00712556878691064,0.00739665020815181,0.00737728724949172,0.0093716719914803,0.00869396843837738,0.00811307967857489,0.00640913931648756,0.0057895246393649,0.00573143576338465,0.00565398392874431,0.00387259173201665,0.00480201374770065,0.00333042888953432,0.00232355503920999,0.00263336237777132,0.00232355503920999,0.00158776261012683,0.00143285894084616,0.00158776261012683,0.000929422015683996,0.000309807338561332,0.000484073966502082,0.000658340594442831,0.000503436925162165,0.000387259173201665,0.000464711007841998,1.93629586600833e-05,1.93629586600833e-05,0,0,0,0,0,0,0,0,0,0,0,0,0,0,0,0,0,0,0,0,0,0,0,0,0,0,0,0,0,0,0,0,0,0,0,0,0,0,0,0,0,0,0,0,0,0,0,0,0,0,0,0,0,0,0,0,0,0,0,0,0,0,0,0,0,0,0,0,0,0,0,0,0,0,0,0,0,0,0,0,0,0,0,0,0,0,0,0,0,0,0,0,0,0,0,0,0,0,0,0,0,0,0,0,0,0,0,0,0,0,0,0,0,0,0,0,0,0,0,0,0,0,0,0,0,0,0,0,0,0,0,0,0,0,0,0,0,0,0,0,0,0,0,0,0,0,0,0,0,0,0,0,0,0,0,0,0,0,0,0,0,0,0,0,0,0,0,0,0,0,0,0,0,0,0,0,0,0,0,0,0,0,0,0,0,0,0,0,0,0,0,0,0,0,0,0,0,0,0,0,0,0,0,0,0,0,0,0,0,0,0,0,0,0,0,0,0,0,0,0,0,0,0,0,0,0,0,0,0,0,0,0,0,0,0,0,0,0,0,0,0,0,0,0,0,0,0,0,0,0,0,0,0,0,0,0,0,0,0,0,0,0,0,0,0,0,0,0,0,0,0,0,0,0,0,0,0,0,0,0,0,0,0,0,0,0,0,0,0,0,0,0,0,0,0,0,0,0,0,0,0,0,0,0,0,0,0,0,0,0,0,0,0,0,0,0,0,0,0,0,0,0,0,0,0,0,0,0,0,0,0,0,0,0,0,0,0,0,0,0,0,0,0,0,0,0,0,0,0,0,0,0,0,0,0,0,0,0,0,0,0,0,0,0,0,0,0,0,0,0,0,0,0,0,0,0,0,0,0,0,0,0,0,0,0,0,0,0,0,0,0,0,0,0,0,0,0,0,0,0,0,0,0,0,0,0,0,0,0,0,0,0,0,0,0,0,0,0,0,0,0,0,0,0,0,0,0,0,0,0,0,0,0,0,0,0,0,0,0,0,0,0,0,0,0,0,0,0,0,0,0,0,0,0,0,0,0,0,0,0,0,0,0,0,0,0,0,0,0,0,0,0,0,0,0,0,0,0,0,0,0,0,0
0.0523876595938025,0.0146076605025217,0.010018628742787,0.0120632468535599,0.0144486346494616,0.0177200236266982,0.0158344313689854,0.0195601799263937,0.0242400836021628,0.0227861329456132,0.0236266981689309,0.0283520378027171,0.0245354173292744,0.024944340951429,0.0251715207415148,0.0280567040756054,0.0224907992185015,0.0278295242855196,0.023399518378845,0.0189467944931619,0.0199009496115226,0.0173338179835522,0.0206960788768231,0.0169703303194148,0.0152664818937707,0.016515970739243,0.0138125312372211,0.0201962833386342,0.0196056158844109,0.0159480212640284,0.0183788450179472,0.0173565359625608,0.017674587668681,0.0170839202144577,0.0151528919987278,0.0132900177200236,0.0141987368803671,0.011563451315371,0.011449861420328,0.0116543232314053,0.0118587850424826,0.015470943704848,0.010791040029079,0.00931437139352083,0.00983688491071834,0.0111318097142078,0.0090190376664092,0.00776954882093689,0.00690626561861057,0.00765595892589395,0.00788313871597983,0.00608841837430142,0.00838293425416875,0.0101776545958472,0.00838293425416875,0.00770139488391113,0.00797401063201418,0.00922349947748648,0.00670180380753328,0.00590667454223272,0.00463446771775183,0.00454359580171748,0.00692898359761916,0.00515698123494934,0.00565677677313826,0.00220364396383298,0.0021582080058158,0.00352128674633105,0.0027034395020219,0.00195374619473852,0.00238538779590168,0.00240810577491026,0.00143123267754101,0.000681539370257622,0.000363487664137398,2.27179790085874e-05,0,0,0,0,0,0,0,0,0,0,0,0,0,0,0,0,0,0,0,0,0,0,0,0,0,0,0,0,0,0,0,0,0,0,0,0,0,0,0,0,0,0,0,0,0,0,0,0,0,0,0,0,0,0,0,0,0,0,0,0,0,0,0,0,0,0,0,0,0,0,0,0,0,0,0,0,0,0,0,0,0,0,0,0,0,0,0,0,0,0,0,0,0,0,0,0,0,0,0,0,0,0,0,0,0,0,0,0,0,0,0,0,0,0,0,0,0,0,0,0,0,0,0,0,0,0,0,0,0,0,0,0,0,0,0,0,0,0,0,0,0,0,0,0,0,0,0,0,0,0,0,0,0,0,0,0,0,0,0,0,0,0,0,0,0,0,0,0,0,0,0,0,0,0,0,0,0,0,0,0,0,0,0,0,0,0,0,0,0,0,0,0,0,0,0,0,0,0,0,0,0,0,0,0,0,0,0,0,0,0,0,0,0,0,0,0,0,0,0,0,0,0,0,0,0,0,0,0,0,0,0,0,0,0,0,0,0,0,0,0,0,0,0,0,0,0,0,0,0,0,0,0,0,0,0,0,0,0,0,0,0,0,0,0,0,0,0,0,0,0,0,0,0,0,0,0,0,0,0,0,0,0,0,0,0,0,0,0,0,0,0,0,0,0,0,0,0,0,0,0,0,0,0,0,0,0,0,0,0,0,0,0,0,0,0,0,0,0,0,0,0,0,0,0,0,0,0,0,0,0,0,0,0,0,0,0,0,0,0,0,0,0,0,0,0,0,0,0,0,0,0,0,0,0,0,0,0,0,0,0,0,0,0,0,0,0,0,0,0,0,0,0,0,0,0,0,0,0,0,0,0,0,0,0,0,0,0,0,0,0,0,0,0,0,0,0,0,0,0,0,0,0,0,0,0,0,0,0,0,0,0,0,0,0,0,0,0,0,0,0,0,0,0,0,0,0,0,0,0,0,0,0,0,0,0,0,0,0,0,0,0,0,0,0,0,0,0,0,0,0,0,0,0,0,0,0,0,0,0,0,0,0,0,0,0,0,0,0,0,0,0,0,0,0,0,0,0,0,0,0,0,0,0
0.0464305063158795,0.0164811664179601,0.00808850785564247,0.00946669074526428,0.0107973500869681,0.0124701789736815,0.0137438100578837,0.0148653657887483,0.0163385957742061,0.0157873226183574,0.0221364686202013,0.0210054081797531,0.0219463744285293,0.0237617739589967,0.0230299113210596,0.0241704764710914,0.0235906891864919,0.0243035424052618,0.0273640588911806,0.0267082339299123,0.025767267681136,0.0223550769406241,0.0228588265485548,0.0209483799222515,0.0209198657935007,0.0214236154014314,0.0185531931071846,0.0192565416163709,0.0201594890268128,0.0200929560597276,0.0211004552755891,0.0189809050384466,0.0181920141430079,0.0147513092737451,0.0178308351788311,0.0164811664179601,0.0174221326667364,0.0147037857258271,0.0129454144528614,0.0120994952999211,0.0135061923182937,0.00947619545484788,0.0115672315632396,0.0114341656290692,0.00836414443356683,0.00900095997566794,0.00848770565815361,0.00919105416733992,0.00949520487401507,0.0107783406678009,0.0137913336058017,0.0109114066019713,0.00800296546939008,0.00708100863978101,0.00775584302021652,0.00606400471433595,0.00531313265723166,0.00563629278307401,0.00519907614222847,0.00556975981598882,0.00496145840263851,0.00412504395928182,0.00415355808803262,0.00458127001929456,0.00445770879470778,0.00313655416258756,0.00449572763304217,0.00391594034844265,0.00328862951592514,0.00231914913839808,0.00159679121004458,0.000940966248776269,0.00103601334461226,0.0007128532187699,0.000228113030006368,9.50470958359867e-05,0,0,0,0,0,0,0,0,0,0,0,0,0,0,0,0,0,0,0,0,0,0,0,0,0,0,0,0,0,0,0,0,0,0,0,0,0,0,0,0,0,0,0,0,0,0,0,0,0,0,0,0,0,0,0,0,0,0,0,0,0,0,0,0,0,0,0,0,0,0,0,0,0,0,0,0,0,0,0,0,0,0,0,0,0,0,0,0,0,0,0,0,0,0,0,0,0,0,0,0,0,0,0,0,0,0,0,0,0,0,0,0,0,0,0,0,0,0,0,0,0,0,0,0,0,0,0,0,0,0,0,0,0,0,0,0,0,0,0,0,0,0,0,0,0,0,0,0,0,0,0,0,0,0,0,0,0,0,0,0,0,0,0,0,0,0,0,0,0,0,0,0,0,0,0,0,0,0,0,0,0,0,0,0,0,0,0,0,0,0,0,0,0,0,0,0,0,0,0,0,0,0,0,0,0,0,0,0,0,0,0,0,0,0,0,0,0,0,0,0,0,0,0,0,0,0,0,0,0,0,0,0,0,0,0,0,0,0,0,0,0,0,0,0,0,0,0,0,0,0,0,0,0,0,0,0,0,0,0,0,0,0,0,0,0,0,0,0,0,0,0,0,0,0,0,0,0,0,0,0,0,0,0,0,0,0,0,0,0,0,0,0,0,0,0,0,0,0,0,0,0,0,0,0,0,0,0,0,0,0,0,0,0,0,0,0,0,0,0,0,0,0,0,0,0,0,0,0,0,0,0,0,0,0,0,0,0,0,0,0,0,0,0,0,0,0,0,0,0,0,0,0,0,0,0,0,0,0,0,0,0,0,0,0,0,0,0,0,0,0,0,0,0,0,0,0,0,0,0,0,0,0,0,0,0,0,0,0,0,0,0,0,0,0,0,0,0,0,0,0,0,0,0,0,0,0,0,0,0,0,0,0,0,0,0,0,0,0,0,0,0,0,0,0,0,0,0,0,0,0,0,0,0,0,0,0,0,0,0,0,0,0,0,0,0,0,0,0,0,0,0,0,0,0,0,0,0,0,0,0,0,0,0,0,0,0,0,0,0,0,0,0,0,0,0,0,0,0,0,0,0,0,0
0.0412064002142331,0.0109627100488719,0.00900448550579099,0.0096572270201513,0.0130046194014862,0.0174566512686617,0.0161679052018478,0.0176240208877285,0.018008971011582,0.0249715471647587,0.0271473522126264,0.027113878288813,0.0261598714601326,0.0262435562696659,0.0287038896699471,0.0286034678985071,0.0334739238133494,0.0342438240610564,0.0309801164892549,0.0313483296512017,0.0272143000602531,0.024235120840865,0.0227120573073576,0.0212224676976635,0.0213396264310102,0.0198667737832229,0.0178918122782353,0.0191136104974225,0.0234317466693446,0.0184106580973422,0.0168206467162081,0.0143435763540202,0.0134565173729665,0.0162348530494745,0.0141929436968601,0.0146950525540604,0.0116154515632322,0.011782821182299,0.0144272611635536,0.011012920934592,0.0135569391444065,0.0102932315726049,0.00900448550579099,0.011833032068019,0.0109794470107786,0.00801700475329718,0.00759858070563031,0.00743121108656357,0.00724710450559015,0.00594162147686952,0.0054227756577626,0.00724710450559015,0.00651067818169646,0.00378255339090848,0.0043683470576421,0.00394992300997523,0.00455245363861552,0.00458592756242887,0.00435161009573542,0.00450224275289549,0.00508803641962911,0.00294570529557475,0.00237664859074781,0.00302939010510812,0.00418424047666867,0.00346455111468166,0.0027113878288813,0.0025105442860012,0.00172390707638749,0.000954006828680458,0.00100421771440048,0.00108790252393386,0.000970743790587133,0.000368213161946843,0.00028452835241347,1.67369619066747e-05,0,0,0,0,0,0,0,0,0,0,0,0,0,0,0,0,0,0,0,0,0,0,0,0,0,0,0,0,0,0,0,0,0,0,0,0,0,0,0,0,0,0,0,0,0,0,0,0,0,0,0,0,0,0,0,0,0,0,0,0,0,0,0,0,0,0,0,0,0,0,0,0,0,0,0,0,0,0,0,0,0,0,0,0,0,0,0,0,0,0,0,0,0,0,0,0,0,0,0,0,0,0,0,0,0,0,0,0,0,0,0,0,0,0,0,0,0,0,0,0,0,0,0,0,0,0,0,0,0,0,0,0,0,0,0,0,0,0,0,0,0,0,0,0,0,0,0,0,0,0,0,0,0,0,0,0,0,0,0,0,0,0,0,0,0,0,0,0,0,0,0,0,0,0,0,0,0,0,0,0,0,0,0,0,0,0,0,0,0,0,0,0,0,0,0,0,0,0,0,0,0,0,0,0,0,0,0,0,0,0,0,0,0,0,0,0,0,0,0,0,0,0,0,0,0,0,0,0,0,0,0,0,0,0,0,0,0,0,0,0,0,0,0,0,0,0,0,0,0,0,0,0,0,0,0,0,0,0,0,0,0,0,0,0,0,0,0,0,0,0,0,0,0,0,0,0,0,0,0,0,0,0,0,0,0,0,0,0,0,0,0,0,0,0,0,0,0,0,0,0,0,0,0,0,0,0,0,0,0,0,0,0,0,0,0,0,0,0,0,0,0,0,0,0,0,0,0,0,0,0,0,0,0,0,0,0,0,0,0,0,0,0,0,0,0,0,0,0,0,0,0,0,0,0,0,0,0,0,0,0,0,0,0,0,0,0,0,0,0,0,0,0,0,0,0,0,0,0,0,0,0,0,0,0,0,0,0,0,0,0,0,0,0,0,0,0,0,0,0,0,0,0,0,0,0,0,0,0,0,0,0,0,0,0,0,0,0,0,0,0,0,0,0,0,0,0,0,0,0,0,0,0,0,0,0,0,0,0,0,0,0,0,0,0,0,0,0,0,0,0,0,0,0,0,0,0,0,0,0,0,0,0,0,0,0,0,0,0,0,0,0,0,0,0,0,0,0,0,0,0,0,0,0
0.0216996080983574,0.00471484557377513,0.00433638460123654,0.00496951090109082,0.00742066467650429,0.00880363888456587,0.00938724692633098,0.0117393641855661,0.0117711973514806,0.0134972623477314,0.0124467678725542,0.0144664053989049,0.0156760657036544,0.0152763826205062,0.0176037407506968,0.0183111444376848,0.0168008375659654,0.0173596864786859,0.0185622727465656,0.0192555283598138,0.0195455638714789,0.0191494178067656,0.0187638827973571,0.0193368797838174,0.020072579618285,0.0199983022311512,0.0195208047424343,0.0222230868267285,0.0215050720844357,0.0206385025678754,0.0213494432732983,0.0211796663884212,0.0213282211626887,0.0235954499794853,0.0225767886702225,0.0224353079328249,0.0212857769414694,0.0194854345580849,0.0199593950283669,0.0207587611946633,0.0194889715765199,0.0171085581698052,0.0169246332111883,0.0164223765934268,0.0172217427597233,0.0161358781001967,0.0170413548195413,0.0133593186287687,0.0132602821125904,0.0133133373891145,0.0126094707205614,0.0128393769188325,0.0119445112547927,0.0107313139316082,0.0102042981848021,0.00895219365883335,0.00827308611932485,0.0084357889673321,0.00836858561706824,0.00889560136387431,0.00822710487967063,0.00615794909523068,0.00563093334842461,0.00591743184165476,0.00532674976301976,0.00462995713133657,0.00308428007526775,0.00392609046278349,0.00352287036120032,0.00331064925510392,0.0023733393698448,0.00134052998684229,0.00158104724041822,0.00154214003763388,0.00131223383936277,0.000689718594813316,0.000339553769754248,0.000205147069226525,0.000127332663657843,0.000102573534613262,0.000102573534613262,4.2444221219281e-05,7.07403686988017e-06,0.000127332663657843,3.53701843494008e-05,0,0,0,0,0,0,0,0,0,0,0,0,0,0,0,0,0,0,0,0,0,0,0,0,0,0,0,0,0,0,0,0,0,0,0,0,0,0,0,0,0,0,0,0,0,0,0,0,0,0,0,0,0,0,0,0,0,0,0,0,0,0,0,0,0,0,0,0,0,0,0,0,0,0,0,0,0,0,0,0,0,0,0,0,0,0,0,0,0,0,0,0,0,0,0,0,0,0,0,0,0,0,0,0,0,0,0,0,0,0,0,0,0,0,0,0,0,0,0,0,0,0,0,0,0,0,0,0,0,0,0,0,0,0,0,0,0,0,0,0,0,0,0,0,0,0,0,0,0,0,0,0,0,0,0,0,0,0,0,0,0,0,0,0,0,0,0,0,0,0,0,0,0,0,0,0,0,0,0,0,0,0,0,0,0,0,0,0,0,0,0,0,0,0,0,0,0,0,0,0,0,0,0,0,0,0,0,0,0,0,0,0,0,0,0,0,0,0,0,0,0,0,0,0,0,0,0,0,0,0,0,0,0,0,0,0,0,0,0,0,0,0,0,0,0,0,0,0,0,0,0,0,0,0,0,0,0,0,0,0,0,0,0,0,0,0,0,0,0,0,0,0,0,0,0,0,0,0,0,0,0,0,0,0,0,0,0,0,0,0,0,0,0,0,0,0,0,0,0,0,0,0,0,0,0,0,0,0,0,0,0,0,0,0,0,0,0,0,0,0,0,0,0,0,0,0,0,0,0,0,0,0,0,0,0,0,0,0,0,0,0,0,0,0,0,0,0,0,0,0,0,0,0,0,0,0,0,0,0,0,0,0,0,0,0,0,0,0,0,0,0,0,0,0,0,0,0,0,0,0,0,0,0,0,0,0,0,0,0,0,0,0,0,0,0,0,0,0,0,0,0,0,0,0,0,0,0,0,0,0,0,0,0,0,0,0,0,0,0,0,0,0,0,0,0,0,0,0,0,0,0,0,0,0,0,0,0,0,0,0,0,0,0,0,0,0,0,0,0,0,0,0,0,0,0,0,0,0,0,0,0,0,0,0,0,0,0,0,0,0,0,0,0,0
0.0202229265937572,0.00396733768550977,0.00230483427443901,0.00249795335754319,0.00250634983941728,0.00346774701400113,0.00421503390079557,0.00477339994542287,0.00596150213060728,0.00627637020088583,0.00562984109658053,0.00720837968891035,0.00845525724721342,0.00892546023216272,0.00818656982724239,0.00802703667163458,0.00900522680996662,0.00886248661810701,0.0104914041016814,0.0101093641764101,0.0102688973320179,0.00997502046642457,0.0104116375238775,0.0103948445601293,0.0113226558072168,0.0118096517559143,0.013115304687336,0.0132874325657549,0.0128927979176725,0.0116837045278029,0.0118852200927811,0.0130355381095321,0.0134889481307332,0.0111715191334831,0.0120069690799555,0.0120363567665148,0.0117424799009215,0.0127416612439388,0.0127122735573795,0.011515774890321,0.0134595604441739,0.0122924494636747,0.0128676084720502,0.0128256260626797,0.0128046348579945,0.0122462688133672,0.0125191544742753,0.0120069690799555,0.0116837045278029,0.0124183966917861,0.0121455110308781,0.0114821889628246,0.0124687755830307,0.0108482545813304,0.0104704128969962,0.0127080753164424,0.0109280211591343,0.00926551774806356,0.00982388379269086,0.00869035873968807,0.00875333235374378,0.00932009488024518,0.00905980394214824,0.00885828837716997,0.00976930666050925,0.00886248661810701,0.00769117739667079,0.00765339322823737,0.00771216860135603,0.0069564852326875,0.00829572409160562,0.00785910703415269,0.00644010159743068,0.00636873150150087,0.00650727345242343,0.00638132622431201,0.00570121119251034,0.00549549738659502,0.00583555490249585,0.00541573080879112,0.00466004744012259,0.00633934381494154,0.00759041961418166,0.00549969562753206,0.00490354541447134,0.00474821049980058,0.00410587963643233,0.00479858939104515,0.00498751023321228,0.00409748315455824,0.00378681332521673,0.00435777409265518,0.00421503390079557,0.00292617393312202,0.00301013875186297,0.00321585255777829,0.00276664077751422,0.00313608597997439,0.00311509477528915,0.00317387014840782,0.00337958395432314,0.00299334578811478,0.00253993576691366,0.00229223955162787,0.00265748651315099,0.00243078150255043,0.0019227943491677,0.00204454333634207,0.00238040261130586,0.00206133630009026,0.00218308528726464,0.00154915090577048,0.00143160015953316,0.00154075442389639,0.00118810218518441,0.00148617729171477,0.00146098784609249,0.0014357984004702,0.00102017254770251,0.000965595415520897,0.00109993912550641,0.00128885996767354,0.00107894792082118,0.000911018283339281,0.000726295682109196,0.000776674573353765,0.000940405969898612,0.000684313272738722,0.000797665778039002,0.000675916790864628,0.000953000692709755,0.000743088645857386,0.000856441151157665,0.000650727345242343,0.000680115031801675,0.000554167803690254,0.000633934381494154,0.000570960767438443,0.000466004744012259,0.000486995948697496,0.000491194189634543,0.000617141417745964,0.000524780117130922,0.000436617057452927,0.000587753731186633,0.000507987153382733,0.000680115031801675,0.00051218539431978,0.000403031129956548,0.000545771321816159,0.000491194189634543,0.000382039925271311,0.000499590671508638,0.000642330863368249,0.000478599466823401,0.000495392430571591,0.000382039925271311,0.000575159008375491,0.000503788912445685,0.000604546694934822,0.000470202984949306,0.000419824093704738,0.000310669829341506,0.000306471588404459,0.000331661034026743,0.000453410021201117,0.000445013539327022,0.000361048720586074,0.000310669829341506,0.000285480383719222,0.000419824093704738,0.000298075106530364,0.000298075106530364,0.000298075106530364,0.000356850479649027,0.000407229370893596,0.000306471588404459,0.000470202984949306,0.000440815298389975,0.000461806503075211,0.000369445202460169,0.000302273347467411,0.000289678624656269,0.000386238166208359,0.000247696215285795,0.000281282142782174,0.000340057515900838,0.000209912046852369,0.000285480383719222,0.000214110287789416,0.00027288566090808,0.000235101492474653,0.000260290938096937,0.000306471588404459,0.000289678624656269,0.000327462793089695,0.000306471588404459,0.000264489179033985,0.000281282142782174,0.00025609269715989,0.000201515564978274,0.000369445202460169,0.000243497974348748,0.000243497974348748,0.000382039925271311,0.000361048720586074,0.000201515564978274,0.00027288566090808,0.00025609269715989,0.000289678624656269,0.00027288566090808,0.000167929637481895,0.000268687419971032,0.000533176599005017,0.000340057515900838,0.000382039925271311,0.00027288566090808,0.000306471588404459,0.00035265223871198,0.000298075106530364,0.000377841684334264,0.000445013539327022,0.00025609269715989,0.000323264552152648,0.000356850479649027,0.000365246961523122,0.000340057515900838,0.000289678624656269,0.000449211780264069,0.000449211780264069,0.000377841684334264,0.000268687419971032,0.000436617057452927,0.000268687419971032,0.00027288566090808,0.000356850479649027,0.000369445202460169,0.000340057515900838,0.000314868070278553,0.000365246961523122,0.000365246961523122,0.000474401225886354,0.00051218539431978,0.000377841684334264,0.000365246961523122,0.000386238166208359,0.000373643443397217,0.000466004744012259,0.000436617057452927,0.000403031129956548,0.000310669829341506,0.000340057515900838,0.00033585927496379,0.000344255756837885,0.000398832889019501,0.000466004744012259,0.000428220575578832,0.000474401225886354,0.000365246961523122,0.000457608262138164,0.000486995948697496,0.000549969562753206,0.000478599466823401,0.000579357249312538,0.000554167803690254,0.000419824093704738,0.000491194189634543,0.000600348453997775,0.000524780117130922,0.000445013539327022,0.000533176599005017,0.000516383635256827,0.000419824093704738,0.000524780117130922,0.000692709754612817,0.000541573080879112,0.000541573080879112,0.00041562585276769,0.000457608262138164,0.000549969562753206,0.00051218539431978,0.00060874493587187,0.000440815298389975,0.000474401225886354,0.000570960767438443,0.00043241881651588,0.00052897835806797,0.000650727345242343,0.000407229370893596,0.000520581876193875,0.000587753731186633,0.000495392430571591,0.000449211780264069,0.00051218539431978,0.000583555490249585,0.000470202984949306,0.000394634648082453,0.000419824093704738,0.000428220575578832,0.000562564285564349,0.000461806503075211,0.000499590671508638,0.000486995948697496,0.000533176599005017,0.000436617057452927,0.000562564285564349,0.000486995948697496,0.000507987153382733,0.00060874493587187,0.000566762526501396,0.000549969562753206,0.000575159008375491,0.000558366044627301,0.000466004744012259,0.000566762526501396,0.000436617057452927,0.000478599466823401,0.000411427611830643,0.00043241881651588,0.000499590671508638,0.000403031129956548,0.00027288566090808,0.000323264552152648,0.000398832889019501,0.000474401225886354,0.000486995948697496,0.000482797707760448,0.000436617057452927,0.000407229370893596,0.000445013539327022,0.00043241881651588,0.00033585927496379,0.00043241881651588,0.000440815298389975,0.000474401225886354,0.000495392430571591,0.00059195197212368,0.000516383635256827,0.00041562585276769,0.000365246961523122,0.000306471588404459,0.00041562585276769,0.000470202984949306,0.000365246961523122,0.000470202984949306,0.000537374839942064,0.000327462793089695,0.000575159008375491,0.000457608262138164,0.000386238166208359,0.000516383635256827,0.00035265223871198,0.000331661034026743,0.000373643443397217,0.000587753731186633,0.000411427611830643,0.000344255756837885,0.000449211780264069,0.000461806503075211,0.000486995948697496,0.000382039925271311,0.000403031129956548,0.000411427611830643,0.000264489179033985,0.000243497974348748,0.000260290938096937,0.000302273347467411,0.000310669829341506,0.000310669829341506,0.000289678624656269,0.000184722601230085,0.000209912046852369,0.000172127878418942,0.000193119083104179,0.000113352505300279,0.000146938432796658,8.39648187409475e-05,0.000142740191859611,0.000142740191859611,0.00025609269715989,0.000134343709985516,8.39648187409475e-05,0.000218308528726464,0.000188920842167132,0.000134343709985516,0.000117550746237327,3.77841684334264e-05,8.39648187409475e-05,2.93876865593316e-05,3.77841684334264e-05,4.19824093704738e-05,1.67929637481895e-05,1.67929637481895e-05,4.19824093704738e-06,4.19824093704738e-06,2.93876865593316e-05,8.39648187409476e-06,3.3585927496379e-05,2.09912046852369e-05,4.19824093704738e-06,0,0,1.67929637481895e-05,0,0,3.3585927496379e-05,0,0,0,0,0,0,0,0,0,0,0,0,0,0,0,0,0,0,0,0,0,0,0,0,0,0,0,0,0,0,0,0,0,0,0,0,0,0,0,0,0,0,0,0,0,0,0,0,0,0,0,0,0,0,0,0,0,0,0,0,0,0,0,0,0,0,0,0,0,0,0,0,0,0,0,0,0,0,0,0,0,0,0,0,0,0,0,0,0,0,0,0,0,0,0,0,0,0,0,0,0,0,0,0,0,0,0,0,0,0,0,0,0,0,0,0,0,0,0,0,0,0,0,0,0,0,0,0,0,0,0,0,0,0,0,0,0,0,0,0,0,0,0,0,0,0,0,0,0,0,0,0,0
0.0563006782599827,0.0111173440766995,0.00764954867662808,0.00703758478249783,0.00923045540313121,0.0134122086796879,0.0127492477943801,0.0113213320414096,0.0158600642562089,0.0142791575297057,0.016064052220919,0.0132592177061553,0.0166760161150492,0.0207557754092509,0.019888826559233,0.0157580702738538,0.0184099138150849,0.0138711816002856,0.0135651996532205,0.0152481003620786,0.0187668927533276,0.0216737212504462,0.0150441123973686,0.0129022387679127,0.0131572237238003,0.0131062267326228,0.0164720281503391,0.0171349890356469,0.0158090672650314,0.0115763169972972,0.0110153500943444,0.0104033862002142,0.00999541027079402,0.0125962568208476,0.019786832576878,0.0141261665561732,0.00923045540313121,0.0132082207149778,0.00938344637666378,0.0105053801825692,0.00938344637666378,0.00703758478249783,0.00877148248253353,0.0042327502677342,0.00826151257075832,0.00719057575603039,0.00657861186190015,0.0079555306236932,0.00785353664133816,0.00698658779132031,0.00821051557958081,0.00489571115304197,0.00453873221479933,0.00382477433831404,0.00494670814421949,0.00402876230302412,0.00295782548829619,0.00229486460298842,0.00387577132949156,0.00311081646182875,0.00321281044418379,0.00203987964710082,0.00188688867356826,0.00203987964710082,0.00270284053240859,0.0019888826559233,0.0019888826559233,0.00188688867356826,0.00407975929420164,0.0017338977000357,0.00183589168239074,0.00193788566474578,0.0017338977000357,0.00193788566474578,0.00270284053240859,0.00152990973532562,0.00203987964710082,0.00188688867356826,0.00122392778826049,0.00132592177061553,0.00096894283237289,0.00152990973532562,0.00117293079708297,0.00091794584119537,0.00117293079708297,0.0014789127441481,0.00244785557652099,0.00178489469121322,0.00152990973532562,0.00209087663827834,0.00122392778826049,0.00163190371768066,0.0019888826559233,0.00188688867356826,0.00219287062063338,0.00127492477943801,0.00158090672650314,0.00193788566474578,0.00239685858534346,0.00193788566474578,0.000815951858840328,0.00132592177061553,0.0017338977000357,0.00188688867356826,0.00321281044418379,0.00407975929420164,0.00275383752358611,0.0019888826559233,0.00127492477943801,0.00091794584119537,0.00158090672650314,0.00443673823244429,0.00183589168239074,0.00112193380590545,0.00117293079708297,0.000560966902952726,0.00117293079708297,0.000866948850017849,0.00091794584119537,0.00122392778826049,0.00158090672650314,0.000713957876485287,0.000866948850017849,0.0014789127441481,0.000815951858840328,0.000203987964710082,0.000254984955887603,0.000458972920597685,0.000356978938242644,0.000458972920597685,0.000305981947065123,0.000305981947065123,0.000815951858840328,0.00101993982355041,0.000713957876485287,0.000713957876485287,0.000356978938242644,0.000458972920597685,0.000662960885307767,0.00122392778826049,0.000764954867662808,0.00101993982355041,0.000356978938242644,5.09969911775205e-05,0.000713957876485287,0.00096894283237289,0.00091794584119537,0.000305981947065123,0.000509969911775205,0.000203987964710082,0.000101993982355041,5.09969911775205e-05,0.000407975929420164,0.000254984955887603,0.000305981947065123,0.000662960885307767,0.000713957876485287,0.000713957876485287,0.000407975929420164,0.000458972920597685,0.000764954867662808,0.000101993982355041,5.09969911775205e-05,5.09969911775205e-05,0.000764954867662808,0.000764954867662808,0.000305981947065123,0.000713957876485287,0.000305981947065123,0.000101993982355041,0.000152990973532562,0.000203987964710082,0.000356978938242644,0.000407975929420164,0.000509969911775205,0.000203987964710082,0.000203987964710082,0.000458972920597685,0.000611963894130246,0.00096894283237289,0.000611963894130246,0.000560966902952726,0.000305981947065123,0.000203987964710082,0.000203987964710082,0.000458972920597685,0.00214187362945586,0.00209087663827834,0.0019888826559233,0.000611963894130246,0.000560966902952726,0.00096894283237289,0.000764954867662808,0.000203987964710082,0.000254984955887603,0.000356978938242644,0.000356978938242644,0.00142791575297057,0.000560966902952726,5.09969911775205e-05,0.000152990973532562,0.000560966902952726,0.000356978938242644,0.000713957876485287,0.000611963894130246,5.09969911775205e-05,0,0.000101993982355041,0.000101993982355041,0.000305981947065123,0.000305981947065123,0.000254984955887603,0.000560966902952726,0.000407975929420164,0.000305981947065123,0.000101993982355041,0.000203987964710082,0.000509969911775205,0.000560966902952726,0.000203987964710082,0.000203987964710082,0.000560966902952726,0.000866948850017849,0.000458972920597685,0.000662960885307767,0.000560966902952726,0.000407975929420164,0.000305981947065123,0.000407975929420164,0.000203987964710082,0.000152990973532562,0.000407975929420164,0.000101993982355041,5.09969911775205e-05,0.000560966902952726,0.000458972920597685,0.000662960885307767,5.09969911775205e-05,0.000101993982355041,0,0,0.000458972920597685,0.000101993982355041,0.000152990973532562,0.000152990973532562,0.000152990973532562,5.09969911775205e-05,0.000101993982355041,0.000203987964710082,5.09969911775205e-05,0.000152990973532562,0,0,0,0,5.09969911775205e-05,0.000305981947065123,5.09969911775205e-05,5.09969911775205e-05,0,5.09969911775205e-05,5.09969911775205e-05,0.000152990973532562,0.000101993982355041,0.000152990973532562,0.000203987964710082,0.000101993982355041,0.000152990973532562,0.000101993982355041,0.000203987964710082,0.000203987964710082,0.000152990973532562,5.09969911775205e-05,5.09969911775205e-05,0.000101993982355041,5.09969911775205e-05,0.000305981947065123,0.000101993982355041,0.000101993982355041,0.000101993982355041,0,0.000509969911775205,0.000203987964710082,0.000407975929420164,0.000407975929420164,0.000356978938242644,0.000101993982355041,0.000560966902952726,0.000356978938242644,0.000152990973532562,0.000152990973532562,0.000509969911775205,0.000560966902952726,0.000356978938242644,0.00101993982355041,0.000764954867662808,0.000560966902952726,0.00122392778826049,0.00101993982355041,0.000611963894130246,0.000764954867662808,0.000458972920597685,0.000764954867662808,0.000764954867662808,0.00107093681472793,0.000611963894130246,0.000458972920597685,0.000407975929420164,0.000356978938242644,0.00101993982355041,0.00091794584119537,0.00112193380590545,0.000458972920597685,0.000815951858840328,0.000458972920597685,0.000305981947065123,0.000203987964710082,0.000305981947065123,0.000356978938242644,0.000305981947065123,0.000407975929420164,0.000152990973532562,0.000305981947065123,0.000254984955887603,0.000254984955887603,0.000101993982355041,0.000101993982355041,5.09969911775205e-05,0.000305981947065123,5.09969911775205e-05,0.000203987964710082,5.09969911775205e-05,0.00127492477943801,0.00244785557652099,0.000305981947065123,5.09969911775205e-05,5.09969911775205e-05,0.000254984955887603,0.000152990973532562,0.000458972920597685,0.000152990973532562,0.000713957876485287,0.000764954867662808,0.000254984955887603,0.000152990973532562,0.000152990973532562,0,0.000254984955887603,0.000662960885307767,0.000815951858840328,0.000458972920597685,0.000458972920597685,0,0.000203987964710082,0.000458972920597685,0.000713957876485287,0.00091794584119537,0.00122392778826049,0.00101993982355041,0.00152990973532562,0.000509969911775205,0.00203987964710082,0.00219287062063338,0.00244785557652099,0.000662960885307767,0.000611963894130246,0.000815951858840328,0.000815951858840328,0.00107093681472793,0.000662960885307767,0.00107093681472793,0.000458972920597685,0.000662960885307767,0.000509969911775205,0.000305981947065123,0.000458972920597685,0.00127492477943801,0.00234586159416594,0.00091794584119537,0.000815951858840328,0.000560966902952726,0.000560966902952726,0.000764954867662808,0.000458972920597685,0.000764954867662808,0.000407975929420164,0.000203987964710082,0.000254984955887603,0.000356978938242644,0.000815951858840328,0.000509969911775205,0.000356978938242644,0.000866948850017849,0.000458972920597685,0.000152990973532562,0.000203987964710082,0.000356978938242644,0.000101993982355041,5.09969911775205e-05,0.000458972920597685,0.000254984955887603,0.000305981947065123,0.000713957876485287,5.09969911775205e-05,0.000305981947065123,0.000152990973532562,0.000101993982355041,5.09969911775205e-05,0.000356978938242644,0.000152990973532562,0.000152990973532562,0.000356978938242644,0,0.000101993982355041,0.000152990973532562,5.09969911775205e-05,0.000254984955887603,0,0.000152990973532562,0.000509969911775205,0.000356978938242644,0,0.000254984955887603,5.09969911775205e-05,0.000254984955887603,0.000101993982355041,0.000203987964710082,0.000203987964710082,0.000101993982355041,0.000203987964710082,5.09969911775205e-05,0.000152990973532562,0.000203987964710082,0.000152990973532562,5.09969911775205e-05,0,0.000815951858840328,0.000254984955887603,0.000152990973532562,0.000101993982355041,0.000101993982355041,5.09969911775205e-05,0.000356978938242644,0.000356978938242644,0.000407975929420164,0.000203987964710082,0.000560966902952726,0.000509969911775205,0.000713957876485287,0.000866948850017849,0.000458972920597685,0.000713957876485287,0.000407975929420164,0.00137691876179305,0.000662960885307767,0.000662960885307767,0.00132592177061553,0.000305981947065123,0.000356978938242644,0.000866948850017849,0.000458972920597685,0.000356978938242644,0.00101993982355041,0.000815951858840328,0.00101993982355041,0.0014789127441481,0.000764954867662808,0.000356978938242644,0.000866948850017849,0.000560966902952726,0.000560966902952726,0.000560966902952726,0.000305981947065123,0.000356978938242644,0.000305981947065123,0.000101993982355041,0.000305981947065123,0.000662960885307767,0.000254984955887603,0.000101993982355041,0.000101993982355041,0.000101993982355041,0.000101993982355041,5.09969911775205e-05,5.09969911775205e-05,0.000356978938242644,0.000560966902952726,0.000152990973532562,0,0.000101993982355041,0,0.000305981947065123,5.09969911775205e-05,5.09969911775205e-05,0.000458972920597685,0.000101993982355041,0,0.000203987964710082,0.000101993982355041,0.000152990973532562,0.000356978938242644,5.09969911775205e-05,0,0,0.000152990973532562,0.000458972920597685,5.09969911775205e-05,5.09969911775205e-05,0,0.000203987964710082,0.000101993982355041,0.000101993982355041,0,0.000101993982355041,0,5.09969911775205e-05,0,0.000101993982355041,0.000254984955887603,0.000101993982355041,0.000101993982355041,0.000101993982355041,0,5.09969911775205e-05,0.000254984955887603,0.000203987964710082,0.000254984955887603,0.000203987964710082,0.000407975929420164,0.000101993982355041,0.000152990973532562,0.000152990973532562,0.000305981947065123,0.000662960885307767,0.000152990973532562,0.000152990973532562,0.000203987964710082,0.000356978938242644,0.000356978938242644,0.000509969911775205,0.000152990973532562,0.000152990973532562,0.000254984955887603,0.000152990973532562,5.09969911775205e-05,0,0,0.000305981947065123,0,0,0,0,0,0,0,0,0,0,0
0.0664977834072198,0.0108190838083175,0.00638589824783618,0.00680810639645345,0.0120857082541693,0.0118746041798607,0.0107663077897403,0.0101329955668144,0.0111885159383576,0.015305045387376,0.0174160861304623,0.0154633734431075,0.0212687354865949,0.0222714798395609,0.0189465906691999,0.0225353599324467,0.0198965590035888,0.0212687354865949,0.0254380409541904,0.0157272535359932,0.022957568081064,0.0232742241925269,0.0199493350221659,0.0211631834494406,0.0146717331644501,0.0156744775174161,0.0219020477095208,0.0165188938146506,0.016307789740342,0.0145134051087186,0.0126134684399409,0.0151994933502217,0.0151994933502217,0.0123495883470551,0.00992189149250581,0.0141439729786785,0.011663500105552,0.0132467806628668,0.00923580325100274,0.0118218281612835,0.0114523960312434,0.00971078741819717,0.0102913236225459,0.00543592991344733,0.00622757019210471,0.00664977834072198,0.00828583491661389,0.00907747519527127,0.00949968334388854,0.0064914502849905,0.00907747519527127,0.00438040954190416,0.00638589824783618,0.0071247625079164,0.00617479417352755,0.00511927380198438,0.00395820139328689,0.00327211315178383,0.00564703398775596,0.00385264935613257,0.00770529871226515,0.00791640278657378,0.00321933713320667,0.00274435296601224,0.00300823305889804,0.00474984167194427,0.00474984167194427,0.00343044120751531,0.00390542537470973,0.00242769685454929,0.0021638167616635,0.00142495250158328,0.00189993666877771,0.00221659278024066,0.00226936879881782,0.00163605657589191,0.00332488917036099,0.00327211315178383,0.00184716065020055,0.00100274435296601,0.00158328055731476,0.00237492083597213,0.00179438463162339,0.00205826472450918,0.00110829639012033,0.00211104074308634,0.00295545704032088,0.00274435296601224,0.00327211315178383,0.0030610090774752,0.00242769685454929,0.00221659278024066,0.00226936879881782,0.00290268102174372,0.00332488917036099,0.00163605657589191,0.00195271268735487,0.00253324889170361,0.00327211315178383,0.00211104074308634,0.00221659278024066,0.00332488917036099,0.00337766518893815,0.00168883259446907,0.00232214481739498,0.00253324889170361,0.00142495250158328,0.00179438463162339,0.00142495250158328,0.00121384842727465,0.00116107240869749,0.00274435296601224,0.00073886426008022,0.00121384842727465,0.000474984167194427,0.000527760185771585,0.000791640278657378,0.000580536204348744,0.000633312222925902,0.00116107240869749,0.00179438463162339,0.000474984167194427,0.000527760185771585,0.000474984167194427,0.000527760185771585,0.00100274435296601,0.000844416297234537,0.000316656111462951,0.000580536204348744,0.000474984167194427,0.000105552037154317,0.000844416297234537,0.00110829639012033,0.00116107240869749,0.000686088241503061,0.00073886426008022,0.00036943213004011,0.000633312222925902,0.000897192315811695,0.000686088241503061,0.000791640278657378,0.00195271268735487,0.000474984167194427,0.000211104074308634,0.00100274435296601,0.00073886426008022,0.000844416297234537,0.000316656111462951,0.000105552037154317,0.00073886426008022,0.000422208148617268,5.27760185771585e-05,0.000580536204348744,0.000263880092885793,0.00036943213004011,0.000633312222925902,0.000580536204348744,0.000474984167194427,5.27760185771585e-05,0.000316656111462951,0.00073886426008022,5.27760185771585e-05,5.27760185771585e-05,5.27760185771585e-05,0.00036943213004011,0.000527760185771585,0.000105552037154317,0.000686088241503061,0.000263880092885793,0.000158328055731476,0.000158328055731476,0.000263880092885793,0,0.000422208148617268,0.000474984167194427,0.00036943213004011,0.000211104074308634,0.000527760185771585,0.000633312222925902,0.000897192315811695,0.000580536204348744,0.000527760185771585,0.000263880092885793,0.000158328055731476,0.000527760185771585,0.000527760185771585,0.00163605657589191,0.000897192315811695,0.00116107240869749,0.000158328055731476,0.00036943213004011,0.000686088241503061,0.000633312222925902,0.00036943213004011,0.000105552037154317,0.000105552037154317,0.000474984167194427,0.000158328055731476,0.000105552037154317,0.000105552037154317,0.000897192315811695,0.000211104074308634,0.00036943213004011,0.000158328055731476,0,0.000105552037154317,5.27760185771585e-05,0,0,0,0,0,0,0,0,0,0,0,0,0,0,0,0,0,0,0,0,0,0,0,0,0,0,0,0,0,0,0,0,0,0,0,0,0,0,0,0,0,0,0,0,0,0,0,0,0,0,0,0,0,0,0,0,0,0,0,0,0,0,0,0,0,0,0,0,0,0,0,0,0,0,0,0,0,0,0,0,0,0,0,0,0,0,0,0,0,0,0,0,0,0,0,0,0,0,0,0,0,0,0,0,0,0,0,0,0,0,0,0,0,0,0,0,0,0,0,0,0,0,0,0,0,0,0,0,0,0,0,0,0,0,0,0,0,0,0,0,0,0,0,0,0,0,0,0,0,0,0,0,0,0,0,0,0,0,0,0,0,0,0,0,0,0,0,0,0,0,0,0,0,0,0,0,0,0,0,0,0,0,0,0,0,0,0,0,0,0,0,0,0,0,0,0,0,0,0,0,0,0,0,0,0,0,0,0,0,0,0,0,0,0,0,0,0,0,0,0,0,0,0,0,0,0,0,0,0,0,0,0,0,0,0,0,0,0,0,0,0,0,0,0,0,0,0,0,0,0,0,0,0,0,0,0,0,0,0,0,0,0,0,0,0,0,0,0,0,0,0,0,0,0,0,0,0,0,0,0,0,0,0,0,0,0,0,0,0,0,0,0,0,0,0,0,0,0,0,0,0,0,0,0,0,0,0,0,0,0,0,0,0,0,0,0,0,0,0,0,0,0,0,0,0,0,0,0,0,0,0,0,0,0,0,0,0,0,0,0,0,0,0,0,0,0,0,0,0,0,0,0
0.0959892052856877,0.0160059557044482,0.00581611762516285,0.0110273590173088,0.0112600037223153,0.0123766983063465,0.00795644891122278,0.010143309138284,0.00963149078726968,0.0147962032384143,0.0150288479434208,0.014749674297413,0.0215428996836032,0.016750418760469,0.015680253117439,0.0295458775358273,0.0192629815745394,0.0186581053415224,0.0244742229666853,0.0119114088963335,0.0118648799553322,0.0140517401823934,0.0180067001675042,0.0128419877163596,0.0132607481853713,0.0247533966126931,0.0193095105155407,0.0249860413176996,0.0227991810906384,0.0137260375953843,0.00963149078726968,0.0115857063093244,0.0128419877163596,0.0103759538432905,0.0128885166573609,0.011678764191327,0.0123301693653452,0.0201935603945654,0.014749674297413,0.0151219058254234,0.010143309138284,0.0067001675041876,0.0082356225572306,0.00907314349525405,0.00683975432719151,0.00576958868416155,0.00553694397915503,0.00702587009119672,0.00707239903219803,0.00558347292015634,0.00781686208821887,0.00590917550716546,0.00618834915317327,0.00530429927414852,0.00353619951609901,0.00353619951609901,0.0049785966871394,0.00576958868416155,0.00763074632421366,0.00437372045412246,0.0066536385631863,0.00646752279918109,0.00544388609715243,0.00428066257211986,0.00307091010608599,0.00474595198213289,0.00414107574911595,0.00432719151312116,0.00283826540107947,0.00227991810906384,0.00260562069607296,0.00279173646007817,0.00265214963707426,0.0032570258700912,0.00274520751907687,0.00274520751907687,0.00148892611204169,0.00232644705006514,0.000977107761027359,0.000977107761027359,0.00120975246603387,0.00139586823003908,0.00148892611204169,0.00190768658105342,0.00102363670202866,0.00195421552205472,0.00288479434208077,0.00293132328308208,0.0033966126930951,0.0033035548110925,0.00223338916806253,0.00251256281407035,0.00400148892611204,0.00293132328308208,0.00269867857807556,0.0016750418760469,0.00288479434208077,0.00469942304113158,0.00679322538619021,0.00283826540107947,0.00423413363111856,0.00525777033314722,0.00348967057509771,0.000977107761027359,0.00148892611204169,0.00148892611204169,0.00120975246603387,0.00120975246603387,0.000790991997022148,0.000418760469011725,0.000558347292015634,0.00251256281407035,0.000372231528010422,0.00134933928903778,0.00116322352503257,0.000837520938023451,0.00581611762516285,0.00269867857807556,0.000651405174018239,0.000837520938023451,0.00148892611204169,0.000511818351014331,0.000418760469011725,0.000418760469011725,0.000186115764005211,0.00107016564302996,0.0015819839940443,0.000186115764005211,0.000372231528010422,0.000279173646007817,0.000139586823003908,0.000558347292015634,0.00107016564302996,0.000372231528010422,0.000651405174018239,0.000418760469011725,0.000372231528010422,0.00032570258700912,0.000651405174018239,0.000372231528010422,0.000558347292015634,0.0016750418760469,0.000465289410013028,0.000279173646007817,0.000558347292015634,0.000604876233016937,0.000511818351014331,0.000186115764005211,4.65289410013028e-05,0.000697934115019542,0.000186115764005211,0,0.000511818351014331,0.000279173646007817,0.000232644705006514,0.000418760469011725,0,0,0.00232644705006514,0.00246603387306905,0.000279173646007817,4.65289410013028e-05,0,4.65289410013028e-05,4.65289410013028e-05,4.65289410013028e-05,0,4.65289410013028e-05,0,4.65289410013028e-05,0,0,0,0,0.000139586823003908,0.000139586823003908,0,4.65289410013028e-05,0,0,9.30578820026056e-05,0,0,0,0,0,0,0,0,0,0,0,0,0,0,0,0,0,0,0,0,0,0,0,0,0,0,0,0,0,0,0,0,0,0,0,0,0,0,0,0,0,0,0,0,0,0,0,0,0,0,0,0,0,0,0,0,0,0,0,0,0,0,0,0,0,0,0,0,0,0,0,0,0,0,0,0,0,0,0,0,0,0,0,0,0,0,0,0,0,0,0,0,0,0,0,0,0,0,0,0,0,0,0,0,0,0,0,0,0,0,0,0,0,0,0,0,0,0,0,0,0,0,0,0,0,0,0,0,0,0,0,0,0,0,0,0,0,0,0,0,0,0,0,0,0,0,0,0,0,0,0,0,0,0,0,0,0,0,0,0,0,0,0,0,0,0,0,0,0,0,0,0,0,0,0,0,0,0,0,0,0,0,0,0,0,0,0,0,0,0,0,0,0,0,0,0,0,0,0,0,0,0,0,0,0,0,0,0,0,0,0,0,0,0,0,0,0,0,0,0,0,0,0,0,0,0,0,0,0,0,0,0,0,0,0,0,0,0,0,0,0,0,0,0,0,0,0,0,0,0,0,0,0,0,0,0,0,0,0,0,0,0,0,0,0,0,0,0,0,0,0,0,0,0,0,0,0,0,0,0,0,0,0,0,0,0,0,0,0,0,0,0,0,0,0,0,0,0,0,0,0,0,0,0,0,0,0,0,0,0,0,0,0,0,0,0,0,0,0,0,0,0,0,0,0,0,0,0,0,0,0,0,0,0,0,0,0,0,0,0,0,0,0,0,0,0,0,0,0,0,0,0,0,0,0,0,0,0,0,0,0,0,0,0,0,0,0,0,0,0,0,0,0,0,0,0,0,0
0.0620047339713903,0.0125038592158073,0.00787280024698981,0.00787280024698981,0.00993104867757538,0.00782134403622517,0.00915920551610579,0.0132757023772769,0.0116805598435731,0.0147679324894515,0.0177009365030359,0.0121436657404549,0.0153854070186271,0.021251415045796,0.0217659771534424,0.0197591849336215,0.021971801996501,0.0178553051353298,0.0211999588350314,0.0195019038797983,0.0160543377585675,0.0172378306061542,0.0163116188123907,0.0116291036328085,0.0133271585880416,0.0172892868169188,0.0178553051353298,0.0231552948440877,0.021971801996501,0.0150252135432747,0.0117834722651024,0.0139960893279819,0.0171863743953895,0.0129155089019245,0.0156426880724503,0.0171349181846249,0.013121333744983,0.0138931769064526,0.0127096840588659,0.0149223011217454,0.0145106514356283,0.010702891839045,0.00936503035916435,0.00885046825151796,0.00756406298240198,0.00987959246681074,0.0113718225789853,0.012555315426572,0.00946794278069363,0.00715241329628486,0.00900483688381188,0.00751260677163734,0.00787280024698981,0.00535144591952249,0.00401358443964187,0.00473397139034681,0.00519707728722857,0.00555727076258104,0.00818153751157765,0.00699804466399094,0.00627765771328599,0.00478542760111145,0.00668930739940311,0.00396212822887723,0.00421940928270042,0.0045796027580529,0.00375630338581867,0.00298446022434908,0.00447669033652362,0.00509416486569929,0.00344756612123083,0.00391067201811259,0.003138828856643,0.00205824843058557,0.00329319748893691,0.00205824843058557,0.00221261706287949,0.00319028506740764,0.00159514253370382,0.00128640526911598,0.0014407739014099,0.00221261706287949,0.00246989811670269,0.0028815478028198,0.00185242358752701,0.00257281053823196,0.00391067201811259,0.00447669033652362,0.0043223217042297,0.00210970464135021,0.00283009159205516,0.00324174127817228,0.00303591643511372,0.00303591643511372,0.0028815478028198,0.00221261706287949,0.00334465369970155,0.0045796027580529,0.0043223217042297,0.00221261706287949,0.00149223011217454,0.0045796027580529,0.00200679221982093,0.000977668004528147,0.00138931769064526,0.00154368632293918,0.00200679221982093,0.000566018318411032,0.000308737264587836,0.000514562107646393,0.00072038695070495,0.00133786147988062,0.000308737264587836,0.000463105896881754,0.000154368632293918,0,0.000205824843058557,0.0011834928475867,0.000257281053823196,0.000977668004528147,0.0011834928475867,0.000102912421529279,0.000205824843058557,0.000102912421529279,0.000205824843058557,0.000668930739940311,0.000463105896881754,0.000102912421529279,0.000463105896881754,0.000102912421529279,0.000257281053823196,0.000566018318411032,0.000926211793763507,0.000257281053823196,0.000617474529175672,0.000257281053823196,0.000154368632293918,0.000463105896881754,0.00102912421529279,0.000308737264587836,0.000566018318411032,0.00128640526911598,0.00072038695070495,0.000617474529175672,0.00190387979829165,0.00195533600905629,0.000463105896881754,0.000257281053823196,0.000617474529175672,0.0011834928475867,0.000308737264587836,0,0.000771843161469589,0.000205824843058557,0.000102912421529279,0.000205824843058557,0.000668930739940311,5.14562107646393e-05,0,0.000308737264587836,5.14562107646393e-05,0.000411649686117114,0,5.14562107646393e-05,0,5.14562107646393e-05,0,5.14562107646393e-05,0.000102912421529279,0.000257281053823196,0,0,0,0,0,0,0,0,0,0,0,0,0,0,0,0,0,0,0,0,0,0,0,0,0,0,0,0,0,0,0,0,0,0,0,0,0,0,0,0,0,0,0,0,0,0,0,0,0,0,0,0,0,0,0,0,0,0,0,0,0,0,0,0,0,0,0,0,0,0,0,0,0,0,0,0,0,0,0,0,0,0,0,0,0,0,0,0,0,0,0,0,0,0,0,0,0,0,0,0,0,0,0,0,0,0,0,0,0,0,0,0,0,0,0,0,0,0,0,0,0,0,0,0,0,0,0,0,0,0,0,0,0,0,0,0,0,0,0,0,0,0,0,0,0,0,0,0,0,0,0,0,0,0,0,0,0,0,0,0,0,0,0,0,0,0,0,0,0,0,0,0,0,0,0,0,0,0,0,0,0,0,0,0,0,0,0,0,0,0,0,0,0,0,0,0,0,0,0,0,0,0,0,0,0,0,0,0,0,0,0,0,0,0,0,0,0,0,0,0,0,0,0,0,0,0,0,0,0,0,0,0,0,0,0,0,0,0,0,0,0,0,0,0,0,0,0,0,0,0,0,0,0,0,0,0,0,0,0,0,0,0,0,0,0,0,0,0,0,0,0,0,0,0,0,0,0,0,0,0,0,0,0,0,0,0,0,0,0,0,0,0,0,0,0,0,0,0,0,0,0,0,0,0,0,0,0,0,0,0,0,0,0,0,0,0,0,0,0,0,0,0,0,0,0,0,0,0,0,0,0,0,0,0,0,0,0,0,0,0,0,0,0,0,0,0,0,0,0,0,0,0,0,0,0,0,0,0,0,0,0,0,0,0,0,0,0,0,0,0,0,0,0,0,0,0,0,0,0,0,0,0,0,0,0,0,0,0,0
0.0639883930358215,0.0163598158895337,0.00645387232339404,0.00625375225135081,0.00795477286371823,0.00685411246748049,0.00935561336802081,0.0115569341604963,0.0119571743045827,0.0163097858715229,0.0193115869521713,0.0160596357814689,0.015759455673404,0.0214128477086252,0.0213127876726036,0.0169601761056634,0.0213127876726036,0.0190614368621173,0.0228637182309386,0.0214128477086252,0.0170102061236742,0.0147588553131879,0.0188112867720632,0.0150590354212528,0.0182609565739444,0.0221132679607765,0.0151090654392636,0.0167100260156094,0.015759455673404,0.0157094256553932,0.0132079247548529,0.0141584950970582,0.0165599359615769,0.0107564538723234,0.0151090654392636,0.0125575345207124,0.0117070242145287,0.0117570542325395,0.0122573544126476,0.0156093656193716,0.0144586752051231,0.0117070242145287,0.010856513908345,0.00900540324194517,0.00680408244946968,0.00950570342205323,0.00885531318791275,0.0118070842505503,0.00870522313388033,0.00650390234140484,0.0069541725035021,0.00960576345807485,0.0102061236742045,0.00745447268361017,0.00330198118871323,0.00530318190914549,0.00395237142285371,0.00515309185511307,0.00820492295377226,0.00745447268361017,0.00740444266559936,0.00560336201721033,0.00725435261156694,0.00685411246748049,0.00570342205323194,0.00400240144086452,0.00330198118871323,0.00480288172903742,0.00780468280968581,0.00745447268361017,0.00475285171102662,0.00495297178306984,0.00435261156694016,0.00295177106263758,0.00550330198118871,0.0061536922153292,0.00340204122473484,0.00400240144086452,0.00255153091855113,0.00220132079247549,0.00280168100860516,0.00370222133279968,0.0030518310986592,0.0030518310986592,0.00220132079247549,0.00240144086451871,0.00440264158495097,0.00335201120672403,0.00220132079247549,0.00130078046828097,0.00110066039623774,0.00175105063037823,0.00190114068441065,0.00225135081048629,0.00170102061236742,0.00170102061236742,0.00255153091855113,0.00390234140484291,0.00340204122473484,0.00165099059435661,0.00110066039623774,0.00310186111667,0.00100060036021613,0.00100060036021613,0.00100060036021613,0.00300180108064839,0.00390234140484291,0.00205123073844307,0.000550330198118871,0.00105063037822694,0.00105063037822694,0.00160096057634581,0.00125075045027016,0.000400240144086452,0.000100060036021613,0.000300180108064839,0.000600360216129678,0.000550330198118871,0.00190114068441065,0.000300180108064839,5.00300180108065e-05,0.000100060036021613,0.000100060036021613,0.000100060036021613,5.00300180108065e-05,0.000150090054032419,0.000200120072043226,0.000150090054032419,0.000100060036021613,0,0.000150090054032419,5.00300180108065e-05,0,0.000150090054032419,0,0,0.000150090054032419,0,0,0,0,0,0,0,0,0,0,0,0,0,0,0,0,0,0,0,0,0,0,0,0,0,0,0,0,0,0,0,0,0,0,0,0,0,0,0,0,0,0,0,0,0,0,0,0,0,0,0,0,0,0,0,0,0,0,0,0,0,0,0,0,0,0,0,0,0,0,0,0,0,0,0,0,0,0,0,0,0,0,0,0,0,0,0,0,0,0,0,0,0,0,0,0,0,0,0,0,0,0,0,0,0,0,0,0,0,0,0,0,0,0,0,0,0,0,0,0,0,0,0,0,0,0,0,0,0,0,0,0,0,0,0,0,0,0,0,0,0,0,0,0,0,0,0,0,0,0,0,0,0,0,0,0,0,0,0,0,0,0,0,0,0,0,0,0,0,0,0,0,0,0,0,0,0,0,0,0,0,0,0,0,0,0,0,0,0,0,0,0,0,0,0,0,0,0,0,0,0,0,0,0,0,0,0,0,0,0,0,0,0,0,0,0,0,0,0,0,0,0,0,0,0,0,0,0,0,0,0,0,0,0,0,0,0,0,0,0,0,0,0,0,0,0,0,0,0,0,0,0,0,0,0,0,0,0,0,0,0,0,0,0,0,0,0,0,0,0,0,0,0,0,0,0,0,0,0,0,0,0,0,0,0,0,0,0,0,0,0,0,0,0,0,0,0,0,0,0,0,0,0,0,0,0,0,0,0,0,0,0,0,0,0,0,0,0,0,0,0,0,0,0,0,0,0,0,0,0,0,0,0,0,0,0,0,0,0,0,0,0,0,0,0,0,0,0,0,0,0,0,0,0,0,0,0,0,0,0,0,0,0,0,0,0,0,0,0,0,0,0,0,0,0,0,0,0,0,0,0,0,0,0,0,0,0,0,0,0,0,0,0,0,0,0,0,0,0,0,0,0,0,0,0,0,0,0,0,0,0,0,0,0,0,0,0,0,0,0,0,0
0.0666043853382426,0.0162114634280376,0.00752871352420729,0.00873770401714568,0.0126944001758532,0.0114304555695994,0.0103313733032918,0.0145628400285761,0.0166510963345606,0.0234104522723526,0.0243996263120295,0.0191789855470682,0.022311370006045,0.0259932955981755,0.02808155190416,0.0200582513601143,0.0230807275924603,0.020442930153322,0.0285761389239985,0.02808155190416,0.0225311864593065,0.0201681595867451,0.0241248557454525,0.0162114634280376,0.0156619222948838,0.01511238116173,0.01511238116173,0.0201681595867451,0.0144529318019454,0.0148925647084684,0.0163763257679837,0.0137385283288454,0.0141781612353685,0.0092872451502995,0.0103313733032918,0.0127493542891685,0.01368357421553,0.0114854096829148,0.0118700884761224,0.0126394460625378,0.0103313733032918,0.007198988844315,0.00796834643073034,0.00681431005110733,0.00692421827773809,0.00857284167719954,0.00428642083859977,0.00609990657800736,0.00472605374512282,0.0045062372918613,0.00620981480463813,0.00686926416442271,0.00653953948453042,0.00637467714458427,0.00406660438533824,0.00395669615870748,0.00362697147881519,0.00428642083859977,0.00500082431169973,0.00467109963180744,0.00439632906523053,0.00456119140517668,0.00577018189811507,0.00582513601143046,0.00516568665164588,0.0047810078584382,0.00467109963180744,0.00560531955816893,0.00472605374512282,0.00604495246469198,0.00483596197175359,0.00241798098587679,0.00313238445897675,0.00291256800571523,0.00483596197175359,0.00615486069132275,0.00263779743913832,0.0032972467989229,0.00252788921250756,0.00181348573940759,0.00236302687256141,0.00230807275924603,0.00104412815299225,0.00153871517283069,0.00153871517283069,0.000879265813046107,0.0012089904929384,0.00164862339946145,0.00098917403967687,0.000494587019838435,0.00098917403967687,0.000714403473099962,0.000824311699730725,0.00192339396603836,0.0014837610595153,0.000934219926361488,0.00170357751277683,0.00351706325218443,0.00340715502555366,0.00137385283288454,0.00109908226630763,0.00324229268560752,0.000879265813046107,0.00126394460625378,0.000934219926361488,0.00296752211903061,0.0039017420453921,0.00219816453261527,0.00104412815299225,0.00164862339946145,0.00115403637962301,0.000934219926361488,0.00153871517283069,0.000824311699730725,0.00186843985272298,0.000604495246469198,0.00219816453261527,0.000934219926361488,0.000604495246469198,0.000384678793207672,0.000109908226630763,5.49541133153817e-05,0.000384678793207672,0,5.49541133153817e-05,0,0,0,0,0,0,0,0,0,0,0,0,0,0,0,0,0,0,0,0,0,0,0,0,0,0,0,0,0,0,0,0,0,0,0,0,0,0,0,0,0,0,0,0,0,0,0,0,0,0,0,0,0,0,0,0,0,0,0,0,0,0,0,0,0,0,0,0,0,0,0,0,0,0,0,0,0,0,0,0,0,0,0,0,0,0,0,0,0,0,0,0,0,0,0,0,0,0,0,0,0,0,0,0,0,0,0,0,0,0,0,0,0,0,0,0,0,0,0,0,0,0,0,0,0,0,0,0,0,0,0,0,0,0,0,0,0,0,0,0,0,0,0,0,0,0,0,0,0,0,0,0,0,0,0,0,0,0,0,0,0,0,0,0,0,0,0,0,0,0,0,0,0,0,0,0,0,0,0,0,0,0,0,0,0,0,0,0,0,0,0,0,0,0,0,0,0,0,0,0,0,0,0,0,0,0,0,0,0,0,0,0,0,0,0,0,0,0,0,0,0,0,0,0,0,0,0,0,0,0,0,0,0,0,0,0,0,0,0,0,0,0,0,0,0,0,0,0,0,0,0,0,0,0,0,0,0,0,0,0,0,0,0,0,0,0,0,0,0,0,0,0,0,0,0,0,0,0,0,0,0,0,0,0,0,0,0,0,0,0,0,0,0,0,0,0,0,0,0,0,0,0,0,0,0,0,0,0,0,0,0,0,0,0,0,0,0,0,0,0,0,0,0,0,0,0,0,0,0,0,0,0,0,0,0,0,0,0,0,0,0,0,0,0,0,0,0,0,0,0,0,0,0,0,0,0,0,0,0,0,0,0,0,0,0,0,0,0,0,0,0,0,0,0,0,0,0,0,0,0,0,0,0,0,0,0,0,0,0,0,0,0,0,0,0,0,0,0,0,0,0,0,0,0,0,0,0,0,0,0,0,0,0,0,0,0,0,0,0,0,0,0,0,0,0,0,0,0,0,0,0,0,0,0
0.0749468462083629,0.0206118592015119,0.0102173399480274,0.00962674226317033,0.011103236475313,0.0125797306874557,0.0129340892983699,0.0188991259154264,0.0161823765650839,0.0206118592015119,0.0199622017481691,0.0258681785967399,0.0279943302622254,0.0295889440113395,0.0243326246161115,0.022206472950626,0.0256909992912828,0.0204937396645405,0.0275218521143397,0.0248051027639972,0.0221474131821403,0.0223245924875974,0.0229742499409402,0.0170092133238838,0.0127569099929128,0.0152964800377983,0.0158870777226553,0.018367587999055,0.0188400661469407,0.0145877628159698,0.0157098984171982,0.0171863926293409,0.0161823765650839,0.0100401606425703,0.0122253720765415,0.00998110087408457,0.0113394755492558,0.00826836758799905,0.0108669974013702,0.0122844318450272,0.0123434916135129,0.00915426411528467,0.00909520434679896,0.00927238365225608,0.0123434916135129,0.0136428065201984,0.00631939522797071,0.00679187337585637,0.00513819985825656,0.00755965036617056,0.00761871013465627,0.00661469407039924,0.00986298133711316,0.00720529175525632,0.00584691708008505,0.00584691708008505,0.00519725962674226,0.0046657217103709,0.00537443893219939,0.00419324356248523,0.00720529175525632,0.00566973777462792,0.006260335459485,0.00318922749822821,0.00425230333097094,0.00572879754311363,0.00496102055279943,0.0047247814788566,0.0038979447200567,0.00649657453342783,0.00372076541459957,0.00165367351759981,0.00183085282305693,0.00206709189699976,0.00230333097094259,0.00324828726671391,0.00118119536971415,0.00194897236002835,0.00171273328608552,0.00124025513819986,0.000531537916371368,0.00070871722182849,0.000531537916371368,0.000531537916371368,0.000826836758799905,0.000118119536971415,0.00124025513819986,0.000649657453342783,0.000295298842428538,0.000177179305457123,0.00023623907394283,0.00023623907394283,0.000413418379399953,0.00023623907394283,0.000295298842428538,5.90597684857075e-05,5.90597684857075e-05,0.000177179305457123,0.000118119536971415,0.000354358610914245,0.000118119536971415,0.00047247814788566,0.000177179305457123,0.000590597684857075,0.000531537916371368,0.00070871722182849,0.000649657453342783,5.90597684857075e-05,5.90597684857075e-05,0.000295298842428538,5.90597684857075e-05,0,0.00023623907394283,0.00023623907394283,5.90597684857075e-05,5.90597684857075e-05,0,0,0,5.90597684857075e-05,0,0,0,0,0,0,0,0,0,0,0,0,0,0,0,0,0,0,0,0,0,0,0,0,0,0,0,0,0,0,0,0,0,0,0,0,0,0,0,0,0,0,0,0,0,0,0,0,0,0,0,0,0,0,0,0,0,0,0,0,0,0,0,0,0,0,0,0,0,0,0,0,0,0,0,0,0,0,0,0,0,0,0,0,0,0,0,0,0,0,0,0,0,0,0,0,0,0,0,0,0,0,0,0,0,0,0,0,0,0,0,0,0,0,0,0,0,0,0,0,0,0,0,0,0,0,0,0,0,0,0,0,0,0,0,0,0,0,0,0,0,0,0,0,0,0,0,0,0,0,0,0,0,0,0,0,0,0,0,0,0,0,0,0,0,0,0,0,0,0,0,0,0,0,0,0,0,0,0,0,0,0,0,0,0,0,0,0,0,0,0,0,0,0,0,0,0,0,0,0,0,0,0,0,0,0,0,0,0,0,0,0,0,0,0,0,0,0,0,0,0,0,0,0,0,0,0,0,0,0,0,0,0,0,0,0,0,0,0,0,0,0,0,0,0,0,0,0,0,0,0,0,0,0,0,0,0,0,0,0,0,0,0,0,0,0,0,0,0,0,0,0,0,0,0,0,0,0,0,0,0,0,0,0,0,0,0,0,0,0,0,0,0,0,0,0,0,0,0,0,0,0,0,0,0,0,0,0,0,0,0,0,0,0,0,0,0,0,0,0,0,0,0,0,0,0,0,0,0,0,0,0,0,0,0,0,0,0,0,0,0,0,0,0,0,0,0,0,0,0,0,0,0,0,0,0,0,0,0,0,0,0,0,0,0,0,0,0,0,0,0,0,0,0,0,0,0,0,0,0,0,0,0,0,0,0,0,0,0,0,0,0,0,0,0,0,0,0,0,0,0,0,0,0,0,0,0,0,0,0,0,0,0,0,0,0,0,0,0,0,0,0,0,0,0,0,0,0,0,0,0,0,0,0,0,0,0,0,0
0.0642212518195051,0.0199708879184862,0.0100145560407569,0.00960698689956332,0.0125764192139738,0.0125764192139738,0.0114119359534207,0.0164192139737991,0.0137409024745269,0.0197379912663755,0.0155458515283843,0.0212518195050946,0.0185152838427948,0.0261426491994178,0.0241048034934498,0.0224745269286754,0.0193886462882096,0.0227656477438137,0.0340029112081514,0.026783114992722,0.0207860262008734,0.0199708879184862,0.0260262008733624,0.0206113537117904,0.0162445414847162,0.0171761280931587,0.0157787481804949,0.0168267831149927,0.0186899563318777,0.0170596797671033,0.0205531295487627,0.0221251819505095,0.0200291120815138,0.0119941775836972,0.0131586608442504,0.01117903930131,0.0124017467248908,0.0138573508005822,0.0114119359534207,0.0104221251819505,0.0117612809315866,0.00890829694323144,0.00774381368267831,0.00908296943231441,0.00995633187772926,0.00914119359534207,0.00646288209606987,0.00960698689956332,0.00652110625909753,0.0105385735080058,0.00925764192139738,0.00873362445414847,0.0103639010189229,0.00972343522561863,0.00657933042212518,0.00751091703056769,0.00675400291120815,0.00430858806404658,0.0053566229985444,0.0045414847161572,0.00663755458515284,0.00698689956331878,0.00675400291120815,0.00425036390101892,0.00564774381368268,0.00652110625909753,0.00512372634643377,0.00547307132459971,0.00489082969432314,0.00331877729257642,0.00273653566229985,0.00180494905385735,0.00203784570596798,0.00250363901018923,0.00273653566229985,0.00221251819505095,0.00238719068413392,0.00151382823871907,0.000640465793304221,0.00116448326055313,0.000582241630276565,0.000291120815138282,0.000291120815138282,0.000407569141193595,0.000349344978165939,0.000582241630276565,0.000174672489082969,0.000232896652110626,0,0.000349344978165939,0.000174672489082969,0.000407569141193595,5.82241630276565e-05,0.000174672489082969,5.82241630276565e-05,0.000116448326055313,0,0,0,0,0,0,0,0,0,0,0,0,0,0,0,0,0,0,0,0,0,0,0,0,0,0,0,0,0,0,0,0,0,0,0,0,0,0,0,0,0,0,0,0,0,0,0,0,0,0,0,0,0,0,0,0,0,0,0,0,0,0,0,0,0,0,0,0,0,0,0,0,0,0,0,0,0,0,0,0,0,0,0,0,0,0,0,0,0,0,0,0,0,0,0,0,0,0,0,0,0,0,0,0,0,0,0,0,0,0,0,0,0,0,0,0,0,0,0,0,0,0,0,0,0,0,0,0,0,0,0,0,0,0,0,0,0,0,0,0,0,0,0,0,0,0,0,0,0,0,0,0,0,0,0,0,0,0,0,0,0,0,0,0,0,0,0,0,0,0,0,0,0,0,0,0,0,0,0,0,0,0,0,0,0,0,0,0,0,0,0,0,0,0,0,0,0,0,0,0,0,0,0,0,0,0,0,0,0,0,0,0,0,0,0,0,0,0,0,0,0,0,0,0,0,0,0,0,0,0,0,0,0,0,0,0,0,0,0,0,0,0,0,0,0,0,0,0,0,0,0,0,0,0,0,0,0,0,0,0,0,0,0,0,0,0,0,0,0,0,0,0,0,0,0,0,0,0,0,0,0,0,0,0,0,0,0,0,0,0,0,0,0,0,0,0,0,0,0,0,0,0,0,0,0,0,0,0,0,0,0,0,0,0,0,0,0,0,0,0,0,0,0,0,0,0,0,0,0,0,0,0,0,0,0,0,0,0,0,0,0,0,0,0,0,0,0,0,0,0,0,0,0,0,0,0,0,0,0,0,0,0,0,0,0,0,0,0,0,0,0,0,0,0,0,0,0,0,0,0,0,0,0,0,0,0,0,0,0,0,0,0,0,0,0,0,0,0,0,0,0,0,0,0,0,0,0,0,0,0,0,0,0,0,0,0,0,0,0,0,0,0,0,0,0,0,0,0,0,0,0,0,0,0,0,0,0,0,0,0,0,0,0,0,0,0,0,0,0,0,0,0,0,0,0,0,0,0,0,0,0,0,0
0.0485381452718136,0.0146756509821836,0.0110781178620375,0.0091936957514847,0.0118775696665144,0.0111352215623572,0.00987894015532207,0.0133051621745089,0.0145614435815441,0.015360895386021,0.0110781178620375,0.0136477843764276,0.0169026952946551,0.0285518501598904,0.0254682503426222,0.0244403837368661,0.0231269986295112,0.0207286432160804,0.0276381909547739,0.0253540429419826,0.0228985838282321,0.0251827318410233,0.0336340794883508,0.0248401096391046,0.0224988579259936,0.0205573321151211,0.0169597989949749,0.0189584285061672,0.0205002284148013,0.0156464138876199,0.0218136135221562,0.0211283691183189,0.0222704431247145,0.0151895842850617,0.0178734582000914,0.0146756509821836,0.0141046139789858,0.0154751027866606,0.0142188213796254,0.0114207400639561,0.0112494289629968,0.0100502512562814,0.010164458656921,0.0102215623572407,0.0117633622658748,0.00907948835084513,0.00816582914572864,0.0105070808588397,0.00890817724988579,0.0107925993604386,0.00828003654636821,0.00856555504796711,0.00816582914572864,0.00953631795340338,0.00628140703517588,0.00628140703517588,0.00519643672910005,0.00416857012334399,0.00536774783005939,0.00496802192782092,0.00559616263133851,0.00639561443581544,0.00576747373229785,0.00388305162174509,0.00405436272270443,0.00525354042941983,0.0044540886249429,0.00319780721790772,0.0035404294198264,0.00279808131566926,0.00199862951119233,0.00142759250799452,0.00211283691183189,0.00199862951119233,0.00285518501598904,0.00251256281407035,0.00211283691183189,0.00108497030607583,0.000628140703517588,0.00114207400639561,0.000571037003197807,0.000399725902238465,0.000399725902238465,0.000456829602558246,0.000114207400639561,5.71037003197807e-05,0.000114207400639561,0.000228414801279123,0.000171311100959342,0.000114207400639561,5.71037003197807e-05,0,5.71037003197807e-05,0.000171311100959342,0,0,0.000114207400639561,5.71037003197807e-05,0,0,0,0,0,0,0,0,0,0,0,0,0,0,0,0,0,0,0,0,0,0,0,0,0,0,0,0,0,0,0,0,0,0,0,0,0,0,0,0,0,0,0,0,0,0,0,0,0,0,0,0,0,0,0,0,0,0,0,0,0,0,0,0,0,0,0,0,0,0,0,0,0,0,0,0,0,0,0,0,0,0,0,0,0,0,0,0,0,0,0,0,0,0,0,0,0,0,0,0,0,0,0,0,0,0,0,0,0,0,0,0,0,0,0,0,0,0,0,0,0,0,0,0,0,0,0,0,0,0,0,0,0,0,0,0,0,0,0,0,0,0,0,0,0,0,0,0,0,0,0,0,0,0,0,0,0,0,0,0,0,0,0,0,0,0,0,0,0,0,0,0,0,0,0,0,0,0,0,0,0,0,0,0,0,0,0,0,0,0,0,0,0,0,0,0,0,0,0,0,0,0,0,0,0,0,0,0,0,0,0,0,0,0,0,0,0,0,0,0,0,0,0,0,0,0,0,0,0,0,0,0,0,0,0,0,0,0,0,0,0,0,0,0,0,0,0,0,0,0,0,0,0,0,0,0,0,0,0,0,0,0,0,0,0,0,0,0,0,0,0,0,0,0,0,0,0,0,0,0,0,0,0,0,0,0,0,0,0,0,0,0,0,0,0,0,0,0,0,0,0,0,0,0,0,0,0,0,0,0,0,0,0,0,0,0,0,0,0,0,0,0,0,0,0,0,0,0,0,0,0,0,0,0,0,0,0,0,0,0,0,0,0,0,0,0,0,0,0,0,0,0,0,0,0,0,0,0,0,0,0,0,0,0,0,0,0,0,0,0,0,0,0,0,0,0,0,0,0,0,0,0,0,0,0,0,0,0,0,0,0,0,0,0,0,0,0,0,0,0,0,0,0,0,0,0,0,0,0,0,0,0,0,0,0,0,0,0,0,0,0,0,0,0,0,0,0,0,0,0,0,0,0,0,0,0,0,0,0,0,0,0,0,0,0,0,0,0,0,0,0,0,0,0,0,0,0,0,0,0,0
0.0551297337194118,0.0142508374496111,0.0112984727190144,0.0149321523874411,0.0153295861011753,0.010844262760461,0.0116959064327485,0.0170896496905695,0.016578663487197,0.0190200420144212,0.0126043263498552,0.0189064895247828,0.0173167546698461,0.0273093737580196,0.0309430534264464,0.026400953840913,0.0230511553965821,0.0223130642139329,0.0262874013512746,0.0265712825753705,0.0227672741724862,0.0227672741724862,0.0223130642139329,0.0198716856867087,0.0156702435700903,0.0154999148356328,0.0182251745869528,0.017941293362857,0.0242434565377846,0.0161244535286436,0.0192471469936978,0.0228808266621246,0.0191903707488787,0.0170896496905695,0.0160676772838244,0.010162947822631,0.0145347186737069,0.0141940612047919,0.018281950831772,0.0173735309146653,0.0126043263498552,0.0110145914949185,0.0125475501050361,0.0146482711633453,0.0119797876568444,0.0113552489638335,0.00993584284335434,0.00993584284335434,0.00897064668142849,0.00749446431613013,0.0073809118264918,0.00613183444047011,0.00522341452336342,0.00908419917106683,0.00851643672287515,0.00510986203372509,0.00476920456481008,0.00783512178504514,0.00601828195083177,0.0054505195026401,0.0040311133821609,0.00528019076818259,0.00476920456481008,0.00431499460625674,0.00391756089252257,0.00221427354794754,0.00181683983421337,0.00244137852722421,0.00255493101686254,0.00232782603758587,0.00153295861011753,0.00119230114120252,0.00158973485493669,0.00073809118264918,0.000567762448191677,0.000340657468915006,0.000170328734457503,0.000397433713734174,0.000227104979276671,0.000340657468915006,0.000510986203372509,5.67762448191677e-05,0.000170328734457503,0,0,0,0,0,0,5.67762448191677e-05,0,0,0.000113552489638335,0,0,0,0,0,0,0,0,0,0,0,0,0,0,0,0,0,0,0,0,0,0,0,0,0,0,0,0,0,0,0,0,0,0,0,0,0,0,0,0,0,0,0,0,0,0,0,0,0,0,0,0,0,0,0,0,0,0,0,0,0,0,0,0,0,0,0,0,0,0,0,0,0,0,0,0,0,0,0,0,0,0,0,0,0,0,0,0,0,0,0,0,0,0,0,0,0,0,0,0,0,0,0,0,0,0,0,0,0,0,0,0,0,0,0,0,0,0,0,0,0,0,0,0,0,0,0,0,0,0,0,0,0,0,0,0,0,0,0,0,0,0,0,0,0,0,0,0,0,0,0,0,0,0,0,0,0,0,0,0,0,0,0,0,0,0,0,0,0,0,0,0,0,0,0,0,0,0,0,0,0,0,0,0,0,0,0,0,0,0,0,0,0,0,0,0,0,0,0,0,0,0,0,0,0,0,0,0,0,0,0,0,0,0,0,0,0,0,0,0,0,0,0,0,0,0,0,0,0,0,0,0,0,0,0,0,0,0,0,0,0,0,0,0,0,0,0,0,0,0,0,0,0,0,0,0,0,0,0,0,0,0,0,0,0,0,0,0,0,0,0,0,0,0,0,0,0,0,0,0,0,0,0,0,0,0,0,0,0,0,0,0,0,0,0,0,0,0,0,0,0,0,0,0,0,0,0,0,0,0,0,0,0,0,0,0,0,0,0,0,0,0,0,0,0,0,0,0,0,0,0,0,0,0,0,0,0,0,0,0,0,0,0,0,0,0,0,0,0,0,0,0,0,0,0,0,0,0,0,0,0,0,0,0,0,0,0,0,0,0,0,0,0,0,0,0,0,0,0,0,0,0,0,0,0,0,0,0,0,0,0,0,0,0,0,0,0,0,0,0,0,0,0,0,0,0,0,0,0,0,0,0,0,0,0,0,0,0,0,0,0,0,0,0,0,0,0,0,0,0,0,0,0,0,0,0,0,0,0,0,0,0,0,0,0,0,0,0,0,0,0,0,0,0,0,0,0,0,0,0,0,0,0,0,0,0
0.0716569286737956,0.0157094035938706,0.0122367985889097,0.0153235585933194,0.0152684378789549,0.01322897144747,0.0111343843016205,0.0179142321684489,0.0160952485944218,0.0208356300297652,0.0174732664535332,0.0245287178921839,0.0238121486054459,0.0309778414728255,0.0314739279021056,0.0283320471833315,0.0253555286076508,0.0200639400286628,0.0260720978943887,0.0266784257523978,0.0218829236026899,0.0273949950391357,0.02695402932422,0.0171425421673465,0.0154889207364127,0.0158196450225995,0.0170323007386176,0.0144967478778525,0.0181898357402712,0.0187410428839158,0.0380884136258406,0.0248594421783706,0.0189064050270091,0.0181898357402712,0.0148825928784037,0.0123470400176386,0.015764524308235,0.0165913350237019,0.0147172307353103,0.0146621100209459,0.0120163157314519,0.0111343843016205,0.0115202293021718,0.0116304707309007,0.0135045750192922,0.012512402160732,0.00981148715687355,0.00738617572483739,0.00666960643809944,0.00567743357953919,0.00622864072318377,0.00716569286737956,0.0036930878624187,0.00192922500275604,0.00198434571712049,0.00259067357512953,0.00402381214860545,0.00270091500385845,0.00347260500496086,0.00666960643809944,0.00374820857678315,0.00137801785911145,0.00104729357292471,0.000881931429831331,0.00198434571712049,0.000881931429831331,0.000220482857457833,0.000385845000551207,0.000385845000551207,0.000220482857457833,0.000110241428728916,5.51207143644582e-05,0,0,0,0,0,5.51207143644582e-05,0,0,0,0,0,0,0,0,0,0,0,0,0,0,0,0,0,0,0,0,0,0,0,0,0,0,0,0,0,0,0,0,0,0,0,0,0,0,0,0,0,0,0,0,0,0,0,0,0,0,0,0,0,0,0,0,0,0,0,0,0,0,0,0,0,0,0,0,0,0,0,0,0,0,0,0,0,0,0,0,0,0,0,0,0,0,0,0,0,0,0,0,0,0,0,0,0,0,0,0,0,0,0,0,0,0,0,0,0,0,0,0,0,0,0,0,0,0,0,0,0,0,0,0,0,0,0,0,0,0,0,0,0,0,0,0,0,0,0,0,0,0,0,0,0,0,0,0,0,0,0,0,0,0,0,0,0,0,0,0,0,0,0,0,0,0,0,0,0,0,0,0,0,0,0,0,0,0,0,0,0,0,0,0,0,0,0,0,0,0,0,0,0,0,0,0,0,0,0,0,0,0,0,0,0,0,0,0,0,0,0,0,0,0,0,0,0,0,0,0,0,0,0,0,0,0,0,0,0,0,0,0,0,0,0,0,0,0,0,0,0,0,0,0,0,0,0,0,0,0,0,0,0,0,0,0,0,0,0,0,0,0,0,0,0,0,0,0,0,0,0,0,0,0,0,0,0,0,0,0,0,0,0,0,0,0,0,0,0,0,0,0,0,0,0,0,0,0,0,0,0,0,0,0,0,0,0,0,0,0,0,0,0,0,0,0,0,0,0,0,0,0,0,0,0,0,0,0,0,0,0,0,0,0,0,0,0,0,0,0,0,0,0,0,0,0,0,0,0,0,0,0,0,0,0,0,0,0,0,0,0,0,0,0,0,0,0,0,0,0,0,0,0,0,0,0,0,0,0,0,0,0,0,0,0,0,0,0,0,0,0,0,0,0,0,0,0,0,0,0,0,0,0,0,0,0,0,0,0,0,0,0,0,0,0,0,0,0,0,0,0,0,0,0,0,0,0,0,0,0,0,0,0,0,0,0,0,0,0,0,0,0,0,0,0,0,0,0,0,0,0,0,0,0,0,0,0,0,0,0,0,0,0,0,0,0,0,0,0,0,0,0,0,0,0,0,0,0,0,0,0
0.0750382848392037,0.0166184561284102,0.0124780216663831,0.0161647098859963,0.0171856389314276,0.0176393851738415,0.0133287958709092,0.0238216777267313,0.0193409335828938,0.0259769723781975,0.0196812432647042,0.0264307186206114,0.0287561681129828,0.030911462764449,0.0300606885599229,0.0289830412341898,0.0319323918098803,0.0282457035902671,0.0271113379842323,0.0239351142873348,0.0217231013555669,0.0309681810447507,0.0266575917418184,0.0206454540298338,0.017979694855652,0.0187737507798764,0.0187170324995746,0.0142930066360388,0.0157109636435823,0.0173557937723328,0.035732516590097,0.0180364131359537,0.0180931314162555,0.0158811184844876,0.0141795700754353,0.0146333163178492,0.0138959786739266,0.0166751744087119,0.0110033463785378,0.0125914582269866,0.0104928818558221,0.00952867109069253,0.0105496001361239,0.00760024956043333,0.00890477000737338,0.00669275707560547,0.0122511485451761,0.0110033463785378,0.00374340649991492,0.00419715274232885,0.00431058930293233,0.00306278713629403,0.0019284215302592,0.00243888605297487,0.000964210765129601,0.00209857637116443,0.00238216777267313,0.00136123872724179,0.00170154840905224,0.00124780216663831,0.000964210765129601,0.00102092904543134,0.00090749248482786,0.00147467528784527,0.000737337643922636,0.000340309681810448,0.00045374624241393,0.000170154840905224,5.67182803017413e-05,0.000170154840905224,5.67182803017413e-05,0,0,0,0,0,0,0,0,0,0,0,0,0,0,0,0,0,0,0,0,0,0,0,0,0,0,0,0,0,0,0,0,0,0,0,0,0,0,0,0,0,0,0,0,0,0,0,0,0,0,0,0,0,0,0,0,0,0,0,0,0,0,0,0,0,0,0,0,0,0,0,0,0,0,0,0,0,0,0,0,0,0,0,0,0,0,0,0,0,0,0,0,0,0,0,0,0,0,0,0,0,0,0,0,0,0,0,0,0,0,0,0,0,0,0,0,0,0,0,0,0,0,0,0,0,0,0,0,0,0,0,0,0,0,0,0,0,0,0,0,0,0,0,0,0,0,0,0,0,0,0,0,0,0,0,0,0,0,0,0,0,0,0,0,0,0,0,0,0,0,0,0,0,0,0,0,0,0,0,0,0,0,0,0,0,0,0,0,0,0,0,0,0,0,0,0,0,0,0,0,0,0,0,0,0,0,0,0,0,0,0,0,0,0,0,0,0,0,0,0,0,0,0,0,0,0,0,0,0,0,0,0,0,0,0,0,0,0,0,0,0,0,0,0,0,0,0,0,0,0,0,0,0,0,0,0,0,0,0,0,0,0,0,0,0,0,0,0,0,0,0,0,0,0,0,0,0,0,0,0,0,0,0,0,0,0,0,0,0,0,0,0,0,0,0,0,0,0,0,0,0,0,0,0,0,0,0,0,0,0,0,0,0,0,0,0,0,0,0,0,0,0,0,0,0,0,0,0,0,0,0,0,0,0,0,0,0,0,0,0,0,0,0,0,0,0,0,0,0,0,0,0,0,0,0,0,0,0,0,0,0,0,0,0,0,0,0,0,0,0,0,0,0,0,0,0,0,0,0,0,0,0,0,0,0,0,0,0,0,0,0,0,0,0,0,0,0,0,0,0,0,0,0,0,0,0,0,0,0,0,0,0,0,0,0,0,0,0,0,0,0,0,0,0,0,0,0,0,0,0,0,0,0,0,0,0,0,0,0,0,0,0,0,0,0,0,0,0,0,0,0,0,0,0,0,0,0,0,0,0,0,0,0,0,0,0,0,0,0,0,0,0,0,0,0,0,0,0,0,0,0,0,0,0,0,0,0,0
0.0779531597242008,0.0148156590119095,0.0107698444355804,0.0190894068038065,0.0184625904609949,0.0198871730582939,0.0187475069804547,0.0235910878112713,0.0195452732349422,0.0283776853381959,0.0213117556555929,0.0312268505327939,0.0288335517693316,0.025357570231922,0.0257564533591658,0.0300871844549547,0.0297452846316029,0.0255285201435979,0.0278648356031683,0.0238190210268391,0.0278078522992763,0.0326514331300929,0.0320246167872813,0.0332782494729044,0.0202860561855376,0.0230782380762437,0.0221665052139723,0.0166391247364522,0.0176078409026155,0.016981024559804,0.0309989173172261,0.018291640549319,0.0146447091002336,0.0175508575987236,0.0171519744714799,0.0157843751780728,0.0100290614849849,0.0121944270328794,0.0122514103367713,0.0118525272095276,0.0104279446122286,0.0062111801242236,0.00558436378141205,0.00529944726195225,0.00524246395806029,0.00444469770357285,0.00934526183828138,0.00478659752692461,0.00427374779189697,0.00552738047752009,0.00450168100746481,0.0026782152829221,0.00199441563621859,0.00227933215567839,0.00113966607783919,0.000569833038919597,0.000854749558379395,0.000227933215567839,0.000455866431135677,0.000113966607783919,0,0,0,0,0,0,0,0,0,0,0,0,0,0,0,0,0,0,0,0,0,0,0,0,0,0,0,0,0,0,0,0,0,0,0,0,0,0,0,0,0,0,0,0,0,0,0,0,0,0,0,0,0,0,0,0,0,0,0,0,0,0,0,0,0,0,0,0,0,0,0,0,0,0,0,0,0,0,0,0,0,0,0,0,0,0,0,0,0,0,0,0,0,0,0,0,0,0,0,0,0,0,0,0,0,0,0,0,0,0,0,0,0,0,0,0,0,0,0,0,0,0,0,0,0,0,0,0,0,0,0,0,0,0,0,0,0,0,0,0,0,0,0,0,0,0,0,0,0,0,0,0,0,0,0,0,0,0,0,0,0,0,0,0,0,0,0,0,0,0,0,0,0,0,0,0,0,0,0,0,0,0,0,0,0,0,0,0,0,0,0,0,0,0,0,0,0,0,0,0,0,0,0,0,0,0,0,0,0,0,0,0,0,0,0,0,0,0,0,0,0,0,0,0,0,0,0,0,0,0,0,0,0,0,0,0,0,0,0,0,0,0,0,0,0,0,0,0,0,0,0,0,0,0,0,0,0,0,0,0,0,0,0,0,0,0,0,0,0,0,0,0,0,0,0,0,0,0,0,0,0,0,0,0,0,0,0,0,0,0,0,0,0,0,0,0,0,0,0,0,0,0,0,0,0,0,0,0,0,0,0,0,0,0,0,0,0,0,0,0,0,0,0,0,0,0,0,0,0,0,0,0,0,0,0,0,0,0,0,0,0,0,0,0,0,0,0,0,0,0,0,0,0,0,0,0,0,0,0,0,0,0,0,0,0,0,0,0,0,0,0,0,0,0,0,0,0,0,0,0,0,0,0,0,0,0,0,0,0,0,0,0,0,0,0,0,0,0,0,0,0,0,0,0,0,0,0,0,0,0,0,0,0,0,0,0,0,0,0,0,0,0,0,0,0,0,0,0,0,0,0,0,0,0,0,0,0,0,0,0,0,0,0,0,0,0,0,0,0,0,0,0,0,0,0,0,0,0,0,0,0,0,0,0,0,0,0,0,0,0,0,0,0,0,0,0,0,0,0,0,0,0,0,0,0,0,0,0,0,0,0,0,0,0,0,0,0,0,0
0.0921008214245527,0.0167098008326769,0.0108022954877912,0.0154157758523686,0.0176662540789918,0.0206481377292675,0.0229548779115562,0.0187914931923034,0.0311128614830652,0.030325194103747,0.0246989985371892,0.0334196016653539,0.0379205581186002,0.031394171261393,0.0321255766850456,0.0397772026555643,0.0381456059412625,0.0318442669067177,0.0316192190840554,0.0283560256554518,0.0295375267244289,0.0290311691234387,0.0237425452908743,0.020310565995274,0.0137841791380668,0.0236300213795432,0.024586474625858,0.0250928322268482,0.0144593226060538,0.0146843704287161,0.0207606616405986,0.0151344660740407,0.00995836615280747,0.0114774389557781,0.0151907280297063,0.0127152019804208,0.01068977157646,0.00939574659615168,0.0120963204680995,0.0101271520198042,0.00737031619219084,0.00810172161584337,0.004275908630584,0.00343197929560031,0.00298188365027568,0.00438843254191516,0.00562619556655789,0.00382581298525937,0.00309440756160684,0.00140654889163947,0.00157533475863621,0.000618881512321368,0.000900191290649263,0.000168785866996737,0,0,0,0,0,0,0,0,0,0,0,0,0,0,0,0,0,0,0,0,0,0,0,0,0,0,0,0,0,0,0,0,0,0,0,0,0,0,0,0,0,0,0,0,0,0,0,0,0,0,0,0,0,0,0,0,0,0,0,0,0,0,0,0,0,0,0,0,0,0,0,0,0,0,0,0,0,0,0,0,0,0,0,0,0,0,0,0,0,0,0,0,0,0,0,0,0,0,0,0,0,0,0,0,0,0,0,0,0,0,0,0,0,0,0,0,0,0,0,0,0,0,0,0,0,0,0,0,0,0,0,0,0,0,0,0,0,0,0,0,0,0,0,0,0,0,0,0,0,0,0,0,0,0,0,0,0,0,0,0,0,0,0,0,0,0,0,0,0,0,0,0,0,0,0,0,0,0,0,0,0,0,0,0,0,0,0,0,0,0,0,0,0,0,0,0,0,0,0,0,0,0,0,0,0,0,0,0,0,0,0,0,0,0,0,0,0,0,0,0,0,0,0,0,0,0,0,0,0,0,0,0,0,0,0,0,0,0,0,0,0,0,0,0,0,0,0,0,0,0,0,0,0,0,0,0,0,0,0,0,0,0,0,0,0,0,0,0,0,0,0,0,0,0,0,0,0,0,0,0,0,0,0,0,0,0,0,0,0,0,0,0,0,0,0,0,0,0,0,0,0,0,0,0,0,0,0,0,0,0,0,0,0,0,0,0,0,0,0,0,0,0,0,0,0,0,0,0,0,0,0,0,0,0,0,0,0,0,0,0,0,0,0,0,0,0,0,0,0,0,0,0,0,0,0,0,0,0,0,0,0,0,0,0,0,0,0,0,0,0,0,0,0,0,0,0,0,0,0,0,0,0,0,0,0,0,0,0,0,0,0,0,0,0,0,0,0,0,0,0,0,0,0,0,0,0,0,0,0,0,0,0,0,0,0,0,0,0,0,0,0,0,0,0,0,0,0,0,0,0,0,0,0,0,0,0,0,0,0,0,0,0,0,0,0,0,0,0,0,0,0,0,0,0,0,0,0,0,0,0,0,0,0,0,0,0,0,0,0,0,0,0,0,0,0,0,0,0,0,0,0,0,0,0,0,0,0,0,0,0,0,0,0,0,0,0,0,0,0,0,0,0,0,0,0
0.105148828744202,0.0214877003463864,0.01596900135032,0.0186696412845653,0.0140902953091059,0.0242470498444197,0.0186696412845653,0.0206657664533553,0.0369870251864029,0.0311747783713967,0.0304702636059414,0.0363412199847355,0.0409205659601949,0.0396289555568602,0.0372218634415546,0.0275347854165444,0.0304702636059414,0.0315857453179123,0.0322315505195796,0.0252451124288147,0.0316444548817002,0.0247754359185111,0.0186109317207773,0.0172606117536547,0.0208418951447191,0.016967063934715,0.0133857805436506,0.0123290083954676,0.0156754535313803,0.0123877179592556,0.022896729877297,0.0134444901074385,0.00933482064228263,0.017906416955322,0.0112722362472847,0.00951094933364645,0.0101567545353138,0.00968707802501027,0.00945223976985851,0.00698643809076499,0.00727998590970469,0.00827804849409969,0.00604708507015793,0.00874772500440322,0.00727998590970469,0.0042857981565197,0.00446192684788352,0.00352257382727646,0.00270063993424529,0.00223096342394176,0.000645805201667352,0.000880643456819116,0.000234838255151764,5.87095637879411e-05,5.87095637879411e-05,0,0,0,0,0,0,0,0,0,0,0,0,0,0,0,0,0,0,0,0,0,0,0,0,0,0,0,0,0,0,0,0,0,0,0,0,0,0,0,0,0,0,0,0,0,0,0,0,0,0,0,0,0,0,0,0,0,0,0,0,0,0,0,0,0,0,0,0,0,0,0,0,0,0,0,0,0,0,0,0,0,0,0,0,0,0,0,0,0,0,0,0,0,0,0,0,0,0,0,0,0,0,0,0,0,0,0,0,0,0,0,0,0,0,0,0,0,0,0,0,0,0,0,0,0,0,0,0,0,0,0,0,0,0,0,0,0,0,0,0,0,0,0,0,0,0,0,0,0,0,0,0,0,0,0,0,0,0,0,0,0,0,0,0,0,0,0,0,0,0,0,0,0,0,0,0,0,0,0,0,0,0,0,0,0,0,0,0,0,0,0,0,0,0,0,0,0,0,0,0,0,0,0,0,0,0,0,0,0,0,0,0,0,0,0,0,0,0,0,0,0,0,0,0,0,0,0,0,0,0,0,0,0,0,0,0,0,0,0,0,0,0,0,0,0,0,0,0,0,0,0,0,0,0,0,0,0,0,0,0,0,0,0,0,0,0,0,0,0,0,0,0,0,0,0,0,0,0,0,0,0,0,0,0,0,0,0,0,0,0,0,0,0,0,0,0,0,0,0,0,0,0,0,0,0,0,0,0,0,0,0,0,0,0,0,0,0,0,0,0,0,0,0,0,0,0,0,0,0,0,0,0,0,0,0,0,0,0,0,0,0,0,0,0,0,0,0,0,0,0,0,0,0,0,0,0,0,0,0,0,0,0,0,0,0,0,0,0,0,0,0,0,0,0,0,0,0,0,0,0,0,0,0,0,0,0,0,0,0,0,0,0,0,0,0,0,0,0,0,0,0,0,0,0,0,0,0,0,0,0,0,0,0,0,0,0,0,0,0,0,0,0,0,0,0,0,0,0,0,0,0,0,0,0,0,0,0,0,0,0,0,0,0,0,0,0,0,0,0,0,0,0,0,0,0,0,0,0,0,0,0,0,0,0,0,0,0,0,0,0,0,0,0,0,0,0,0,0,0,0,0,0,0,0,0,0,0,0,0,0,0,0,0,0,0,0,0,0,0,0,0,0,0,0
0.0634486489735806,0.0146073156803222,0.0133750112710769,0.0119924258363139,0.0190255778305431,0.0209491749571699,0.0238345706471101,0.0270505845931893,0.0221814793664152,0.026539629106429,0.0265696853115326,0.0319798022301704,0.0316491839740314,0.0345646358690752,0.0312584533076854,0.0293649123861621,0.0282227765922275,0.0286435634636771,0.0281626641820204,0.0304168795647861,0.0300261488984401,0.0279823269513991,0.0250969312614589,0.0295452496167834,0.0275615400799495,0.0298758678729224,0.0239848516726278,0.0226323224429683,0.0198972077785459,0.017582879985573,0.0151783835772895,0.0168014186528809,0.0210393435724805,0.0174927113702624,0.0204983318806168,0.016861531063088,0.0104896155811367,0.014487090859908,0.0119022572210033,0.00598118481560518,0.00619157825132999,0.00721348922485047,0.00733371404526465,0.00646208409726188,0.0061314658411229,0.00375702563794295,0.00354663220221815,0.00192359712662679,0.00195365333173034,0.00255477743380121,0.00267500225421538,0.000721348922485047,0.000180337230621262,0.000541011691863785,3.00562051035436e-05,3.00562051035436e-05,0,0,0,0,0,0,0,0,0,0,0,0,0,0,0,0,0,0,0,0,0,0,0,0,0,0,0,0,0,0,0,0,0,0,0,0,0,0,0,0,0,0,0,0,0,0,0,0,0,0,0,0,0,0,0,0,0,0,0,0,0,0,0,0,0,0,0,0,0,0,0,0,0,0,0,0,0,0,0,0,0,0,0,0,0,0,0,0,0,0,0,0,0,0,0,0,0,0,0,0,0,0,0,0,0,0,0,0,0,0,0,0,0,0,0,0,0,0,0,0,0,0,0,0,0,0,0,0,0,0,0,0,0,0,0,0,0,0,0,0,0,0,0,0,0,0,0,0,0,0,0,0,0,0,0,0,0,0,0,0,0,0,0,0,0,0,0,0,0,0,0,0,0,0,0,0,0,0,0,0,0,0,0,0,0,0,0,0,0,0,0,0,0,0,0,0,0,0,0,0,0,0,0,0,0,0,0,0,0,0,0,0,0,0,0,0,0,0,0,0,0,0,0,0,0,0,0,0,0,0,0,0,0,0,0,0,0,0,0,0,0,0,0,0,0,0,0,0,0,0,0,0,0,0,0,0,0,0,0,0,0,0,0,0,0,0,0,0,0,0,0,0,0,0,0,0,0,0,0,0,0,0,0,0,0,0,0,0,0,0,0,0,0,0,0,0,0,0,0,0,0,0,0,0,0,0,0,0,0,0,0,0,0,0,0,0,0,0,0,0,0,0,0,0,0,0,0,0,0,0,0,0,0,0,0,0,0,0,0,0,0,0,0,0,0,0,0,0,0,0,0,0,0,0,0,0,0,0,0,0,0,0,0,0,0,0,0,0,0,0,0,0,0,0,0,0,0,0,0,0,0,0,0,0,0,0,0,0,0,0,0,0,0,0,0,0,0,0,0,0,0,0,0,0,0,0,0,0,0,0,0,0,0,0,0,0,0,0,0,0,0,0,0,0,0,0,0,0,0,0,0,0,0,0,0,0,0,0,0,0,0,0,0,0,0,0,0,0,0,0,0,0,0,0,0,0,0,0,0,0,0,0,0,0,0,0,0,0,0,0,0,0,0,0,0,0,0,0,0,0,0,0,0,0,0,0,0,0,0,0,0,0,0,0,0,0,0,0,0,0,0,0,0
0.0819672131147541,0.0189661361732679,0.0184276654301783,0.0144190498982889,0.019325116668661,0.0178293646045232,0.0269833672370468,0.0296158908699294,0.0229149216225918,0.0254277850903434,0.0349407682182601,0.0291970802919708,0.0253081249252124,0.0248294842646883,0.0245901639344262,0.0335048462366878,0.0358382194567428,0.0319492640899844,0.0257867655857365,0.0228550915400263,0.0201029077420127,0.0251884647600814,0.01920545650353,0.0183080052650473,0.0238123728610745,0.0241115232739021,0.0203422280722747,0.0186071556778748,0.017231063778868,0.0125643173387579,0.0184874955127438,0.0210003589804954,0.0204618882374058,0.0176498743568266,0.0207012085676678,0.0229747517051574,0.0144788799808544,0.0164532727055163,0.0149575206413785,0.0114873758525787,0.0104104343663994,0.00993179370587531,0.00640181883450999,0.00622232858681345,0.00508555701806868,0.00580351800885485,0.004307765944717,0.00394878544932392,0.0029915041282757,0.00155558214670336,0.000418810577958598,0.000119660165131028,0,0,0,0,0,0,0,0,0,0,0,0,0,0,0,0,0,0,0,0,0,0,0,0,0,0,0,0,0,0,0,0,0,0,0,0,0,0,0,0,0,0,0,0,0,0,0,0,0,0,0,0,0,0,0,0,0,0,0,0,0,0,0,0,0,0,0,0,0,0,0,0,0,0,0,0,0,0,0,0,0,0,0,0,0,0,0,0,0,0,0,0,0,0,0,0,0,0,0,0,0,0,0,0,0,0,0,0,0,0,0,0,0,0,0,0,0,0,0,0,0,0,0,0,0,0,0,0,0,0,0,0,0,0,0,0,0,0,0,0,0,0,0,0,0,0,0,0,0,0,0,0,0,0,0,0,0,0,0,0,0,0,0,0,0,0,0,0,0,0,0,0,0,0,0,0,0,0,0,0,0,0,0,0,0,0,0,0,0,0,0,0,0,0,0,0,0,0,0,0,0,0,0,0,0,0,0,0,0,0,0,0,0,0,0,0,0,0,0,0,0,0,0,0,0,0,0,0,0,0,0,0,0,0,0,0,0,0,0,0,0,0,0,0,0,0,0,0,0,0,0,0,0,0,0,0,0,0,0,0,0,0,0,0,0,0,0,0,0,0,0,0,0,0,0,0,0,0,0,0,0,0,0,0,0,0,0,0,0,0,0,0,0,0,0,0,0,0,0,0,0,0,0,0,0,0,0,0,0,0,0,0,0,0,0,0,0,0,0,0,0,0,0,0,0,0,0,0,0,0,0,0,0,0,0,0,0,0,0,0,0,0,0,0,0,0,0,0,0,0,0,0,0,0,0,0,0,0,0,0,0,0,0,0,0,0,0,0,0,0,0,0,0,0,0,0,0,0,0,0,0,0,0,0,0,0,0,0,0,0,0,0,0,0,0,0,0,0,0,0,0,0,0,0,0,0,0,0,0,0,0,0,0,0,0,0,0,0,0,0,0,0,0,0,0,0,0,0,0,0,0,0,0,0,0,0,0,0,0,0,0,0,0,0,0,0,0,0,0,0,0,0,0,0,0,0,0,0,0,0,0,0,0,0,0,0,0,0,0,0,0,0,0,0,0,0,0,0,0,0,0,0,0,0,0,0,0,0,0,0,0,0,0,0,0,0,0,0,0,0,0,0,0,0,0,0,0
0.0318607722544798,0.00810390503504919,0.00701765354047654,0.00928393363706696,0.0101591866398881,0.0110891429553855,0.0127302423356752,0.0125973914334612,0.0162937724185897,0.016840805545353,0.0171924696982722,0.0205215570125739,0.021107663934106,0.0223423958488,0.0222876925361237,0.0240069395059509,0.0278518009112009,0.0245070840789916,0.0231942045747599,0.0276564319373569,0.0255777060556567,0.027718950008987,0.0284144635558716,0.0234989801739565,0.0246399349812055,0.0273125825433914,0.0310167782874737,0.0266170689965068,0.0262966638794026,0.0238506443268757,0.022311136812985,0.0240069395059509,0.0246321202222517,0.0228816142166095,0.0224596172331064,0.0220219907316959,0.0234599063791877,0.0207559997811867,0.0202245961723311,0.018989864257637,0.0186616443815791,0.0165594742230176,0.0138243085892016,0.0134413854004673,0.0117455827075014,0.0119096926455303,0.00993255863022905,0.0101279276040731,0.0082602002141244,0.00722865203222807,0.00532185084751061,0.00330564303744051,0.00379797285152739,0.00307901502778147,0.00202402256902386,0.00112532528934145,0.00128943522737041,0.00159421082656705,0.000914326797589928,0.000492329814086885,0.000320405117104163,0.000281331322335363,0.000328219876057923,0.000640810234208326,0.000328219876057923,8.59623484913608e-05,3.90737947688004e-05,7.81475895376007e-06,0,0,0,0,0,0,0,0,0,0,0,0,0,0,0,0,0,0,0,0,0,0,0,0,0,0,0,0,0,0,0,0,0,0,0,0,0,0,0,0,0,0,0,0,0,0,0,0,0,0,0,0,0,0,0,0,0,0,0,0,0,0,0,0,0,0,0,0,0,0,0,0,0,0,0,0,0,0,0,0,0,0,0,0,0,0,0,0,0,0,0,0,0,0,0,0,0,0,0,0,0,0,0,0,0,0,0,0,0,0,0,0,0,0,0,0,0,0,0,0,0,0,0,0,0,0,0,0,0,0,0,0,0,0,0,0,0,0,0,0,0,0,0,0,0,0,0,0,0,0,0,0,0,0,0,0,0,0,0,0,0,0,0,0,0,0,0,0,0,0,0,0,0,0,0,0,0,0,0,0,0,0,0,0,0,0,0,0,0,0,0,0,0,0,0,0,0,0,0,0,0,0,0,0,0,0,0,0,0,0,0,0,0,0,0,0,0,0,0,0,0,0,0,0,0,0,0,0,0,0,0,0,0,0,0,0,0,0,0,0,0,0,0,0,0,0,0,0,0,0,0,0,0,0,0,0,0,0,0,0,0,0,0,0,0,0,0,0,0,0,0,0,0,0,0,0,0,0,0,0,0,0,0,0,0,0,0,0,0,0,0,0,0,0,0,0,0,0,0,0,0,0,0,0,0,0,0,0,0,0,0,0,0,0,0,0,0,0,0,0,0,0,0,0,0,0,0,0,0,0,0,0,0,0,0,0,0,0,0,0,0,0,0,0,0,0,0,0,0,0,0,0,0,0,0,0,0,0,0,0,0,0,0,0,0,0,0,0,0,0,0,0,0,0,0,0,0,0,0,0,0,0,0,0,0,0,0,0,0,0,0,0,0,0,0,0,0,0,0,0,0,0,0,0,0,0,0,0,0,0,0,0,0,0,0,0,0,0,0,0,0,0,0,0,0,0,0,0,0,0,0,0,0,0,0,0,0,0,0,0,0,0,0,0,0,0,0,0,0,0,0,0,0,0,0,0,0,0,0,0,0,0,0,0,0,0,0,0,0,0,0,0,0,0,0,0,0,0,0,0,0,0,0,0,0,0,0,0,0,0,0
0.0304626482264719,0.00699291626663899,0.00450193310672306,0.00587716339292665,0.00583824178105296,0.008770336542204,0.00560471210981084,0.00612366693479333,0.0081216430109759,0.00893899686032331,0.010223410052155,0.00921144814343911,0.00947092555593036,0.0103012532759023,0.0114818755027375,0.0128830535301902,0.011793248397727,0.0140117802745271,0.0149848205713693,0.0133890344845481,0.0143880225226394,0.0148031863826254,0.0142453099457692,0.0151534808894886,0.0158670437738395,0.0136614857676639,0.0142972054282675,0.0132463219076779,0.0144399180051377,0.0122732816108358,0.0155167492669763,0.0142323360751447,0.015880017644464,0.0145696567113833,0.0162692337632009,0.014517761228885,0.013895015438906,0.0138560938270324,0.0128052103064428,0.0137523028620359,0.0127792625651937,0.0125846545058253,0.0129998183658113,0.0133890344845481,0.0136355380264148,0.0117283790446042,0.0115207971146112,0.0116894574327305,0.0107164171358883,0.00923739588468824,0.00912063104906718,0.00696696852538986,0.00948389942655492,0.00726536754975479,0.00832922494096889,0.00721347206725655,0.00782324398661097,0.00856275461221101,0.00765458366849166,0.00592905887542489,0.00731726303225304,0.00589013726355121,0.00546199953294066,0.00643503982978282,0.00474843664858974,0.00485222761358624,0.00518954824982485,0.00435922052985288,0.00507278341420379,0.00408676924673707,0.00376242248112302,0.00356781442175459,0.00308778120864579,0.00429435117673007,0.00526739147357223,0.00417758634110901,0.00316562443239316,0.00369755312800021,0.00420353408235813,0.00422948182360725,0.0038013440929967,0.00416461247048444,0.00447598536547394,0.00356781442175459,0.0042813773061055,0.00311372894989491,0.00336023249176159,0.00275046057240717,0.00228340122992294,0.0038013440929967,0.00329536313863878,0.00280235605490542,0.00236124445367031,0.00201094994680713,0.00189418511118607,0.00221853187680012,0.002192584135551,0.00150496899244921,0.00166065543994395,0.0018163418874387,0.00138820415682815,0.00223150574742469,0.00194608059368432,0.00111575287371234,0.00154389060432289,0.00224447961804925,0.00138820415682815,0.00125846545058253,0.00167362931056851,0.00158281221619658,0.00127143932120709,0.00149199512182465,0.00115467448558603,0.00097304029684216,0.000700589013726355,0.000804379978722852,0.000804379978722852,0.000843301590596539,0.000752484496224604,0.000505980954357923,0.000557876436856172,0.00116764835621059,0.000947092555593036,0.000713562884350917,0.000765458366849166,0.000674641272477231,0.000583824178105296,0.000454085471859675,0.000311372894989491,0.000376242248112302,0.000220555800617556,0.000376242248112302,0.000324346765614053,0.000480033213108799,0.000376242248112302,0.000480033213108799,0.000493007083733361,0.00060977191935442,0.000142712576870183,0.000700589013726355,0.000752484496224604,0.000376242248112302,0.000765458366849166,0.000648693531228107,0.000635719660603544,0.000298399024364929,0.000908170943719349,0.000726536754975479,0.000337320636238615,0.000298399024364929,0.000441111601235112,0.000272451283115805,0.000570850307480734,0.000467059342484237,0.000402189989361426,0.000739510625600041,0.000739510625600041,0.000622745789978982,0.000570850307480734,0.000285425153740367,0.000376242248112302,0.000778432237473728,0.000480033213108799,0.000454085471859675,0.000376242248112302,0.000220555800617556,0.00054490256623161,0.000505980954357923,0.000415163859985988,0.000441111601235112,0.000480033213108799,0.000493007083733361,0.000674641272477231,0.000687615143101793,0.00060977191935442,0.000350294506863178,0.000493007083733361,0.000467059342484237,0.000998988038091284,0.000700589013726355,0.000739510625600041,0.00054490256623161,0.00054490256623161,0.000311372894989491,0.000713562884350917,0.00107683126183866,0.00142712576870183,0.000998988038091284,0.00141415189807727,0.00151794286307377,0.00155686447494746,0.000778432237473728,0.000505980954357923,0.000557876436856172,0.000493007083733361,0.000376242248112302,0.000324346765614053,0.000596798048729858,0.000389216118736864,0.000298399024364929,0.000376242248112302,0.000518954824982485,0.000493007083733361,0.000324346765614053,0.000415163859985988,0.000441111601235112,0.000480033213108799,0.000311372894989491,0.00042813773061055,0.000168660318119308,0.000518954824982485,0.000233529671242118,0.000583824178105296,0.000467059342484237,0.000298399024364929,0.000454085471859675,0.000415163859985988,0.000648693531228107,0.000376242248112302,0.000337320636238615,0.000454085471859675,0.000324346765614053,0.000311372894989491,0.000480033213108799,0.000739510625600041,0.00042813773061055,0.000505980954357923,0.000441111601235112,0.000661667401852669,0.00042813773061055,0.000350294506863178,0.000454085471859675,0.000467059342484237,0.000454085471859675,0.000350294506863178,0.000298399024364929,0.000583824178105296,0.000350294506863178,0.000441111601235112,0.000505980954357923,0.000596798048729858,0.000505980954357923,0.000493007083733361,0.000298399024364929,0.000467059342484237,0.000674641272477231,0.000505980954357923,0.000467059342484237,0.000415163859985988,0.000570850307480734,0.000298399024364929,0.000557876436856172,0.00079140610809829,0.000505980954357923,0.00054490256623161,0.000505980954357923,0.000415163859985988,0.000570850307480734,0.000596798048729858,0.000713562884350917,0.000687615143101793,0.000700589013726355,0.000454085471859675,0.000493007083733361,0.000505980954357923,0.000557876436856172,0.000661667401852669,0.000583824178105296,0.000350294506863178,0.000622745789978982,0.000454085471859675,0.000635719660603544,0.00060977191935442,0.000674641272477231,0.000596798048729858,0.000622745789978982,0.000739510625600041,0.00054490256623161,0.000505980954357923,0.000441111601235112,0.000467059342484237,0.000661667401852669,0.000726536754975479,0.000674641272477231,0.000467059342484237,0.000376242248112302,0.000518954824982485,0.000648693531228107,0.000752484496224604,0.000635719660603544,0.000687615143101793,0.00054490256623161,0.00054490256623161,0.000674641272477231,0.00060977191935442,0.000843301590596539,0.000376242248112302,0.000739510625600041,0.000454085471859675,0.000272451283115805,0.000480033213108799,0.000674641272477231,0.000454085471859675,0.000389216118736864,0.000337320636238615,0.000389216118736864,0.000661667401852669,0.000531928695607047,0.000570850307480734,0.000843301590596539,0.000648693531228107,0.000272451283115805,0.000505980954357923,0.000531928695607047,0.000505980954357923,0.000596798048729858,0.000713562884350917,0.000726536754975479,0.000454085471859675,0.000272451283115805,0.000674641272477231,0.000337320636238615,0.000583824178105296,0.000324346765614053,0.000298399024364929,0.000570850307480734,0.000376242248112302,0.000376242248112302,0.000246503541866681,0.000454085471859675,0.000480033213108799,0.000415163859985988,0.00036326837748774,0.000272451283115805,0.000337320636238615,0.000402189989361426,0.000402189989361426,0.000493007083733361,0.000350294506863178,0.000622745789978982,0.000505980954357923,0.000570850307480734,0.000389216118736864,0.000272451283115805,0.000220555800617556,0.00042813773061055,0.000570850307480734,0.000220555800617556,0.000194608059368432,0.000285425153740367,0.000285425153740367,0.000207581929992994,0.000311372894989491,0.000259477412491243,0.000467059342484237,0.000103790964996497,0.000285425153740367,0.000324346765614053,0.000311372894989491,0.000168660318119308,0.00018163418874387,0.000194608059368432,0.000311372894989491,0.000402189989361426,0.000311372894989491,0.000194608059368432,0.00036326837748774,0.000194608059368432,0.000155686447494746,0.00018163418874387,0.000142712576870183,0.000285425153740367,0.000168660318119308,0.000389216118736864,9.08170943719349e-05,5.18954824982485e-05,2.59477412491243e-05,0.000194608059368432,3.89216118736864e-05,7.78432237473728e-05,9.08170943719349e-05,0.000155686447494746,0.000103790964996497,0.000207581929992994,0.000116764835621059,6.48693531228107e-05,0.000194608059368432,7.78432237473728e-05,5.18954824982485e-05,3.89216118736864e-05,0,5.18954824982485e-05,0.000103790964996497,0,0,1.29738706245621e-05,0,0,0,0,0,0,0,0,0,0,0,0,0,0,0,0,0,0,0,0,0,0,0,0,0,0,0,0,0,0,0,0,0,0,0,0,0,0,0,0,0,0,0,0,0,0,0,0,0,0,0,0,0,0,0,0,0,0,0,0,0,0,0,0,0,0,0,0,0,0,0,0,0,0,0,0,0,0,0,0,0,0,0,0,0,0,0,0,0,0,0,0,0,0,0,0,0,0,0,0,0,0,0,0,0,0,0,0,0,0,0,0,0,0,0,0,0,0,0,0,0,0,0,0,0,0,0,0,0,0,0,0,0,0,0,0,0,0,0,0,0,0,0,0,0,0,0,0,0,0,0,0,0,0,0,0,0,0,0,0,0,0,0
